accountnumber,alcoholrecipienttype,altemail,altname,altphone,balancesearch,billingratecard,buyingreason,buyingtimeframe,campaignevent,category,comments,companyname,consolbalancesearch,consoldaysoverduesearch,consoldepositbalancesearch,consoloverduebalancesearch,consolunbilledorderssearch,contact,convertedtocontact,convertedtocustomer,creditholdoverride,creditlimit,cseg_bb_sales_chann,currency,custentity1,custentity_2663_customer_refund,custentity_2663_direct_debit,custentity_2663_email_address_notif,custentity_9572_custref_file_format,custentity_9572_dd_file_format,custentity_9572_ddcust_entitybank_sub,custentity_9572_ddcust_entitybnkformat,custentity_9572_refcust_entitybnkformat,custentity_9572_refundcust_entitybnk_sub,custentity_9997_dd_file_format,custentity_auto_bill_customer,custentity_bb_edi_customer,custentity_bb_sps_routing_key,custentity_bb_sps_vendor_no,custentity_bdc_customer_name,custentity_bdc_lastupdatedbyimport,custentity_bdc_shortname,custentity_bdc_sync_exclude,custentity_ccc_accrual_retail_mkt,custentity_ccc_acctmgr,custentity_ccc_auto_email_approved_inv,custentity_ccc_auto_gen_batch_prnt_label,custentity_ccc_auto_generate_po_ack,custentity_ccc_collections_rep,custentity_ccc_cust_class_sales_chan,custentity_ccc_customerid_to_sps,custentity_ccc_ehub_api_key,custentity_ccc_ehub_charge_for_shipping,custentity_ccc_ehub_ret_addr_1,custentity_ccc_ehub_ret_addr_2,custentity_ccc_ehub_ret_city,custentity_ccc_ehub_ret_company_name,custentity_ccc_ehub_ret_country,custentity_ccc_ehub_ret_first_name,custentity_ccc_ehub_ret_last_name,custentity_ccc_ehub_ret_phone,custentity_ccc_ehub_ret_state,custentity_ccc_ehub_ret_zip,custentity_ccc_ehub_shipping_markup_perc,custentity_ccc_include_in_dunning,custentity_ccc_multiple_email_addresses,custentity_ccc_pct_accrual_pricing,custentity_ccc_pct_accrual_spoilage,custentity_ccc_sales_channel_suite_conne,custentity_ccc_se_ltl_contact_email,custentity_ccc_se_ltl_contact_name,custentity_ccc_se_ltl_contact_phone_numb,custentity_ccc_send_edi_sps_asn,custentity_ccc_ship_with_ccs,custentity_ccc_ship_with_ehub,custentity_ccc_sps_configreq,custentity_ccc_uploaded_from_nurished,custentity_department,custentity_mancini_customer,custentity_naw_trans_need_approval,custentity_packship_customer_packinstruc,custentity_revenue_recognition,custentity_rfs_customer_labelgroup,custentity_rfs_edi_customer,custentity_rfs_edi_print_asn,custentity_rfs_edi_print_ucc,custentity_shipping_days_to_customer,custentity_shopify_cust_type,custentity_sps_accept_tp_uom,custentity_sps_enable_if_to_inv_sourcing,custentity_sps_enable_invoice_workflow,custentity_sps_item_case_conversion,custentity_sps_lot_exp_flag,custentity_sps_lot_man_pack_qtys,custentity_sps_package_data_source,custentity_sps_sscc_ext_digit,custentity_sps_tp_price_accept,custentity_wmsse_asn_required,custentitymanual_fulfil_auth,custentitypromomashaccess,custpartnerrolesforsearch,dateclosed,dateconversion,datecreated,dategrosslead,datelead,dateprospect,daysoverduesearch,defaultallocationstrategy,defaultbankaccount,defaultbillingaddress,defaultorderpriority,defaultshippingaddress,depositbalancesearch,duplicate,email,emailpreference,emailtransactions,enddate,entityid,entitynumber,entitystatus,entitytitle,estimatedbudget,externalid,fax,faxtransactions,firstname,firstorderdate,firstsaledate,firstsaleperiod,fullname,giveaccess,globalsubscriptionstatus,groupinvoices,homephone,id,isautogeneratedrepresentingentity,isbudgetapproved,isexplicitconversion,isinactive,isjob,isperson,language,lastmodifieddate,lastname,lastorderdate,lastsaledate,lastsaleperiod,leadsource,middlename,mobilephone,negativenumberformat,numberformat,oncredithold,overduebalancesearch,parent,phone,prefccprocessor,pricelevel,printoncheckas,printtransactions,probability,receivablesaccount,reminderdays,representingsubsidiary,resalenumber,salesreadiness,salesrep,salutation,searchstage,shipcomplete,shippingcarrier,shippingitem,startdate,taxable,taxitem,terms,territory,thirdpartyacct,thirdpartycarrier,thirdpartycountry,thirdpartyzipcode,title,toplevelparent,unbilledorderssearch,unsubscribe,url,vatregnumber,custentity_bb_lead_time
NULL,CONSUMER,NULL,Western Impact Distribution,NULL,300804.52,NULL,NULL,NULL,NULL,1,AmyZ@WIDistribution.ca  mikep@impactsales.ca,Western Impact Distribution,300804.52,5,0,15955.2,0,NULL,NULL,NULL,AUTO,NULL,10,1,F,F,F,NULL,NULL,NULL,NULL,NULL,NULL,NULL,NULL,F,F,NULL,NULL,NULL,F,C2723859 Western Impact Distribution,F,NULL,NULL,T,F,F,NULL,233,F,NULL,F,NULL,NULL,NULL,NULL,NULL,NULL,NULL,NULL,NULL,NULL,NULL,F,NULL,NULL,NULL,NULL,NULL,NULL,NULL,F,NULL,F,F,F,35,F,F,NULL,1,NULL,NULL,NULL,NULL,NULL,NULL,F,F,F,F,F,F,NULL,NULL,F,F,F,F,NULL,02:36.0,NULL,02:36.0,NULL,NULL,NULL,5,-2,NULL,26513720,NULL,26513720,0,F,AP@WIDistribution.ca,DEFAULT,T,NULL,C2723859,2723859,13,C2723859 Western Impact Distribution,NULL,NULL,NULL,F,NULL,00:00.0,00:00.0,131,C2723859 Western Impact Distribution,F,2,F,NULL,15359614,F,F,NULL,F,F,F,en_US,51:34.0,NULL,00:00.0,00:00.0,133,NULL,NULL,NULL,NULL,NULL,F,15955.2,NULL,6467-224-9988,NULL,NULL,NULL,F,1,-10,NULL,NULL,NULL,NULL,774810,NULL,Customer,F,nonups,NULL,NULL,F,NULL,2,NULL,NULL,NULL,NULL,NULL,NULL,15359614,0,T,NULL,NULL,21
NULL,CONSUMER,NULL,"Chambers & Owen, Inc.",NULL,0,NULL,NULL,NULL,NULL,1,NULL,"Chambers & Owen, Inc.",0,0,0,0,0,NULL,NULL,NULL,AUTO,NULL,10,1,F,F,F,NULL,NULL,NULL,NULL,NULL,NULL,NULL,NULL,F,F,NULL,NULL,NULL,F,"C0761520 Chambers & Owen, Inc.",F,NULL,NULL,T,F,F,NULL,233,F,NULL,F,NULL,NULL,NULL,NULL,NULL,NULL,NULL,NULL,NULL,NULL,NULL,F,NULL,NULL,NULL,NULL,NULL,NULL,NULL,F,NULL,F,F,F,NULL,F,F,NULL,2,NULL,F,F,F,NULL,NULL,F,F,F,F,F,F,NULL,NULL,F,F,F,T,NULL,08:26.0,NULL,08:26.0,NULL,NULL,NULL,0,NULL,NULL,140444,NULL,140444,0,F,Accts.payable@chambers-owen.com,PDF,F,NULL,C0761520,761520,13,"C0761520 Chambers & Owen, Inc.",NULL,NULL,NULL,F,NULL,00:00.0,00:00.0,75,"C0761520 Chambers & Owen, Inc.",F,2,F,NULL,777683,F,F,NULL,T,F,F,en_US,39:23.0,NULL,00:00.0,00:00.0,80,NULL,NULL,NULL,NULL,NULL,F,0,NULL,(608) 752-7865,NULL,2,NULL,F,1,-10,NULL,NULL,NULL,NULL,1867705,NULL,Customer,F,nonups,NULL,NULL,T,95735,2,NULL,NULL,NULL,NULL,NULL,NULL,777683,0,T,NULL,456-0000468580-03,21
NULL,CONSUMER,NULL,Vanguard Packaging,NULL,0,NULL,NULL,NULL,NULL,1,NULL,Vanguard Packaging,0,0,0,0,748800,NULL,NULL,NULL,AUTO,NULL,14,1,F,F,F,NULL,NULL,NULL,NULL,NULL,NULL,NULL,NULL,F,F,NULL,NULL,NULL,F,C2034330 Vanguard Packaging,F,NULL,NULL,T,F,F,NULL,236,F,NULL,F,NULL,NULL,NULL,NULL,NULL,NULL,NULL,NULL,NULL,NULL,NULL,F,NULL,NULL,NULL,NULL,NULL,NULL,NULL,F,NULL,F,F,F,35,F,F,NULL,2,NULL,F,F,F,NULL,NULL,F,F,F,F,F,F,NULL,NULL,F,F,F,F,NULL,18:48.0,NULL,18:48.0,NULL,NULL,NULL,0,NULL,NULL,17800486,NULL,17800486,0,F,KMMilligan@vanguardpkg.com,DEFAULT,T,NULL,C2034330,2034330,13,C2034330 Vanguard Packaging,NULL,NULL,NULL,F,NULL,00:00.0,00:00.0,119,C2034330 Vanguard Packaging,F,2,F,NULL,10433015,F,F,NULL,F,F,F,en_US,27:44.0,NULL,00:00.0,00:00.0,119,NULL,NULL,NULL,NULL,NULL,F,0,NULL,(816) 285-8038,NULL,NULL,NULL,F,1,-10,NULL,NULL,NULL,NULL,774810,NULL,Customer,F,nonups,NULL,NULL,F,NULL,23,NULL,NULL,NULL,NULL,NULL,NULL,10433015,748800,T,NULL,43-10555764,21
NULL,CONSUMER,NULL,"Downey Wholesale, Inc.",NULL,0,NULL,NULL,NULL,NULL,1,NULL,"Downey Wholesale, Inc.",0,0,0,0,8840.16,NULL,NULL,NULL,AUTO,NULL,9,1,F,F,F,NULL,NULL,NULL,NULL,NULL,NULL,NULL,NULL,F,F,NULL,NULL,NULL,F,"C2300846 Downey Wholesale, Inc.",F,NULL,NULL,T,F,F,NULL,231,F,NULL,F,NULL,NULL,NULL,NULL,NULL,NULL,NULL,NULL,NULL,NULL,NULL,F,ibrahem@downeydistributing.com,NULL,NULL,NULL,NULL,NULL,NULL,F,NULL,F,F,F,35,F,F,NULL,2,NULL,F,F,F,NULL,NULL,F,F,F,F,F,F,NULL,NULL,F,F,F,T,NULL,48:35.0,NULL,48:35.0,NULL,NULL,NULL,0,-2,NULL,21431720,NULL,21431720,0,F,lucy@downeydistributing.com,DEFAULT,T,NULL,C2300846,2300846,13,"C2300846 Downey Wholesale, Inc.",NULL,NULL,NULL,F,NULL,NULL,NULL,NULL,"C2300846 Downey Wholesale, Inc.",F,2,F,NULL,12276075,F,F,NULL,F,F,F,en_US,06:49.0,NULL,NULL,NULL,NULL,NULL,NULL,NULL,NULL,NULL,F,0,NULL,(562) 903-1433,NULL,NULL,NULL,F,1,-10,NULL,NULL,NULL,NULL,3628503,NULL,Customer,F,nonups,NULL,NULL,F,NULL,2,NULL,NULL,NULL,NULL,NULL,NULL,12276075,8840.16,T,NULL,95-4610977,21
NULL,CONSUMER,NULL,"HH Associates US, Inc",NULL,0,NULL,NULL,NULL,NULL,1,Point of contact: mike.schutzman@hhglobal.com  Invoices starting with 1313 need to be emailed to: cpginvoices@hhglobal.com,"HH Associates US, Inc",0,0,0,0,0,NULL,NULL,NULL,AUTO,NULL,8,1,F,F,F,NULL,NULL,NULL,NULL,NULL,NULL,NULL,NULL,F,F,NULL,NULL,NULL,F,"C2033005 HH Associates US, Inc",F,NULL,NULL,T,F,F,NULL,230,F,NULL,F,NULL,NULL,NULL,NULL,NULL,NULL,NULL,NULL,NULL,NULL,NULL,F,NULL,NULL,NULL,NULL,NULL,NULL,NULL,F,1,F,F,F,NULL,F,F,NULL,2,NULL,F,F,F,NULL,NULL,F,F,F,F,F,F,NULL,NULL,F,F,F,T,NULL,13:30.0,NULL,13:30.0,NULL,NULL,NULL,0,NULL,NULL,17785683,NULL,17785683,0,F,cpginvoices@hhglobal.com,DEFAULT,T,NULL,C2033005,2033005,13,"C2033005 HH Associates US, Inc",NULL,NULL,NULL,F,NULL,00:00.0,00:00.0,118,"C2033005 HH Associates US, Inc",F,2,F,NULL,10428114,F,F,NULL,F,F,F,en_US,59:02.0,NULL,00:00.0,00:00.0,118,NULL,NULL,NULL,NULL,NULL,F,0,NULL,(513) 247-8613,NULL,NULL,NULL,F,1,-10,NULL,NULL,NULL,NULL,1867705,NULL,Customer,F,nonups,NULL,NULL,F,NULL,2,NULL,NULL,NULL,NULL,NULL,NULL,10428114,0,T,NULL,98-053401,21
NULL,CONSUMER,NULL,Golick Martins Inc,NULL,0,NULL,NULL,NULL,NULL,1,NULL,Golick Martins Inc,0,0,0,0,0,NULL,NULL,NULL,AUTO,NULL,9,1,F,F,F,NULL,NULL,NULL,NULL,NULL,NULL,NULL,NULL,F,F,NULL,NULL,NULL,F,C2632380 Golick Martins Inc,F,NULL,NULL,F,F,F,NULL,231,F,NULL,F,NULL,NULL,NULL,NULL,NULL,NULL,NULL,NULL,NULL,NULL,NULL,F,NULL,NULL,NULL,9,NULL,NULL,NULL,F,1,F,F,F,35,F,F,NULL,1,NULL,F,F,F,NULL,NULL,F,F,F,F,F,F,NULL,NULL,F,F,F,T,NULL,36:43.0,NULL,36:43.0,NULL,NULL,NULL,0,-2,NULL,25477325,NULL,25477325,0,F,emmelinel@hwypartners.com,DEFAULT,F,NULL,C2632380,2632380,13,C2632380 Golick Martins Inc,NULL,NULL,NULL,F,NULL,NULL,NULL,NULL,C2632380 Golick Martins Inc,F,2,F,NULL,14755587,F,F,NULL,F,F,F,en_US,25:47.0,NULL,NULL,NULL,NULL,NULL,NULL,NULL,NULL,NULL,F,0,NULL,(508) 655-2300,NULL,NULL,NULL,F,1,-10,NULL,NULL,NULL,NULL,1867705,NULL,Customer,F,nonups,NULL,NULL,F,NULL,2,NULL,NULL,NULL,NULL,NULL,NULL,14755587,0,T,NULL,22-1948396,21
NULL,CONSUMER,NULL,Trader Joe's Company,NULL,3500000,NULL,NULL,NULL,NULL,1,shamilton@traderjoes.com  AP Contact: dplascencia@traderjoes.com,Trader Joe's Company,3500000,1,0,84000,112000,NULL,NULL,NULL,AUTO,NULL,7,1,F,F,F,NULL,NULL,NULL,NULL,NULL,NULL,NULL,NULL,F,T,5F4ALLBUILTBRAN,NULL,NULL,F,C2592640 Trader Joe's Company,F,NULL,NULL,F,F,T,NULL,232,F,NULL,F,NULL,NULL,NULL,NULL,NULL,NULL,NULL,NULL,NULL,NULL,NULL,F,NULL,NULL,NULL,NULL,NULL,NULL,NULL,T,NULL,F,T,F,35,F,F,NULL,2,NULL,F,F,F,NULL,NULL,F,F,F,T,F,F,NULL,NULL,T,F,F,T,NULL,23:33.0,NULL,23:33.0,NULL,NULL,NULL,1,-2,NULL,24919237,NULL,24919237,0,F,invoices@traderjoes.com,DEFAULT,F,NULL,C2592640,2592640,13,C2592640 Trader Joe's Company,NULL,NULL,NULL,F,NULL,00:00.0,00:00.0,129,C2592640 Trader Joe's Company,F,2,F,NULL,14396850,F,F,NULL,F,F,F,en_US,43:59.0,NULL,00:00.0,00:00.0,131,NULL,NULL,NULL,NULL,NULL,F,0,NULL,(857) 400-3379,NULL,NULL,NULL,F,1,-10,NULL,NULL,NULL,NULL,774810,NULL,Customer,F,nonups,NULL,NULL,F,NULL,2,NULL,NULL,NULL,NULL,NULL,NULL,14396850,112000,T,NULL,NULL,21
NULL,CONSUMER,NULL,Kitchen Stadium Inc / SnackMagic,NULL,0,NULL,NULL,NULL,NULL,1,rusell.anicete@bystadium.com,Kitchen Stadium Inc / SnackMagic,0,0,0,0,0,NULL,NULL,NULL,AUTO,NULL,7,1,F,F,F,NULL,NULL,NULL,NULL,NULL,NULL,NULL,NULL,F,F,NULL,NULL,NULL,F,C2372954 Kitchen Stadium Inc / SnackMagic,F,NULL,NULL,T,F,F,NULL,232,F,NULL,F,NULL,NULL,NULL,NULL,NULL,NULL,NULL,NULL,NULL,NULL,NULL,F,brands@snackmagic.com,NULL,NULL,NULL,NULL,NULL,NULL,F,1,F,F,F,NULL,F,F,NULL,2,NULL,F,F,F,NULL,NULL,F,F,F,F,F,F,NULL,NULL,F,F,F,T,NULL,36:57.0,NULL,36:57.0,NULL,NULL,NULL,0,-2,NULL,22319569,NULL,22319569,0,F,ap@bystadium.com,DEFAULT,T,NULL,C2372954,2372954,13,C2372954 Kitchen Stadium Inc / SnackMagic,NULL,NULL,NULL,F,NULL,NULL,NULL,NULL,C2372954 Kitchen Stadium Inc / SnackMagic,F,2,F,NULL,12823618,F,F,NULL,F,F,F,en_US,48:29.0,NULL,NULL,NULL,NULL,NULL,NULL,NULL,NULL,NULL,F,0,NULL,(888) 646-6883,NULL,NULL,NULL,F,1,-10,NULL,NULL,NULL,NULL,NULL,NULL,Customer,F,nonups,NULL,NULL,F,NULL,3,NULL,NULL,NULL,NULL,NULL,NULL,12823618,0,T,NULL,46-3956814,21
NULL,CONSUMER,NULL,Walmart Corp,NULL,0,NULL,NULL,NULL,NULL,1,Don't require EDI PO Acknowledgement and do require EDI ASN. Sam's Club picks up orders from the warehouse. Invoice is auto-generated same day as fulfillment is marked shipped.,Walmart Corp,0,0,0,0,0,NULL,NULL,NULL,AUTO,NULL,6,1,F,F,F,NULL,NULL,NULL,NULL,NULL,NULL,NULL,NULL,F,T,NULL,NULL,NULL,F,C2133098 Walmart Corp,F,NULL,774728,F,T,F,NULL,229,F,NULL,F,NULL,NULL,NULL,NULL,NULL,NULL,NULL,NULL,NULL,NULL,NULL,F,NULL,NULL,NULL,NULL,NULL,NULL,NULL,T,1,F,T,F,35,F,F,NULL,2,NULL,T,F,T,NULL,NULL,F,F,F,F,F,F,NULL,NULL,T,F,F,T,NULL,03:19.0,NULL,03:19.0,NULL,NULL,NULL,0,NULL,NULL,NULL,NULL,NULL,0,T,wmgbs@wal-mart.com,PDF,F,NULL,C2133098,2133098,13,C2133098 Walmart Corp,NULL,NULL,NULL,F,NULL,NULL,NULL,NULL,C2133098 Walmart Corp,F,2,F,NULL,11025971,F,F,NULL,T,F,F,en_US,01:16.0,NULL,NULL,NULL,NULL,NULL,NULL,NULL,NULL,NULL,F,0,NULL,NULL,NULL,NULL,NULL,F,1,-10,NULL,NULL,NULL,NULL,774810,NULL,Customer,F,nonups,NULL,NULL,F,NULL,17,NULL,NULL,NULL,NULL,NULL,NULL,11025971,0,T,NULL,NULL,21
NULL,CONSUMER,NULL,APP Wholesale,NULL,0,NULL,NULL,NULL,NULL,1,NULL,APP Wholesale,0,0,0,0,252633.6,NULL,NULL,NULL,AUTO,NULL,7,1,F,F,F,NULL,NULL,NULL,NULL,NULL,NULL,NULL,NULL,T,F,NULL,NULL,NULL,F,C1935733 APP Wholesale,F,NULL,NULL,T,F,F,NULL,232,F,NULL,F,NULL,NULL,NULL,NULL,NULL,NULL,NULL,NULL,NULL,NULL,NULL,F,NULL,NULL,NULL,NULL,NULL,NULL,NULL,F,NULL,F,F,F,NULL,F,F,NULL,1,NULL,F,F,F,NULL,NULL,F,F,F,F,F,F,NULL,NULL,F,F,F,T,NULL,59:44.0,NULL,59:43.0,NULL,NULL,NULL,0,NULL,NULL,16752314,NULL,16752314,0,F,leeorb@app-wholesale.com,DEFAULT,T,NULL,C1935733,1935733,13,C1935733 APP Wholesale,NULL,NULL,NULL,F,NULL,00:00.0,00:00.0,120,C1935733 APP Wholesale,F,2,F,NULL,9936059,F,F,NULL,F,F,F,en_US,51:24.0,NULL,00:00.0,00:00.0,125,NULL,NULL,NULL,NULL,NULL,F,0,NULL,(323) 980-3746,NULL,NULL,NULL,F,1,-10,NULL,NULL,NULL,NULL,11281193,NULL,Customer,F,nonups,NULL,NULL,F,NULL,2,NULL,NULL,NULL,NULL,NULL,NULL,9936059,252633.6,T,NULL,46-2622020,21
NULL,CONSUMER,NULL,Marketing - Bars Given Away,NULL,0,NULL,NULL,NULL,NULL,1,NULL,Marketing - Bars Given Away,0,0,0,0,0,NULL,NULL,NULL,AUTO,NULL,16,1,F,F,F,NULL,NULL,NULL,NULL,NULL,NULL,NULL,NULL,F,F,NULL,NULL,NULL,F,C0962059 Marketing - Bars Given Away,F,NULL,NULL,F,F,F,NULL,325,F,NULL,F,NULL,NULL,NULL,NULL,NULL,NULL,NULL,NULL,NULL,NULL,NULL,F,"houston@builtteam.co, ny@builtteam.co, dallas@builtteam.co, twincities@builtteam.co, la@builtteam.co, denver@builtteam.co, tampa@builtteam.co, miami@builtteam.co, atlanta@builtteam.co, sacramento@builtteam.co, evogel812@gmail.com, avi@front-centermarketing.com",NULL,NULL,16,NULL,NULL,NULL,F,1,T,F,F,NULL,F,F,NULL,1,NULL,F,F,F,NULL,NULL,F,F,F,F,F,F,NULL,NULL,F,F,T,F,NULL,13:25.0,NULL,13:25.0,NULL,NULL,NULL,0,NULL,NULL,5089537,NULL,13521355,0,F,NULL,PDF,F,NULL,C0962059,962059,13,C0962059 Marketing - Bars Given Away,NULL,NULL,NULL,F,NULL,NULL,00:00.0,94,C0962059 Marketing - Bars Given Away,F,2,F,NULL,2153349,F,F,NULL,F,F,F,en_US,24:03.0,NULL,NULL,00:00.0,94,NULL,NULL,NULL,NULL,NULL,F,0,NULL,(385) 287-8434,NULL,NULL,NULL,F,1,-10,NULL,NULL,NULL,NULL,773625,NULL,Customer,F,nonups,NULL,NULL,F,NULL,2,NULL,NULL,NULL,NULL,NULL,NULL,2153349,0,T,NULL,NULL,21
NULL,CONSUMER,NULL,Canikin Distributing LLC,NULL,5351.04,NULL,NULL,NULL,NULL,1,NULL,Canikin Distributing LLC,5351.04,4,0,5351.04,0,NULL,NULL,NULL,AUTO,NULL,9,1,F,F,F,NULL,NULL,NULL,NULL,NULL,NULL,NULL,NULL,F,F,NULL,NULL,NULL,F,C2249142 Canikin Distributing LLC,F,NULL,NULL,T,F,F,NULL,231,F,NULL,F,NULL,NULL,NULL,NULL,NULL,NULL,NULL,NULL,NULL,NULL,NULL,F,NULL,NULL,NULL,NULL,NULL,NULL,NULL,F,NULL,F,F,F,NULL,F,F,NULL,2,NULL,F,F,F,NULL,NULL,F,F,F,F,F,F,NULL,NULL,F,F,F,T,NULL,43:14.0,NULL,43:14.0,NULL,NULL,NULL,4,-2,NULL,20416021,NULL,20416021,0,F,Paul@canikin.com,DEFAULT,T,NULL,C2249142,2249142,13,C2249142 Canikin Distributing LLC,NULL,NULL,NULL,F,NULL,00:00.0,00:00.0,123,C2249142 Canikin Distributing LLC,F,2,F,NULL,11819838,F,F,NULL,F,F,F,en_US,37:11.0,NULL,00:00.0,00:00.0,127,NULL,NULL,NULL,NULL,NULL,F,5351.04,NULL,(480) 352-9736,NULL,NULL,NULL,F,1,-10,NULL,NULL,NULL,NULL,3628503,NULL,Customer,F,nonups,NULL,NULL,F,NULL,2,NULL,NULL,NULL,NULL,NULL,NULL,11819838,0,T,NULL,21095191,21
NULL,CONSUMER,NULL,H-E-B,NULL,57765.12,NULL,NULL,NULL,NULL,1,NULL,H-E-B,57765.12,0,0,0,365529.6,NULL,NULL,NULL,AUTO,NULL,8,1,F,F,F,NULL,NULL,NULL,NULL,NULL,NULL,NULL,NULL,F,T,NULL,NULL,NULL,F,C2144665 H-E-B,F,NULL,NULL,F,F,F,NULL,230,F,NULL,F,NULL,NULL,NULL,NULL,NULL,NULL,NULL,NULL,NULL,NULL,NULL,F,acs@heb.com,NULL,NULL,NULL,NULL,NULL,NULL,F,NULL,F,T,F,35,F,F,NULL,2,NULL,F,F,F,NULL,NULL,F,F,F,T,F,F,NULL,NULL,T,F,F,T,NULL,30:58.0,NULL,30:58.0,NULL,NULL,NULL,0,-2,NULL,19043014,NULL,19043014,0,F,suppliermanagement@heb.com,DEFAULT,F,NULL,C2144665,2144665,13,C2144665 H-E-B,NULL,NULL,NULL,F,NULL,00:00.0,00:00.0,119,C2144665 H-E-B,F,2,F,NULL,11150382,F,F,NULL,F,F,F,en_US,24:12.0,NULL,00:00.0,00:00.0,131,NULL,NULL,NULL,NULL,NULL,F,0,NULL,NULL,NULL,NULL,NULL,F,1,-10,NULL,NULL,NULL,NULL,7713508,NULL,Customer,F,nonups,NULL,NULL,F,NULL,5,NULL,NULL,NULL,NULL,NULL,NULL,11150382,365529.6,T,NULL,NULL,21
NULL,CONSUMER,NULL,1616 Holdings Inc (Five Below),NULL,0,NULL,NULL,NULL,NULL,1,NULL,1616 Holdings Inc (Five Below),0,0,0,0,0,NULL,NULL,NULL,AUTO,NULL,7,1,F,F,F,NULL,NULL,NULL,NULL,NULL,NULL,NULL,NULL,F,T,AGSALLBUILTBRAN,80225001,NULL,F,C1957386 1616 Holdings Inc (Five Below),F,NULL,NULL,F,F,T,NULL,232,F,NULL,F,NULL,NULL,NULL,NULL,NULL,NULL,NULL,NULL,NULL,NULL,NULL,F,Alyssa.Dankanich@fivebelow.com,NULL,NULL,NULL,NULL,NULL,NULL,T,NULL,F,T,F,35,F,F,NULL,2,NULL,F,F,F,NULL,NULL,F,F,F,T,F,F,NULL,NULL,T,F,F,F,NULL,58:47.0,NULL,58:47.0,NULL,NULL,NULL,0,NULL,NULL,16968268,NULL,16968268,0,F,michelle.swisher@fivebelow.com,DEFAULT,F,NULL,C1957386,1957386,13,C1957386 1616 Holdings Inc (Five Below),NULL,NULL,NULL,F,NULL,00:00.0,00:00.0,119,C1957386 1616 Holdings Inc (Five Below),F,2,F,NULL,10020172,F,F,NULL,F,F,F,en_US,49:05.0,NULL,00:00.0,00:00.0,124,NULL,NULL,NULL,NULL,NULL,F,0,NULL,(215) 546-7909,NULL,NULL,NULL,F,1,-10,NULL,NULL,NULL,NULL,12826022,NULL,Customer,F,nonups,NULL,NULL,F,NULL,3,NULL,NULL,NULL,NULL,NULL,NULL,10020172,0,T,NULL,46-2907935,21
NULL,CONSUMER,NULL,Misfits Market,NULL,22272,NULL,NULL,NULL,NULL,1,brooke.revere@misfitsmarket.com,Misfits Market,22272,24,0,22272,21240,NULL,NULL,NULL,AUTO,NULL,7,1,F,F,F,NULL,NULL,NULL,NULL,NULL,NULL,NULL,NULL,F,F,NULL,NULL,NULL,F,C2527047 Misfits Market,F,NULL,NULL,T,F,F,NULL,232,F,NULL,F,NULL,NULL,NULL,NULL,NULL,NULL,NULL,NULL,NULL,NULL,NULL,F,if-ap@misfitsmarket.com,NULL,NULL,NULL,NULL,NULL,NULL,F,NULL,F,F,F,NULL,F,F,NULL,1,NULL,F,F,F,NULL,NULL,F,F,F,F,F,F,NULL,NULL,F,F,F,T,NULL,00:44.0,NULL,00:44.0,NULL,NULL,NULL,24,-2,NULL,24015953,NULL,24015953,0,F,Invoicecapture@misfitsmarket.com,DEFAULT,T,NULL,C2527047,2527047,13,C2527047 Misfits Market,NULL,NULL,NULL,F,NULL,00:00.0,00:00.0,128,C2527047 Misfits Market,F,2,F,NULL,13805012,F,F,NULL,F,F,F,en_US,27:49.0,NULL,00:00.0,00:00.0,128,NULL,NULL,NULL,NULL,NULL,F,22272,NULL,NULL,NULL,NULL,NULL,F,1,-10,NULL,NULL,NULL,NULL,12826022,NULL,Customer,F,nonups,NULL,NULL,F,NULL,2,NULL,NULL,NULL,NULL,NULL,NULL,13805012,21240,T,NULL,261-843712,21
NULL,CONSUMER,NULL,"Parker Enterprises, LLC",NULL,0,NULL,NULL,NULL,NULL,1,NULL,"Parker Enterprises, LLC",0,0,0,0,38390.4,NULL,NULL,NULL,AUTO,NULL,9,1,F,F,F,NULL,NULL,NULL,NULL,NULL,NULL,NULL,NULL,F,F,NULL,NULL,NULL,F,"C2340290 Parker Enterprises, LLC",F,NULL,NULL,T,F,F,NULL,231,F,NULL,F,NULL,NULL,NULL,NULL,NULL,NULL,NULL,NULL,NULL,NULL,NULL,F,NULL,NULL,NULL,NULL,NULL,NULL,NULL,F,NULL,F,F,F,NULL,F,F,NULL,2,NULL,F,F,F,NULL,NULL,F,F,F,F,F,F,NULL,NULL,F,F,F,T,NULL,10:43.0,NULL,10:43.0,NULL,NULL,NULL,0,-2,NULL,21949799,NULL,21949799,0,T,Parker@parkerfooddistribution.com,DEFAULT,T,NULL,C2340290,2340290,13,"C2340290 Parker Enterprises, LLC",NULL,NULL,NULL,F,NULL,00:00.0,00:00.0,124,"C2340290 Parker Enterprises, LLC",F,2,F,NULL,12598000,F,F,NULL,F,F,F,en_US,21:03.0,NULL,00:00.0,00:00.0,128,NULL,NULL,NULL,NULL,NULL,F,0,NULL,(949) 697-2829,NULL,NULL,NULL,F,1,-10,NULL,NULL,NULL,NULL,3628503,NULL,Customer,F,nonups,NULL,NULL,F,NULL,2,NULL,NULL,NULL,NULL,NULL,NULL,12598000,38390.4,T,NULL,37-1788445,21
NULL,CONSUMER,NULL,Food City,NULL,7228.8,NULL,NULL,NULL,NULL,1,APinvoices129@foodcity.com  Chris.Meacham@FoodCity.com,Food City,7228.8,0,0,0,7228.8,NULL,NULL,NULL,AUTO,NULL,8,1,F,F,F,NULL,NULL,NULL,NULL,NULL,NULL,NULL,NULL,F,T,NULL,NULL,NULL,F,C2136258 Food City,F,NULL,NULL,F,F,F,NULL,230,F,NULL,F,NULL,NULL,NULL,NULL,NULL,NULL,NULL,NULL,NULL,NULL,NULL,F,coxt@foodcity.com,NULL,NULL,NULL,NULL,NULL,NULL,T,NULL,F,T,F,35,F,F,NULL,2,NULL,F,F,F,NULL,NULL,F,F,F,T,F,F,NULL,NULL,T,F,F,T,NULL,19:05.0,NULL,19:05.0,NULL,NULL,NULL,0,NULL,NULL,18907897,NULL,18907897,0,F,AP_invoices129@foodcity.com,DEFAULT,F,NULL,C2136258,2136258,13,C2136258 Food City,NULL,NULL,NULL,F,NULL,00:00.0,00:00.0,120,C2136258 Food City,F,2,F,NULL,11058177,F,F,NULL,F,F,F,en_US,28:16.0,NULL,00:00.0,00:00.0,129,NULL,NULL,NULL,NULL,NULL,F,0,NULL,NULL,NULL,NULL,NULL,F,1,-10,NULL,NULL,NULL,NULL,7713508,NULL,Customer,F,nonups,NULL,NULL,F,NULL,2,NULL,NULL,NULL,NULL,NULL,NULL,11058177,7228.8,T,NULL,55-0421484,21
NULL,CONSUMER,NULL,Thayer Distribution,NULL,0,NULL,NULL,NULL,NULL,1,NULL,Thayer Distribution,0,0,0,0,88988.16,NULL,NULL,NULL,AUTO,NULL,10,1,F,F,F,NULL,NULL,NULL,NULL,NULL,NULL,NULL,NULL,F,T,NULL,NULL,NULL,F,C2538414 Thayer Distribution,F,NULL,NULL,F,F,F,NULL,233,F,NULL,F,NULL,NULL,NULL,NULL,NULL,NULL,NULL,NULL,NULL,NULL,NULL,F,NULL,NULL,NULL,NULL,NULL,NULL,NULL,T,NULL,F,T,F,35,F,F,NULL,2,NULL,F,F,F,NULL,NULL,F,F,F,T,F,F,NULL,NULL,T,F,F,T,NULL,41:50.0,NULL,41:49.0,NULL,NULL,NULL,0,-2,NULL,24149379,NULL,24149379,0,F,georgia@thayerdist.com,DEFAULT,F,NULL,C2538414,2538414,13,C2538414 Thayer Distribution,NULL,NULL,NULL,F,NULL,00:00.0,NULL,NULL,C2538414 Thayer Distribution,F,2,F,NULL,13898217,F,F,NULL,F,F,F,en_US,28:23.0,NULL,00:00.0,NULL,NULL,NULL,NULL,NULL,NULL,NULL,F,0,NULL,(718) 559-4256,NULL,NULL,NULL,F,1,-10,NULL,NULL,NULL,NULL,1867705,NULL,Customer,F,nonups,NULL,NULL,F,NULL,2,NULL,NULL,NULL,NULL,NULL,NULL,13898217,88988.16,T,NULL,22-3320315,21
NULL,CONSUMER,NULL,Abraham Natural Foods,NULL,0,NULL,NULL,NULL,NULL,1,NULL,Abraham Natural Foods,0,0,0,0,0,NULL,NULL,NULL,AUTO,NULL,10,1,F,F,F,NULL,NULL,NULL,NULL,NULL,NULL,NULL,NULL,F,F,NULL,NULL,NULL,F,C2102608 Abraham Natural Foods,F,NULL,NULL,T,F,F,NULL,233,F,NULL,F,NULL,NULL,NULL,NULL,NULL,NULL,NULL,NULL,NULL,NULL,NULL,F,NULL,NULL,NULL,NULL,NULL,NULL,NULL,F,NULL,F,F,F,NULL,F,F,NULL,2,NULL,F,F,F,NULL,NULL,F,F,F,F,F,F,NULL,NULL,F,F,F,T,NULL,18:06.0,NULL,18:05.0,NULL,NULL,NULL,0,NULL,NULL,18464919,NULL,18464919,0,F,pdone@abrahamfood.com,DEFAULT,T,NULL,C2102608,2102608,13,C2102608 Abraham Natural Foods,NULL,NULL,NULL,F,NULL,00:00.0,00:00.0,119,C2102608 Abraham Natural Foods,F,2,F,NULL,10823937,F,F,NULL,F,F,F,en_US,50:23.0,NULL,00:00.0,00:00.0,124,NULL,NULL,NULL,NULL,NULL,F,0,NULL,(718) 729-7353,NULL,NULL,NULL,F,1,-10,NULL,NULL,NULL,NULL,1867706,NULL,Customer,F,nonups,NULL,NULL,F,NULL,2,NULL,NULL,NULL,NULL,NULL,NULL,10823937,0,T,NULL,11-3211703,21
NULL,CONSUMER,NULL,Ingles Markets Inc,NULL,5448.96,NULL,NULL,NULL,NULL,1,acraft@ingles-markets.com,Ingles Markets Inc,5448.96,3,0,5448.96,33932.16,NULL,NULL,NULL,AUTO,NULL,8,1,F,F,F,NULL,NULL,NULL,NULL,NULL,NULL,NULL,NULL,F,T,NULL,NULL,NULL,F,C2521677 Ingles Markets Inc,F,NULL,NULL,T,F,F,NULL,230,F,NULL,F,NULL,NULL,NULL,NULL,NULL,NULL,NULL,NULL,NULL,NULL,NULL,F,NULL,NULL,NULL,NULL,NULL,NULL,NULL,T,NULL,F,T,F,35,F,F,NULL,2,NULL,F,F,F,NULL,NULL,F,F,F,T,F,F,NULL,NULL,T,F,F,T,NULL,30:10.0,NULL,30:10.0,NULL,NULL,NULL,3,-2,NULL,23972240,NULL,23972240,0,F,ap-paymentmanager@ingles-markets.com,DEFAULT,T,NULL,C2521677,2521677,13,C2521677 Ingles Markets Inc,NULL,NULL,NULL,F,NULL,00:00.0,00:00.0,128,C2521677 Ingles Markets Inc,F,2,F,NULL,13784206,F,F,NULL,F,F,F,en_US,41:51.0,NULL,00:00.0,00:00.0,132,NULL,NULL,NULL,NULL,NULL,F,5448.96,NULL,NULL,NULL,NULL,NULL,F,1,-10,NULL,NULL,NULL,NULL,7713508,NULL,Customer,F,nonups,NULL,NULL,F,NULL,2,NULL,NULL,NULL,NULL,NULL,NULL,13784206,33932.16,T,NULL,3.04101E+11,21
NULL,CONSUMER,NULL,Brookshire Brothers,NULL,28378.57,NULL,NULL,NULL,NULL,1,Ahearn@brookshirebros.com fsimmons@brookshirebros.com,Brookshire Brothers,28378.57,24,0,18345.61,5230.08,NULL,NULL,NULL,AUTO,NULL,8,1,F,F,F,NULL,NULL,NULL,NULL,NULL,NULL,NULL,NULL,F,T,NULL,NULL,NULL,F,C2526951 Brookshire Brothers,F,NULL,NULL,T,F,F,NULL,230,F,NULL,F,NULL,NULL,NULL,NULL,NULL,NULL,NULL,NULL,NULL,NULL,NULL,F,NULL,NULL,NULL,NULL,NULL,NULL,NULL,T,NULL,F,T,F,35,F,F,NULL,2,NULL,F,F,F,NULL,NULL,F,F,F,T,F,F,NULL,NULL,T,F,F,T,NULL,27:15.0,NULL,27:14.0,NULL,NULL,NULL,24,-2,NULL,24015452,NULL,24015452,0,F,accountspayable@brookshirebros.com,DEFAULT,T,NULL,C2526951,2526951,13,C2526951 Brookshire Brothers,NULL,NULL,NULL,F,NULL,00:00.0,00:00.0,128,C2526951 Brookshire Brothers,F,2,F,NULL,13804610,F,F,NULL,F,F,F,en_US,25:55.0,NULL,00:00.0,00:00.0,131,NULL,NULL,NULL,NULL,NULL,F,18345.61,NULL,(936) 634-8155,NULL,NULL,NULL,F,1,-10,NULL,NULL,NULL,NULL,7713508,NULL,Customer,F,nonups,NULL,NULL,F,NULL,2,NULL,NULL,NULL,NULL,NULL,NULL,13804610,5230.08,T,NULL,NULL,21
NULL,CONSUMER,NULL,"JRD UNICO, INC. DBA Restaurant Depot and JETRO Cash & Carry, LLC",NULL,46960.19,NULL,NULL,NULL,NULL,1,lcandido@jetrord.com  claims@jetrord.com,"JRD UNICO, INC. DBA Restaurant Depot and JETRO Cash & Carry, LLC",46960.19,37,0,46960.19,0,NULL,NULL,NULL,AUTO,NULL,9,1,F,F,F,NULL,NULL,NULL,NULL,NULL,NULL,NULL,NULL,F,F,NULL,NULL,NULL,F,"C2517011 JRD UNICO, INC. DBA Restaurant Depot and JETRO Cash & Carry, LLC",F,NULL,NULL,T,F,F,NULL,231,F,NULL,F,NULL,NULL,NULL,NULL,NULL,NULL,NULL,NULL,NULL,NULL,NULL,F,NULL,NULL,NULL,NULL,NULL,NULL,NULL,F,NULL,F,F,F,NULL,F,F,NULL,2,NULL,F,F,F,NULL,NULL,F,F,F,F,F,F,NULL,NULL,F,F,F,T,NULL,08:39.0,NULL,08:38.0,NULL,NULL,NULL,37,-2,NULL,23925528,NULL,23925528,0,F,acctspayable@jetrord.com,DEFAULT,T,NULL,C2517011,2517011,13,"C2517011 JRD UNICO, INC. DBA Restaurant Depot and JETRO Cash & Carry, LLC",NULL,NULL,NULL,F,NULL,00:00.0,00:00.0,128,"C2517011 JRD UNICO, INC. DBA Restaurant Depot and JETRO Cash & Carry, LLC",F,2,F,NULL,13761903,F,F,NULL,F,F,F,en_US,15:15.0,NULL,00:00.0,00:00.0,128,NULL,NULL,NULL,NULL,NULL,F,46960.19,NULL,(718) 559-4256,NULL,NULL,NULL,F,1,-10,NULL,NULL,NULL,NULL,1867705,NULL,Customer,F,nonups,NULL,NULL,F,NULL,2,NULL,NULL,NULL,NULL,NULL,NULL,13761903,0,T,NULL,27-4329499,21
NULL,CONSUMER,NULL,Menards,NULL,0,NULL,NULL,NULL,NULL,1,NULL,Menards,0,0,0,0,0,NULL,NULL,NULL,AUTO,NULL,7,1,F,F,F,NULL,NULL,NULL,NULL,NULL,NULL,NULL,NULL,F,F,NULL,NULL,NULL,F,C2576012 Menards,F,NULL,NULL,F,F,F,NULL,232,F,NULL,F,NULL,NULL,NULL,NULL,NULL,NULL,NULL,NULL,NULL,NULL,NULL,F,NULL,NULL,NULL,NULL,NULL,NULL,NULL,F,1,F,F,F,NULL,F,F,NULL,2,NULL,F,F,F,NULL,NULL,F,F,F,F,F,F,NULL,NULL,F,F,F,F,NULL,23:32.0,NULL,23:32.0,NULL,NULL,NULL,0,-2,NULL,24682079,NULL,24682079,0,F,jschneid@menard-inc.com,DEFAULT,F,NULL,C2576012,2576012,13,C2576012 Menards,NULL,NULL,NULL,F,NULL,NULL,NULL,NULL,C2576012 Menards,F,2,F,NULL,14246041,F,F,NULL,F,F,F,en_US,51:19.0,NULL,NULL,NULL,NULL,NULL,NULL,NULL,NULL,NULL,F,0,NULL,(715) 876-4701,NULL,NULL,NULL,F,1,-10,NULL,NULL,NULL,NULL,12826022,NULL,Customer,F,nonups,NULL,NULL,F,NULL,2,NULL,NULL,NULL,NULL,NULL,NULL,14246041,0,T,NULL,NULL,21
NULL,CONSUMER,NULL,National Convenience Distributor's New England,NULL,0,NULL,NULL,NULL,NULL,1,Accounts Payable rep: jking@thencd.com,National Convenience Distributor's New England,0,0,0,0,95191.68,NULL,NULL,NULL,AUTO,NULL,10,1,F,F,F,NULL,NULL,NULL,NULL,NULL,NULL,NULL,NULL,F,F,NULL,NULL,NULL,F,C1093613 National Convenience Distributor's New England,F,NULL,NULL,T,F,F,NULL,233,F,NULL,F,NULL,NULL,NULL,NULL,NULL,NULL,NULL,NULL,NULL,NULL,NULL,F,NULL,NULL,NULL,NULL,NULL,NULL,NULL,F,NULL,F,F,F,35,F,F,NULL,2,NULL,F,F,F,NULL,NULL,F,F,F,F,F,F,NULL,NULL,F,F,F,T,NULL,11:31.0,NULL,11:31.0,NULL,NULL,NULL,0,NULL,NULL,5013915,NULL,5013915,0,F,ap@jpolep.com,PDF,T,NULL,C1093613,1093613,13,C1093613 National Convenience Distributor's New England,NULL,NULL,NULL,F,NULL,00:00.0,00:00.0,94,C1093613 National Convenience Distributor's New England,F,2,F,NULL,3306380,F,F,NULL,F,F,F,en_US,52:15.0,NULL,00:00.0,00:00.0,128,NULL,NULL,NULL,NULL,NULL,F,0,NULL,(631) 393-3663,NULL,NULL,NULL,F,1,-10,NULL,NULL,NULL,NULL,1867705,NULL,Customer,F,nonups,NULL,NULL,F,NULL,6,NULL,NULL,NULL,NULL,NULL,NULL,3306380,95191.68,T,NULL,47-1128020,21
NULL,CONSUMER,NULL,PAF Distribution,NULL,0,NULL,NULL,NULL,NULL,1,NULL,PAF Distribution,0,0,0,0,0,NULL,NULL,NULL,AUTO,NULL,10,1,F,F,F,NULL,NULL,NULL,NULL,NULL,NULL,NULL,NULL,T,F,NULL,NULL,NULL,F,C0761142 PAF Distribution,F,NULL,NULL,F,F,F,NULL,233,F,NULL,F,NULL,NULL,NULL,NULL,NULL,NULL,NULL,NULL,NULL,NULL,NULL,F,NULL,NULL,NULL,NULL,NULL,NULL,NULL,F,NULL,F,F,F,NULL,F,F,NULL,NULL,NULL,F,F,F,NULL,NULL,F,F,F,F,F,F,NULL,NULL,F,F,F,T,NULL,08:22.0,NULL,08:22.0,NULL,NULL,NULL,0,NULL,NULL,13985,NULL,13985,0,F,NULL,PDF,F,NULL,C0761142,761142,13,C0761142 PAF Distribution,NULL,NULL,NULL,F,NULL,00:00.0,00:00.0,42,C0761142 PAF Distribution,F,2,F,NULL,773067,F,F,NULL,T,F,F,en_US,54:04.0,NULL,00:00.0,00:00.0,59,NULL,NULL,NULL,NULL,NULL,F,0,NULL,NULL,NULL,NULL,NULL,F,1,-10,NULL,NULL,NULL,NULL,774809,NULL,Customer,F,nonups,NULL,NULL,F,NULL,2,NULL,NULL,NULL,NULL,NULL,NULL,773067,0,T,NULL,NULL,21
NULL,CONSUMER,NULL,Sultana Distribution Services Inc.,NULL,14860.8,NULL,NULL,NULL,NULL,1,NULL,Sultana Distribution Services Inc.,14860.8,0,0,0,108979.2,NULL,NULL,NULL,AUTO,NULL,9,1,F,F,F,NULL,NULL,NULL,NULL,NULL,NULL,NULL,NULL,F,F,NULL,NULL,NULL,F,C2300937 Sultana Distribution Services Inc.,F,NULL,NULL,T,F,F,NULL,231,F,NULL,F,NULL,NULL,NULL,NULL,NULL,NULL,NULL,NULL,NULL,NULL,NULL,F,scollazo@sultanadist.com,NULL,NULL,NULL,NULL,NULL,NULL,F,NULL,F,F,F,NULL,F,F,NULL,2,NULL,F,F,F,NULL,NULL,F,F,F,F,F,F,NULL,NULL,F,F,F,T,NULL,23:43.0,NULL,23:43.0,NULL,NULL,NULL,0,-2,NULL,21432821,NULL,21432821,0,F,erosario@sultanadist.com,DEFAULT,T,NULL,C2300937,2300937,13,C2300937 Sultana Distribution Services Inc.,NULL,NULL,NULL,F,NULL,00:00.0,00:00.0,124,C2300937 Sultana Distribution Services Inc.,F,2,F,NULL,12277076,F,F,NULL,F,F,F,en_US,58:09.0,NULL,00:00.0,00:00.0,128,NULL,NULL,NULL,NULL,NULL,F,0,NULL,(718) 617-5500,NULL,NULL,NULL,F,1,-10,NULL,NULL,NULL,NULL,1867705,NULL,Customer,F,nonups,NULL,NULL,F,NULL,2,NULL,NULL,NULL,NULL,NULL,NULL,12277076,108979.2,T,NULL,NULL,21
NULL,CONSUMER,NULL,Grocery Outlet Inc. (GOI),NULL,208848,NULL,NULL,NULL,NULL,1,AP@cfgo.com  kdiaz@cfgo.com,Grocery Outlet Inc. (GOI),208848,0,0,0,263466,NULL,NULL,NULL,AUTO,NULL,8,1,F,F,F,NULL,NULL,NULL,NULL,NULL,NULL,NULL,NULL,F,F,NULL,NULL,NULL,F,C2506409 Grocery Outlet Inc. (GOI),F,NULL,NULL,T,F,F,NULL,230,F,NULL,F,NULL,NULL,NULL,NULL,NULL,NULL,NULL,NULL,NULL,NULL,NULL,F,ap@cfgo.com,NULL,NULL,NULL,NULL,NULL,NULL,F,NULL,F,F,F,NULL,F,F,NULL,2,NULL,F,F,F,NULL,NULL,F,F,F,F,F,F,NULL,NULL,F,F,F,T,NULL,34:37.0,NULL,34:37.0,NULL,NULL,NULL,0,-2,NULL,23823696,NULL,23823696,0,F,invoices@cfgo.com,DEFAULT,T,NULL,C2506409,2506409,13,C2506409 Grocery Outlet Inc. (GOI),NULL,NULL,NULL,F,NULL,00:00.0,00:00.0,128,C2506409 Grocery Outlet Inc. (GOI),F,2,F,NULL,13700698,F,F,NULL,F,F,F,en_US,40:12.0,NULL,00:00.0,00:00.0,131,NULL,NULL,NULL,NULL,NULL,F,0,NULL,(323) 828-1515,NULL,NULL,NULL,F,1,-10,NULL,NULL,NULL,NULL,12826022,NULL,Customer,F,nonups,NULL,NULL,F,NULL,2,NULL,NULL,NULL,NULL,NULL,NULL,13700698,263466,T,NULL,94-1513561,21
NULL,CONSUMER,NULL,SportTech,NULL,0,NULL,NULL,NULL,NULL,1,NULL,SportTech,0,0,0,0,0,NULL,NULL,NULL,AUTO,NULL,10,1,F,F,F,NULL,NULL,NULL,NULL,NULL,NULL,NULL,NULL,T,F,NULL,NULL,NULL,F,C0761125 SportTech,F,NULL,NULL,F,F,F,NULL,233,F,NULL,F,NULL,NULL,NULL,NULL,NULL,NULL,NULL,NULL,NULL,NULL,NULL,F,NULL,NULL,NULL,NULL,NULL,NULL,NULL,F,NULL,F,F,F,NULL,F,F,NULL,NULL,NULL,F,F,F,NULL,NULL,F,F,F,F,F,F,NULL,NULL,F,F,F,T,NULL,30:48.0,NULL,30:48.0,NULL,NULL,NULL,0,NULL,NULL,13030,NULL,13030,0,F,NULL,PDF,F,NULL,C0761125,761125,13,C0761125 SportTech,NULL,NULL,NULL,F,NULL,00:00.0,00:00.0,34,C0761125 SportTech,F,2,F,NULL,772779,F,F,NULL,T,F,F,en_US,57:33.0,NULL,00:00.0,00:00.0,46,NULL,NULL,NULL,NULL,NULL,F,0,NULL,NULL,NULL,NULL,NULL,F,1,-10,NULL,NULL,NULL,NULL,774810,NULL,Customer,F,nonups,NULL,NULL,F,-8,2,NULL,NULL,NULL,NULL,NULL,NULL,772779,0,T,NULL,NULL,21
NULL,CONSUMER,NULL,"BJ's Wholesale Club, Inc",NULL,490833,NULL,NULL,NULL,NULL,1,NULL,"BJ's Wholesale Club, Inc",490833,0,0,0,759402,NULL,NULL,NULL,AUTO,NULL,6,1,F,F,F,NULL,NULL,NULL,NULL,NULL,NULL,NULL,NULL,F,T,NULL,NULL,NULL,F,"C1772235 BJ's Wholesale Club, Inc",F,NULL,NULL,F,F,F,NULL,229,F,NULL,F,NULL,NULL,NULL,NULL,NULL,NULL,NULL,NULL,NULL,NULL,NULL,F,mdanella@bjs.com,NULL,NULL,NULL,NULL,NULL,NULL,F,NULL,F,F,F,35,F,F,NULL,2,NULL,F,F,F,NULL,NULL,F,F,F,T,F,F,NULL,NULL,T,F,F,T,NULL,29:06.0,NULL,29:06.0,NULL,NULL,NULL,0,NULL,NULL,14418005,NULL,14418005,0,F,AIINV@BJS.com,DEFAULT,F,NULL,C1772235,1772235,13,"C1772235 BJ's Wholesale Club, Inc",NULL,NULL,NULL,F,NULL,00:00.0,00:00.0,114,"C1772235 BJ's Wholesale Club, Inc",F,2,F,NULL,8614134,F,F,NULL,F,F,F,en_US,29:23.0,NULL,00:00.0,00:00.0,132,NULL,NULL,NULL,NULL,NULL,F,0,NULL,(774) 512-5734,NULL,NULL,NULL,F,1,-10,NULL,NULL,NULL,NULL,777156,NULL,Customer,F,nonups,NULL,NULL,F,NULL,33,NULL,NULL,NULL,NULL,NULL,NULL,8614134,759402,T,NULL,45-2936287,21
NULL,CONSUMER,NULL,C&S Wholesale Grocers,(802) 257-6730,245958.24,NULL,NULL,NULL,NULL,1,Amber Downing is the additional contact,C&S Wholesale Grocers,245958.24,7,0,5126.88,140024.64,NULL,NULL,NULL,AUTO,NULL,10,1,F,F,F,NULL,NULL,NULL,NULL,NULL,NULL,NULL,NULL,F,T,623ALLBUILTBRAN,NULL,NULL,F,C0933147 C&S Wholesale Grocers,F,NULL,NULL,F,F,F,NULL,233,F,NULL,F,NULL,NULL,NULL,NULL,NULL,NULL,NULL,NULL,NULL,NULL,NULL,F,"adowning@cswg.com, jdixon@cswg.com",NULL,NULL,NULL,NULL,NULL,NULL,F,NULL,F,T,F,35,F,F,NULL,2,NULL,F,F,F,NULL,NULL,F,F,F,T,F,F,NULL,NULL,T,F,F,T,NULL,24:19.0,NULL,24:19.0,NULL,NULL,NULL,7,NULL,NULL,5930282,NULL,26991234,0,F,openinvoice@cswg.com,PDF,F,NULL,C0933147,933147,13,C0933147 C&S Wholesale Grocers,NULL,NULL,NULL,F,NULL,00:00.0,00:00.0,94,C0933147 C&S Wholesale Grocers,F,2,F,NULL,1847704,F,F,NULL,F,F,F,en_US,08:22.0,NULL,00:00.0,00:00.0,132,NULL,NULL,NULL,NULL,NULL,F,5126.88,NULL,(916) 823-4585,NULL,NULL,NULL,F,1,-10,NULL,NULL,NULL,NULL,1867706,NULL,Customer,F,nonups,NULL,NULL,F,NULL,21,NULL,NULL,NULL,NULL,NULL,NULL,1847704,140024.64,T,NULL,04-6946219,21
NULL,CONSUMER,NULL,Martie Inc,NULL,39960,NULL,NULL,NULL,NULL,1,NULL,Martie Inc,39960,0,0,0,112500,NULL,NULL,NULL,AUTO,NULL,7,1,F,F,F,NULL,NULL,NULL,NULL,NULL,NULL,NULL,NULL,F,F,NULL,NULL,NULL,F,C2519150 Martie Inc,F,NULL,NULL,T,F,F,NULL,232,F,NULL,F,NULL,NULL,NULL,NULL,NULL,NULL,NULL,NULL,NULL,NULL,NULL,F,cath@martie.com,NULL,NULL,NULL,NULL,NULL,NULL,F,NULL,F,F,F,NULL,F,F,NULL,2,NULL,F,F,F,NULL,NULL,F,F,F,F,F,F,NULL,NULL,F,F,F,T,NULL,53:55.0,NULL,53:55.0,NULL,NULL,NULL,0,-2,NULL,23951131,NULL,23951131,0,F,accouting@martie.com,DEFAULT,T,NULL,C2519150,2519150,13,C2519150 Martie Inc,NULL,NULL,NULL,F,NULL,00:00.0,00:00.0,128,C2519150 Martie Inc,F,2,F,NULL,13774204,F,F,NULL,F,F,F,en_US,32:17.0,NULL,00:00.0,00:00.0,128,NULL,NULL,NULL,NULL,NULL,F,0,NULL,(203) 508-3232,NULL,NULL,NULL,F,1,-10,NULL,NULL,NULL,NULL,12826022,NULL,Customer,F,nonups,NULL,NULL,F,NULL,3,NULL,NULL,NULL,NULL,NULL,NULL,13774204,112500,T,NULL,217257280,21
NULL,CONSUMER,NULL,"Ross Stores, Inc.",NULL,43032,NULL,NULL,NULL,NULL,1,RossE-Invoicing@ros.com -They do not process invoices  AP Contact: Sherry.Daniels@ros.com,"Ross Stores, Inc.",43032,3,0,43032,43032,NULL,NULL,NULL,AUTO,NULL,7,1,F,F,F,NULL,NULL,NULL,NULL,NULL,NULL,NULL,NULL,F,T,NULL,NULL,NULL,F,"C2482041 Ross Stores, Inc.",F,NULL,NULL,F,T,F,NULL,232,F,NULL,F,NULL,NULL,NULL,NULL,NULL,NULL,NULL,NULL,NULL,NULL,NULL,F,NULL,NULL,NULL,NULL,NULL,NULL,NULL,T,NULL,F,T,F,35,F,F,NULL,2,NULL,F,F,F,NULL,NULL,F,F,F,T,F,F,NULL,NULL,T,F,F,T,NULL,04:21.0,NULL,04:21.0,NULL,NULL,NULL,3,-2,NULL,23583616,NULL,23583616,0,F,Maia.Fukudome@ros.com,DEFAULT,F,NULL,C2482041,2482041,13,"C2482041 Ross Stores, Inc.",NULL,NULL,NULL,F,NULL,00:00.0,00:00.0,127,"C2482041 Ross Stores, Inc.",F,2,F,NULL,13557481,F,F,NULL,F,F,F,en_US,45:19.0,NULL,00:00.0,00:00.0,127,NULL,NULL,NULL,NULL,NULL,F,43032,NULL,(714) 686-7146,NULL,NULL,NULL,F,1,-10,NULL,NULL,NULL,NULL,12826022,NULL,Customer,F,nonups,NULL,NULL,F,NULL,2,NULL,NULL,NULL,NULL,NULL,NULL,13557481,43032,T,NULL,SR Y CH 100-506445,21
NULL,CONSUMER,NULL,Safeway Inc,NULL,608914.56,NULL,NULL,NULL,NULL,1,this is Albertsons  Dave.Smithley@albertsons.com  Tobi.Seriki@albertsons.com,Safeway Inc,608914.56,5,0,134061.6,821600.4,NULL,NULL,NULL,AUTO,NULL,8,1,F,F,F,NULL,NULL,NULL,NULL,NULL,NULL,NULL,NULL,F,T,NULL,NULL,NULL,F,C1771327 Safeway Inc,F,NULL,NULL,F,F,T,NULL,230,F,NULL,F,NULL,NULL,NULL,NULL,NULL,NULL,NULL,NULL,NULL,NULL,NULL,F,NULL,NULL,NULL,NULL,NULL,NULL,NULL,T,NULL,F,T,F,35,F,F,NULL,2,NULL,F,F,F,NULL,NULL,F,F,F,T,F,F,NULL,NULL,T,F,F,T,NULL,25:38.0,NULL,25:37.0,NULL,NULL,NULL,5,NULL,NULL,14551356,NULL,14619095,0,F,miriam.welch@albertsons.com,DEFAULT,F,NULL,C1771327,1771327,13,C1771327 Safeway Inc,NULL,NULL,NULL,F,NULL,00:00.0,00:00.0,112,C1771327 Safeway Inc,F,2,F,NULL,8603933,F,F,NULL,F,F,F,en_US,01:37.0,NULL,00:00.0,00:00.0,128,NULL,NULL,NULL,NULL,NULL,F,134061.6,NULL,(714) 720-8214,NULL,NULL,NULL,F,1,-10,NULL,NULL,NULL,NULL,7713508,NULL,Customer,F,nonups,NULL,NULL,F,NULL,2,NULL,NULL,NULL,NULL,NULL,NULL,8603933,821600.4,T,NULL,SR Y OH 21-803859,21
NULL,CONSUMER,NULL,Performance Food Group Inc,NULL,67368.96,NULL,NULL,NULL,NULL,1,send AR statements to Vistar.CustomerService@pfgc.com    Nick.Zywica@pfgc.com,Performance Food Group Inc,67368.96,15,0,1238.4,60929.28,NULL,NULL,NULL,AUTO,NULL,7,1,F,F,F,NULL,NULL,NULL,NULL,NULL,NULL,NULL,NULL,F,T,70XALLBUILTBRAN,100490,NULL,F,C0943485 Performance Food Group Inc,F,NULL,NULL,T,T,T,NULL,232,F,NULL,F,NULL,NULL,NULL,NULL,NULL,NULL,NULL,NULL,NULL,NULL,NULL,F,NULL,NULL,NULL,NULL,NULL,NULL,NULL,T,NULL,F,T,F,35,F,F,NULL,2,NULL,F,F,F,NULL,NULL,F,F,F,T,F,F,NULL,NULL,T,F,F,T,NULL,46:12.0,NULL,46:11.0,NULL,NULL,NULL,15,NULL,NULL,23923525,NULL,16931239,0,F,VistarPOInvoices@pfgc.com,PDF,T,NULL,C0943485,943485,13,C0943485 Performance Food Group Inc,NULL,NULL,NULL,F,NULL,00:00.0,00:00.0,83,C0943485 Performance Food Group Inc,F,2,F,NULL,1918614,F,F,NULL,F,F,F,en_US,54:21.0,NULL,00:00.0,00:00.0,128,NULL,NULL,NULL,NULL,NULL,F,1238.4,NULL,(303) 662-7739,NULL,NULL,NULL,F,1,-10,NULL,NULL,NULL,NULL,12826022,NULL,Customer,F,nonups,5316,NULL,F,NULL,3,NULL,NULL,NULL,NULL,NULL,NULL,1918614,60929.28,T,NULL,84-0629503,21
NULL,CONSUMER,NULL,Cooper Booth Wholesale Co.,NULL,9659.52,NULL,NULL,NULL,NULL,1,NULL,Cooper Booth Wholesale Co.,9659.52,0,0,0,53086.08,NULL,NULL,NULL,AUTO,NULL,9,1,F,F,F,NULL,NULL,NULL,NULL,NULL,NULL,NULL,NULL,F,F,NULL,NULL,NULL,F,C1752643 Cooper Booth Wholesale Co.,F,NULL,NULL,T,F,F,NULL,231,F,NULL,F,NULL,NULL,NULL,NULL,NULL,NULL,NULL,NULL,NULL,NULL,NULL,F,NULL,NULL,NULL,NULL,NULL,NULL,NULL,F,NULL,F,F,F,NULL,F,F,NULL,2,NULL,F,F,F,NULL,NULL,F,F,F,F,F,F,NULL,NULL,F,F,F,T,NULL,14:01.0,NULL,14:01.0,NULL,NULL,NULL,0,NULL,NULL,14134379,NULL,14134379,0,F,invoice@cooperbooth.com,DEFAULT,T,NULL,C1752643,1752643,13,C1752643 Cooper Booth Wholesale Co.,NULL,NULL,NULL,F,NULL,00:00.0,00:00.0,111,C1752643 Cooper Booth Wholesale Co.,F,2,F,NULL,8414812,F,F,NULL,F,F,F,en_US,42:14.0,NULL,00:00.0,00:00.0,128,NULL,NULL,NULL,NULL,NULL,F,0,NULL,(717) 285-8000 ext 1411,NULL,NULL,NULL,F,1,-10,NULL,NULL,NULL,NULL,1867705,NULL,Customer,F,nonups,NULL,NULL,F,NULL,6,NULL,NULL,NULL,NULL,NULL,NULL,8414812,53086.08,T,NULL,23-140684,21
NULL,CONSUMER,NULL,IHerb,NULL,5471.52,NULL,NULL,NULL,NULL,1,ruth.alquizalas@iherb.com ap@iherb.com,IHerb,5471.52,0,0,0,0,NULL,NULL,NULL,AUTO,NULL,7,1,F,F,F,NULL,NULL,NULL,NULL,NULL,NULL,NULL,NULL,F,T,NULL,NULL,NULL,F,C1754032 IHerb,F,NULL,NULL,T,F,F,NULL,232,F,NULL,F,NULL,NULL,NULL,NULL,NULL,NULL,NULL,NULL,NULL,NULL,NULL,F,NULL,NULL,NULL,NULL,NULL,NULL,NULL,F,NULL,F,T,F,35,F,F,NULL,NULL,NULL,F,F,F,NULL,NULL,F,F,F,T,F,F,NULL,NULL,T,F,F,T,NULL,01:32.0,NULL,01:32.0,NULL,NULL,NULL,0,NULL,NULL,14152880,NULL,14152880,0,F,eric.metz@iherb.com,DEFAULT,T,NULL,C1754032,1754032,13,C1754032 IHerb,NULL,NULL,NULL,F,NULL,00:00.0,00:00.0,123,C1754032 IHerb,F,2,F,NULL,8427413,F,F,NULL,F,F,F,en_US,05:22.0,NULL,00:00.0,00:00.0,129,NULL,NULL,NULL,NULL,NULL,F,0,NULL,(310) 384-1576,NULL,NULL,NULL,F,1,-10,NULL,NULL,NULL,NULL,7713508,NULL,Customer,F,nonups,NULL,NULL,F,NULL,8,NULL,NULL,NULL,NULL,NULL,NULL,8427413,0,T,NULL,97-962971,21
NULL,CONSUMER,NULL,"CandyCo, LLC",NULL,0,NULL,NULL,NULL,NULL,1,Alison Knoles,"CandyCo, LLC",0,0,0,0,0,NULL,NULL,NULL,AUTO,NULL,17,1,F,F,F,NULL,NULL,NULL,NULL,NULL,NULL,NULL,NULL,F,F,NULL,NULL,NULL,F,"C1560338 CandyCo, LLC",F,NULL,NULL,F,F,F,NULL,329,F,NULL,F,NULL,NULL,NULL,NULL,NULL,NULL,NULL,NULL,NULL,NULL,NULL,F,alison.knoles@candyco.com,NULL,NULL,17,NULL,NULL,NULL,F,1,F,F,F,NULL,F,F,NULL,NULL,NULL,F,F,F,NULL,NULL,F,F,F,F,F,F,NULL,NULL,F,F,F,F,NULL,43:52.0,NULL,43:52.0,NULL,NULL,NULL,0,NULL,NULL,11784258,NULL,11784257,0,F,ap@candyco.com,DEFAULT,F,NULL,C1560338,1560338,13,"C1560338 CandyCo, LLC",NULL,NULL,NULL,F,NULL,00:00.0,00:00.0,107,"C1560338 CandyCo, LLC",F,2,F,NULL,7063561,F,F,NULL,F,F,F,en_US,53:07.0,NULL,00:00.0,00:00.0,107,NULL,NULL,NULL,NULL,NULL,F,0,NULL,(435) 657-2006,NULL,NULL,NULL,F,1,-10,NULL,NULL,NULL,NULL,NULL,NULL,Customer,F,nonups,NULL,NULL,F,NULL,10,NULL,NULL,NULL,NULL,NULL,NULL,7063561,0,T,NULL,10018431-004-STC,21
NULL,CONSUMER,NULL,DNA Sports Nutrition,NULL,74131.2,NULL,NULL,NULL,NULL,1,NULL,DNA Sports Nutrition,74131.2,19,0,9504,21384,NULL,NULL,NULL,AUTO,NULL,10,1,F,F,F,NULL,NULL,NULL,NULL,NULL,NULL,NULL,NULL,F,F,NULL,NULL,NULL,F,C1559949 DNA Sports Nutrition,F,NULL,NULL,T,F,F,NULL,233,F,NULL,F,NULL,NULL,NULL,NULL,NULL,NULL,NULL,NULL,NULL,NULL,NULL,F,ron@dnanutrition.com,NULL,NULL,NULL,NULL,NULL,NULL,F,NULL,F,F,F,35,F,F,NULL,2,NULL,F,F,F,NULL,NULL,F,F,F,F,F,F,NULL,NULL,F,F,F,T,NULL,58:05.0,NULL,58:05.0,NULL,NULL,NULL,19,NULL,NULL,11780655,NULL,11780655,0,F,ron@getbig.com,DEFAULT,T,NULL,C1559949,1559949,13,C1559949 DNA Sports Nutrition,NULL,NULL,NULL,F,NULL,00:00.0,00:00.0,107,C1559949 DNA Sports Nutrition,F,2,F,NULL,7061659,F,F,NULL,F,F,F,en_US,44:54.0,NULL,00:00.0,00:00.0,128,NULL,NULL,NULL,NULL,NULL,F,9504,NULL,(818) 974-3129,NULL,NULL,NULL,F,1,-10,NULL,NULL,NULL,NULL,11281193,NULL,Customer,F,nonups,NULL,NULL,F,NULL,2,NULL,NULL,NULL,NULL,NULL,NULL,7061659,21384,T,NULL,954303194,21
NULL,CONSUMER,NULL,Nash Finch,NULL,23116.8,NULL,NULL,NULL,NULL,1,NULL,Nash Finch,23116.8,0,0,0,0,NULL,NULL,NULL,AUTO,NULL,10,1,F,F,F,NULL,NULL,NULL,NULL,NULL,NULL,NULL,NULL,F,T,NULL,"084022, 084023",NULL,F,C1212226 Nash Finch,F,NULL,NULL,F,T,F,NULL,233,F,NULL,F,NULL,NULL,NULL,NULL,NULL,NULL,NULL,NULL,NULL,NULL,NULL,F,NULL,NULL,NULL,NULL,NULL,NULL,NULL,T,NULL,F,T,F,35,F,F,NULL,2,NULL,F,F,F,NULL,NULL,F,F,F,T,F,F,NULL,NULL,T,F,F,T,NULL,06:56.0,NULL,06:55.0,NULL,NULL,NULL,0,NULL,NULL,6937420,NULL,6937421,0,F,anthony.rollins@spartannash.com,PDF,F,NULL,C1212226,1212226,13,C1212226 Nash Finch,NULL,NULL,NULL,F,NULL,00:00.0,00:00.0,98,C1212226 Nash Finch,F,2,F,NULL,4442186,F,F,NULL,F,F,F,en_US,51:54.0,NULL,00:00.0,00:00.0,128,NULL,NULL,NULL,NULL,NULL,F,0,NULL,(616) 878-2000,NULL,NULL,NULL,F,1,-10,NULL,NULL,NULL,NULL,1867705,NULL,Customer,F,nonups,NULL,NULL,F,NULL,2,NULL,NULL,NULL,NULL,NULL,NULL,4442186,0,T,NULL,8129223,21
NULL,CONSUMER,NULL,Coast to Coast Distribution,NULL,0,NULL,NULL,NULL,NULL,1,NULL,Coast to Coast Distribution,0,0,0,0,0,NULL,NULL,NULL,AUTO,NULL,9,1,F,F,F,NULL,NULL,NULL,NULL,NULL,NULL,NULL,NULL,F,F,NULL,NULL,NULL,F,C1043696 Coast to Coast Distribution,F,NULL,NULL,F,F,F,NULL,231,F,NULL,F,NULL,NULL,NULL,NULL,NULL,NULL,NULL,NULL,NULL,NULL,NULL,F,richas@gamaus.com,NULL,NULL,NULL,NULL,NULL,NULL,F,NULL,T,F,F,NULL,F,F,NULL,NULL,NULL,F,F,F,NULL,NULL,F,F,F,F,F,F,NULL,NULL,F,F,F,T,NULL,37:02.0,NULL,37:02.0,NULL,NULL,NULL,0,NULL,NULL,4232051,NULL,4232051,0,F,invoicing@gamaus.com,PDF,T,NULL,C1043696,1043696,13,C1043696 Coast to Coast Distribution,NULL,NULL,NULL,F,NULL,NULL,NULL,NULL,C1043696 Coast to Coast Distribution,F,2,F,NULL,2941647,F,F,NULL,F,F,F,en_US,41:15.0,NULL,NULL,NULL,NULL,NULL,NULL,NULL,NULL,NULL,F,0,NULL,(512) 735-7723,NULL,NULL,NULL,F,1,-10,NULL,NULL,NULL,NULL,1867705,NULL,Customer,F,nonups,NULL,NULL,F,NULL,2,NULL,NULL,NULL,NULL,NULL,NULL,2941647,0,T,NULL,32087953165,21
NULL,CONSUMER,NULL,Oasis Snacks,NULL,0,NULL,NULL,NULL,NULL,1,NULL,Oasis Snacks,0,0,0,0,0,NULL,NULL,NULL,AUTO,NULL,7,1,F,F,F,NULL,NULL,NULL,NULL,NULL,NULL,NULL,NULL,F,F,NULL,NULL,NULL,F,C2575323 Oasis Snacks,F,NULL,NULL,T,F,F,NULL,232,F,NULL,F,NULL,NULL,NULL,NULL,NULL,NULL,NULL,NULL,NULL,NULL,NULL,F,NULL,NULL,NULL,NULL,NULL,NULL,NULL,F,1,F,F,F,NULL,F,F,NULL,2,NULL,F,F,F,NULL,NULL,F,F,F,F,F,F,NULL,NULL,F,F,F,T,NULL,21:17.0,NULL,21:17.0,NULL,NULL,NULL,0,-2,NULL,24668175,NULL,24668175,0,F,Adonis@oasissnacks.com,DEFAULT,T,NULL,C2575323,2575323,13,C2575323 Oasis Snacks,NULL,NULL,NULL,F,NULL,NULL,NULL,NULL,C2575323 Oasis Snacks,F,2,F,NULL,14238339,F,F,NULL,F,F,F,en_US,53:15.0,NULL,NULL,NULL,NULL,NULL,NULL,NULL,NULL,NULL,F,0,NULL,1 (718) 666-3200,NULL,NULL,NULL,F,1,-10,NULL,NULL,NULL,NULL,12826022,NULL,Customer,F,nonups,NULL,NULL,F,NULL,2,NULL,NULL,NULL,NULL,NULL,NULL,14238339,0,T,NULL,82-4349750,21
NULL,CONSUMER,NULL,Stewart Candy Company,NULL,0,NULL,NULL,NULL,NULL,1,NULL,Stewart Candy Company,0,0,0,0,0,NULL,NULL,NULL,AUTO,NULL,9,1,F,F,F,NULL,NULL,NULL,NULL,NULL,NULL,NULL,NULL,F,F,NULL,NULL,NULL,F,C1072576 Stewart Candy Company,F,NULL,NULL,T,F,F,NULL,231,F,NULL,F,NULL,NULL,NULL,NULL,NULL,NULL,NULL,NULL,NULL,NULL,NULL,F,NULL,NULL,NULL,NULL,NULL,NULL,NULL,F,NULL,F,F,F,NULL,F,F,NULL,2,NULL,F,F,F,NULL,NULL,F,F,F,F,F,F,NULL,NULL,F,F,F,T,NULL,33:29.0,NULL,33:29.0,NULL,NULL,NULL,0,NULL,NULL,4693082,NULL,4693082,0,F,azureew@stewartcandy.com,PDF,T,NULL,C1072576,1072576,13,C1072576 Stewart Candy Company,NULL,NULL,NULL,F,NULL,00:00.0,00:00.0,93,C1072576 Stewart Candy Company,F,2,F,NULL,3147663,F,F,NULL,F,F,F,en_US,57:50.0,NULL,00:00.0,00:00.0,93,NULL,NULL,NULL,NULL,NULL,F,0,NULL,(912) 283-1970,NULL,NULL,NULL,F,1,-10,NULL,NULL,NULL,NULL,1867705,NULL,Customer,F,nonups,NULL,NULL,F,NULL,2,NULL,NULL,NULL,NULL,NULL,NULL,3147663,0,T,NULL,58-0953300,21
NULL,CONSUMER,NULL,Fareway,NULL,0,NULL,NULL,NULL,NULL,1,NULL,Fareway,0,0,0,0,0,NULL,NULL,NULL,AUTO,NULL,8,1,F,F,F,NULL,NULL,NULL,NULL,NULL,NULL,NULL,NULL,F,F,NULL,NULL,NULL,F,C1055036 Fareway,F,NULL,NULL,T,F,F,NULL,230,F,NULL,F,NULL,NULL,NULL,NULL,NULL,NULL,NULL,NULL,NULL,NULL,NULL,F,NULL,NULL,NULL,NULL,NULL,NULL,NULL,F,NULL,F,F,F,35,F,F,NULL,1,NULL,F,F,F,NULL,NULL,F,F,F,F,F,F,NULL,NULL,F,F,F,T,NULL,40:31.0,NULL,40:31.0,NULL,NULL,NULL,0,NULL,NULL,4352369,NULL,4352369,0,F,trouse@farewaystores.com,PDF,T,NULL,C1055036,1055036,13,C1055036 Fareway,NULL,NULL,NULL,F,NULL,00:00.0,00:00.0,97,C1055036 Fareway,F,2,F,NULL,2989050,F,F,NULL,F,F,F,en_US,53:56.0,NULL,00:00.0,00:00.0,120,NULL,NULL,NULL,NULL,NULL,F,0,NULL,(515) 432-2623,NULL,NULL,NULL,F,1,-10,NULL,NULL,NULL,NULL,3628503,NULL,Customer,F,nonups,NULL,NULL,F,NULL,5,NULL,NULL,NULL,NULL,NULL,NULL,2989050,0,T,NULL,42-0240920,21
NULL,CONSUMER,NULL,Topicz Novelart Manufacturing Co,NULL,0,NULL,NULL,NULL,NULL,1,NULL,Topicz Novelart Manufacturing Co,0,0,0,0,0,NULL,NULL,NULL,AUTO,NULL,9,1,F,F,F,NULL,NULL,NULL,NULL,NULL,NULL,NULL,NULL,F,F,NULL,NULL,NULL,F,C0923737 Topicz Novelart Manufacturing Co,F,NULL,NULL,T,F,F,NULL,231,F,NULL,F,NULL,NULL,NULL,NULL,NULL,NULL,NULL,NULL,NULL,NULL,NULL,F,Asteinke@topicz.com,NULL,NULL,NULL,NULL,NULL,NULL,F,NULL,F,F,F,NULL,F,F,NULL,NULL,NULL,F,F,F,NULL,NULL,F,F,F,F,F,F,NULL,NULL,F,F,F,T,NULL,33:39.0,NULL,33:39.0,NULL,NULL,NULL,0,NULL,NULL,2147976,NULL,2147976,0,F,apayable@topicz.com,PDF,T,NULL,C0923737,923737,13,C0923737 Topicz Novelart Manufacturing Co,NULL,NULL,NULL,F,NULL,00:00.0,00:00.0,83,C0923737 Topicz Novelart Manufacturing Co,F,2,F,NULL,1777795,F,F,NULL,F,F,F,en_US,59:15.0,NULL,00:00.0,00:00.0,83,NULL,NULL,NULL,NULL,NULL,F,0,NULL,(513) 351-7700,NULL,NULL,NULL,F,1,-10,NULL,NULL,NULL,NULL,1867705,NULL,Customer,F,nonups,NULL,NULL,F,NULL,2,NULL,NULL,NULL,NULL,NULL,NULL,1777795,0,T,NULL,00-699-9676,21
NULL,CONSUMER,NULL,Harris Teeter,NULL,37647.36,NULL,NULL,NULL,NULL,1,NULL,Harris Teeter,37647.36,10,0,12384,32817.6,NULL,NULL,NULL,AUTO,NULL,8,1,F,F,F,NULL,NULL,NULL,NULL,NULL,NULL,NULL,NULL,F,T,NULL,NULL,NULL,F,C1173695 Harris Teeter,F,NULL,NULL,T,F,F,NULL,230,F,NULL,F,NULL,NULL,NULL,NULL,NULL,NULL,NULL,NULL,NULL,NULL,NULL,F,mzaharis@harristeeter.com,NULL,NULL,NULL,NULL,NULL,NULL,F,NULL,F,T,F,35,F,F,NULL,2,NULL,F,F,F,NULL,NULL,F,F,F,T,F,F,NULL,NULL,T,F,F,T,NULL,49:45.0,NULL,49:45.0,NULL,NULL,NULL,10,NULL,NULL,6392348,NULL,6392348,0,F,mwilkenfeld@harristeeter.com,PDF,T,NULL,C1173695,1173695,13,C1173695 Harris Teeter,NULL,NULL,NULL,F,NULL,00:00.0,00:00.0,98,C1173695 Harris Teeter,F,2,F,NULL,4104456,F,F,NULL,F,F,F,en_US,54:26.0,NULL,00:00.0,00:00.0,128,NULL,NULL,NULL,NULL,NULL,F,12384,NULL,(704) 844-3100,NULL,NULL,NULL,F,1,-10,NULL,NULL,NULL,NULL,1867706,NULL,Customer,F,nonups,NULL,NULL,F,NULL,2,NULL,NULL,NULL,NULL,NULL,NULL,4104456,32817.6,T,NULL,NULL,21
NULL,CONSUMER,NULL,Target Corporation,NULL,12520869.83,NULL,NULL,NULL,NULL,1,NULL,Target Corporation,12520869.83,105,0,3511177.4,23830.4,NULL,NULL,NULL,AUTO,NULL,14,1,F,F,F,NULL,NULL,NULL,NULL,NULL,NULL,NULL,NULL,F,T,NULL,NULL,NULL,F,C1714537 Target Corporation,F,NULL,NULL,F,F,F,NULL,236,F,NULL,F,NULL,NULL,NULL,NULL,NULL,NULL,NULL,NULL,NULL,NULL,NULL,F,NULL,NULL,NULL,NULL,NULL,NULL,NULL,T,NULL,F,F,F,35,F,F,NULL,1,NULL,F,F,F,NULL,NULL,F,F,F,T,F,F,NULL,NULL,T,F,F,T,NULL,44:53.0,NULL,44:53.0,NULL,NULL,NULL,105,NULL,NULL,14407802,NULL,14407802,0,F,sammi@voyageurgroup.co,DEFAULT,F,NULL,C1714537,1714537,13,C1714537 Target Corporation,NULL,NULL,NULL,F,NULL,00:00.0,00:00.0,111,C1714537 Target Corporation,F,2,F,NULL,8108673,F,F,NULL,F,F,F,en_US,58:05.0,NULL,00:00.0,00:00.0,128,NULL,NULL,NULL,NULL,NULL,T,2624168.3,NULL,NULL,NULL,NULL,NULL,F,1,-10,NULL,NULL,NULL,NULL,777156,NULL,Customer,F,nonups,NULL,NULL,F,NULL,30,NULL,NULL,NULL,NULL,NULL,NULL,8108673,23830.4,T,NULL,NULL,10
NULL,CONSUMER,NULL,Kwik Trip Inc,NULL,29721.6,NULL,NULL,NULL,NULL,1,itscan@kwiktrip.com  APDocs@kwiktrip.com  MiscInvoicing@kwiktrip.com,Kwik Trip Inc,29721.6,0,0,0,78019.2,NULL,NULL,NULL,AUTO,NULL,9,1,F,F,F,NULL,NULL,NULL,NULL,NULL,NULL,NULL,NULL,F,T,NULL,NULL,NULL,F,C1701447 Kwik Trip Inc,F,NULL,NULL,F,F,F,NULL,231,F,NULL,F,NULL,NULL,NULL,NULL,NULL,NULL,NULL,NULL,NULL,NULL,NULL,F,Jstalsberg@kwiktrip.com,NULL,NULL,NULL,NULL,NULL,NULL,F,NULL,F,T,F,35,F,F,NULL,2,NULL,F,F,F,NULL,NULL,F,F,F,T,F,F,NULL,NULL,T,F,F,T,NULL,19:54.0,NULL,19:54.0,NULL,NULL,NULL,0,NULL,NULL,13467632,NULL,13467632,0,F,itscan@kwiktrip.com,DEFAULT,T,NULL,C1701447,1701447,13,C1701447 Kwik Trip Inc,NULL,NULL,NULL,F,NULL,00:00.0,00:00.0,111,C1701447 Kwik Trip Inc,F,2,F,NULL,7989351,F,F,NULL,F,F,F,en_US,02:46.0,NULL,00:00.0,00:00.0,127,NULL,NULL,NULL,NULL,NULL,F,0,NULL,(608) 793-6093,NULL,NULL,NULL,F,1,-10,NULL,NULL,NULL,NULL,3628503,NULL,Customer,F,nonups,NULL,NULL,F,NULL,2,NULL,NULL,NULL,NULL,NULL,NULL,7989351,78019.2,T,NULL,FEIN 39-1036365,21
NULL,CONSUMER,NULL,Nassau Candy Distributors,NULL,43344,NULL,NULL,NULL,NULL,1,George Nero - AP vendorsolutions@nassaucandy.com,Nassau Candy Distributors,43344,0,0,0,60544.56,NULL,NULL,NULL,AUTO,NULL,10,1,F,F,F,NULL,NULL,NULL,NULL,NULL,NULL,NULL,NULL,F,F,NULL,NULL,NULL,F,C1020928 Nassau Candy Distributors,F,NULL,NULL,T,F,F,NULL,233,F,NULL,F,NULL,NULL,NULL,NULL,NULL,NULL,NULL,NULL,NULL,NULL,NULL,F,NULL,NULL,NULL,NULL,NULL,NULL,NULL,F,NULL,F,F,F,35,F,F,NULL,2,NULL,F,F,F,NULL,NULL,F,F,F,F,F,F,NULL,NULL,F,F,F,T,NULL,16:22.0,NULL,16:22.0,NULL,NULL,NULL,0,NULL,NULL,3806516,NULL,3806516,0,F,accounts.payable@nassaucandy.com,PDF,T,NULL,C1020928,1020928,13,C1020928 Nassau Candy Distributors,NULL,NULL,NULL,F,NULL,00:00.0,00:00.0,90,C1020928 Nassau Candy Distributors,F,2,F,NULL,2709708,F,F,NULL,F,F,F,en_US,41:11.0,NULL,00:00.0,00:00.0,132,NULL,NULL,NULL,NULL,NULL,F,0,NULL,NULL,NULL,NULL,NULL,F,1,-10,NULL,NULL,NULL,NULL,1867706,NULL,Customer,F,nonups,NULL,NULL,F,NULL,6,NULL,NULL,NULL,NULL,NULL,NULL,2709708,60544.56,T,NULL,13-3203250,21
NULL,CONSUMER,NULL,UNFI : UNFI Millbrook,NULL,406903.78,NULL,NULL,NULL,NULL,1,Send AR Statements to and inquiries to   unfinaturalresearch@unfi.com  Chelsea.Bellis@unfi.com  AP related correspondence: UNFInaturalresearch@unfi.com,UNFI Millbrook,538217.91,71,0,192838.14,590821.87,NULL,NULL,NULL,AUTO,NULL,10,1,T,F,F,NULL,NULL,NULL,NULL,NULL,NULL,NULL,NULL,F,T,NULL,NULL,NULL,F,C0761150:1 UNFI Millbrook,F,NULL,NULL,F,T,F,NULL,233,F,NULL,F,NULL,NULL,NULL,NULL,NULL,NULL,NULL,NULL,NULL,NULL,NULL,F,unfinaturalresearch@unfi.com,NULL,NULL,NULL,NULL,NULL,NULL,T,NULL,T,T,F,35,F,F,NULL,2,NULL,F,F,F,NULL,NULL,F,F,F,T,F,F,NULL,NULL,T,F,F,T,NULL,33:35.0,NULL,33:35.0,NULL,NULL,NULL,71,NULL,NULL,918260,NULL,NULL,0,T,unfiapinvoices@unfi.com,PDF,F,NULL,C0761150:1,1,13,C0761150:1 UNFI Millbrook,NULL,NULL,NULL,F,NULL,00:00.0,00:00.0,85,C0761150 UNFI : C0761150:1 UNFI Millbrook,F,2,F,NULL,1247550,F,F,NULL,F,F,F,en_US,11:48.0,NULL,00:00.0,00:00.0,128,NULL,NULL,NULL,NULL,NULL,T,192838.14,773128,1 (877) 423-2443,NULL,NULL,NULL,F,1,-10,NULL,NULL,NULL,NULL,1867706,NULL,Customer,F,nonups,NULL,NULL,F,NULL,6,NULL,NULL,NULL,NULL,NULL,NULL,773128,116680.9,T,NULL,50376157,21
NULL,CONSUMER,NULL,Wawa Inc,NULL,0,NULL,NULL,NULL,NULL,1,NULL,Wawa Inc,0,0,0,0,0,NULL,NULL,NULL,AUTO,NULL,9,1,F,F,F,NULL,NULL,NULL,NULL,NULL,NULL,NULL,NULL,F,F,NULL,NULL,NULL,F,C1162249 Wawa Inc,F,NULL,NULL,T,F,F,NULL,231,F,NULL,F,NULL,NULL,NULL,NULL,NULL,NULL,NULL,NULL,NULL,NULL,NULL,F,NULL,NULL,NULL,NULL,NULL,NULL,NULL,F,NULL,F,F,F,NULL,F,F,NULL,NULL,NULL,F,F,F,NULL,NULL,F,F,F,F,F,F,NULL,NULL,F,F,F,T,NULL,07:58.0,NULL,07:58.0,NULL,NULL,NULL,0,NULL,NULL,6186271,NULL,6186271,0,F,tammy.altman@wawa.com,PDF,T,NULL,C1162249,1162249,13,C1162249 Wawa Inc,NULL,NULL,NULL,F,NULL,NULL,NULL,NULL,C1162249 Wawa Inc,F,2,F,NULL,3979741,F,F,NULL,F,F,F,en_US,01:35.0,NULL,NULL,NULL,NULL,NULL,NULL,NULL,NULL,NULL,F,0,NULL,(610) 358-8000,NULL,NULL,NULL,F,1,-10,NULL,NULL,NULL,NULL,1867705,NULL,Customer,F,nonups,NULL,NULL,T,NULL,6,NULL,NULL,NULL,NULL,NULL,NULL,3979741,0,T,NULL,NULL,21
NULL,CONSUMER,NULL,The Kroger Company,NULL,1618103.4,NULL,NULL,NULL,NULL,1,krogercorrespondence@prgx.com,The Kroger Company,1618103.4,17,0,243964.32,1675475.76,NULL,NULL,NULL,AUTO,NULL,8,1,F,F,F,NULL,NULL,NULL,NULL,NULL,NULL,NULL,NULL,F,T,NULL,NULL,NULL,F,C1731798 The Kroger Company,F,NULL,NULL,F,T,F,NULL,230,F,NULL,F,NULL,NULL,NULL,NULL,NULL,NULL,NULL,NULL,NULL,NULL,NULL,F,mary.spinelli@kroger.com,NULL,NULL,NULL,NULL,NULL,NULL,T,NULL,F,T,F,35,F,F,NULL,2,NULL,F,F,F,NULL,NULL,F,F,F,T,F,F,NULL,NULL,T,F,F,T,NULL,10:03.0,NULL,10:03.0,NULL,NULL,NULL,17,NULL,NULL,16269912,NULL,13877203,0,F,krogercorrespondence@prgx.com,DEFAULT,F,NULL,C1731798,1731798,13,C1731798 The Kroger Company,NULL,NULL,NULL,F,NULL,00:00.0,00:00.0,111,C1731798 The Kroger Company,F,2,F,NULL,8252602,F,F,NULL,F,F,F,en_US,22:10.0,NULL,00:00.0,00:00.0,129,NULL,NULL,NULL,NULL,NULL,F,243964.32,NULL,NULL,NULL,NULL,NULL,F,1,-10,NULL,NULL,NULL,NULL,1867706,NULL,Customer,F,nonups,NULL,NULL,F,NULL,2,NULL,NULL,NULL,NULL,NULL,NULL,8252602,1675475.76,T,NULL,NULL,21
NULL,CONSUMER,NULL,LJ Zucca,NULL,0,NULL,NULL,NULL,NULL,1,NULL,LJ Zucca,0,0,0,0,0,NULL,NULL,NULL,AUTO,NULL,7,1,F,F,F,NULL,NULL,NULL,NULL,NULL,NULL,NULL,NULL,F,F,NULL,NULL,NULL,F,C1718504 LJ Zucca,F,NULL,NULL,T,F,F,NULL,232,F,NULL,F,NULL,NULL,NULL,NULL,NULL,NULL,NULL,NULL,NULL,NULL,NULL,F,NULL,NULL,NULL,NULL,NULL,NULL,NULL,F,NULL,F,F,F,NULL,F,F,NULL,NULL,NULL,F,F,F,NULL,NULL,F,F,F,F,F,F,NULL,NULL,F,F,F,T,NULL,52:08.0,NULL,52:08.0,NULL,NULL,NULL,0,NULL,NULL,13694131,NULL,13694131,0,F,jauld@mya-sales.com,DEFAULT,T,NULL,C1718504,1718504,13,C1718504 LJ Zucca,NULL,NULL,NULL,F,NULL,00:00.0,00:00.0,124,C1718504 LJ Zucca,F,2,F,NULL,8141382,F,F,NULL,F,F,F,en_US,48:52.0,NULL,00:00.0,00:00.0,127,NULL,NULL,NULL,NULL,NULL,F,0,NULL,NULL,NULL,NULL,NULL,F,1,-10,NULL,NULL,NULL,NULL,12826022,NULL,Customer,F,nonups,NULL,NULL,F,NULL,2,NULL,NULL,NULL,NULL,NULL,NULL,8141382,0,T,NULL,22-1890690,21
NULL,CONSUMER,NULL,Publix,NULL,204260.16,NULL,NULL,NULL,NULL,1,Autumn.Hosegood@publix.com,Publix,204260.16,0,0,0,1257774.72,NULL,NULL,NULL,AUTO,NULL,8,1,F,F,F,NULL,NULL,NULL,NULL,NULL,NULL,NULL,NULL,F,T,NULL,NULL,NULL,F,C1687278 Publix,F,NULL,NULL,F,F,T,NULL,230,F,NULL,F,NULL,NULL,NULL,NULL,NULL,NULL,NULL,NULL,NULL,NULL,NULL,F,NULL,NULL,NULL,NULL,NULL,NULL,NULL,T,NULL,F,T,F,35,F,F,NULL,2,NULL,F,F,F,NULL,NULL,F,F,F,T,F,F,NULL,NULL,T,F,F,T,NULL,50:48.0,NULL,50:48.0,NULL,NULL,NULL,0,NULL,NULL,13299272,NULL,13299272,0,F,Merchandise.Payables@Publix.com,DEFAULT,F,NULL,C1687278,1687278,13,C1687278 Publix,NULL,NULL,NULL,F,NULL,00:00.0,00:00.0,112,C1687278 Publix,F,2,F,NULL,7899044,F,F,NULL,F,F,F,en_US,19:36.0,NULL,00:00.0,00:00.0,131,NULL,NULL,NULL,NULL,NULL,F,0,NULL,(863) 688-1188,NULL,NULL,NULL,F,1,-10,NULL,NULL,NULL,NULL,7713508,NULL,Customer,F,nonups,NULL,NULL,F,NULL,2,NULL,NULL,NULL,NULL,NULL,NULL,7899044,1257774.72,T,NULL,590324412,21
NULL,CONSUMER,NULL,Denver Wholesale Foods,NULL,0,NULL,NULL,NULL,NULL,1,NULL,Denver Wholesale Foods,0,0,0,0,0,NULL,NULL,NULL,AUTO,NULL,10,1,F,F,F,NULL,NULL,NULL,NULL,NULL,NULL,NULL,NULL,T,F,NULL,NULL,NULL,F,C0873725 Denver Wholesale Foods,F,NULL,NULL,F,F,F,NULL,233,F,NULL,F,NULL,NULL,NULL,NULL,NULL,NULL,NULL,NULL,NULL,NULL,NULL,F,NULL,NULL,NULL,NULL,NULL,NULL,NULL,F,NULL,F,F,F,NULL,F,F,NULL,NULL,NULL,F,F,F,NULL,NULL,F,F,F,F,F,F,NULL,NULL,F,F,F,T,NULL,21:32.0,NULL,21:31.0,NULL,NULL,NULL,0,NULL,NULL,1049392,NULL,1049392,0,F,mstoltzfus@denverfoods.net,PDF,F,NULL,C0873725,873725,13,C0873725 Denver Wholesale Foods,NULL,NULL,NULL,F,NULL,00:00.0,00:00.0,83,C0873725 Denver Wholesale Foods,F,2,F,NULL,1338563,F,F,NULL,T,F,F,en_US,28:26.0,NULL,00:00.0,00:00.0,83,NULL,NULL,NULL,NULL,NULL,F,0,NULL,717738014,NULL,NULL,NULL,F,1,-10,NULL,NULL,NULL,NULL,774810,NULL,Customer,F,nonups,NULL,NULL,T,95735,2,NULL,NULL,NULL,NULL,NULL,NULL,1338563,0,T,NULL,NULL,21
NULL,CONSUMER,NULL,NU Inc,NULL,43453.44,NULL,NULL,NULL,NULL,1,skin@nuinc.co,NU Inc,43453.44,3,0,21490.56,28811.52,NULL,NULL,NULL,AUTO,NULL,10,1,F,F,F,NULL,NULL,NULL,NULL,NULL,NULL,NULL,NULL,F,F,NULL,NULL,NULL,F,C1001291 NU Inc,F,NULL,NULL,T,F,F,NULL,233,F,NULL,F,NULL,NULL,NULL,NULL,NULL,NULL,NULL,NULL,NULL,NULL,NULL,F,dyoon@nuinc.co,NULL,NULL,NULL,NULL,NULL,NULL,F,NULL,F,F,F,35,F,F,NULL,2,NULL,F,F,F,NULL,NULL,F,F,F,F,F,F,NULL,NULL,F,F,F,T,NULL,16:05.0,NULL,16:05.0,NULL,NULL,NULL,3,NULL,NULL,3558129,NULL,3558129,0,F,jlee@nuinc.co,PDF,T,NULL,C1001291,1001291,13,C1001291 NU Inc,NULL,NULL,NULL,F,NULL,00:00.0,00:00.0,90,C1001291 NU Inc,F,2,F,NULL,2565491,F,F,NULL,F,F,F,en_US,11:41.0,NULL,00:00.0,00:00.0,128,NULL,NULL,NULL,NULL,NULL,F,21490.56,NULL,(201) 917-9045,NULL,NULL,NULL,F,1,-10,NULL,NULL,NULL,NULL,1867706,NULL,Customer,F,nonups,NULL,NULL,F,NULL,2,NULL,NULL,NULL,NULL,NULL,NULL,2565491,28811.52,T,NULL,81-2751271,21
NULL,CONSUMER,NULL,ALDI Grocery,NULL,693409.03,NULL,NULL,NULL,NULL,1,NULL,ALDI Grocery,693409.03,4,0,136408.39,329653.44,NULL,NULL,NULL,AUTO,NULL,8,1,F,F,F,NULL,NULL,NULL,NULL,NULL,NULL,NULL,NULL,F,T,NULL,NULL,NULL,F,C0808537 ALDI Grocery,F,NULL,NULL,F,F,F,NULL,230,F,NULL,F,NULL,NULL,NULL,NULL,NULL,NULL,NULL,NULL,NULL,NULL,NULL,F,APMinquiries@aldi.us,NULL,NULL,NULL,NULL,NULL,NULL,T,NULL,F,T,F,35,F,F,NULL,2,NULL,F,F,F,NULL,NULL,F,F,F,T,F,F,NULL,NULL,T,F,T,T,NULL,24:26.0,NULL,24:26.0,NULL,NULL,NULL,4,NULL,NULL,457770,NULL,457770,0,F,APM@aldi.us,PDF,F,NULL,C0808537,808537,13,C0808537 ALDI Grocery,NULL,NULL,NULL,F,NULL,00:00.0,00:00.0,83,C0808537 ALDI Grocery,F,2,F,NULL,940717,F,F,NULL,F,F,F,en_US,05:28.0,NULL,00:00.0,00:00.0,128,NULL,NULL,NULL,NULL,NULL,F,56836.87,NULL,(630) 425-7340,NULL,NULL,NULL,F,1,-10,NULL,NULL,NULL,NULL,1867705,NULL,Customer,F,nonups,NULL,NULL,F,NULL,2,NULL,NULL,NULL,NULL,NULL,NULL,940717,329653.44,T,NULL,421051659,10
NULL,CONSUMER,NULL,Certco Inc.,NULL,86573.76,NULL,NULL,NULL,NULL,1,Dmoore@certcoinc.com,Certco Inc.,86573.76,8,0,12714.24,62497.92,NULL,NULL,NULL,AUTO,NULL,10,1,F,F,F,NULL,NULL,NULL,NULL,NULL,NULL,NULL,NULL,F,T,NULL,NULL,NULL,F,C0806394 Certco Inc.,F,NULL,NULL,T,T,F,NULL,233,F,NULL,F,NULL,NULL,NULL,NULL,NULL,NULL,NULL,NULL,NULL,NULL,NULL,F,NULL,NULL,NULL,NULL,NULL,NULL,NULL,T,NULL,F,T,F,35,F,F,NULL,2,NULL,F,F,F,NULL,NULL,F,F,F,T,F,F,NULL,NULL,T,F,F,T,NULL,06:03.0,NULL,06:03.0,NULL,NULL,NULL,8,NULL,NULL,435858,NULL,435858,0,F,AP@certcoinc.com,PDF,T,NULL,C0806394,806394,13,C0806394 Certco Inc.,NULL,NULL,NULL,F,NULL,00:00.0,00:00.0,79,C0806394 Certco Inc.,F,2,F,NULL,929507,F,F,NULL,F,F,F,en_US,38:57.0,NULL,00:00.0,00:00.0,128,NULL,NULL,NULL,NULL,NULL,F,12714.24,NULL,(608) 271-4500,NULL,NULL,NULL,F,1,-10,NULL,NULL,NULL,NULL,3628503,NULL,Customer,F,nonups,NULL,NULL,F,NULL,2,NULL,NULL,NULL,NULL,NULL,NULL,929507,62497.92,T,NULL,39-0203490,21
NULL,CONSUMER,NULL,Food Pro Distributing,NULL,0,NULL,NULL,NULL,NULL,1,NULL,Food Pro Distributing,0,0,0,0,0,NULL,NULL,NULL,AUTO,NULL,10,1,F,F,F,NULL,NULL,NULL,NULL,NULL,NULL,NULL,NULL,T,T,8LVALLBUILTBRAN,NULL,NULL,F,C0990723 Food Pro Distributing,F,NULL,NULL,F,F,F,NULL,233,F,NULL,F,NULL,NULL,NULL,NULL,NULL,NULL,NULL,NULL,NULL,NULL,NULL,F,NULL,NULL,NULL,NULL,NULL,NULL,NULL,F,NULL,F,T,F,35,F,F,NULL,2,NULL,F,F,F,NULL,NULL,F,F,F,T,F,F,NULL,NULL,T,F,F,T,NULL,55:07.0,NULL,55:07.0,NULL,NULL,NULL,0,NULL,NULL,3426284,NULL,3426284,0,F,speace@foodprolasvegas.com,PDF,T,NULL,C0990723,990723,13,C0990723 Food Pro Distributing,NULL,NULL,NULL,F,NULL,00:00.0,00:00.0,89,C0990723 Food Pro Distributing,F,2,F,NULL,2477782,F,F,NULL,F,F,F,en_US,54:51.0,NULL,00:00.0,00:00.0,115,NULL,NULL,NULL,NULL,NULL,F,0,NULL,(702) 891-0009,NULL,NULL,NULL,F,1,-10,NULL,NULL,NULL,NULL,3628503,NULL,Customer,F,nonups,NULL,NULL,F,NULL,2,NULL,NULL,NULL,NULL,NULL,NULL,2477782,0,T,NULL,88-0330156,21
NULL,CONSUMER,NULL,WL PETREY WHOLESALE CO INC,NULL,6192,NULL,NULL,NULL,NULL,1,NULL,WL PETREY WHOLESALE CO INC,6192,0,0,0,-3715.2,NULL,NULL,NULL,AUTO,NULL,7,1,F,F,F,NULL,NULL,NULL,NULL,NULL,NULL,NULL,NULL,F,F,NULL,NULL,NULL,F,C0806393 WL PETREY WHOLESALE CO INC,F,NULL,NULL,T,F,F,NULL,232,F,NULL,F,NULL,NULL,NULL,NULL,NULL,NULL,NULL,NULL,NULL,NULL,NULL,F,KRAMSEY@PETREY.COM,NULL,NULL,NULL,NULL,NULL,NULL,F,NULL,F,F,F,35,F,F,NULL,2,NULL,F,F,F,NULL,NULL,F,F,F,F,F,F,NULL,NULL,F,F,F,T,NULL,34:43.0,NULL,34:42.0,NULL,NULL,NULL,0,NULL,NULL,435256,NULL,435256,0,F,accounts.payable@petrey.com,PDF,T,NULL,C0806393,806393,13,C0806393 WL PETREY WHOLESALE CO INC,NULL,NULL,NULL,F,NULL,00:00.0,00:00.0,81,C0806393 WL PETREY WHOLESALE CO INC,F,2,F,NULL,929506,F,F,NULL,F,F,F,en_US,03:00.0,NULL,00:00.0,00:00.0,128,NULL,NULL,NULL,NULL,NULL,F,0,NULL,(205) 588-7068,NULL,NULL,NULL,F,1,-10,NULL,NULL,NULL,NULL,1867705,NULL,Customer,F,nonups,NULL,NULL,F,NULL,2,NULL,NULL,NULL,NULL,NULL,NULL,929506,-3715.2,T,NULL,210000001,21
NULL,CONSUMER,NULL,"EBY-BROWN COMPANY, LLC",(630) 536-3802,0,NULL,NULL,NULL,NULL,1,NULL,"EBY-BROWN COMPANY, LLC",0,0,0,0,0,NULL,NULL,NULL,AUTO,NULL,10,1,F,F,F,NULL,NULL,NULL,NULL,NULL,NULL,NULL,NULL,F,F,NULL,NULL,NULL,F,"C0806379 EBY-BROWN COMPANY, LLC",F,NULL,NULL,T,F,F,NULL,233,F,NULL,F,NULL,NULL,NULL,NULL,NULL,NULL,NULL,NULL,NULL,NULL,NULL,F,NULL,NULL,NULL,NULL,NULL,NULL,NULL,F,NULL,F,F,F,NULL,F,F,NULL,2,NULL,F,F,F,NULL,NULL,F,F,F,F,F,F,NULL,NULL,F,F,F,T,NULL,06:01.0,NULL,06:01.0,NULL,NULL,NULL,0,NULL,NULL,420459,NULL,420459,0,F,eby-accountspayable@pfgc.com,PDF,F,NULL,C0806379,806379,13,"C0806379 EBY-BROWN COMPANY, LLC",NULL,NULL,NULL,F,NULL,00:00.0,00:00.0,76,"C0806379 EBY-BROWN COMPANY, LLC",F,2,F,NULL,928490,F,F,NULL,T,F,F,en_US,52:43.0,NULL,00:00.0,00:00.0,81,NULL,NULL,NULL,NULL,NULL,F,0,NULL,(630) 536-3814,NULL,NULL,NULL,F,1,-10,NULL,NULL,NULL,NULL,3628503,NULL,Customer,F,nonups,NULL,NULL,T,95735,2,NULL,NULL,NULL,NULL,NULL,NULL,928490,0,T,NULL,NULL,21
NULL,CONSUMER,NULL,TMC Biz dba Knox,NULL,0,NULL,NULL,NULL,NULL,1,NULL,TMC Biz dba Knox,0,0,0,0,0,NULL,NULL,NULL,AUTO,NULL,7,1,F,F,F,NULL,NULL,NULL,NULL,NULL,NULL,NULL,NULL,T,F,NULL,NULL,NULL,F,C0806384 TMC Biz dba Knox,F,NULL,NULL,T,F,F,NULL,232,F,NULL,F,NULL,NULL,NULL,NULL,NULL,NULL,NULL,NULL,NULL,NULL,NULL,F,NULL,NULL,NULL,NULL,NULL,NULL,NULL,F,NULL,T,F,F,NULL,F,F,NULL,1,NULL,F,F,F,NULL,NULL,F,F,F,F,F,F,NULL,NULL,F,F,F,T,NULL,24:16.0,NULL,24:16.0,NULL,NULL,NULL,0,NULL,NULL,424105,NULL,424105,0,T,tmc.biz@yahoo.com,PDF,F,NULL,C0806384,806384,13,C0806384 TMC Biz dba Knox,NULL,NULL,NULL,F,NULL,00:00.0,00:00.0,79,C0806384 TMC Biz dba Knox,F,2,F,NULL,928777,F,F,NULL,T,F,F,en_US,58:52.0,NULL,00:00.0,00:00.0,79,NULL,NULL,NULL,NULL,NULL,F,0,NULL,(865) 742-0294,NULL,NULL,NULL,F,1,-10,NULL,NULL,NULL,NULL,774451,NULL,Customer,F,nonups,NULL,NULL,T,95735,2,NULL,NULL,NULL,NULL,NULL,NULL,928777,0,T,NULL,1001264196,21
NULL,CONSUMER,NULL,Trepco Imports & Distribution LTD. Dba Trepco West Las Vegas,NULL,0,NULL,NULL,NULL,NULL,1,BUYER: JESSE LOPEZ,Trepco Imports & Distribution LTD. Dba Trepco West Las Vegas,0,0,0,0,0,NULL,NULL,NULL,AUTO,NULL,7,1,F,F,F,NULL,NULL,NULL,NULL,NULL,NULL,NULL,NULL,F,F,NULL,NULL,NULL,F,C0806378 Trepco Imports & Distribution LTD. Dba Trepco West Las Vegas,F,NULL,NULL,T,F,F,NULL,232,F,NULL,F,NULL,NULL,NULL,NULL,NULL,NULL,NULL,NULL,NULL,NULL,NULL,F,NULL,NULL,NULL,NULL,NULL,NULL,NULL,F,NULL,F,F,F,NULL,F,F,NULL,2,NULL,F,F,F,NULL,NULL,F,F,F,F,F,F,NULL,NULL,F,F,F,T,NULL,54:29.0,NULL,54:29.0,NULL,NULL,NULL,0,NULL,NULL,434037,NULL,434037,0,F,VALERIE@KENNEDYWHOLESALE.COM,PDF,T,NULL,C0806378,806378,13,C0806378 Trepco Imports & Distribution LTD. Dba Trepco West Las Vegas,NULL,NULL,NULL,F,NULL,00:00.0,00:00.0,76,C0806378 Trepco Imports & Distribution LTD. Dba Trepco West Las Vegas,F,2,F,NULL,928489,F,F,NULL,F,F,F,en_US,59:35.0,NULL,00:00.0,00:00.0,85,NULL,NULL,NULL,NULL,NULL,F,0,NULL,(909) 320-6400,NULL,NULL,NULL,F,1,-10,NULL,NULL,NULL,NULL,3628503,NULL,Customer,F,nonups,NULL,NULL,F,NULL,2,NULL,NULL,NULL,NULL,NULL,NULL,928489,0,T,NULL,38-2277190,21
NULL,CONSUMER,NULL,Alder Foods,NULL,46529.28,NULL,NULL,NULL,NULL,1,NULL,Alder Foods,46529.28,0,0,0,116323.2,NULL,NULL,NULL,AUTO,NULL,10,1,F,F,F,NULL,NULL,NULL,NULL,NULL,NULL,NULL,NULL,F,T,NULL,NULL,NULL,F,C0986228 Alder Foods,F,NULL,NULL,T,F,F,NULL,233,F,NULL,F,NULL,NULL,NULL,NULL,NULL,NULL,NULL,NULL,NULL,NULL,NULL,F,NULL,NULL,NULL,NULL,NULL,NULL,NULL,F,NULL,T,T,F,35,F,F,NULL,2,NULL,F,F,F,NULL,NULL,F,F,F,T,F,F,NULL,NULL,T,F,F,T,NULL,36:13.0,NULL,36:13.0,NULL,NULL,NULL,0,NULL,NULL,3275743,NULL,3275743,0,F,kstonis@alderfoods.com,PDF,T,NULL,C0986228,986228,13,C0986228 Alder Foods,NULL,NULL,NULL,F,NULL,00:00.0,00:00.0,90,C0986228 Alder Foods,F,2,F,NULL,2393074,F,F,NULL,F,F,F,en_US,51:14.0,NULL,00:00.0,00:00.0,128,NULL,NULL,NULL,NULL,NULL,F,0,NULL,(910) 459-2513,NULL,NULL,NULL,F,1,-10,NULL,NULL,NULL,NULL,774810,NULL,Customer,F,nonups,NULL,NULL,F,NULL,2,NULL,NULL,NULL,NULL,NULL,NULL,2393074,116323.2,T,NULL,04-2913961,21
NULL,CONSUMER,NULL,"Dot Foods, Inc",NULL,2159701.1,NULL,NULL,NULL,NULL,1,send inquiries about payments to APProductTeam@dotfoods.com,"Dot Foods, Inc",2159701.1,4,0,338758.33,2333694.55,NULL,NULL,NULL,AUTO,NULL,10,1,F,F,F,NULL,NULL,NULL,NULL,NULL,NULL,NULL,NULL,F,T,NULL,NULL,NULL,F,"C0806389 Dot Foods, Inc",F,NULL,NULL,F,T,F,NULL,233,F,NULL,F,NULL,NULL,NULL,NULL,NULL,NULL,NULL,NULL,NULL,NULL,NULL,F,APProductTeam@dotfoods.com,NULL,NULL,NULL,NULL,NULL,NULL,T,NULL,F,T,F,35,F,F,NULL,2,NULL,F,F,F,NULL,NULL,F,F,F,T,F,F,NULL,NULL,T,F,F,T,NULL,57:59.0,NULL,57:59.0,NULL,NULL,NULL,4,NULL,NULL,429925,NULL,429925,0,F,ap.invoices@DOTFOODS.com,PDF,F,NULL,C0806389,806389,13,"C0806389 Dot Foods, Inc",NULL,NULL,NULL,F,NULL,00:00.0,00:00.0,80,"C0806389 Dot Foods, Inc",F,2,F,NULL,929194,F,F,NULL,F,F,F,en_US,45:51.0,NULL,00:00.0,00:00.0,128,NULL,NULL,NULL,NULL,NULL,F,338758.33,NULL,(217) 773-4411,NULL,NULL,NULL,F,1,-10,NULL,NULL,NULL,NULL,1867705,NULL,Customer,F,nonups,NULL,NULL,F,NULL,8,NULL,NULL,NULL,NULL,NULL,NULL,929194,2333694.55,T,NULL,37-1872672,21
NULL,CONSUMER,NULL,San Francisco Naturals,NULL,0,NULL,NULL,NULL,NULL,1,NULL,San Francisco Naturals,0,0,0,0,0,NULL,NULL,NULL,AUTO,NULL,5,1,F,F,F,NULL,NULL,NULL,NULL,NULL,NULL,NULL,NULL,F,F,NULL,NULL,NULL,F,C0782540 San Francisco Naturals,F,NULL,NULL,T,F,F,NULL,228,F,NULL,F,NULL,NULL,NULL,NULL,NULL,NULL,NULL,NULL,NULL,NULL,NULL,F,NULL,NULL,NULL,NULL,NULL,NULL,NULL,F,NULL,F,F,F,NULL,F,F,NULL,NULL,NULL,F,F,F,NULL,NULL,F,F,F,F,F,F,NULL,NULL,F,F,F,F,NULL,13:44.0,NULL,13:44.0,NULL,NULL,NULL,0,NULL,NULL,284691,NULL,284691,0,F,fady@sfnaturals.net,PDF,F,NULL,C0782540,782540,13,C0782540 San Francisco Naturals,NULL,NULL,NULL,F,NULL,NULL,NULL,NULL,C0782540 San Francisco Naturals,F,2,F,NULL,856416,F,F,NULL,T,F,F,en_US,55:51.0,NULL,NULL,NULL,NULL,NULL,NULL,NULL,NULL,NULL,F,0,NULL,(650) 892-5564,NULL,NULL,NULL,F,1,-10,NULL,NULL,NULL,NULL,774809,NULL,Customer,F,nonups,NULL,NULL,F,-8,2,NULL,NULL,NULL,NULL,NULL,NULL,856416,0,T,NULL,47-1763830,21
NULL,CONSUMER,NULL,"Nurished Enterprises, LLC",NULL,0,NULL,NULL,NULL,NULL,1,NULL,"Nurished Enterprises, LLC",0,0,0,0,0,NULL,NULL,NULL,AUTO,NULL,11,1,F,F,F,NULL,NULL,NULL,NULL,NULL,NULL,NULL,NULL,F,F,NULL,NULL,NULL,F,"C1019593 Nurished Enterprises, LLC",F,NULL,NULL,F,F,F,NULL,234,F,NULL,F,NULL,NULL,NULL,NULL,NULL,NULL,NULL,NULL,NULL,NULL,NULL,F,NULL,NULL,NULL,NULL,NULL,NULL,NULL,F,NULL,T,F,F,NULL,F,F,NULL,NULL,NULL,F,F,F,NULL,NULL,F,F,F,F,F,F,NULL,NULL,F,F,F,T,NULL,14:54.0,NULL,14:54.0,NULL,NULL,NULL,0,NULL,NULL,NULL,NULL,NULL,0,F,chase@nurished.com,PDF,F,NULL,C1019593,1019593,13,"C1019593 Nurished Enterprises, LLC",NULL,NULL,NULL,F,NULL,00:00.0,00:00.0,90,"C1019593 Nurished Enterprises, LLC",F,2,F,NULL,2700407,F,F,NULL,F,F,F,en_US,52:51.0,NULL,00:00.0,00:00.0,90,NULL,NULL,NULL,NULL,NULL,F,0,NULL,NULL,NULL,NULL,NULL,F,1,-10,NULL,NULL,NULL,NULL,774810,NULL,Customer,F,nonups,NULL,NULL,F,NULL,2,NULL,NULL,NULL,NULL,NULL,NULL,2700407,0,T,NULL,NULL,21
NULL,CONSUMER,NULL,UNFI : UNFI West,NULL,131314.13,NULL,NULL,NULL,NULL,1,AP related correspondence: UNFInaturalresearch@unfi.com,UNFI West,538217.91,71,0,192838.14,590821.87,NULL,NULL,NULL,AUTO,NULL,10,1,F,F,F,NULL,NULL,NULL,NULL,NULL,NULL,NULL,NULL,F,T,NULL,NULL,NULL,F,C0761150:2 UNFI West,F,NULL,NULL,F,T,F,NULL,233,F,NULL,F,NULL,NULL,NULL,NULL,NULL,NULL,NULL,NULL,NULL,NULL,NULL,F,NULL,NULL,NULL,NULL,NULL,NULL,NULL,T,NULL,T,T,F,35,F,F,NULL,2,NULL,F,F,F,NULL,NULL,F,F,F,T,F,F,NULL,NULL,T,F,F,T,NULL,41:27.0,NULL,41:27.0,NULL,NULL,NULL,0,NULL,NULL,918267,NULL,NULL,0,T,unfiapinvoices@unfi.com,PDF,F,NULL,C0761150:2,2,13,C0761150:2 UNFI West,NULL,NULL,NULL,F,NULL,00:00.0,00:00.0,89,C0761150 UNFI : C0761150:2 UNFI West,F,2,F,NULL,1247551,F,F,NULL,F,F,F,en_US,12:28.0,NULL,00:00.0,00:00.0,128,NULL,NULL,NULL,NULL,NULL,T,0,773128,(801) 692-6933,NULL,NULL,NULL,F,1,-10,NULL,NULL,NULL,NULL,1867706,NULL,Customer,F,nonups,NULL,NULL,F,NULL,6,NULL,NULL,NULL,NULL,NULL,NULL,773128,474140.97,T,NULL,50376157,21
NULL,CONSUMER,NULL,United Natural Foods Supervalu,NULL,54441.16,NULL,NULL,NULL,NULL,1,ALL Invoice & AP related questions: UNFInaturalresearch@unfi.com,United Natural Foods Supervalu,54441.16,0,0,0,161321.76,NULL,NULL,NULL,AUTO,NULL,10,1,F,F,F,NULL,NULL,NULL,NULL,NULL,NULL,NULL,NULL,F,T,NULL,NULL,NULL,F,C0863627 United Natural Foods Supervalu,F,NULL,NULL,T,F,F,NULL,233,F,NULL,F,NULL,NULL,NULL,NULL,NULL,NULL,NULL,NULL,NULL,NULL,NULL,F,NULL,NULL,NULL,NULL,NULL,NULL,NULL,T,NULL,F,T,F,35,F,F,NULL,2,NULL,F,F,F,NULL,NULL,F,F,F,T,F,F,NULL,NULL,T,F,F,T,NULL,44:16.0,NULL,44:16.0,NULL,NULL,NULL,0,NULL,NULL,2594880,NULL,NULL,0,T,unfiapinvoices@unfi.com,PDF,F,NULL,C0863627,863627,13,C0863627 United Natural Foods Supervalu,NULL,NULL,NULL,F,NULL,00:00.0,00:00.0,83,C0863627 United Natural Foods Supervalu,F,2,F,NULL,1247552,F,F,NULL,F,F,F,en_US,13:20.0,NULL,00:00.0,00:00.0,128,NULL,NULL,NULL,NULL,NULL,F,0,NULL,(801) 367-6905,NULL,NULL,NULL,F,1,-10,NULL,NULL,NULL,NULL,3628503,NULL,Customer,F,nonups,NULL,NULL,F,NULL,6,NULL,NULL,NULL,NULL,NULL,NULL,1247552,161321.76,T,NULL,50376157,21
NULL,CONSUMER,NULL,Jungle Jim's,NULL,0,NULL,NULL,NULL,NULL,1,NULL,Jungle Jim's,0,0,0,0,40867.2,NULL,NULL,NULL,AUTO,NULL,8,1,F,F,F,NULL,NULL,NULL,NULL,NULL,NULL,NULL,NULL,F,F,NULL,NULL,NULL,F,C0806383 Jungle Jim's,F,NULL,NULL,T,F,F,NULL,230,F,NULL,F,NULL,NULL,NULL,NULL,NULL,NULL,NULL,NULL,NULL,NULL,NULL,F,ap@junglejims.com,NULL,NULL,NULL,NULL,NULL,NULL,F,NULL,F,F,F,35,F,F,NULL,2,NULL,F,F,F,NULL,NULL,F,F,F,F,F,F,NULL,NULL,F,F,F,T,NULL,57:54.0,NULL,57:54.0,NULL,NULL,NULL,0,NULL,NULL,423697,NULL,423697,0,F,bduvall@junglejims.com,PDF,T,NULL,C0806383,806383,13,C0806383 Jungle Jim's,NULL,NULL,NULL,F,NULL,00:00.0,00:00.0,81,C0806383 Jungle Jim's,F,2,F,NULL,928775,F,F,NULL,F,F,F,en_US,47:11.0,NULL,00:00.0,00:00.0,127,NULL,NULL,NULL,NULL,NULL,F,0,NULL,(513) 674-6000,NULL,NULL,NULL,F,1,-10,NULL,NULL,NULL,NULL,1867706,NULL,Customer,F,nonups,NULL,NULL,F,NULL,2,NULL,NULL,NULL,NULL,NULL,NULL,928775,40867.2,T,NULL,31-0955124,21
NULL,CONSUMER,NULL,"Core-Mark International, Inc. : Core-Mark International, Inc. - Denver",NULL,0,NULL,NULL,NULL,NULL,1,NULL,"Core-Mark International, Inc. - Denver",343158.4,32,0,26342.4,-206371200,NULL,NULL,NULL,AUTO,NULL,10,1,F,F,F,NULL,NULL,NULL,NULL,NULL,NULL,NULL,NULL,F,F,NULL,NULL,NULL,F,"C0761193 Core-Mark International, Inc. - Denver",F,NULL,NULL,T,F,F,NULL,233,F,NULL,F,NULL,NULL,NULL,NULL,NULL,NULL,NULL,NULL,NULL,NULL,NULL,F,NULL,NULL,NULL,NULL,NULL,NULL,NULL,F,NULL,F,T,F,35,T,F,NULL,2,NULL,F,F,F,NULL,NULL,F,F,F,T,F,F,NULL,NULL,T,F,F,T,NULL,56:48.0,NULL,56:48.0,NULL,NULL,NULL,0,NULL,NULL,NULL,NULL,27002,0,T,invoices.USA@pfgc.com,PDF,T,NULL,C0761193,761193,13,"C0761193 Core-Mark International, Inc. - Denver",NULL,NULL,NULL,F,NULL,00:00.0,00:00.0,66,"C0761137 Core-Mark International, Inc. : C0761193 Core-Mark International, Inc. - Denver",F,2,F,NULL,774701,F,F,NULL,F,F,F,en_US,49:46.0,NULL,00:00.0,00:00.0,111,NULL,NULL,NULL,NULL,NULL,F,0,772895,NULL,NULL,NULL,NULL,F,1,-10,NULL,NULL,NULL,NULL,3628503,NULL,Customer,F,nonups,NULL,NULL,F,NULL,6,NULL,NULL,NULL,NULL,NULL,NULL,772895,0,T,NULL,742354997,21
NULL,CONSUMER,NULL,Meijer,NULL,190762.32,NULL,NULL,NULL,NULL,1,Additional contact for Deduction or invoicing issues nleese@shankmanandassociates.com  jill.bunce@sasinc.com  mbraxmaier@shankmanandassociates.com,Meijer,190762.32,4,0,25324.88,214752.7,NULL,NULL,NULL,AUTO,NULL,8,1,T,F,F,NULL,NULL,NULL,NULL,NULL,NULL,NULL,NULL,F,T,522ALLBUILTBRAN,NULL,NULL,F,C0885559 Meijer,F,NULL,NULL,F,T,F,NULL,230,F,NULL,F,NULL,NULL,NULL,NULL,NULL,NULL,NULL,NULL,NULL,NULL,NULL,F,"jill.bunce@sasinc.com,mbraxmaier@shankmanandassociates.com",NULL,NULL,NULL,NULL,NULL,NULL,T,NULL,F,T,F,35,F,F,NULL,2,NULL,F,F,F,NULL,NULL,F,F,F,T,T,F,NULL,NULL,T,F,F,T,NULL,16:06.0,NULL,16:06.0,NULL,NULL,NULL,4,NULL,NULL,1189227,NULL,NULL,0,F,bkidd@shankmanandassociates.com,PDF,F,NULL,C0885559,885559,13,C0885559 Meijer,NULL,NULL,NULL,F,NULL,00:00.0,00:00.0,83,C0885559 Meijer,F,2,F,NULL,1426766,F,F,NULL,F,F,F,en_US,01:07.0,NULL,00:00.0,00:00.0,128,NULL,NULL,NULL,NULL,NULL,F,25324.88,NULL,NULL,NULL,NULL,NULL,F,1,-10,NULL,NULL,NULL,NULL,1867705,NULL,Customer,F,nonups,NULL,NULL,F,NULL,6,NULL,NULL,NULL,NULL,NULL,NULL,1426766,214752.7,T,NULL,38-1274536,21
NULL,CONSUMER,NULL,Marketing - Bars Sold,NULL,0,NULL,NULL,NULL,NULL,1,Use for Promotional Programs where product is expected to be sold.,Marketing - Bars Sold,0,0,0,0,0,NULL,NULL,NULL,AUTO,NULL,6,1,F,F,F,NULL,NULL,NULL,NULL,NULL,NULL,NULL,NULL,F,F,NULL,NULL,NULL,F,C1031828 Marketing - Bars Sold,F,NULL,NULL,F,F,F,NULL,229,F,NULL,F,NULL,NULL,NULL,NULL,NULL,NULL,NULL,NULL,NULL,NULL,NULL,F,NULL,NULL,NULL,NULL,NULL,NULL,NULL,F,NULL,T,F,F,35,F,F,NULL,1,NULL,F,F,F,NULL,NULL,F,F,F,F,F,F,NULL,NULL,F,F,F,F,NULL,54:59.0,NULL,54:59.0,NULL,NULL,NULL,0,NULL,NULL,5089538,NULL,5089538,0,F,NULL,PDF,F,NULL,C1031828,1031828,13,C1031828 Marketing - Bars Sold,NULL,NULL,NULL,F,NULL,NULL,NULL,NULL,C1031828 Marketing - Bars Sold,F,2,F,NULL,2822439,F,F,NULL,F,F,F,en_US,24:08.0,NULL,NULL,NULL,NULL,NULL,NULL,NULL,NULL,NULL,F,0,NULL,(385) 287-8434,NULL,NULL,NULL,F,1,-10,NULL,NULL,NULL,NULL,773625,NULL,Customer,F,nonups,NULL,NULL,F,NULL,2,NULL,NULL,NULL,NULL,NULL,NULL,2822439,0,T,NULL,NULL,21
NULL,CONSUMER,NULL,Marianas Roots Intl. LLC DBA KNC International,(671) 479-5614,0,NULL,NULL,NULL,NULL,1,NULL,Marianas Roots Intl. LLC DBA KNC International,0,0,0,0,0,NULL,NULL,NULL,AUTO,NULL,5,1,F,F,F,NULL,NULL,NULL,NULL,NULL,NULL,NULL,NULL,F,F,NULL,NULL,NULL,F,C0782541 Marianas Roots Intl. LLC DBA KNC International,F,NULL,NULL,T,F,F,NULL,228,F,NULL,F,NULL,NULL,NULL,NULL,NULL,NULL,NULL,NULL,NULL,NULL,NULL,F,NULL,NULL,NULL,NULL,NULL,NULL,NULL,F,NULL,F,F,F,NULL,F,F,NULL,NULL,NULL,F,F,F,NULL,NULL,F,F,F,F,F,F,NULL,NULL,F,F,F,F,NULL,17:17.0,NULL,17:17.0,NULL,NULL,NULL,0,NULL,NULL,284792,NULL,284792,0,F,bizdevelopment@pariguam.com,PDF,F,NULL,C0782541,782541,13,C0782541 Marianas Roots Intl. LLC DBA KNC International,NULL,NULL,NULL,F,NULL,NULL,NULL,NULL,C0782541 Marianas Roots Intl. LLC DBA KNC International,F,2,F,NULL,856417,F,F,NULL,T,F,F,en_US,49:20.0,NULL,NULL,NULL,NULL,NULL,NULL,NULL,NULL,NULL,F,0,NULL,(671) 688-7026,NULL,2,NULL,F,1,-10,NULL,NULL,NULL,NULL,774809,NULL,Customer,F,nonups,NULL,NULL,F,-8,2,NULL,NULL,NULL,NULL,NULL,NULL,856417,0,T,NULL,NULL,21
NULL,CONSUMER,NULL,Market Basket (Demoulas Super markets Inc),NULL,76285.44,NULL,NULL,NULL,NULL,1,NULL,Market Basket (Demoulas Super markets Inc),76285.44,0,0,0,55728,NULL,NULL,NULL,AUTO,NULL,8,1,F,F,F,NULL,NULL,NULL,NULL,NULL,NULL,NULL,NULL,F,F,NULL,NULL,NULL,F,C1361485 Market Basket (Demoulas Super markets Inc),F,NULL,NULL,T,F,F,NULL,230,F,NULL,F,NULL,NULL,NULL,NULL,NULL,NULL,NULL,NULL,NULL,NULL,NULL,F,NULL,NULL,NULL,NULL,NULL,NULL,NULL,F,NULL,F,F,F,35,F,F,NULL,2,NULL,F,F,F,NULL,NULL,F,F,F,F,F,F,NULL,NULL,F,F,F,T,NULL,21:31.0,NULL,21:31.0,NULL,NULL,NULL,0,NULL,NULL,9286298,NULL,NULL,0,F,lcorkum@demoulasmarketbasket.com,DEFAULT,T,NULL,C1361485,1361485,13,C1361485 Market Basket (Demoulas Super markets Inc),NULL,NULL,NULL,F,NULL,00:00.0,00:00.0,106,C1361485 Market Basket (Demoulas Super markets Inc),F,2,F,NULL,5811802,F,F,NULL,F,F,F,en_US,49:41.0,NULL,00:00.0,00:00.0,128,NULL,NULL,NULL,NULL,NULL,F,0,NULL,(978) 640-8394,NULL,NULL,NULL,F,1,-10,NULL,NULL,NULL,NULL,1867706,NULL,Customer,F,nonups,NULL,NULL,F,NULL,2,NULL,NULL,NULL,NULL,NULL,NULL,5811802,55728,T,NULL,NULL,21
NULL,CONSUMER,NULL,Pennsouth Distributing,NULL,0,NULL,NULL,NULL,NULL,1,NULL,Pennsouth Distributing,0,0,0,0,10964.16,NULL,NULL,NULL,AUTO,NULL,10,1,F,F,F,NULL,NULL,NULL,NULL,NULL,NULL,NULL,NULL,F,F,NULL,NULL,NULL,F,C0761168 Pennsouth Distributing,F,NULL,NULL,T,F,F,NULL,233,F,NULL,F,NULL,NULL,NULL,NULL,NULL,NULL,NULL,NULL,NULL,NULL,NULL,F,NULL,NULL,NULL,NULL,NULL,NULL,NULL,F,NULL,F,F,F,NULL,F,F,NULL,2,NULL,F,F,F,NULL,NULL,F,F,F,F,F,F,NULL,NULL,F,F,F,T,NULL,53:44.0,NULL,53:44.0,NULL,NULL,NULL,0,NULL,NULL,12404250,NULL,14363,0,F,pbbatch@hotmail.com,PDF,T,NULL,C0761168,761168,13,C0761168 Pennsouth Distributing,NULL,NULL,NULL,F,NULL,00:00.0,00:00.0,56,C0761168 Pennsouth Distributing,F,2,F,NULL,773780,F,F,NULL,F,F,F,en_US,53:41.0,NULL,00:00.0,00:00.0,127,NULL,NULL,NULL,NULL,NULL,F,0,NULL,NULL,NULL,NULL,NULL,F,1,-10,NULL,NULL,NULL,NULL,1867705,NULL,Customer,F,nonups,NULL,NULL,F,NULL,2,NULL,NULL,NULL,NULL,NULL,NULL,773780,10964.16,T,NULL,NULL,21
NULL,CONSUMER,NULL,Sheehan Majestic,NULL,0,NULL,NULL,NULL,NULL,1,NULL,Sheehan Majestic,0,0,0,0,0,NULL,NULL,NULL,AUTO,NULL,10,1,F,F,F,NULL,NULL,NULL,NULL,NULL,NULL,NULL,NULL,T,F,NULL,NULL,NULL,F,C0761175 Sheehan Majestic,F,NULL,NULL,T,F,F,NULL,233,T,NULL,F,NULL,NULL,NULL,NULL,NULL,NULL,NULL,NULL,NULL,NULL,NULL,F,NULL,NULL,NULL,NULL,NULL,NULL,NULL,F,NULL,F,T,F,NULL,T,F,NULL,2,NULL,F,F,F,NULL,NULL,F,F,F,T,F,F,NULL,NULL,T,F,F,T,NULL,39:21.0,NULL,39:21.0,NULL,NULL,NULL,0,NULL,NULL,16431,NULL,16430,0,F,invoices@sheehanmajestic.com,PDF,F,NULL,C0761175,761175,13,C0761175 Sheehan Majestic,NULL,NULL,NULL,F,NULL,00:00.0,00:00.0,60,C0761175 Sheehan Majestic,F,2,F,NULL,773846,F,F,NULL,T,F,F,en_US,06:33.0,NULL,00:00.0,00:00.0,81,NULL,NULL,NULL,NULL,NULL,F,0,NULL,(801) 266-4453,NULL,NULL,NULL,F,1,-10,NULL,NULL,NULL,NULL,3628503,NULL,Customer,F,nonups,NULL,NULL,T,95735,2,NULL,NULL,NULL,NULL,NULL,NULL,773846,0,T,NULL,NULL,21
NULL,CONSUMER,NULL,"S. Abraham & Son's, Inc",NULL,22291.2,NULL,NULL,NULL,NULL,1,Email Jill or Mike for AR related questions,"S. Abraham & Son's, Inc",22291.2,0,0,0,95235.85,NULL,NULL,NULL,AUTO,NULL,7,1,F,F,F,NULL,NULL,NULL,NULL,NULL,NULL,NULL,NULL,F,F,NULL,NULL,NULL,F,"C0761501 S. Abraham & Son's, Inc",F,NULL,NULL,T,F,F,NULL,232,F,NULL,F,NULL,NULL,NULL,NULL,NULL,NULL,NULL,NULL,NULL,NULL,NULL,F,"jill.bunce@sasinc.com, mbraxmaier@shankmanandassociates.com",NULL,NULL,NULL,NULL,NULL,NULL,F,NULL,F,F,F,35,F,F,NULL,2,NULL,F,F,F,NULL,NULL,F,F,F,F,F,F,NULL,NULL,F,F,F,T,NULL,07:40.0,NULL,07:40.0,NULL,NULL,NULL,0,NULL,NULL,129106,NULL,129105,0,F,acct.payable@sasinc.com,PDF,T,NULL,C0761501,761501,13,"C0761501 S. Abraham & Son's, Inc",NULL,NULL,NULL,F,NULL,00:00.0,00:00.0,73,"C0761501 S. Abraham & Son's, Inc",F,2,F,NULL,777163,F,F,NULL,F,F,F,en_US,08:03.0,NULL,00:00.0,00:00.0,128,NULL,NULL,NULL,NULL,NULL,F,0,NULL,(616) 453-6358 ext 6542,NULL,2,NULL,F,1,-10,NULL,NULL,NULL,NULL,1867705,NULL,Customer,F,nonups,NULL,NULL,F,NULL,6,NULL,NULL,NULL,NULL,NULL,NULL,777163,95235.85,T,NULL,F38-1743581,21
NULL,CONSUMER,NULL,Winco,NULL,558040.32,NULL,NULL,NULL,NULL,1,For Remittance info email dccheckstatus@wincofoods.com,Winco,558040.32,0,0,0,93346.56,NULL,NULL,NULL,AUTO,NULL,8,1,F,F,F,NULL,NULL,NULL,NULL,NULL,NULL,NULL,NULL,F,T,NULL,NULL,NULL,F,C0761178 Winco,F,NULL,NULL,T,F,F,NULL,230,F,NULL,F,NULL,NULL,NULL,NULL,NULL,NULL,NULL,NULL,NULL,NULL,NULL,F,dccheckstatus@wincofoods.com,NULL,NULL,NULL,NULL,NULL,NULL,T,NULL,F,T,F,35,F,F,NULL,2,NULL,F,F,F,NULL,NULL,F,F,F,T,F,F,NULL,NULL,T,F,F,T,NULL,12:26.0,NULL,12:26.0,NULL,NULL,NULL,0,NULL,NULL,8199021,NULL,NULL,0,F,dcap@wincofoods.com,PDF,F,NULL,C0761178,761178,13,C0761178 Winco,NULL,NULL,NULL,F,NULL,00:00.0,00:00.0,62,C0761178 Winco,F,2,F,NULL,774062,F,F,NULL,F,F,F,en_US,03:13.0,NULL,00:00.0,00:00.0,128,NULL,NULL,NULL,NULL,NULL,F,0,NULL,(877) 423-2443,NULL,2,NULL,F,1,-10,NULL,NULL,NULL,NULL,11281193,NULL,Customer,F,nonups,NULL,NULL,F,NULL,2,NULL,NULL,NULL,NULL,NULL,NULL,774062,93346.56,T,NULL,NULL,21
NULL,CONSUMER,NULL,Al's Sporting Goods,NULL,3265.92,NULL,NULL,NULL,NULL,1,This customer will pick up unless otherwise noted,Al's Sporting Goods,3265.92,0,0,0,0,NULL,NULL,NULL,AUTO,NULL,7,1,F,F,F,NULL,NULL,NULL,NULL,NULL,NULL,NULL,NULL,F,T,4APALLBUILTBRAN,NULL,NULL,F,C0762140 Al's Sporting Goods,F,NULL,NULL,T,F,T,NULL,232,F,NULL,F,NULL,NULL,NULL,NULL,NULL,NULL,NULL,NULL,NULL,NULL,NULL,F,rachel.orme@als.com,NULL,NULL,NULL,NULL,NULL,NULL,T,NULL,F,T,F,35,F,F,NULL,2,NULL,F,F,F,NULL,NULL,F,F,F,T,F,F,NULL,NULL,T,F,F,T,NULL,46:57.0,NULL,46:56.0,NULL,NULL,NULL,0,NULL,NULL,24331904,NULL,26938713,0,F,ap@als.com,PDF,F,NULL,C0762140,762140,13,C0762140 Al's Sporting Goods,NULL,NULL,NULL,F,NULL,00:00.0,00:00.0,75,C0762140 Al's Sporting Goods,F,2,F,NULL,779093,F,F,NULL,F,F,F,en_US,25:42.0,NULL,00:00.0,00:00.0,131,NULL,NULL,NULL,NULL,NULL,F,0,NULL,(435) 752-5151,NULL,2,NULL,F,1,-10,NULL,NULL,NULL,NULL,12826022,NULL,Customer,F,nonups,NULL,NULL,F,NULL,2,NULL,NULL,NULL,NULL,NULL,NULL,779093,0,T,NULL,11891597-002-STC,21
NULL,CONSUMER,NULL,Western Recreations Industries,NULL,0,NULL,NULL,NULL,NULL,1,NULL,Western Recreations Industries,0,0,0,0,0,NULL,NULL,NULL,AUTO,NULL,7,1,F,F,F,NULL,NULL,NULL,NULL,NULL,NULL,NULL,NULL,F,F,NULL,NULL,NULL,F,C0771595 Western Recreations Industries,F,NULL,NULL,T,F,F,NULL,232,F,NULL,F,NULL,NULL,NULL,NULL,NULL,NULL,NULL,NULL,NULL,NULL,NULL,F,NULL,NULL,NULL,NULL,NULL,NULL,NULL,F,NULL,F,F,F,NULL,F,F,NULL,2,NULL,F,F,F,NULL,NULL,F,F,F,F,F,F,NULL,NULL,F,F,F,T,NULL,33:37.0,NULL,33:37.0,NULL,NULL,NULL,0,NULL,NULL,190258,NULL,190258,0,F,stan@wribiz.net,PDF,F,NULL,C0771595,771595,13,C0771595 Western Recreations Industries,NULL,NULL,NULL,F,NULL,00:00.0,00:00.0,75,C0771595 Western Recreations Industries,F,2,F,NULL,809200,F,F,NULL,T,F,F,en_US,02:08.0,NULL,00:00.0,00:00.0,77,NULL,NULL,NULL,NULL,NULL,F,0,NULL,1 (800) 525-1181,NULL,NULL,NULL,F,1,-10,NULL,NULL,NULL,NULL,1867705,NULL,Customer,F,nonups,NULL,NULL,T,95735,2,NULL,NULL,NULL,NULL,NULL,NULL,809200,0,T,NULL,84-0564402,21
NULL,CONSUMER,NULL,SportLife Distribtion,NULL,83963.52,NULL,NULL,NULL,NULL,1,Erin@sportlifedistribution.com is the AP Contact,SportLife Distribtion,83963.52,54,0,42105.6,22043.52,NULL,NULL,NULL,AUTO,NULL,7,1,F,F,F,NULL,NULL,NULL,NULL,NULL,NULL,NULL,NULL,F,F,NULL,NULL,NULL,F,C1361540 SportLife Distribtion,F,NULL,NULL,T,F,F,NULL,232,F,NULL,F,NULL,NULL,NULL,NULL,NULL,NULL,NULL,NULL,NULL,NULL,NULL,F,Erin@sportlifedistribution.com,NULL,NULL,NULL,NULL,NULL,NULL,F,NULL,T,F,F,NULL,F,F,NULL,2,NULL,F,F,F,NULL,NULL,F,F,F,F,F,F,NULL,NULL,F,F,F,T,NULL,41:09.0,NULL,41:09.0,NULL,NULL,NULL,54,NULL,NULL,9842173,NULL,14487741,0,F,invoices@sportlifedistribution.com,DEFAULT,T,NULL,C1361540,1361540,13,C1361540 SportLife Distribtion,NULL,NULL,NULL,F,NULL,00:00.0,00:00.0,103,C1361540 SportLife Distribtion,F,2,F,NULL,5812203,F,F,NULL,F,F,F,en_US,56:40.0,NULL,00:00.0,00:00.0,128,NULL,NULL,NULL,NULL,NULL,F,21795.84,NULL,(954) 901-1045,NULL,NULL,NULL,F,1,-10,NULL,NULL,NULL,NULL,1867705,NULL,Customer,F,nonups,NULL,NULL,F,NULL,2,NULL,NULL,NULL,NULL,NULL,NULL,5812203,22043.52,T,NULL,47-4917092,21
NULL,CONSUMER,NULL,"Core-Mark International, Inc. : Core-Mark Las Vegas",NULL,0,NULL,NULL,NULL,NULL,1,NULL,Core-Mark Las Vegas,343158.4,32,0,26342.4,-206371200,NULL,NULL,NULL,AUTO,NULL,10,1,F,F,F,NULL,NULL,NULL,NULL,NULL,NULL,NULL,NULL,F,F,NULL,NULL,NULL,F,C0761198 Core-Mark Las Vegas,F,NULL,NULL,T,F,F,NULL,233,F,NULL,F,NULL,NULL,NULL,NULL,NULL,NULL,NULL,NULL,NULL,NULL,NULL,F,NULL,NULL,NULL,NULL,NULL,NULL,NULL,F,NULL,F,T,F,35,T,F,NULL,2,NULL,F,F,F,NULL,NULL,F,F,F,T,F,F,NULL,NULL,T,F,F,T,NULL,41:14.0,NULL,41:14.0,NULL,NULL,NULL,0,NULL,NULL,72721,NULL,72720,0,T,invoices.USA@pfgc.com,PDF,T,NULL,C0761198,761198,13,C0761198 Core-Mark Las Vegas,NULL,NULL,NULL,F,NULL,00:00.0,00:00.0,72,"C0761137 Core-Mark International, Inc. : C0761198 Core-Mark Las Vegas",F,2,F,NULL,774767,F,F,NULL,F,F,F,en_US,50:15.0,NULL,00:00.0,00:00.0,111,NULL,NULL,NULL,NULL,NULL,F,0,772895,NULL,NULL,2,NULL,F,1,-10,NULL,NULL,NULL,NULL,3628503,NULL,Customer,F,nonups,NULL,NULL,F,NULL,6,NULL,NULL,NULL,NULL,NULL,NULL,772895,0,T,NULL,742354997,21
NULL,CONSUMER,NULL,Cohen Foods,(618) 452-3156,30111.84,NULL,NULL,NULL,NULL,1,sarah@cohen-foods.com,Cohen Foods,30111.84,6,0,5949.6,4735.68,NULL,NULL,NULL,AUTO,NULL,10,1,F,F,F,NULL,NULL,NULL,NULL,NULL,NULL,NULL,NULL,F,F,NULL,NULL,NULL,F,C1138863 Cohen Foods,F,NULL,NULL,T,F,F,NULL,233,F,NULL,F,NULL,NULL,NULL,NULL,NULL,NULL,NULL,NULL,NULL,NULL,NULL,F,NULL,NULL,NULL,NULL,NULL,NULL,NULL,F,NULL,F,F,F,35,F,F,NULL,2,NULL,F,F,F,NULL,NULL,F,F,F,F,F,F,NULL,NULL,F,F,F,T,NULL,04:55.0,NULL,04:55.0,NULL,NULL,NULL,6,NULL,NULL,5731332,NULL,5731332,0,F,invoices@cohen-foods.com,PDF,T,NULL,C1138863,1138863,13,C1138863 Cohen Foods,NULL,NULL,NULL,F,NULL,00:00.0,00:00.0,95,C1138863 Cohen Foods,F,2,F,NULL,3692807,F,F,NULL,F,F,F,en_US,10:44.0,NULL,00:00.0,00:00.0,131,NULL,NULL,NULL,NULL,NULL,F,5949.6,NULL,(314) 436-6677,NULL,NULL,NULL,F,1,-10,NULL,NULL,NULL,NULL,3628503,NULL,Customer,F,nonups,NULL,NULL,F,NULL,2,NULL,NULL,NULL,NULL,NULL,NULL,3692807,4735.68,T,NULL,3991-4925,21
NULL,CONSUMER,NULL,Great Lakes Outdoor Supply,NULL,0,NULL,NULL,NULL,NULL,1,NULL,Great Lakes Outdoor Supply,0,0,0,0,0,NULL,NULL,NULL,AUTO,NULL,7,1,F,F,F,NULL,NULL,NULL,NULL,NULL,NULL,NULL,NULL,F,F,NULL,NULL,NULL,F,C0771627 Great Lakes Outdoor Supply,F,NULL,NULL,T,F,F,NULL,232,F,NULL,F,NULL,NULL,NULL,NULL,NULL,NULL,NULL,NULL,NULL,NULL,NULL,F,NULL,NULL,NULL,NULL,NULL,NULL,NULL,F,NULL,F,F,F,NULL,F,F,NULL,NULL,NULL,F,F,F,NULL,NULL,F,F,F,F,F,F,NULL,NULL,F,F,F,T,NULL,42:25.0,NULL,42:25.0,NULL,NULL,NULL,0,NULL,NULL,190462,NULL,190462,0,F,katie@dandrsports.com,PDF,T,NULL,C0771627,771627,13,C0771627 Great Lakes Outdoor Supply,NULL,NULL,NULL,F,NULL,NULL,NULL,NULL,C0771627 Great Lakes Outdoor Supply,F,2,F,NULL,809304,F,F,NULL,F,F,F,en_US,46:29.0,NULL,NULL,NULL,NULL,NULL,NULL,NULL,NULL,NULL,F,0,NULL,(440) 632-9151,NULL,NULL,NULL,F,1,-10,NULL,NULL,NULL,NULL,1867705,NULL,Customer,F,nonups,NULL,NULL,F,NULL,2,NULL,NULL,NULL,NULL,NULL,NULL,809304,0,T,NULL,34-1945593,21
NULL,CONSUMER,NULL,"Core-Mark International, Inc. : Core-Mark International Inc - Salt Lake City",NULL,0,NULL,NULL,NULL,NULL,1,NULL,Core-Mark International Inc - Salt Lake City,343158.4,32,0,26342.4,-206371200,NULL,NULL,NULL,AUTO,NULL,10,1,F,F,F,NULL,NULL,NULL,NULL,NULL,NULL,NULL,NULL,F,F,NULL,NULL,NULL,F,C0761204 Core-Mark International Inc - Salt Lake City,F,NULL,NULL,T,F,F,NULL,233,T,NULL,F,NULL,NULL,NULL,NULL,NULL,NULL,NULL,NULL,NULL,NULL,NULL,F,NULL,NULL,NULL,NULL,NULL,NULL,NULL,F,NULL,F,F,F,35,T,F,NULL,2,NULL,F,F,F,NULL,NULL,F,F,F,T,F,F,NULL,NULL,T,F,F,T,NULL,52:22.0,NULL,52:22.0,NULL,NULL,NULL,0,NULL,NULL,100812,NULL,100812,0,T,invoices.USA@pfgc.com,PDF,T,NULL,C0761204,761204,13,C0761204 Core-Mark International Inc - Salt Lake City,NULL,NULL,NULL,F,NULL,00:00.0,00:00.0,89,"C0761137 Core-Mark International, Inc. : C0761204 Core-Mark International Inc - Salt Lake City",F,2,F,NULL,774823,F,F,NULL,F,F,F,en_US,49:15.0,NULL,00:00.0,00:00.0,89,NULL,NULL,NULL,NULL,NULL,F,0,772895,NULL,NULL,NULL,NULL,F,1,-10,NULL,NULL,NULL,NULL,3628503,NULL,Customer,F,nonups,NULL,NULL,F,NULL,6,NULL,NULL,NULL,NULL,NULL,NULL,772895,0,T,NULL,742354997,21
NULL,CONSUMER,NULL,Carmi Wholesale,NULL,0,NULL,NULL,NULL,NULL,1,NULL,Carmi Wholesale,0,0,0,0,0,NULL,NULL,NULL,AUTO,NULL,10,1,F,F,F,NULL,NULL,NULL,NULL,NULL,NULL,NULL,NULL,F,F,NULL,NULL,NULL,F,C0761170 Carmi Wholesale,F,NULL,NULL,T,F,F,NULL,233,F,NULL,F,NULL,NULL,NULL,NULL,NULL,NULL,NULL,NULL,NULL,NULL,NULL,F,NULL,NULL,NULL,NULL,NULL,NULL,NULL,F,NULL,F,F,F,NULL,F,F,NULL,2,NULL,F,F,F,NULL,NULL,F,F,F,F,F,F,NULL,NULL,F,F,F,T,NULL,29:16.0,NULL,29:16.0,NULL,NULL,NULL,0,NULL,NULL,NULL,NULL,15155,0,F,rbachman@hucks.com,PDF,F,NULL,C0761170,761170,13,C0761170 Carmi Wholesale,NULL,NULL,NULL,F,NULL,00:00.0,00:00.0,58,C0761170 Carmi Wholesale,F,2,F,NULL,773808,F,F,NULL,T,F,F,en_US,38:12.0,NULL,00:00.0,00:00.0,79,NULL,NULL,NULL,NULL,NULL,F,0,NULL,NULL,NULL,NULL,NULL,F,1,-10,NULL,NULL,NULL,NULL,1867705,NULL,Customer,F,nonups,NULL,NULL,T,95735,2,NULL,NULL,NULL,NULL,NULL,NULL,773808,0,T,NULL,NULL,21
NULL,CONSUMER,NULL,"Schnuck Markets, Inc.",NULL,0,NULL,NULL,NULL,NULL,1,NULL,"Schnuck Markets, Inc.",0,0,0,0,0,NULL,NULL,NULL,AUTO,NULL,8,1,F,F,F,NULL,NULL,NULL,NULL,NULL,NULL,NULL,NULL,F,T,NULL,NULL,NULL,F,"C0761164 Schnuck Markets, Inc.",F,NULL,NULL,T,F,F,NULL,230,F,NULL,F,NULL,NULL,NULL,NULL,NULL,NULL,NULL,NULL,NULL,NULL,NULL,F,NULL,NULL,NULL,NULL,NULL,NULL,NULL,T,NULL,F,T,F,35,F,F,NULL,2,NULL,F,F,F,NULL,NULL,F,F,F,T,F,F,NULL,NULL,T,F,F,T,NULL,27:37.0,NULL,27:37.0,NULL,NULL,NULL,0,NULL,NULL,14292,NULL,NULL,0,F,accountspayable@schnucks.com,PDF,F,NULL,C0761164,761164,13,"C0761164 Schnuck Markets, Inc.",NULL,NULL,NULL,F,NULL,00:00.0,00:00.0,51,"C0761164 Schnuck Markets, Inc.",F,2,F,NULL,773602,F,F,NULL,F,F,F,en_US,55:18.0,NULL,00:00.0,00:00.0,106,NULL,NULL,NULL,NULL,NULL,F,0,NULL,NULL,NULL,NULL,NULL,F,1,-10,NULL,NULL,NULL,NULL,3628503,NULL,Customer,F,nonups,NULL,NULL,F,NULL,2,NULL,NULL,NULL,NULL,NULL,NULL,773602,0,T,NULL,NULL,21
NULL,CONSUMER,NULL,Powers Candy,NULL,0,NULL,NULL,NULL,NULL,1,NULL,Powers Candy,0,0,0,0,0,NULL,NULL,NULL,AUTO,NULL,10,1,F,F,F,NULL,NULL,NULL,NULL,NULL,NULL,NULL,NULL,T,F,NULL,NULL,NULL,F,C0761189 Powers Candy,F,NULL,NULL,T,F,F,NULL,233,F,NULL,F,NULL,NULL,NULL,NULL,NULL,NULL,NULL,NULL,NULL,NULL,NULL,F,NULL,NULL,NULL,NULL,NULL,NULL,NULL,F,NULL,F,T,F,NULL,T,F,NULL,NULL,NULL,F,F,F,NULL,NULL,F,F,F,T,F,F,NULL,NULL,T,F,F,T,NULL,35:25.0,NULL,35:25.0,NULL,NULL,NULL,0,NULL,NULL,NULL,NULL,NULL,0,F,jpowers@powerscandyco.com,PDF,F,NULL,C0761189,761189,13,C0761189 Powers Candy,NULL,NULL,NULL,F,NULL,NULL,NULL,NULL,C0761189 Powers Candy,F,2,F,NULL,774696,F,F,NULL,F,F,F,en_US,54:43.0,NULL,NULL,NULL,NULL,NULL,NULL,NULL,NULL,NULL,F,0,NULL,NULL,NULL,NULL,NULL,F,1,-10,NULL,NULL,NULL,NULL,3628503,NULL,Customer,F,nonups,NULL,NULL,F,NULL,NULL,NULL,NULL,NULL,NULL,NULL,NULL,774696,0,T,NULL,NULL,21
NULL,CONSUMER,NULL,General Nutrition Corp Franchise,NULL,0,NULL,NULL,NULL,NULL,1,accountspayable@gnc-hq.com,General Nutrition Corp Franchise,0,0,0,0,0,NULL,NULL,NULL,AUTO,NULL,7,1,F,F,F,NULL,NULL,NULL,NULL,NULL,NULL,NULL,NULL,F,F,NULL,NULL,NULL,F,C0761220 General Nutrition Corp Franchise,F,NULL,NULL,T,F,F,NULL,232,F,NULL,F,NULL,NULL,NULL,NULL,NULL,NULL,NULL,NULL,NULL,NULL,NULL,F,NULL,NULL,NULL,NULL,NULL,NULL,NULL,F,NULL,F,F,F,NULL,F,F,NULL,2,NULL,F,F,F,NULL,NULL,F,F,F,F,F,F,NULL,NULL,F,F,F,T,NULL,22:08.0,NULL,22:07.0,NULL,NULL,NULL,0,NULL,NULL,113629,NULL,113629,0,F,Edward-Michalski@gnc-hq.com,PDF,T,NULL,C0761220,761220,13,C0761220 General Nutrition Corp Franchise,NULL,NULL,NULL,F,NULL,00:00.0,00:00.0,73,C0761220 General Nutrition Corp Franchise,F,2,T,NULL,775842,F,F,NULL,F,F,F,en_US,22:55.0,NULL,00:00.0,00:00.0,81,NULL,NULL,NULL,NULL,NULL,F,0,NULL,NULL,NULL,NULL,NULL,F,1,-10,NULL,NULL,NULL,NULL,774810,NULL,Customer,F,nonups,NULL,NULL,F,NULL,17,NULL,NULL,NULL,NULL,NULL,NULL,775842,0,T,NULL,NULL,21
NULL,CONSUMER,NULL,Kroger,NULL,0,NULL,NULL,NULL,NULL,1,NULL,Kroger,0,0,0,0,0,NULL,NULL,NULL,AUTO,NULL,10,1,F,F,F,NULL,NULL,NULL,NULL,NULL,NULL,NULL,NULL,T,F,NULL,NULL,NULL,F,C0761194 Kroger,F,NULL,NULL,F,F,F,NULL,233,F,NULL,F,NULL,NULL,NULL,NULL,NULL,NULL,NULL,NULL,NULL,NULL,NULL,F,NULL,NULL,NULL,NULL,NULL,NULL,NULL,F,NULL,F,F,F,NULL,F,F,NULL,NULL,NULL,F,F,F,NULL,NULL,F,F,F,F,F,F,NULL,NULL,F,F,F,T,NULL,49:57.0,NULL,49:57.0,NULL,NULL,NULL,0,NULL,NULL,NULL,NULL,NULL,0,F,NULL,PDF,F,NULL,C0761194,761194,13,C0761194 Kroger,NULL,NULL,NULL,F,NULL,NULL,NULL,NULL,C0761194 Kroger,F,2,F,NULL,774716,F,F,NULL,T,F,F,en_US,08:19.0,NULL,NULL,NULL,NULL,NULL,NULL,NULL,NULL,NULL,F,0,NULL,NULL,NULL,NULL,NULL,F,1,-10,NULL,NULL,NULL,NULL,774810,NULL,Customer,F,nonups,NULL,NULL,F,-8,NULL,NULL,NULL,NULL,NULL,NULL,NULL,774716,0,T,NULL,NULL,21
NULL,CONSUMER,NULL,McLane Grocer,NULL,1737656,NULL,NULL,NULL,NULL,1,Send post audit requests to mcaudit@mclaneco.com,McLane Grocer,1737656,15,0,398.4,5748612.24,NULL,NULL,NULL,AUTO,NULL,10,1,F,F,F,NULL,NULL,NULL,NULL,NULL,NULL,NULL,NULL,F,T,614ALLBUILTBRAN,52024,NULL,F,C0761185 McLane Grocer,F,NULL,NULL,F,T,F,NULL,233,F,NULL,F,NULL,NULL,NULL,NULL,NULL,NULL,NULL,NULL,NULL,NULL,NULL,F,NULL,NULL,NULL,NULL,NULL,NULL,NULL,T,NULL,F,T,F,35,F,F,NULL,2,NULL,F,F,F,NULL,NULL,F,F,F,T,F,F,NULL,NULL,T,F,F,T,NULL,52:21.0,NULL,52:21.0,NULL,NULL,NULL,15,NULL,NULL,44251,NULL,NULL,0,F,Gerard.Youell@mclaneco.com,PDF,F,NULL,C0761185,761185,13,C0761185 McLane Grocer,NULL,NULL,NULL,F,NULL,00:00.0,00:00.0,67,C0761185 McLane Grocer,F,2,F,NULL,774692,F,F,NULL,F,F,F,en_US,07:04.0,NULL,00:00.0,00:00.0,128,NULL,NULL,NULL,NULL,NULL,F,398.4,NULL,NULL,NULL,NULL,NULL,F,1,-10,NULL,NULL,NULL,NULL,1867705,NULL,Customer,F,nonups,NULL,NULL,F,NULL,20,NULL,NULL,NULL,NULL,NULL,NULL,774692,5748612.24,T,NULL,NULL,21
NULL,CONSUMER,NULL,"Core-Mark International, Inc. : CORE-MARK MIDCONTINENT, INC. DBA FARNER-BOCKEN COMPANY",NULL,0,NULL,NULL,NULL,NULL,1,NULL,"CORE-MARK MIDCONTINENT, INC. DBA FARNER-BOCKEN COMPANY",343158.4,32,0,26342.4,-206371200,NULL,NULL,NULL,AUTO,NULL,10,1,F,F,F,NULL,NULL,NULL,NULL,NULL,NULL,NULL,NULL,F,F,NULL,NULL,NULL,F,"C0761186 CORE-MARK MIDCONTINENT, INC. DBA FARNER-BOCKEN COMPANY",F,NULL,NULL,T,F,F,NULL,233,F,NULL,F,NULL,NULL,NULL,NULL,NULL,NULL,NULL,NULL,NULL,NULL,NULL,F,NULL,NULL,NULL,NULL,NULL,NULL,NULL,F,NULL,F,F,F,35,F,F,NULL,2,NULL,F,F,F,NULL,NULL,F,F,F,F,F,F,NULL,NULL,F,F,F,T,NULL,57:06.0,NULL,57:06.0,NULL,NULL,NULL,0,NULL,NULL,26590,NULL,26591,0,F,retailstatementspu@prgx.com,PDF,T,NULL,C0761186,761186,13,"C0761186 CORE-MARK MIDCONTINENT, INC. DBA FARNER-BOCKEN COMPANY",NULL,NULL,NULL,F,NULL,00:00.0,00:00.0,66,"C0761137 Core-Mark International, Inc. : C0761186 CORE-MARK MIDCONTINENT, INC. DBA FARNER-BOCKEN COMPANY",F,2,F,NULL,774693,F,F,NULL,F,F,F,en_US,50:37.0,NULL,00:00.0,00:00.0,107,NULL,NULL,NULL,NULL,NULL,F,0,772895,NULL,NULL,NULL,NULL,F,1,-10,NULL,NULL,NULL,NULL,3628503,NULL,Customer,F,nonups,NULL,NULL,F,NULL,6,NULL,NULL,NULL,NULL,NULL,NULL,772895,0,T,NULL,742354997,21
NULL,CONSUMER,NULL,Granny B's,NULL,0,NULL,NULL,NULL,NULL,1,NULL,Granny B's,0,0,0,0,0,NULL,NULL,NULL,AUTO,NULL,NULL,1,F,F,F,NULL,NULL,NULL,NULL,NULL,NULL,NULL,NULL,F,F,NULL,NULL,NULL,F,C0761197 Granny B's,F,NULL,NULL,F,F,F,NULL,NULL,F,NULL,F,NULL,NULL,NULL,NULL,NULL,NULL,NULL,NULL,NULL,NULL,NULL,F,NULL,NULL,NULL,NULL,NULL,NULL,NULL,F,NULL,F,F,F,NULL,F,F,NULL,NULL,NULL,F,F,F,NULL,NULL,F,F,F,F,F,F,NULL,NULL,F,F,F,F,NULL,59:14.0,NULL,59:14.0,NULL,NULL,NULL,0,NULL,NULL,NULL,NULL,NULL,0,F,NULL,PDF,F,NULL,C0761197,761197,13,C0761197 Granny B's,NULL,NULL,NULL,F,NULL,NULL,00:00.0,67,C0761197 Granny B's,F,2,F,NULL,774746,F,F,NULL,T,F,F,en_US,05:53.0,NULL,NULL,00:00.0,67,NULL,NULL,NULL,NULL,NULL,F,0,NULL,NULL,NULL,NULL,NULL,F,1,-10,NULL,NULL,NULL,NULL,NULL,NULL,Customer,F,nonups,NULL,NULL,F,-8,NULL,NULL,NULL,NULL,NULL,NULL,NULL,774746,0,T,NULL,NULL,21
NULL,CONSUMER,NULL,United Natural Foods - Yrk.,NULL,0,NULL,NULL,NULL,NULL,1,NULL,United Natural Foods - Yrk.,0,0,0,0,0,NULL,NULL,NULL,AUTO,NULL,10,1,F,F,F,NULL,NULL,NULL,NULL,NULL,NULL,NULL,NULL,T,F,NULL,NULL,NULL,F,C0761182 United Natural Foods - Yrk.,F,NULL,NULL,F,F,F,NULL,233,F,NULL,F,NULL,NULL,NULL,NULL,NULL,NULL,NULL,NULL,NULL,NULL,NULL,F,NULL,NULL,NULL,NULL,NULL,NULL,NULL,F,NULL,F,F,F,NULL,F,F,NULL,NULL,NULL,F,F,F,NULL,NULL,F,F,F,F,F,F,NULL,NULL,F,F,F,T,NULL,36:18.0,NULL,36:18.0,NULL,NULL,NULL,0,NULL,NULL,22345,NULL,22345,0,F,NULL,PDF,F,NULL,C0761182,761182,13,C0761182 United Natural Foods - Yrk.,NULL,NULL,NULL,F,NULL,00:00.0,00:00.0,64,C0761182 United Natural Foods - Yrk.,F,2,F,NULL,774456,F,F,NULL,T,F,F,en_US,13:56.0,NULL,00:00.0,00:00.0,66,NULL,NULL,NULL,NULL,NULL,F,0,NULL,NULL,NULL,NULL,NULL,F,1,-10,NULL,NULL,NULL,NULL,774810,NULL,Customer,F,nonups,NULL,NULL,F,NULL,2,NULL,NULL,NULL,NULL,NULL,NULL,774456,0,T,NULL,NULL,21
NULL,CONSUMER,NULL,AW Marshall,NULL,0,NULL,NULL,NULL,NULL,1,NULL,AW Marshall,0,0,0,0,0,NULL,NULL,NULL,AUTO,NULL,10,1,F,F,F,NULL,NULL,NULL,NULL,NULL,NULL,NULL,NULL,T,F,NULL,NULL,NULL,F,C0761191 AW Marshall,F,NULL,NULL,T,F,F,NULL,233,F,NULL,F,NULL,NULL,NULL,NULL,NULL,NULL,NULL,NULL,NULL,NULL,NULL,F,NULL,NULL,NULL,NULL,NULL,NULL,NULL,F,NULL,F,T,F,NULL,T,F,NULL,NULL,NULL,F,F,F,NULL,NULL,F,F,F,T,F,F,NULL,NULL,T,F,F,T,NULL,40:07.0,NULL,40:07.0,NULL,NULL,NULL,0,NULL,NULL,NULL,NULL,NULL,0,F,deaton@xmission.com,PDF,F,NULL,C0761191,761191,13,C0761191 AW Marshall,NULL,NULL,NULL,F,NULL,NULL,NULL,NULL,C0761191 AW Marshall,F,2,F,NULL,774698,F,F,NULL,F,F,F,en_US,52:01.0,NULL,NULL,NULL,NULL,NULL,NULL,NULL,NULL,NULL,F,0,NULL,NULL,NULL,NULL,NULL,F,1,-10,NULL,NULL,NULL,NULL,3628503,NULL,Customer,F,nonups,NULL,NULL,F,NULL,NULL,NULL,NULL,NULL,NULL,NULL,NULL,774698,0,T,NULL,NULL,21
NULL,CONSUMER,NULL,"National Convenience Distributor's, Tri-State",NULL,0,NULL,NULL,NULL,NULL,1,NULL,"National Convenience Distributor's, Tri-State",0,0,0,0,76780.8,NULL,NULL,NULL,AUTO,NULL,10,1,F,F,F,NULL,NULL,NULL,NULL,NULL,NULL,NULL,NULL,F,F,NULL,NULL,NULL,F,"C0761500 National Convenience Distributor's, Tri-State",F,NULL,NULL,T,F,F,NULL,233,F,NULL,F,NULL,NULL,NULL,NULL,NULL,NULL,NULL,NULL,NULL,NULL,NULL,F,NULL,NULL,NULL,NULL,NULL,NULL,NULL,F,NULL,F,F,F,35,F,F,NULL,2,NULL,F,F,F,NULL,NULL,F,F,F,F,F,F,NULL,NULL,F,F,F,T,NULL,54:37.0,NULL,54:37.0,NULL,NULL,NULL,0,NULL,NULL,128704,NULL,128702,0,F,ap@thencd.com,PDF,T,NULL,C0761500,761500,13,"C0761500 National Convenience Distributor's, Tri-State",NULL,NULL,NULL,F,NULL,00:00.0,00:00.0,73,"C0761500 National Convenience Distributor's, Tri-State",F,2,F,NULL,777162,F,F,NULL,F,F,F,en_US,52:32.0,NULL,00:00.0,00:00.0,127,NULL,NULL,NULL,NULL,NULL,F,0,NULL,(631) 962-2400,NULL,NULL,NULL,F,1,-10,NULL,NULL,NULL,NULL,1867705,NULL,Customer,F,nonups,NULL,NULL,F,NULL,6,NULL,NULL,NULL,NULL,NULL,NULL,777162,76780.8,T,NULL,47-1128020,21
NULL,CONSUMER,NULL,Capitol Distributing,NULL,40867.2,NULL,NULL,NULL,NULL,1,NULL,Capitol Distributing,40867.2,0,0,0,45903.36,NULL,NULL,NULL,AUTO,NULL,10,1,F,F,F,NULL,NULL,NULL,NULL,NULL,NULL,NULL,NULL,F,F,NULL,NULL,NULL,F,C0761161 Capitol Distributing,F,NULL,NULL,T,F,F,NULL,233,F,NULL,F,NULL,NULL,NULL,NULL,NULL,NULL,NULL,NULL,NULL,NULL,NULL,F,APinvoicing@capitoldist.com,NULL,NULL,NULL,NULL,NULL,NULL,F,NULL,F,T,F,35,T,F,NULL,2,NULL,F,F,F,NULL,NULL,F,F,F,T,F,F,NULL,NULL,T,F,F,T,NULL,42:22.0,NULL,42:22.0,NULL,NULL,NULL,0,NULL,NULL,14340,NULL,13954,0,F,APinvoicing@capitoldist.com,PDF,T,NULL,C0761161,761161,13,C0761161 Capitol Distributing,NULL,NULL,NULL,F,NULL,00:00.0,00:00.0,49,C0761161 Capitol Distributing,F,2,F,NULL,773544,F,F,NULL,F,F,F,en_US,37:40.0,NULL,00:00.0,00:00.0,128,NULL,NULL,NULL,NULL,NULL,F,0,NULL,(801) 367-6905,NULL,NULL,NULL,F,1,-10,NULL,NULL,NULL,NULL,3628503,NULL,Customer,F,nonups,NULL,NULL,F,NULL,2,NULL,NULL,NULL,NULL,NULL,NULL,773544,45903.36,T,NULL,82-0377438,21
NULL,CONSUMER,NULL,Good Earth,NULL,0,NULL,NULL,NULL,NULL,1,NULL,Good Earth,0,0,0,0,0,NULL,NULL,NULL,AUTO,NULL,7,1,F,F,F,NULL,NULL,NULL,NULL,NULL,NULL,NULL,NULL,T,F,NULL,NULL,NULL,F,C0761158 Good Earth,F,NULL,NULL,T,F,F,NULL,232,F,NULL,F,NULL,NULL,NULL,NULL,NULL,NULL,NULL,NULL,NULL,NULL,NULL,F,NULL,NULL,NULL,NULL,NULL,NULL,NULL,F,NULL,F,F,F,35,F,F,NULL,1,NULL,F,F,F,NULL,NULL,F,F,F,F,F,F,NULL,NULL,F,F,F,T,NULL,38:20.0,NULL,38:19.0,NULL,NULL,NULL,0,NULL,NULL,NULL,NULL,13933,0,F,accountspayable@goodearthmarkets.com,PDF,T,NULL,C0761158,761158,13,C0761158 Good Earth,NULL,NULL,NULL,F,NULL,00:00.0,00:00.0,47,C0761158 Good Earth,F,2,F,NULL,773522,F,F,NULL,F,F,F,en_US,43:40.0,NULL,00:00.0,00:00.0,116,NULL,NULL,NULL,NULL,NULL,F,0,NULL,NULL,NULL,NULL,NULL,F,1,-10,NULL,NULL,NULL,NULL,7713508,NULL,Customer,F,nonups,NULL,NULL,F,NULL,2,NULL,NULL,NULL,NULL,NULL,NULL,773522,0,T,NULL,15265728-004-STC,21
NULL,CONSUMER,NULL,Crossroads Sales,NULL,0,NULL,NULL,NULL,NULL,1,NULL,Crossroads Sales,0,0,0,0,5398.56,NULL,NULL,NULL,AUTO,NULL,10,1,F,F,F,NULL,NULL,NULL,NULL,NULL,NULL,NULL,NULL,T,F,NULL,NULL,NULL,F,C0761156 Crossroads Sales,F,NULL,NULL,T,F,F,NULL,233,F,NULL,F,NULL,NULL,NULL,NULL,NULL,NULL,NULL,NULL,NULL,NULL,NULL,F,NULL,NULL,NULL,NULL,NULL,NULL,NULL,F,NULL,F,T,F,35,T,F,NULL,1,NULL,F,F,F,NULL,NULL,F,F,F,T,F,F,NULL,NULL,T,F,F,T,NULL,41:20.0,NULL,41:20.0,NULL,NULL,NULL,0,NULL,NULL,NULL,NULL,4032201,0,F,alexf@crossroadssales.com,PDF,T,NULL,C0761156,761156,13,C0761156 Crossroads Sales,NULL,NULL,NULL,F,NULL,00:00.0,00:00.0,47,C0761156 Crossroads Sales,F,2,F,NULL,773515,F,F,NULL,F,F,F,en_US,00:25.0,NULL,00:00.0,00:00.0,127,NULL,NULL,NULL,NULL,NULL,F,0,NULL,NULL,NULL,NULL,NULL,F,1,-10,NULL,NULL,NULL,NULL,3628503,NULL,Customer,F,nonups,NULL,NULL,F,NULL,2,NULL,NULL,NULL,NULL,NULL,NULL,773515,5398.56,T,NULL,11916639-002-STC,14
NULL,CONSUMER,NULL,UNFI,(877) 423-2443,0,NULL,NULL,NULL,NULL,1,For Invoice inquiries email unfinaturalresearch@unfi.com,UNFI,538217.91,71,0,192838.14,590821.87,NULL,NULL,NULL,AUTO,NULL,10,1,F,F,F,NULL,NULL,NULL,NULL,NULL,NULL,NULL,NULL,F,F,NULL,NULL,NULL,F,C0761150 UNFI,F,NULL,NULL,T,F,F,NULL,233,F,NULL,F,NULL,NULL,NULL,NULL,NULL,NULL,NULL,NULL,NULL,NULL,NULL,F,shannon.fuentes@unfi.com,NULL,NULL,NULL,NULL,NULL,NULL,F,NULL,F,F,F,NULL,F,F,NULL,NULL,NULL,F,F,F,NULL,NULL,F,F,F,F,F,F,NULL,NULL,F,F,F,T,NULL,34:39.0,NULL,34:39.0,NULL,NULL,NULL,0,NULL,NULL,13533,NULL,13532,0,T,unfiapinvoices@unfi.com,PDF,F,NULL,C0761150,761150,13,C0761150 UNFI,NULL,NULL,NULL,F,NULL,00:00.0,00:00.0,45,C0761150 UNFI,F,2,F,NULL,773128,F,F,NULL,F,F,F,en_US,11:12.0,NULL,00:00.0,00:00.0,112,NULL,NULL,NULL,NULL,NULL,T,0,NULL,(877) 423-2443,NULL,NULL,NULL,F,1,-10,NULL,NULL,NULL,NULL,1867706,NULL,Customer,F,nonups,NULL,NULL,F,NULL,6,NULL,NULL,NULL,NULL,NULL,NULL,773128,0,T,NULL,50376157,21
NULL,CONSUMER,NULL,"Core-Mark International, Inc. : Core-Mark International Albuquerque",NULL,0,NULL,NULL,NULL,NULL,1,NULL,Core-Mark International Albuquerque,343158.4,32,0,26342.4,-206371200,NULL,NULL,NULL,AUTO,NULL,10,1,F,F,F,NULL,NULL,NULL,NULL,NULL,NULL,NULL,NULL,F,F,NULL,NULL,NULL,F,C0761211 Core-Mark International Albuquerque,F,NULL,NULL,T,F,F,NULL,233,T,NULL,F,NULL,NULL,NULL,NULL,NULL,NULL,NULL,NULL,NULL,NULL,NULL,F,NULL,NULL,NULL,NULL,NULL,NULL,NULL,F,NULL,F,T,F,35,T,F,NULL,2,NULL,F,F,F,NULL,NULL,F,F,F,T,F,F,NULL,NULL,T,F,F,T,NULL,34:38.0,NULL,34:38.0,NULL,NULL,NULL,0,NULL,NULL,105218,NULL,105218,0,T,invoices.USA@pfgc.com,PDF,T,NULL,C0761211,761211,13,C0761211 Core-Mark International Albuquerque,NULL,NULL,NULL,F,NULL,00:00.0,00:00.0,79,"C0761137 Core-Mark International, Inc. : C0761211 Core-Mark International Albuquerque",F,2,F,NULL,775231,F,F,NULL,F,F,F,en_US,48:03.0,NULL,00:00.0,00:00.0,112,NULL,NULL,NULL,NULL,NULL,F,0,772895,NULL,NULL,NULL,NULL,F,1,-10,NULL,NULL,NULL,NULL,3628503,NULL,Customer,F,nonups,NULL,NULL,F,NULL,6,NULL,NULL,NULL,NULL,NULL,NULL,772895,0,T,NULL,742354997,21
NULL,CONSUMER,NULL,The H.T. Hackney Co.,(865) 717-6901,41362.56,NULL,NULL,NULL,NULL,1,Corrine.Godbey@hthackney.com  Tracey.Lovejoy@hthackney.com  Tracy.Fulks@hthackney.com,The H.T. Hackney Co.,41362.56,0,0,0,165120,NULL,NULL,NULL,AUTO,NULL,10,1,F,F,F,NULL,NULL,NULL,NULL,NULL,NULL,NULL,NULL,F,F,NULL,NULL,NULL,F,C0761199 The H.T. Hackney Co.,F,NULL,NULL,T,F,F,NULL,233,F,NULL,F,NULL,NULL,NULL,NULL,NULL,NULL,NULL,NULL,NULL,NULL,NULL,T,tina.hollar@hthackney.com,NULL,NULL,NULL,NULL,NULL,NULL,F,NULL,F,F,F,35,F,F,NULL,2,NULL,F,F,F,NULL,NULL,F,F,F,F,F,F,NULL,NULL,F,F,F,T,NULL,59:09.0,NULL,59:09.0,NULL,NULL,NULL,0,NULL,NULL,3191511,NULL,79138,0,F,GRD-accountspayable@hthackney.com,PDF,T,NULL,C0761199,761199,13,C0761199 The H.T. Hackney Co.,NULL,NULL,NULL,F,NULL,00:00.0,00:00.0,85,C0761199 The H.T. Hackney Co.,F,2,F,NULL,774787,F,F,NULL,F,F,F,en_US,15:52.0,NULL,00:00.0,00:00.0,128,NULL,NULL,NULL,NULL,NULL,F,0,NULL,(865) 717-6885,NULL,NULL,NULL,F,1,-10,NULL,NULL,NULL,NULL,1867705,NULL,Customer,F,nonups,NULL,NULL,F,NULL,2,NULL,NULL,NULL,NULL,NULL,NULL,774787,165120,T,NULL,62-0222535,21
NULL,CONSUMER,NULL,K&K Distributors,NULL,7004.16,NULL,NULL,NULL,NULL,1,NULL,K&K Distributors,7004.16,3,0,7004.16,7223.04,NULL,NULL,NULL,AUTO,NULL,10,1,F,F,F,NULL,NULL,NULL,NULL,NULL,NULL,NULL,NULL,F,F,NULL,NULL,NULL,F,C0761196 K&K Distributors,F,NULL,NULL,T,F,F,NULL,233,F,NULL,F,NULL,NULL,NULL,NULL,NULL,NULL,NULL,NULL,NULL,NULL,NULL,F,dandrade@kkdistributorshawaii.com,NULL,NULL,NULL,NULL,NULL,NULL,F,NULL,F,F,F,35,F,F,NULL,2,NULL,F,F,F,NULL,NULL,F,F,F,F,F,F,NULL,NULL,F,F,F,T,NULL,11:05.0,NULL,11:05.0,NULL,NULL,NULL,3,NULL,NULL,1000126,NULL,6022344,0,F,scapanas@kkdistributorshawaii.com,PDF,T,NULL,C0761196,761196,13,C0761196 K&K Distributors,NULL,NULL,NULL,F,NULL,00:00.0,00:00.0,67,C0761196 K&K Distributors,F,2,F,NULL,774742,F,F,NULL,F,F,F,en_US,03:53.0,NULL,00:00.0,00:00.0,127,NULL,NULL,NULL,NULL,NULL,F,7004.16,NULL,NULL,NULL,2,NULL,F,1,-10,NULL,NULL,NULL,NULL,11281193,NULL,Customer,F,nonups,NULL,NULL,F,NULL,2,NULL,NULL,NULL,NULL,NULL,NULL,774742,7223.04,T,NULL,NULL,21
NULL,CONSUMER,NULL,General Nutrition Corp,NULL,0,NULL,NULL,NULL,NULL,1,NULL,General Nutrition Corp,0,0,0,0,0,1146936,NULL,NULL,AUTO,NULL,7,1,F,F,F,NULL,NULL,NULL,NULL,NULL,NULL,NULL,NULL,F,T,CD3ALLBUILTBRA1,5811,NULL,F,C0761116 General Nutrition Corp,F,NULL,774728,F,T,T,NULL,232,F,NULL,F,NULL,NULL,NULL,NULL,NULL,NULL,NULL,NULL,NULL,NULL,NULL,F,NULL,NULL,NULL,NULL,NULL,NULL,NULL,T,NULL,F,T,F,35,F,F,NULL,2,NULL,F,F,F,NULL,NULL,F,F,F,T,F,F,NULL,NULL,T,F,F,T,NULL,54:39.0,NULL,54:39.0,NULL,NULL,NULL,0,NULL,NULL,13401,NULL,105220,0,F,accountspayable@gnc-hq.com,PDF,F,NULL,C0761116,761116,13,C0761116 General Nutrition Corp,NULL,NULL,NULL,F,NULL,00:00.0,00:00.0,30,C0761116 General Nutrition Corp,F,2,F,NULL,772708,F,F,NULL,F,F,F,en_US,56:16.0,NULL,00:00.0,00:00.0,101,NULL,NULL,NULL,NULL,NULL,F,0,NULL,NULL,NULL,NULL,NULL,F,1,-10,NULL,NULL,NULL,NULL,1867706,NULL,Customer,F,nonups,NULL,NULL,F,NULL,17,NULL,NULL,NULL,NULL,NULL,NULL,772708,0,T,NULL,NULL,21
NULL,CONSUMER,NULL,"URM Stores, Inc.",NULL,0,NULL,NULL,NULL,NULL,1,NULL,"URM Stores, Inc.",0,0,0,0,0,NULL,NULL,NULL,AUTO,NULL,10,1,F,F,F,NULL,NULL,NULL,NULL,NULL,NULL,NULL,NULL,T,F,NULL,NULL,NULL,F,"C0761122 URM Stores, Inc.",F,NULL,NULL,F,F,F,NULL,233,F,NULL,F,NULL,NULL,NULL,NULL,NULL,NULL,NULL,NULL,NULL,NULL,NULL,F,NULL,NULL,NULL,NULL,NULL,NULL,NULL,F,NULL,F,F,F,NULL,F,F,NULL,NULL,NULL,F,F,F,NULL,NULL,F,F,F,F,F,F,NULL,NULL,F,F,F,T,NULL,33:57.0,NULL,33:57.0,NULL,NULL,NULL,0,NULL,NULL,13004,NULL,13004,0,F,accountspayable@urmstores.com,PDF,F,NULL,C0761122,761122,13,"C0761122 URM Stores, Inc.",NULL,NULL,NULL,F,NULL,00:00.0,00:00.0,32,"C0761122 URM Stores, Inc.",F,2,F,NULL,772755,F,F,NULL,T,F,F,en_US,59:54.0,NULL,00:00.0,00:00.0,32,NULL,NULL,NULL,NULL,NULL,F,0,NULL,NULL,NULL,NULL,NULL,F,1,-10,NULL,NULL,NULL,NULL,774810,NULL,Customer,F,nonups,NULL,NULL,F,-8,NULL,NULL,NULL,NULL,NULL,NULL,NULL,772755,0,T,NULL,NULL,21
NULL,CONSUMER,NULL,Smith & Edwards,NULL,0,NULL,NULL,NULL,NULL,1,NULL,Smith & Edwards,0,0,0,0,0,NULL,NULL,NULL,AUTO,NULL,9,1,F,F,F,NULL,NULL,NULL,NULL,NULL,NULL,NULL,NULL,T,F,NULL,NULL,NULL,F,C0761192 Smith & Edwards,F,NULL,NULL,T,F,F,NULL,231,F,NULL,F,NULL,NULL,NULL,NULL,NULL,NULL,NULL,NULL,NULL,NULL,NULL,F,NULL,NULL,NULL,NULL,NULL,NULL,NULL,F,NULL,F,F,F,NULL,F,F,NULL,NULL,NULL,F,F,F,NULL,NULL,F,F,F,F,F,F,NULL,NULL,F,F,F,T,NULL,41:15.0,NULL,41:15.0,NULL,NULL,NULL,0,NULL,NULL,NULL,NULL,NULL,0,F,accounting@smithandedwards.com,PDF,T,NULL,C0761192,761192,13,C0761192 Smith & Edwards,NULL,NULL,NULL,F,NULL,NULL,NULL,NULL,C0761192 Smith & Edwards,F,2,F,NULL,774699,F,F,NULL,F,F,F,en_US,57:03.0,NULL,NULL,NULL,NULL,NULL,NULL,NULL,NULL,NULL,F,0,NULL,NULL,NULL,NULL,NULL,F,1,-10,NULL,NULL,NULL,NULL,3628503,NULL,Customer,F,nonups,NULL,NULL,F,NULL,NULL,NULL,NULL,NULL,NULL,NULL,NULL,774699,0,T,NULL,NULL,21
NULL,CONSUMER,NULL,"Grocery Supply Company, INC",NULL,22291.2,NULL,NULL,NULL,NULL,1,NULL,"Grocery Supply Company, INC",22291.2,0,0,0,29473.92,NULL,NULL,NULL,AUTO,NULL,8,1,F,F,F,NULL,NULL,NULL,NULL,NULL,NULL,NULL,NULL,F,F,NULL,NULL,NULL,F,"C0761200 Grocery Supply Company, INC",F,NULL,NULL,T,F,F,NULL,230,F,NULL,F,NULL,NULL,NULL,NULL,NULL,NULL,NULL,NULL,NULL,NULL,NULL,F,NULL,NULL,NULL,NULL,NULL,NULL,NULL,F,NULL,F,F,F,35,F,F,NULL,2,NULL,F,F,F,NULL,NULL,F,F,F,F,F,F,NULL,NULL,F,F,F,T,NULL,13:14.0,NULL,13:14.0,NULL,NULL,NULL,0,NULL,NULL,83584,NULL,83584,0,F,ap@grocerysupply.com,PDF,T,NULL,C0761200,761200,13,"C0761200 Grocery Supply Company, INC",NULL,NULL,NULL,F,NULL,00:00.0,00:00.0,72,"C0761200 Grocery Supply Company, INC",F,2,F,NULL,774806,F,F,NULL,F,F,F,en_US,07:32.0,NULL,00:00.0,00:00.0,128,NULL,NULL,NULL,NULL,NULL,F,0,NULL,(903) 885-7621 ext 5242,NULL,NULL,NULL,F,1,-10,NULL,NULL,NULL,NULL,1867705,NULL,Customer,F,nonups,NULL,NULL,F,NULL,6,NULL,NULL,NULL,NULL,NULL,NULL,774806,29473.92,T,NULL,1-751413801-9,21
NULL,CONSUMER,NULL,Spartan Food Stores,NULL,29160.96,NULL,NULL,NULL,NULL,1,NULL,Spartan Food Stores,29160.96,0,0,0,26081.28,NULL,NULL,NULL,AUTO,NULL,10,1,F,F,F,NULL,NULL,NULL,NULL,NULL,NULL,NULL,NULL,F,T,70QALLBUILTBRAN,23204,NULL,F,C1110879 Spartan Food Stores,F,NULL,NULL,F,T,F,NULL,233,F,NULL,F,NULL,NULL,NULL,NULL,NULL,NULL,NULL,NULL,NULL,NULL,NULL,F,anthony.rollins@spartannash.com,NULL,NULL,NULL,NULL,NULL,NULL,T,NULL,F,T,F,35,F,F,NULL,2,NULL,F,F,F,NULL,NULL,F,F,F,T,F,F,NULL,NULL,T,F,F,T,NULL,46:35.0,NULL,46:34.0,NULL,NULL,NULL,0,NULL,NULL,6937522,NULL,5257777,0,F,APQuestions@spartannash.com,PDF,F,NULL,C1110879,1110879,13,C1110879 Spartan Food Stores,NULL,NULL,NULL,F,NULL,00:00.0,00:00.0,98,C1110879 Spartan Food Stores,F,2,F,NULL,3444790,F,F,NULL,F,F,F,en_US,15:04.0,NULL,00:00.0,00:00.0,128,NULL,NULL,NULL,NULL,NULL,F,0,NULL,(616) 878-2000,NULL,NULL,NULL,F,1,-10,NULL,NULL,NULL,NULL,1867705,NULL,Customer,F,nonups,NULL,NULL,F,NULL,2,NULL,NULL,NULL,NULL,NULL,NULL,3444790,26081.28,T,NULL,8129223,21
NULL,CONSUMER,NULL,"Smart & Final Stores, LLC",NULL,34675.2,NULL,NULL,NULL,NULL,1,NULL,"Smart & Final Stores, LLC",34675.2,1,0,9907.2,29721.6,NULL,NULL,NULL,AUTO,NULL,8,1,F,F,F,NULL,NULL,NULL,NULL,NULL,NULL,NULL,NULL,F,T,52ZALLBUILTBRA1,52257,NULL,F,"C1293413 Smart & Final Stores, LLC",F,NULL,NULL,F,F,F,NULL,230,F,NULL,F,NULL,NULL,NULL,NULL,NULL,NULL,NULL,NULL,NULL,NULL,NULL,F,Veronica.jimenez@ChedrauiUSA.com,NULL,NULL,NULL,NULL,NULL,NULL,F,NULL,F,T,F,35,F,F,NULL,2,NULL,F,F,F,NULL,NULL,F,F,F,T,F,F,NULL,NULL,T,F,F,T,NULL,28:05.0,NULL,28:05.0,NULL,NULL,NULL,1,NULL,NULL,7983534,NULL,NULL,0,F,ap.warehouse@smartandfinal.com,PDF,T,NULL,C1293413,1293413,13,"C1293413 Smart & Final Stores, LLC",NULL,NULL,NULL,F,NULL,00:00.0,00:00.0,103,"C1293413 Smart & Final Stores, LLC",F,2,F,NULL,5121237,F,F,NULL,F,F,F,en_US,05:18.0,NULL,00:00.0,00:00.0,128,NULL,NULL,NULL,NULL,NULL,F,0,NULL,(323) 869-7600,NULL,NULL,NULL,F,1,-10,NULL,NULL,NULL,NULL,11281193,NULL,Customer,F,nonups,NULL,NULL,F,NULL,6,NULL,NULL,NULL,NULL,NULL,NULL,5121237,29721.6,T,NULL,NULL,21
NULL,CONSUMER,NULL,HyVee Inc,NULL,95178.72,NULL,NULL,NULL,NULL,1,Rachelle.bode@hy-vee.com,HyVee Inc,95178.72,33,0,2476.8,1719.36,NULL,NULL,NULL,AUTO,NULL,8,1,F,F,F,NULL,NULL,NULL,NULL,NULL,NULL,NULL,NULL,F,T,NULL,NULL,NULL,F,C0761120 HyVee Inc,F,NULL,NULL,F,F,T,NULL,230,F,NULL,F,NULL,NULL,NULL,NULL,NULL,NULL,NULL,NULL,NULL,NULL,NULL,T,Rachelle.bode@hy-vee.com,NULL,NULL,NULL,NULL,NULL,NULL,T,NULL,F,F,F,35,F,F,NULL,2,NULL,F,F,F,NULL,NULL,F,F,F,T,F,F,NULL,NULL,T,F,F,T,NULL,12:07.0,NULL,12:07.0,NULL,NULL,NULL,33,NULL,NULL,12986,NULL,12985,0,F,zach.lawrence@hy-vee.com,PDF,F,NULL,C0761120,761120,13,C0761120 HyVee Inc,NULL,NULL,NULL,F,NULL,00:00.0,00:00.0,32,C0761120 HyVee Inc,F,2,F,NULL,772744,F,F,NULL,F,F,F,en_US,38:15.0,NULL,00:00.0,00:00.0,132,NULL,NULL,NULL,NULL,NULL,F,2476.8,NULL,(515) 267-6093,NULL,NULL,NULL,F,1,-10,NULL,NULL,NULL,NULL,3628503,NULL,Customer,F,nonups,NULL,NULL,F,NULL,6,NULL,NULL,NULL,NULL,NULL,NULL,772744,1719.36,T,NULL,NULL,21
NULL,CONSUMER,NULL,Sam's Club,NULL,4613643.5,NULL,NULL,NULL,NULL,1,Don't require EDI PO Acknowledgement and do require EDI ASN.  Sam's Club picks up orders from the warehouse.  Invoice is auto-generated same day as fulfillment is marked shipped.,Sam's Club,4613643.5,0,0,0,4068557.3,NULL,NULL,NULL,AUTO,NULL,6,1,F,F,F,NULL,NULL,NULL,NULL,NULL,NULL,NULL,NULL,F,T,NULL,NULL,NULL,F,C0761166 Sam's Club,F,NULL,774728,F,T,F,NULL,229,F,NULL,F,NULL,NULL,NULL,NULL,NULL,NULL,NULL,NULL,NULL,NULL,NULL,F,NULL,NULL,NULL,NULL,NULL,NULL,NULL,T,NULL,F,T,F,35,F,F,NULL,2,NULL,T,F,T,NULL,NULL,F,F,F,F,F,F,NULL,NULL,T,F,T,T,NULL,46:01.0,NULL,46:01.0,NULL,NULL,NULL,0,NULL,NULL,NULL,NULL,14818,0,T,wmgbs@wal-mart.com,PDF,F,NULL,C0761166,761166,13,C0761166 Sam's Club,NULL,NULL,NULL,F,NULL,00:00.0,00:00.0,55,C0761166 Sam's Club,F,2,F,NULL,773759,F,F,NULL,F,F,F,en_US,20:10.0,NULL,00:00.0,00:00.0,128,NULL,NULL,NULL,NULL,NULL,F,0,NULL,NULL,NULL,NULL,NULL,F,1,-10,NULL,NULL,NULL,NULL,774810,NULL,Customer,F,nonups,NULL,NULL,F,NULL,17,NULL,NULL,NULL,NULL,NULL,NULL,773759,4068557.3,T,NULL,NULL,14
NULL,CONSUMER,NULL,"Sheetz Distribution Service, LLC",NULL,191318.4,NULL,NULL,NULL,NULL,1,SDSAccountsPayable@sheetz.com,"Sheetz Distribution Service, LLC",191318.4,0,0,0,37843.2,NULL,NULL,NULL,AUTO,NULL,9,1,F,F,F,NULL,NULL,NULL,NULL,NULL,NULL,NULL,NULL,F,F,NULL,NULL,NULL,F,"C0761214 Sheetz Distribution Service, LLC",F,NULL,NULL,T,F,F,NULL,231,F,NULL,F,NULL,NULL,NULL,NULL,NULL,NULL,NULL,NULL,NULL,NULL,NULL,F,NULL,NULL,NULL,NULL,NULL,NULL,NULL,F,NULL,F,F,F,35,F,F,NULL,2,NULL,F,F,F,NULL,NULL,F,F,F,F,F,F,NULL,NULL,F,F,F,T,NULL,21:05.0,NULL,21:04.0,NULL,NULL,NULL,0,NULL,NULL,108827,NULL,108827,0,F,SDSInvoices@sheetz.com,PDF,T,NULL,C0761214,761214,13,"C0761214 Sheetz Distribution Service, LLC",NULL,NULL,NULL,F,NULL,00:00.0,00:00.0,72,"C0761214 Sheetz Distribution Service, LLC",F,2,F,NULL,775338,F,F,NULL,F,F,F,en_US,26:36.0,NULL,00:00.0,00:00.0,132,NULL,NULL,NULL,NULL,NULL,F,0,NULL,(814) 239-1600,NULL,NULL,NULL,F,1,-10,NULL,NULL,NULL,NULL,1867705,NULL,Customer,F,nonups,NULL,NULL,F,NULL,6,NULL,NULL,NULL,NULL,NULL,NULL,775338,37843.2,T,NULL,14-1975957,21
NULL,CONSUMER,NULL,G&H Outdoor Store,NULL,0,NULL,NULL,NULL,NULL,1,NULL,G&H Outdoor Store,0,0,0,0,0,NULL,NULL,NULL,AUTO,NULL,7,1,F,F,F,NULL,NULL,NULL,NULL,NULL,NULL,NULL,NULL,F,F,NULL,NULL,NULL,F,C0771596 G&H Outdoor Store,F,NULL,NULL,T,F,F,NULL,232,F,NULL,F,NULL,NULL,NULL,NULL,NULL,NULL,NULL,NULL,NULL,NULL,NULL,F,NULL,NULL,NULL,NULL,NULL,NULL,NULL,F,NULL,F,F,F,NULL,F,F,NULL,2,NULL,F,F,F,NULL,NULL,F,F,F,F,F,F,NULL,NULL,F,F,F,T,NULL,35:20.0,NULL,35:20.0,NULL,NULL,NULL,0,NULL,NULL,190259,NULL,190259,0,F,jim.mixon@ghoutdoor.com,PDF,T,NULL,C0771596,771596,13,C0771596 G&H Outdoor Store,NULL,NULL,NULL,F,NULL,NULL,NULL,NULL,C0771596 G&H Outdoor Store,F,2,F,NULL,809201,F,F,NULL,F,F,F,en_US,55:10.0,NULL,NULL,NULL,NULL,NULL,NULL,NULL,NULL,NULL,F,0,NULL,(337) 536-6751,NULL,NULL,NULL,F,1,-10,NULL,NULL,NULL,NULL,1867705,NULL,Customer,F,nonups,NULL,NULL,F,NULL,2,NULL,NULL,NULL,NULL,NULL,NULL,809201,0,T,NULL,NULL,21
NULL,CONSUMER,NULL,Vitamin Shoppe,NULL,94613.76,NULL,NULL,NULL,NULL,1,NULL,Vitamin Shoppe,94613.76,0,0,0,346752,NULL,NULL,NULL,AUTO,NULL,7,1,T,F,F,NULL,NULL,NULL,NULL,NULL,NULL,NULL,NULL,F,T,86KALLBUILTBRAN,NULL,NULL,F,C1082921 Vitamin Shoppe,F,NULL,NULL,T,F,T,NULL,232,F,NULL,F,NULL,NULL,NULL,NULL,NULL,NULL,NULL,NULL,NULL,NULL,NULL,F,NULL,NULL,NULL,NULL,NULL,NULL,NULL,T,NULL,F,T,F,35,F,F,NULL,2,NULL,F,F,F,NULL,NULL,F,F,F,F,F,F,NULL,NULL,T,F,F,T,NULL,50:00.0,NULL,49:59.0,NULL,NULL,NULL,0,NULL,NULL,4839048,NULL,NULL,0,F,APTeam@vitaminshoppe.com,PDF,F,NULL,C1082921,1082921,13,C1082921 Vitamin Shoppe,NULL,NULL,NULL,F,NULL,00:00.0,00:00.0,93,C1082921 Vitamin Shoppe,F,2,F,NULL,3227571,F,F,NULL,F,F,F,en_US,09:57.0,NULL,00:00.0,00:00.0,131,NULL,NULL,NULL,NULL,NULL,F,0,NULL,(866) 293-3367,NULL,NULL,NULL,F,1,-10,NULL,NULL,NULL,NULL,1867706,NULL,Customer,F,nonups,NULL,NULL,F,NULL,25,NULL,NULL,NULL,NULL,NULL,NULL,3227571,346752,T,NULL,11-3664322,21
NULL,CONSUMER,NULL,Meiers Meats and Fine Foods,NULL,0,NULL,NULL,NULL,NULL,1,NULL,Meiers Meats and Fine Foods,0,0,0,0,0,NULL,NULL,NULL,AUTO,NULL,8,1,F,F,F,NULL,NULL,NULL,NULL,NULL,NULL,NULL,NULL,T,F,NULL,NULL,NULL,F,C0761134 Meiers Meats and Fine Foods,F,NULL,NULL,F,F,F,NULL,230,F,NULL,F,NULL,NULL,NULL,NULL,NULL,NULL,NULL,NULL,NULL,NULL,NULL,F,NULL,NULL,NULL,NULL,NULL,NULL,NULL,F,NULL,F,F,F,NULL,F,F,NULL,NULL,NULL,F,F,F,NULL,NULL,F,F,F,F,F,F,NULL,NULL,F,F,F,T,NULL,28:40.0,NULL,28:40.0,NULL,NULL,NULL,0,NULL,NULL,13961,NULL,13961,0,F,NULL,PDF,F,NULL,C0761134,761134,13,C0761134 Meiers Meats and Fine Foods,NULL,NULL,NULL,F,NULL,00:00.0,00:00.0,34,C0761134 Meiers Meats and Fine Foods,F,2,F,NULL,772839,F,F,NULL,T,F,F,en_US,50:52.0,NULL,00:00.0,00:00.0,59,NULL,NULL,NULL,NULL,NULL,F,0,NULL,NULL,NULL,NULL,NULL,F,1,-10,NULL,NULL,NULL,NULL,777156,NULL,Customer,F,nonups,NULL,NULL,F,-8,2,NULL,NULL,NULL,NULL,NULL,NULL,772839,0,T,NULL,NULL,21
NULL,CONSUMER,NULL,7-Eleven,NULL,0,NULL,NULL,NULL,NULL,1,NULL,7-Eleven,0,0,0,0,0,NULL,NULL,NULL,AUTO,NULL,9,1,F,F,F,NULL,NULL,NULL,NULL,NULL,NULL,NULL,NULL,F,F,NULL,NULL,NULL,F,C0761148 7-Eleven,F,NULL,NULL,F,F,F,NULL,231,F,NULL,F,NULL,NULL,NULL,NULL,NULL,NULL,NULL,NULL,NULL,NULL,NULL,F,NULL,NULL,NULL,NULL,NULL,NULL,NULL,F,NULL,F,F,F,NULL,F,F,NULL,NULL,NULL,F,F,F,NULL,NULL,F,F,F,F,F,F,NULL,NULL,F,F,F,T,NULL,25:35.0,NULL,25:35.0,NULL,NULL,NULL,0,NULL,NULL,13507,NULL,NULL,0,F,NULL,PDF,F,NULL,C0761148,761148,13,C0761148 7-Eleven,NULL,NULL,NULL,F,NULL,NULL,00:00.0,43,C0761148 7-Eleven,F,2,F,NULL,773109,F,F,NULL,F,F,F,en_US,49:32.0,NULL,NULL,00:00.0,63,NULL,NULL,NULL,NULL,NULL,F,0,NULL,NULL,NULL,NULL,NULL,F,1,-10,NULL,NULL,NULL,NULL,1867705,NULL,Customer,F,nonups,NULL,NULL,F,NULL,2,NULL,NULL,NULL,NULL,NULL,NULL,773109,0,T,NULL,NULL,21
NULL,CONSUMER,NULL,Costco Wholesale Canada Ltd.,NULL,1724794.29,NULL,NULL,NULL,NULL,1,For urgent AP matters reach out to Hewad Ahmadzai,Costco Wholesale Canada Ltd.,1724794.29,0,0,0,2498620.92,NULL,NULL,NULL,AUTO,NULL,6,1,F,F,F,NULL,NULL,NULL,NULL,NULL,NULL,NULL,NULL,F,T,615ALLBUILTBRAN,10016893,NULL,F,C1273832 Costco Wholesale Canada Ltd.,F,NULL,NULL,F,T,F,NULL,229,F,NULL,F,NULL,NULL,NULL,NULL,NULL,NULL,NULL,NULL,NULL,NULL,NULL,F,hahmadzai@costco.com,NULL,NULL,NULL,NULL,NULL,NULL,T,NULL,F,T,F,35,F,F,NULL,1,NULL,F,F,F,NULL,NULL,F,F,F,F,F,F,NULL,NULL,T,F,T,T,NULL,54:48.0,NULL,54:48.0,NULL,NULL,NULL,0,NULL,NULL,7860853,NULL,NULL,0,F,centralexpenseinvoices@costco.com,PDF,F,NULL,C1273832,1273832,13,C1273832 Costco Wholesale Canada Ltd.,NULL,NULL,NULL,F,NULL,00:00.0,00:00.0,101,C1273832 Costco Wholesale Canada Ltd.,F,2,F,NULL,5040628,F,F,NULL,F,F,F,en_US,43:35.0,NULL,00:00.0,00:00.0,128,NULL,NULL,NULL,NULL,NULL,F,0,NULL,(425) 416-8909,NULL,NULL,NULL,F,1,-10,NULL,NULL,NULL,NULL,777156,NULL,Customer,F,nonups,NULL,NULL,F,NULL,5,NULL,NULL,NULL,NULL,NULL,NULL,5040628,2498620.92,T,NULL,NULL,14
NULL,CONSUMER,NULL,Casey's Stores,NULL,64149.12,NULL,NULL,NULL,NULL,1,Lori.Cook@caseys.com,Casey's Stores,64149.12,0,0,0,34675.2,NULL,NULL,NULL,AUTO,NULL,9,1,F,F,F,NULL,NULL,NULL,NULL,NULL,NULL,NULL,NULL,F,F,NULL,NULL,NULL,F,C1091598 Casey's Stores,F,NULL,NULL,T,F,F,NULL,231,F,NULL,F,NULL,NULL,NULL,NULL,NULL,NULL,NULL,NULL,NULL,NULL,NULL,F,Amy.Murray@caseys.com,NULL,NULL,NULL,NULL,NULL,NULL,F,NULL,F,F,F,35,F,F,NULL,2,NULL,F,F,F,NULL,NULL,F,F,F,F,F,F,NULL,NULL,F,F,F,T,NULL,05:18.0,NULL,05:17.0,NULL,NULL,NULL,0,NULL,NULL,4951895,NULL,NULL,0,F,CaseysInvoiceWarehouse@caseys.com,PDF,T,NULL,C1091598,1091598,13,C1091598 Casey's Stores,NULL,NULL,NULL,F,NULL,00:00.0,00:00.0,93,C1091598 Casey's Stores,F,2,F,NULL,3290077,F,F,NULL,F,F,F,en_US,38:34.0,NULL,00:00.0,00:00.0,128,NULL,NULL,NULL,NULL,NULL,F,0,NULL,NULL,NULL,NULL,NULL,F,1,-10,NULL,NULL,NULL,NULL,3628503,NULL,Customer,F,nonups,NULL,NULL,F,NULL,2,NULL,NULL,NULL,NULL,NULL,NULL,3290077,34675.2,T,NULL,42-1435913,21
NULL,CONSUMER,NULL,Muscle Foods USA,NULL,59755.2,NULL,NULL,NULL,NULL,1,johnm@musclefoodsusa.com,Muscle Foods USA,59755.2,0,0,0,160744.32,NULL,NULL,NULL,AUTO,NULL,10,1,F,F,F,NULL,NULL,NULL,NULL,NULL,NULL,NULL,NULL,F,T,2JOALLBUILTBRAN,NULL,NULL,F,C0761100 Muscle Foods USA,F,NULL,NULL,T,T,F,NULL,233,F,NULL,F,NULL,NULL,NULL,NULL,NULL,NULL,NULL,NULL,NULL,NULL,NULL,F,NULL,NULL,NULL,NULL,NULL,NULL,NULL,T,NULL,F,T,F,35,F,F,NULL,2,NULL,F,F,F,NULL,NULL,F,F,F,T,F,F,NULL,NULL,T,F,F,T,NULL,39:50.0,NULL,39:50.0,NULL,NULL,NULL,0,NULL,NULL,6736653,NULL,13929,0,F,apinvoices@musclefoodsusa.com,PDF,F,NULL,C0761100,761100,13,C0761100 Muscle Foods USA,NULL,NULL,NULL,F,NULL,00:00.0,00:00.0,30,C0761100 Muscle Foods USA,F,2,F,NULL,772644,F,F,NULL,F,F,F,en_US,37:01.0,NULL,00:00.0,00:00.0,132,NULL,NULL,NULL,NULL,NULL,F,0,NULL,NULL,NULL,NULL,NULL,F,1,-10,NULL,NULL,NULL,NULL,12826022,NULL,Customer,F,nonups,NULL,NULL,F,NULL,6,NULL,NULL,NULL,NULL,NULL,NULL,772644,160744.32,T,NULL,NULL,21
NULL,CONSUMER,NULL,"Chex Finer Foods, Inc.",NULL,16594.56,NULL,NULL,NULL,NULL,1,NULL,"Chex Finer Foods, Inc.",16594.56,0,0,0,15356.16,NULL,NULL,NULL,AUTO,NULL,10,1,F,F,F,NULL,NULL,NULL,NULL,NULL,NULL,NULL,NULL,F,F,NULL,NULL,NULL,F,"C0761115 Chex Finer Foods, Inc.",F,NULL,NULL,T,F,F,NULL,233,F,NULL,F,NULL,NULL,NULL,NULL,NULL,NULL,NULL,NULL,NULL,NULL,NULL,F,NULL,NULL,NULL,NULL,NULL,NULL,NULL,F,NULL,F,F,F,NULL,F,F,NULL,2,NULL,F,F,F,NULL,NULL,F,F,F,F,F,F,NULL,NULL,F,F,F,T,NULL,10:51.0,NULL,10:51.0,NULL,NULL,NULL,0,NULL,NULL,12967,NULL,12967,0,F,accountspayable@chexfoods.com,PDF,T,NULL,C0761115,761115,13,"C0761115 Chex Finer Foods, Inc.",NULL,NULL,NULL,F,NULL,00:00.0,00:00.0,32,"C0761115 Chex Finer Foods, Inc.",F,2,F,NULL,772699,F,F,NULL,F,F,F,en_US,40:30.0,NULL,00:00.0,00:00.0,128,NULL,NULL,NULL,NULL,NULL,F,0,NULL,NULL,NULL,NULL,NULL,F,1,-10,NULL,NULL,NULL,NULL,1867706,NULL,Customer,F,nonups,NULL,NULL,F,NULL,6,NULL,NULL,NULL,NULL,NULL,NULL,772699,15356.16,T,NULL,NULL,21
NULL,CONSUMER,NULL,Bodybuilding.com,NULL,0,NULL,NULL,NULL,NULL,1,NULL,Bodybuilding.com,0,0,0,0,0,NULL,NULL,NULL,AUTO,NULL,12,1,F,F,F,NULL,NULL,NULL,NULL,NULL,NULL,NULL,NULL,F,F,NULL,NULL,NULL,F,C0761140 Bodybuilding.com,F,NULL,NULL,F,F,F,NULL,324,F,NULL,F,NULL,NULL,NULL,NULL,NULL,NULL,NULL,NULL,NULL,NULL,NULL,F,NULL,NULL,NULL,NULL,NULL,NULL,NULL,F,NULL,F,F,F,NULL,F,F,NULL,NULL,NULL,F,F,F,NULL,NULL,F,F,F,F,F,F,NULL,NULL,F,F,F,F,NULL,43:13.0,NULL,43:13.0,NULL,NULL,NULL,0,NULL,NULL,NULL,NULL,NULL,0,F,NULL,PDF,F,NULL,C0761140,761140,13,C0761140 Bodybuilding.com,NULL,NULL,NULL,F,NULL,NULL,00:00.0,39,C0761140 Bodybuilding.com,F,2,F,NULL,773047,F,F,NULL,T,F,F,en_US,52:20.0,NULL,NULL,00:00.0,39,NULL,NULL,NULL,NULL,NULL,F,0,NULL,NULL,NULL,NULL,NULL,F,1,-10,NULL,NULL,NULL,NULL,774453,NULL,Customer,F,nonups,NULL,NULL,F,-8,NULL,NULL,NULL,NULL,NULL,NULL,NULL,773047,0,T,NULL,NULL,21
NULL,CONSUMER,NULL,"Lifetime, Inc.",NULL,72015.93,NULL,NULL,NULL,NULL,1,NULL,"Lifetime, Inc.",72015.93,15,0,25493.37,4677.12,NULL,NULL,NULL,AUTO,NULL,7,1,F,F,F,NULL,NULL,NULL,NULL,NULL,NULL,NULL,NULL,F,F,NULL,NULL,NULL,F,"C0761123 Lifetime, Inc.",F,NULL,NULL,T,F,F,NULL,232,F,eyJ0eXAiOiJKV1QiLCJhbGciOiJIUzUxMiJ9.eyJpYXQiOjE2OTA0OTE0MzcsImRhdGEiOnsidXNlciI6eyJpZCI6MTYyNzgsImN1c3RvbWVyX2lkIjoxMDczNCwiZW1haWwiOiJsY2FkbWluQGVodWIuY29tIn0sInNjb3BlcyI6WyJhcGlfcHVibGljIl19fQ.6SeoH6BkXNbCoVb-RkqSj6Ed4wGeqYBswek8FguiZedaeY2c5FEUha-xLWiP25giObyeKqEsFySs73Af-Ux4nw,F,NULL,NULL,NULL,NULL,NULL,NULL,NULL,NULL,NULL,NULL,NULL,F,NULL,NULL,NULL,NULL,NULL,NULL,NULL,F,1,T,F,F,35,F,F,NULL,2,NULL,F,F,F,NULL,NULL,F,F,F,F,F,F,NULL,NULL,F,F,F,T,NULL,43:27.0,NULL,43:27.0,NULL,NULL,NULL,15,NULL,NULL,13194,NULL,22209261,0,F,8882763353@onlinecapturecenter.com,PDF,T,NULL,C0761123,761123,13,"C0761123 Lifetime, Inc.",NULL,NULL,NULL,F,NULL,00:00.0,00:00.0,32,"C0761123 Lifetime, Inc.",F,2,F,NULL,772757,F,F,NULL,F,F,F,en_US,44:53.0,NULL,00:00.0,00:00.0,133,NULL,NULL,NULL,NULL,NULL,F,24482.01,NULL,NULL,NULL,NULL,NULL,F,1,-10,NULL,NULL,NULL,NULL,12826022,NULL,Customer,F,nonups,NULL,NULL,F,NULL,8,NULL,NULL,NULL,NULL,NULL,NULL,772757,4677.12,T,NULL,NULL,21
NULL,CONSUMER,NULL,Lewisco Holdings,NULL,0,NULL,NULL,NULL,NULL,1,JESSE@LEWISCOHOLDINGS.COM,Lewisco Holdings,0,0,0,0,0,NULL,NULL,NULL,AUTO,NULL,11,1,F,F,F,NULL,NULL,NULL,NULL,NULL,NULL,NULL,NULL,F,F,NULL,NULL,NULL,F,C0000491 Lewisco Holdings,F,NULL,NULL,T,F,F,NULL,234,F,NULL,F,NULL,NULL,NULL,NULL,NULL,NULL,NULL,NULL,NULL,NULL,NULL,F,NULL,NULL,NULL,NULL,NULL,NULL,NULL,F,NULL,F,F,F,NULL,F,F,NULL,NULL,NULL,F,F,F,NULL,NULL,F,F,F,F,F,F,NULL,NULL,F,F,F,T,NULL,55:36.0,NULL,55:36.0,NULL,NULL,NULL,0,NULL,NULL,24673577,NULL,24673577,0,F,ap@lewiscoholdings.com,PDF,T,NULL,C0000491,491,13,C0000491 Lewisco Holdings,NULL,NULL,NULL,F,NULL,00:00.0,00:00.0,28,C0000491 Lewisco Holdings,F,2,F,NULL,1792,F,F,NULL,F,F,F,en_US,50:53.0,NULL,00:00.0,00:00.0,128,NULL,NULL,NULL,NULL,NULL,F,0,NULL,(818) 665-9894,NULL,NULL,NULL,F,1,-10,NULL,NULL,NULL,NULL,774810,NULL,Customer,F,nonups,NULL,NULL,F,NULL,13,NULL,NULL,NULL,NULL,NULL,NULL,1792,0,T,NULL,27-4792125,21
NULL,CONSUMER,NULL,Good Earth,NULL,0,NULL,NULL,NULL,NULL,1,NULL,Good Earth,0,0,0,0,0,NULL,NULL,NULL,AUTO,NULL,8,1,F,F,F,NULL,NULL,NULL,NULL,NULL,NULL,NULL,NULL,F,F,NULL,NULL,NULL,F,C0761098 Good Earth,F,NULL,NULL,F,F,F,NULL,230,F,NULL,F,NULL,NULL,NULL,NULL,NULL,NULL,NULL,NULL,NULL,NULL,NULL,F,NULL,NULL,NULL,NULL,NULL,NULL,NULL,F,NULL,F,F,F,NULL,F,F,NULL,NULL,NULL,F,F,F,NULL,NULL,F,F,F,F,F,F,NULL,NULL,F,F,F,T,NULL,35:32.0,NULL,35:31.0,NULL,NULL,NULL,0,NULL,NULL,NULL,NULL,12885,0,F,NULL,PDF,F,NULL,C0761098,761098,13,C0761098 Good Earth,NULL,NULL,NULL,F,NULL,NULL,NULL,NULL,C0761098 Good Earth,F,2,F,NULL,772640,F,F,NULL,T,F,F,en_US,02:09.0,NULL,NULL,NULL,NULL,NULL,NULL,NULL,NULL,NULL,F,0,NULL,NULL,NULL,NULL,NULL,F,1,-10,NULL,NULL,NULL,NULL,11281193,NULL,Customer,F,nonups,NULL,NULL,F,NULL,NULL,NULL,NULL,NULL,NULL,NULL,NULL,772640,0,T,NULL,NULL,21
NULL,CONSUMER,NULL,On the Dot Distribution,NULL,61286.4,NULL,NULL,NULL,NULL,1,NULL,On the Dot Distribution,61286.4,0,0,0,0,NULL,NULL,NULL,AUTO,NULL,10,1,F,F,F,NULL,NULL,NULL,NULL,NULL,NULL,NULL,NULL,F,F,NULL,NULL,NULL,F,C0761101 On the Dot Distribution,F,NULL,NULL,T,F,F,NULL,233,F,NULL,F,NULL,NULL,NULL,NULL,NULL,NULL,NULL,NULL,NULL,NULL,NULL,F,kylerrymer@onthedotdist.com,NULL,NULL,NULL,NULL,NULL,NULL,F,NULL,F,F,F,35,F,F,NULL,1,NULL,F,F,F,NULL,NULL,F,F,F,F,F,F,NULL,NULL,F,F,F,T,NULL,12:55.0,NULL,12:55.0,NULL,NULL,NULL,0,NULL,NULL,10522983,NULL,12892,0,F,michelle@onthedotdist.com,PDF,T,NULL,C0761101,761101,13,C0761101 On the Dot Distribution,NULL,NULL,NULL,F,NULL,00:00.0,00:00.0,47,C0761101 On the Dot Distribution,F,2,F,NULL,772645,F,F,NULL,F,F,F,en_US,06:50.0,NULL,00:00.0,00:00.0,128,NULL,NULL,NULL,NULL,NULL,F,0,NULL,NULL,NULL,NULL,NULL,F,1,-10,NULL,NULL,NULL,NULL,3628503,NULL,Customer,F,nonups,NULL,NULL,F,NULL,2,NULL,NULL,NULL,NULL,NULL,NULL,772645,0,T,NULL,NULL,14
NULL,CONSUMER,NULL,Cottonwood Distribution,NULL,11736,NULL,NULL,NULL,NULL,1,NULL,Cottonwood Distribution,11736,0,0,0,0,NULL,NULL,NULL,AUTO,NULL,10,1,F,F,F,NULL,NULL,NULL,NULL,NULL,NULL,NULL,NULL,F,F,NULL,NULL,NULL,F,C0761117 Cottonwood Distribution,F,NULL,NULL,T,F,F,NULL,233,F,NULL,F,NULL,NULL,NULL,NULL,NULL,NULL,NULL,NULL,NULL,NULL,NULL,F,cristie@cottonwooddistribution.com,NULL,NULL,NULL,NULL,NULL,NULL,F,NULL,F,T,F,35,T,F,NULL,1,NULL,F,F,F,NULL,NULL,F,F,F,T,F,F,NULL,NULL,T,F,F,T,NULL,09:23.0,NULL,09:23.0,NULL,NULL,NULL,0,NULL,NULL,12966,NULL,13495,0,F,ap@cottonwooddistribution.com,PDF,T,NULL,C0761117,761117,13,C0761117 Cottonwood Distribution,NULL,NULL,NULL,F,NULL,00:00.0,00:00.0,32,C0761117 Cottonwood Distribution,F,2,F,NULL,772728,F,F,NULL,F,F,F,en_US,44:00.0,NULL,00:00.0,00:00.0,128,NULL,NULL,NULL,NULL,NULL,F,0,NULL,NULL,NULL,NULL,NULL,F,1,-10,NULL,NULL,NULL,NULL,3628503,NULL,Customer,F,nonups,NULL,NULL,F,NULL,6,NULL,NULL,NULL,NULL,NULL,NULL,772728,0,T,NULL,NULL,14
NULL,CONSUMER,NULL,True North Nutrition LTD.,NULL,701452.08,NULL,NULL,NULL,NULL,1,NULL,True North Nutrition LTD.,701452.08,27,0,461692.08,252720,NULL,NULL,NULL,AUTO,NULL,10,1,F,F,F,NULL,NULL,NULL,NULL,NULL,NULL,NULL,NULL,T,F,NULL,NULL,NULL,F,C0000494 True North Nutrition LTD.,F,NULL,NULL,T,F,F,NULL,233,F,NULL,F,NULL,NULL,NULL,NULL,NULL,NULL,NULL,NULL,NULL,NULL,NULL,F,NULL,NULL,NULL,NULL,NULL,NULL,NULL,F,NULL,F,F,F,35,F,F,NULL,1,NULL,F,F,F,NULL,NULL,F,F,F,F,F,F,NULL,NULL,F,F,F,T,NULL,57:25.0,NULL,57:25.0,NULL,NULL,NULL,27,NULL,NULL,12978,NULL,12978,0,F,ap@truenorthnutrition.com,PDF,T,NULL,C0000494,494,13,C0000494 True North Nutrition LTD.,NULL,NULL,NULL,F,NULL,00:00.0,00:00.0,24,C0000494 True North Nutrition LTD.,F,2,F,NULL,1795,F,F,NULL,F,F,F,en_US,10:32.0,NULL,00:00.0,00:00.0,127,NULL,NULL,NULL,NULL,NULL,F,461692.08,NULL,NULL,NULL,NULL,NULL,F,1,-10,NULL,NULL,NULL,NULL,774810,NULL,Customer,F,nonups,NULL,NULL,F,NULL,3,NULL,NULL,NULL,NULL,NULL,NULL,1795,252720,T,NULL,NULL,30
NULL,CONSUMER,NULL,"Wham! Frozen Foods, Inc.",NULL,0,NULL,NULL,NULL,NULL,1,NULL,"Wham! Frozen Foods, Inc.",0,0,0,0,0,NULL,NULL,NULL,AUTO,NULL,11,1,F,F,F,NULL,NULL,NULL,NULL,NULL,NULL,NULL,NULL,T,F,NULL,NULL,NULL,F,"C0761107 Wham! Frozen Foods, Inc.",F,NULL,NULL,F,F,F,NULL,234,F,NULL,F,NULL,NULL,NULL,NULL,NULL,NULL,NULL,NULL,NULL,NULL,NULL,F,NULL,NULL,NULL,NULL,NULL,NULL,NULL,F,NULL,F,F,F,NULL,F,F,NULL,NULL,NULL,F,F,F,NULL,NULL,F,F,F,F,F,F,NULL,NULL,F,F,F,T,NULL,01:19.0,NULL,01:19.0,NULL,NULL,NULL,0,NULL,NULL,NULL,NULL,12927,0,F,NULL,PDF,F,NULL,C0761107,761107,13,"C0761107 Wham! Frozen Foods, Inc.",NULL,NULL,NULL,F,NULL,NULL,NULL,NULL,"C0761107 Wham! Frozen Foods, Inc.",F,2,F,NULL,772660,F,F,NULL,T,F,F,en_US,02:42.0,NULL,NULL,NULL,NULL,NULL,NULL,NULL,NULL,NULL,F,0,NULL,1 (800) 525-1181,NULL,NULL,NULL,F,1,-10,NULL,NULL,NULL,NULL,774810,NULL,Customer,F,nonups,NULL,NULL,F,-8,NULL,NULL,NULL,NULL,NULL,NULL,NULL,772660,0,T,NULL,NULL,21
NULL,CONSUMER,NULL,The Feed,NULL,0,NULL,NULL,NULL,NULL,1,NULL,The Feed,0,0,0,0,5242.08,NULL,NULL,NULL,AUTO,NULL,7,1,F,F,F,NULL,NULL,NULL,NULL,NULL,NULL,NULL,NULL,F,F,NULL,NULL,NULL,F,C2785455 The Feed,F,NULL,NULL,F,F,F,NULL,232,F,NULL,F,NULL,NULL,NULL,NULL,NULL,NULL,NULL,NULL,NULL,NULL,NULL,F,NULL,NULL,NULL,NULL,NULL,NULL,NULL,F,NULL,F,F,F,NULL,F,F,NULL,2,NULL,NULL,NULL,NULL,NULL,NULL,F,F,F,F,F,F,NULL,NULL,F,F,F,T,NULL,36:34.0,NULL,36:34.0,NULL,NULL,NULL,0,-2,NULL,27388529,NULL,27388529,0,F,Kathryn@thefeed.com,DEFAULT,F,NULL,C2785455,2785455,13,C2785455 The Feed,NULL,NULL,NULL,F,NULL,00:00.0,NULL,NULL,C2785455 The Feed,F,2,F,NULL,15932979,F,F,NULL,F,F,F,en_US,06:36.0,NULL,00:00.0,NULL,NULL,NULL,NULL,NULL,NULL,NULL,F,0,NULL,NULL,NULL,NULL,NULL,F,1,-10,NULL,NULL,NULL,NULL,12826022,NULL,Customer,F,nonups,NULL,NULL,F,NULL,2,NULL,NULL,NULL,NULL,NULL,NULL,15932979,5242.08,T,NULL,86-2609989,21
NULL,CONSUMER,NULL,Supplement Superstores,NULL,0,NULL,NULL,NULL,NULL,1,NULL,Supplement Superstores,0,0,0,0,14083.2,NULL,NULL,NULL,AUTO,NULL,7,1,F,F,F,NULL,NULL,NULL,NULL,NULL,NULL,NULL,NULL,F,F,NULL,NULL,NULL,F,C2816887 Supplement Superstores,F,NULL,NULL,T,F,F,NULL,232,F,NULL,F,NULL,NULL,NULL,NULL,NULL,NULL,NULL,NULL,NULL,NULL,NULL,F,NULL,NULL,NULL,NULL,NULL,NULL,NULL,F,NULL,F,F,F,NULL,F,F,NULL,2,NULL,NULL,NULL,NULL,NULL,NULL,F,F,F,F,F,F,NULL,NULL,F,F,F,T,NULL,15:58.0,NULL,15:58.0,NULL,NULL,NULL,0,-2,NULL,27721729,NULL,27721729,0,F,bhalliday@supplementsuperstores.com,DEFAULT,T,NULL,C2816887,2816887,13,C2816887 Supplement Superstores,NULL,NULL,NULL,F,NULL,00:00.0,NULL,NULL,C2816887 Supplement Superstores,F,2,F,NULL,16142605,F,F,NULL,F,F,F,en_US,06:42.0,NULL,00:00.0,NULL,NULL,NULL,NULL,NULL,NULL,NULL,F,0,NULL,(828) 446-5464,NULL,NULL,NULL,F,1,-10,NULL,NULL,NULL,NULL,12826022,NULL,Customer,F,nonups,NULL,NULL,F,NULL,2,NULL,NULL,NULL,NULL,NULL,NULL,16142605,14083.2,T,NULL,17194156,21
NULL,CONSUMER,NULL,"Core-Mark International, Inc.",NULL,266958.72,NULL,NULL,NULL,NULL,1,nespinoza@accesscpg.com broker,"Core-Mark International, Inc.",266958.72,93,0,32782.08,-206571837.1,NULL,NULL,NULL,AUTO,NULL,10,1,F,F,F,NULL,NULL,NULL,NULL,NULL,NULL,NULL,NULL,F,F,NULL,NULL,NULL,F,"C0761137 Core-Mark International, Inc.",F,NULL,NULL,T,F,F,NULL,233,F,NULL,F,NULL,NULL,NULL,NULL,NULL,NULL,NULL,NULL,NULL,NULL,NULL,F,vendorsupport@core-mark.com,NULL,NULL,NULL,NULL,NULL,NULL,F,NULL,F,T,F,35,T,F,NULL,2,NULL,F,F,F,NULL,NULL,F,F,F,T,F,F,NULL,NULL,T,F,F,T,NULL,34:59.0,NULL,34:58.0,NULL,NULL,NULL,93,NULL,NULL,13226,NULL,13226,0,T,invoices.USA@pfgc.com,PDF,T,NULL,C0761137,761137,13,"C0761137 Core-Mark International, Inc.",NULL,NULL,NULL,F,NULL,00:00.0,00:00.0,37,"C0761137 Core-Mark International, Inc.",F,2,F,NULL,772895,F,F,NULL,F,F,F,en_US,27:02.0,NULL,00:00.0,00:00.0,131,NULL,NULL,NULL,NULL,NULL,T,32782.08,NULL,1 (877) 423-2443,NULL,NULL,NULL,F,1,-10,NULL,NULL,NULL,NULL,3628503,NULL,Customer,F,nonups,NULL,NULL,F,NULL,6,NULL,NULL,NULL,NULL,NULL,NULL,772895,-206571837.1,T,NULL,742354997,21
NULL,CONSUMER,NULL,"Gem State Distributors, LLC",NULL,13626.72,NULL,NULL,NULL,NULL,1,NULL,"Gem State Distributors, LLC",13626.72,6,0,5411.52,0,NULL,NULL,NULL,AUTO,NULL,10,1,F,F,F,NULL,NULL,NULL,NULL,NULL,NULL,NULL,NULL,F,T,NULL,NULL,NULL,F,"C0761143 Gem State Distributors, LLC",F,NULL,NULL,T,F,F,NULL,233,F,NULL,F,NULL,NULL,NULL,NULL,NULL,NULL,NULL,NULL,NULL,NULL,NULL,F,trevorh@gemstatedist.com,NULL,NULL,NULL,NULL,NULL,NULL,F,NULL,F,T,F,35,T,F,NULL,1,NULL,F,F,F,NULL,NULL,F,F,F,T,F,F,NULL,NULL,T,F,F,T,NULL,09:08.0,NULL,09:08.0,NULL,NULL,NULL,6,NULL,NULL,13481,NULL,13481,0,F,ACCOUNTSPAYABLE@gemstatedist.com,PDF,T,NULL,C0761143,761143,13,"C0761143 Gem State Distributors, LLC",NULL,NULL,NULL,F,NULL,00:00.0,00:00.0,42,"C0761143 Gem State Distributors, LLC",F,2,F,NULL,773084,F,F,NULL,F,F,F,en_US,13:08.0,NULL,00:00.0,00:00.0,133,NULL,NULL,NULL,NULL,NULL,F,5411.52,NULL,NULL,NULL,NULL,NULL,F,1,-10,NULL,NULL,NULL,NULL,3628503,NULL,Customer,F,nonups,NULL,NULL,F,NULL,2,NULL,NULL,NULL,NULL,NULL,NULL,773084,0,T,NULL,02188954006-GRT,14
NULL,CONSUMER,NULL,KeHE Distributors,NULL,532585.98,NULL,NULL,NULL,NULL,1,Email Vendor support for payment and invoice updates,KeHE Distributors,532585.98,1,0,13528.7,625703.68,NULL,NULL,NULL,AUTO,NULL,10,1,F,F,F,NULL,NULL,NULL,NULL,NULL,NULL,NULL,NULL,F,T,JRZALLBUILTBRAN,NULL,NULL,F,C0761149 KeHE Distributors,F,NULL,NULL,T,F,T,NULL,233,F,NULL,F,NULL,NULL,NULL,NULL,NULL,NULL,NULL,NULL,NULL,NULL,NULL,F,vendorsupport@kehe.com,NULL,NULL,NULL,NULL,NULL,NULL,T,NULL,F,T,F,35,F,F,NULL,2,NULL,F,F,F,NULL,NULL,F,F,F,T,F,F,NULL,NULL,T,F,F,T,NULL,47:49.0,NULL,47:49.0,NULL,NULL,NULL,1,NULL,NULL,13528,NULL,2649592,0,F,aptradeinvoices@kehe.com,PDF,T,NULL,C0761149,761149,13,C0761149 KeHE Distributors,NULL,NULL,NULL,F,NULL,00:00.0,00:00.0,45,C0761149 KeHE Distributors,F,2,F,NULL,773127,F,F,NULL,F,F,F,en_US,00:07.0,NULL,00:00.0,00:00.0,128,NULL,NULL,NULL,NULL,NULL,F,0,NULL,1 (877) 423-2443,NULL,NULL,NULL,F,1,-10,NULL,NULL,NULL,NULL,11281193,NULL,Customer,F,nonups,NULL,NULL,F,NULL,6,NULL,NULL,NULL,NULL,NULL,NULL,773127,625703.68,T,NULL,NULL,21
NULL,CONSUMER,NULL,"Associated Food Stores, Inc.",NULL,112426.61,NULL,NULL,NULL,NULL,1,NULL,"Associated Food Stores, Inc.",112426.61,1,0,16214.22,105978.84,NULL,NULL,NULL,AUTO,NULL,10,1,F,F,F,NULL,NULL,NULL,NULL,NULL,NULL,NULL,NULL,F,T,503ALLBUILTBRAN,NULL,NULL,F,"C0000493 Associated Food Stores, Inc.",F,NULL,NULL,F,F,F,NULL,233,F,NULL,F,NULL,NULL,NULL,NULL,NULL,NULL,NULL,NULL,NULL,NULL,NULL,F,NULL,NULL,NULL,NULL,NULL,NULL,NULL,F,NULL,F,T,F,35,F,F,NULL,2,NULL,F,F,F,NULL,NULL,F,F,F,T,F,F,NULL,NULL,T,F,F,T,NULL,56:41.0,NULL,56:41.0,NULL,NULL,NULL,1,NULL,NULL,12930,NULL,13426,0,F,BCNikodim@afstores.com,PDF,F,NULL,C0000493,493,13,"C0000493 Associated Food Stores, Inc.",NULL,NULL,NULL,F,NULL,00:00.0,00:00.0,22,"C0000493 Associated Food Stores, Inc.",F,2,F,NULL,1794,F,F,NULL,F,F,F,en_US,17:13.0,NULL,00:00.0,00:00.0,128,NULL,NULL,NULL,NULL,NULL,F,0,NULL,NULL,NULL,NULL,NULL,F,1,-10,NULL,NULL,NULL,NULL,11281193,NULL,Customer,F,nonups,NULL,NULL,F,NULL,2,NULL,NULL,NULL,NULL,NULL,NULL,1794,105978.84,T,NULL,NULL,21
NULL,CONSUMER,NULL,The Nut Garden,NULL,16665.12,NULL,NULL,NULL,NULL,1,NULL,The Nut Garden,16665.12,0,0,0,15256.8,NULL,NULL,NULL,AUTO,NULL,10,1,F,F,F,NULL,NULL,NULL,NULL,NULL,NULL,NULL,NULL,F,F,NULL,NULL,NULL,F,C0761099 The Nut Garden,F,NULL,NULL,T,F,F,NULL,233,F,NULL,F,NULL,NULL,NULL,NULL,NULL,NULL,NULL,NULL,NULL,NULL,NULL,T,brett@thenutgarden.com,NULL,NULL,NULL,NULL,NULL,NULL,F,NULL,F,F,F,35,F,F,NULL,1,NULL,F,F,F,NULL,NULL,F,F,F,F,F,F,NULL,NULL,F,F,F,T,NULL,11:56.0,NULL,11:56.0,NULL,NULL,NULL,0,NULL,NULL,NULL,NULL,14361,0,F,kip@thenutgarden.com,PDF,T,NULL,C0761099,761099,13,C0761099 The Nut Garden,NULL,NULL,NULL,F,NULL,00:00.0,00:00.0,30,C0761099 The Nut Garden,F,2,F,NULL,772641,F,F,NULL,F,F,F,en_US,37:16.0,NULL,00:00.0,00:00.0,132,NULL,NULL,NULL,NULL,NULL,F,0,NULL,NULL,NULL,NULL,NULL,F,1,-10,NULL,NULL,NULL,NULL,11281193,NULL,Customer,F,nonups,NULL,NULL,F,NULL,2,NULL,NULL,NULL,NULL,NULL,NULL,772641,15256.8,T,NULL,NULL,14
NULL,CONSUMER,NULL,GNC Mexico,(+52) 81 4459-4768,0,NULL,NULL,NULL,NULL,1,NULL,GNC Mexico,0,0,0,0,0,NULL,NULL,NULL,AUTO,NULL,10,1,F,F,F,NULL,NULL,NULL,NULL,NULL,NULL,NULL,NULL,F,F,NULL,NULL,NULL,F,C2786779 GNC Mexico,F,NULL,NULL,T,F,F,NULL,233,F,NULL,F,NULL,NULL,NULL,NULL,NULL,NULL,NULL,NULL,NULL,NULL,NULL,F,NULL,NULL,NULL,NULL,NULL,NULL,NULL,F,1,F,F,F,NULL,F,F,NULL,2,NULL,NULL,NULL,NULL,NULL,NULL,F,F,F,F,F,F,NULL,NULL,F,F,F,T,NULL,47:36.0,NULL,47:36.0,NULL,NULL,NULL,0,-2,NULL,27403832,NULL,27403832,0,F,rbrambila@gnc.com.mx,DEFAULT,T,NULL,C2786779,2786779,13,C2786779 GNC Mexico,NULL,NULL,NULL,F,NULL,NULL,NULL,NULL,C2786779 GNC Mexico,F,2,F,NULL,15942983,F,F,NULL,F,F,F,en_US,47:37.0,NULL,NULL,NULL,NULL,NULL,NULL,NULL,NULL,NULL,F,0,NULL,(818) 133-4000,NULL,NULL,NULL,F,1,-10,NULL,NULL,NULL,NULL,11281193,NULL,Customer,F,nonups,NULL,NULL,F,NULL,2,NULL,NULL,NULL,NULL,NULL,NULL,15942983,0,T,NULL,NULL,21
NULL,CONSUMER,NULL,Capital Sales Company,NULL,17337.6,NULL,NULL,NULL,NULL,1,BaraSaffo@capitalcsc.com   purchasing@capitalcsc.com Sales orders,Capital Sales Company,17337.6,0,0,0,0,NULL,NULL,NULL,AUTO,NULL,10,1,F,F,F,NULL,NULL,NULL,NULL,NULL,NULL,NULL,NULL,F,F,NULL,NULL,NULL,F,C2778017 Capital Sales Company,F,NULL,NULL,T,F,F,NULL,233,F,NULL,F,NULL,NULL,NULL,NULL,NULL,NULL,NULL,NULL,NULL,NULL,NULL,F,NULL,NULL,NULL,NULL,NULL,NULL,NULL,F,NULL,F,F,F,35,F,F,NULL,2,NULL,NULL,NULL,NULL,NULL,NULL,F,F,F,F,F,F,NULL,NULL,F,F,F,T,NULL,57:28.0,NULL,57:28.0,NULL,NULL,NULL,0,-2,NULL,27302717,NULL,27302717,0,F,accountspayable@capitalcsc.com,DEFAULT,T,NULL,C2778017,2778017,13,C2778017 Capital Sales Company,NULL,NULL,NULL,F,NULL,00:00.0,00:00.0,132,C2778017 Capital Sales Company,F,2,F,NULL,15876072,F,F,NULL,F,F,F,en_US,51:04.0,NULL,00:00.0,00:00.0,132,NULL,NULL,NULL,NULL,NULL,F,0,NULL,(248) 542-4400,NULL,NULL,NULL,F,1,-10,NULL,NULL,NULL,NULL,1867705,NULL,Customer,F,nonups,NULL,NULL,F,NULL,2,NULL,NULL,NULL,NULL,NULL,NULL,15876072,0,T,NULL,34-1955230,21
NULL,CONSUMER,NULL,Healthy Group de Guatemala S.A,NULL,0,NULL,NULL,NULL,NULL,1,NULL,Healthy Group de Guatemala S.A,0,0,0,0,30240,NULL,NULL,NULL,AUTO,NULL,8,1,F,F,F,NULL,NULL,NULL,NULL,NULL,NULL,NULL,NULL,F,F,NULL,NULL,NULL,F,C2819814 Healthy Group de Guatemala S.A,F,NULL,NULL,T,F,F,NULL,230,F,NULL,F,NULL,NULL,NULL,NULL,NULL,NULL,NULL,NULL,NULL,NULL,NULL,F,NULL,NULL,NULL,NULL,NULL,NULL,NULL,F,NULL,F,F,F,NULL,F,F,NULL,2,NULL,NULL,NULL,NULL,NULL,NULL,F,F,F,F,F,F,NULL,NULL,F,F,F,T,NULL,04:25.0,NULL,04:25.0,NULL,NULL,NULL,0,-2,NULL,27755539,NULL,27755539,0,F,jporres@healthygroup.co,DEFAULT,F,NULL,C2819814,2819814,13,C2819814 Healthy Group de Guatemala S.A,NULL,NULL,NULL,F,NULL,00:00.0,NULL,NULL,C2819814 Healthy Group de Guatemala S.A,F,2,F,NULL,16162310,F,F,NULL,F,F,F,en_US,08:37.0,NULL,00:00.0,NULL,NULL,NULL,NULL,NULL,NULL,NULL,F,0,NULL,502-42245561,NULL,NULL,NULL,T,1,-10,NULL,NULL,NULL,NULL,11281193,NULL,Customer,F,nonups,NULL,NULL,F,NULL,2,NULL,NULL,NULL,NULL,NULL,NULL,16162310,30240,T,NULL,9047243-8,21
NULL,CONSUMER,NULL,Greenbrier International (Dollar Tree Stores),NULL,0,NULL,NULL,NULL,NULL,1,NULL,Greenbrier International (Dollar Tree Stores),0,0,0,0,0,NULL,NULL,NULL,AUTO,NULL,7,1,F,F,F,NULL,NULL,NULL,NULL,NULL,NULL,NULL,NULL,F,T,NULL,NULL,NULL,F,C2820037 Greenbrier International (Dollar Tree Stores),F,NULL,NULL,F,F,F,NULL,232,F,NULL,F,NULL,NULL,NULL,NULL,NULL,NULL,NULL,NULL,NULL,NULL,NULL,F,NULL,NULL,NULL,NULL,NULL,NULL,NULL,T,1,F,T,F,NULL,F,F,NULL,2,NULL,NULL,NULL,NULL,NULL,NULL,F,F,F,T,F,F,NULL,NULL,T,F,F,T,NULL,21:30.0,NULL,21:30.0,NULL,NULL,NULL,0,-2,NULL,27757377,NULL,27757377,0,F,bardolin@dollartree.com,DEFAULT,F,NULL,C2820037,2820037,13,C2820037 Greenbrier International (Dollar Tree Stores),NULL,NULL,NULL,F,NULL,NULL,NULL,NULL,C2820037 Greenbrier International (Dollar Tree Stores),F,2,F,NULL,16163212,F,F,NULL,F,F,F,en_US,11:41.0,NULL,NULL,NULL,NULL,NULL,NULL,NULL,NULL,NULL,F,0,NULL,(757) 321-5000,NULL,NULL,NULL,F,1,-10,NULL,NULL,NULL,NULL,12826022,NULL,Customer,F,nonups,NULL,NULL,F,NULL,18,NULL,NULL,NULL,NULL,NULL,NULL,16163212,0,T,NULL,NULL,21
