focal_upc,focal_desc,donor_upc,donor_desc,retail_account,channel_outlet,prob,status,confidence,pack_dist,rel_dist,shap1,sv1,shap2,sv2
08-40229-30034,Built Puff Salted Caramel Protein Bar 1.41 Oz,00-40962-48350,Built Bar Mint Brownie Choc 1.73 Oz (18 Pk),INFRA,NATURAL EXPANDED,0.9998067055716454,Cannibalizing,Low,,5,donor_base_units_pct_chg,9.20164844200188,donor_velocity_spm_pct_chg,-0.2956944937031678
08-40229-30034,Built Puff Salted Caramel Protein Bar 1.41 Oz,08-40229-30037,Built Puff Coconut Protein Bar 1.41 Oz,MAVERIK,CONVENIENCE - SPINS,0.00014808898723284693,Incremental,Low,,5,donor_base_units_pct_chg,-8.03578356842448,donor_post_13w_promo_weeks,-0.22830545409116987
08-40229-30034,Built Puff Salted Caramel Protein Bar 1.41 Oz,08-40229-30037,Built Puff Coconut Protein Bar 1.41 Oz,GIANT EAGLE,CONVENTIONAL|CONVENIENCE,0.9998461445842034,Cannibalizing,Low,,5,donor_base_units_pct_chg,9.204323207127842,donor_post_13w_promo_weeks,0.2255072830306031
08-40229-30034,Built Puff Salted Caramel Protein Bar 1.41 Oz,08-40229-30037,Built Puff Coconut Protein Bar 1.41 Oz,HY-VEE,CONVENTIONAL|CONVENIENCE,7.958111550300338e-05,Incremental,Low,,5,donor_base_units_pct_chg,-8.035943506803191,donor_velocity_spm_pct_chg,-0.37344294048972093
08-40229-30034,Built Puff Salted Caramel Protein Bar 1.41 Oz,08-40229-30037,Built Puff Coconut Protein Bar 1.41 Oz,MOTOMART,CONVENTIONAL|CONVENIENCE,8.028680533512183e-05,Incremental,Low,,5,donor_base_units_pct_chg,-8.042176021040074,donor_velocity_spm_pct_chg,-0.42428618068982504
08-40229-30034,Built Puff Salted Caramel Protein Bar 1.41 Oz,08-40229-30037,Built Puff Coconut Protein Bar 1.41 Oz,AHOLD DELHAIZE,CONVENTIONAL|FOOD,0.9997729946203654,Cannibalizing,Low,,5,donor_base_units_pct_chg,9.198128051310219,donor_post_13w_promo_weeks,-0.2559760946943761
08-40229-30034,Built Puff Salted Caramel Protein Bar 1.41 Oz,08-40229-30037,Built Puff Coconut Protein Bar 1.41 Oz,ALBERTSONS COMPANIES,CONVENTIONAL|FOOD,4.532239540725243e-05,Incremental,Low,,5,donor_base_units_pct_chg,-8.03075958865773,donor_velocity_spm_pct_chg,-0.6879598573749032
08-40229-30034,Built Puff Salted Caramel Protein Bar 1.41 Oz,08-40229-30037,Built Puff Coconut Protein Bar 1.41 Oz,ASSOCIATED WHOLESALE GROCERS,CONVENTIONAL|FOOD,5.768275009692237e-05,Incremental,Low,,5,donor_base_units_pct_chg,-8.032663556057123,donor_velocity_spm_pct_chg,-0.31805006676367137
08-40229-30034,Built Puff Salted Caramel Protein Bar 1.41 Oz,08-40229-30037,Built Puff Coconut Protein Bar 1.41 Oz,DEMOULAS,CONVENTIONAL|FOOD,7.47444784259787e-05,Incremental,Low,,5,donor_base_units_pct_chg,-8.054226558077614,donor_post_13w_promo_weeks,-0.3143183573974511
08-40229-30034,Built Puff Salted Caramel Protein Bar 1.41 Oz,08-40229-30037,Built Puff Coconut Protein Bar 1.41 Oz,DIERBERGS,CONVENTIONAL|FOOD,0.0001022307906846524,Incremental,Low,,5,donor_base_units_pct_chg,-8.052294684544579,donor_post_13w_promo_weeks,-0.238022978493619
08-40229-30034,Built Puff Salted Caramel Protein Bar 1.41 Oz,08-40229-30037,Built Puff Coconut Protein Bar 1.41 Oz,HY-VEE,CONVENTIONAL|FOOD,6.073171265581864e-05,Incremental,Low,,5,donor_base_units_pct_chg,-8.033839583926799,donor_post_13w_promo_weeks,-0.3243361262285043
08-40229-30034,Built Puff Salted Caramel Protein Bar 1.41 Oz,08-40229-30037,Built Puff Coconut Protein Bar 1.41 Oz,KROGER,CONVENTIONAL|FOOD,7.779566393998689e-05,Incremental,Low,,5,donor_base_units_pct_chg,-8.035926189478085,donor_velocity_spm_pct_chg,-0.35660129419294
08-40229-30034,Built Puff Salted Caramel Protein Bar 1.41 Oz,08-40229-30037,Built Puff Coconut Protein Bar 1.41 Oz,PUBLIX,CONVENTIONAL|FOOD,0.999940464903928,Cannibalizing,Low,,5,donor_base_units_pct_chg,9.21025127404123,base_units_delta_diff,1.1849063008371137
08-40229-30034,Built Puff Salted Caramel Protein Bar 1.41 Oz,08-40229-30037,Built Puff Coconut Protein Bar 1.41 Oz,UNFI,CONVENTIONAL|FOOD,6.993586643802453e-05,Incremental,Low,,5,donor_base_units_pct_chg,-8.031769547030093,donor_post_13w_promo_weeks,-0.33943180641252363
08-40229-30034,Built Puff Salted Caramel Protein Bar 1.41 Oz,08-40229-30037,Built Puff Coconut Protein Bar 1.41 Oz,WAKEFERN,CONVENTIONAL|FOOD,0.000109901273874278,Incremental,Low,,5,donor_base_units_pct_chg,-8.039561615655112,donor_velocity_spm_pct_chg,-0.33575213832798206
08-40229-30034,Built Puff Salted Caramel Protein Bar 1.41 Oz,08-40229-30037,Built Puff Coconut Protein Bar 1.41 Oz,WEGMANS,CONVENTIONAL|FOOD,0.0001864171762360952,Incremental,Low,,5,donor_base_units_pct_chg,-8.042300419823999,donor_post_13w_promo_weeks,0.4757016826881271
08-40229-30034,Built Puff Salted Caramel Protein Bar 1.41 Oz,08-40229-30037,Built Puff Coconut Protein Bar 1.41 Oz,AHOLD DELHAIZE,CONVENTIONAL|MULTI OUTLET,7.424052664461772e-05,Incremental,Low,,5,donor_base_units_pct_chg,-8.031942982411863,donor_post_13w_promo_weeks,-0.36658703695883604
08-40229-30034,Built Puff Salted Caramel Protein Bar 1.41 Oz,08-40229-30037,Built Puff Coconut Protein Bar 1.41 Oz,ALBERTSONS COMPANIES,CONVENTIONAL|MULTI OUTLET,0.00010436560264120908,Incremental,Low,,5,donor_base_units_pct_chg,-8.031153892523461,donor_post_13w_promo_weeks,-0.2616642157071918
08-40229-30034,Built Puff Salted Caramel Protein Bar 1.41 Oz,08-40229-30037,Built Puff Coconut Protein Bar 1.41 Oz,BJS,CONVENTIONAL|MULTI OUTLET,8.141401828077653e-05,Incremental,Low,,5,donor_base_units_pct_chg,-8.032082824230153,donor_post_13w_promo_weeks,-0.3640640606886037
08-40229-30034,Built Puff Salted Caramel Protein Bar 1.41 Oz,08-40229-30037,Built Puff Coconut Protein Bar 1.41 Oz,CVS,CONVENTIONAL|MULTI OUTLET,9.623168338471696e-05,Incremental,Low,,5,donor_base_units_pct_chg,-8.03574715443683,donor_post_13w_promo_weeks,-0.3262921061743041
08-40229-30034,Built Puff Salted Caramel Protein Bar 1.41 Oz,08-40229-30037,Built Puff Coconut Protein Bar 1.41 Oz,GIANT EAGLE,CONVENTIONAL|MULTI OUTLET,8.728571052021263e-05,Incremental,Low,,5,donor_base_units_pct_chg,-8.028613614355317,donor_post_13w_promo_weeks,-0.24326113592381599
08-40229-30034,Built Puff Salted Caramel Protein Bar 1.41 Oz,08-40229-30037,Built Puff Coconut Protein Bar 1.41 Oz,KROGER,CONVENTIONAL|MULTI OUTLET,9.56910920896982e-05,Incremental,Low,,5,donor_base_units_pct_chg,-8.03311694353847,donor_post_13w_promo_weeks,-0.31199861613397445
08-40229-30034,Built Puff Salted Caramel Protein Bar 1.41 Oz,08-40229-30037,Built Puff Coconut Protein Bar 1.41 Oz,MEIJER,CONVENTIONAL|MULTI OUTLET,7.159935745942927e-05,Incremental,Low,,5,donor_base_units_pct_chg,-8.034232599111313,donor_post_13w_promo_weeks,-0.2789976936395486
08-40229-30034,Built Puff Salted Caramel Protein Bar 1.41 Oz,08-40229-30037,Built Puff Coconut Protein Bar 1.41 Oz,PUBLIX,CONVENTIONAL|MULTI OUTLET,6.63867421900106e-05,Incremental,Low,,5,donor_base_units_pct_chg,-8.02977858395273,donor_post_13w_promo_weeks,-0.3389608156774765
08-40229-30034,Built Puff Salted Caramel Protein Bar 1.41 Oz,08-40229-30037,Built Puff Coconut Protein Bar 1.41 Oz,SAMS,CONVENTIONAL|MULTI OUTLET,0.00010251205513797,Incremental,Low,,5,donor_base_units_pct_chg,-8.036274739235825,donor_post_13w_promo_weeks,-0.32473312151769024
08-40229-30034,Built Puff Salted Caramel Protein Bar 1.41 Oz,08-40229-30037,Built Puff Coconut Protein Bar 1.41 Oz,SOUTHEASTERN GROCERS,CONVENTIONAL|MULTI OUTLET,0.9999361014979644,Cannibalizing,Low,,5,donor_base_units_pct_chg,9.208342362887747,base_units_delta_diff,1.1406805447598993
08-40229-30034,Built Puff Salted Caramel Protein Bar 1.41 Oz,08-40229-30037,Built Puff Coconut Protein Bar 1.41 Oz,UNFI,CONVENTIONAL|MULTI OUTLET,9.700808272722172e-05,Incremental,Low,,5,donor_base_units_pct_chg,-8.035733116885506,donor_post_13w_promo_weeks,-0.328515964640502
08-40229-30034,Built Puff Salted Caramel Protein Bar 1.41 Oz,08-40229-30037,Built Puff Coconut Protein Bar 1.41 Oz,WALGREENS BOOTS ALLIANCE,CONVENTIONAL|MULTI OUTLET,9.849750324928342e-05,Incremental,Low,,5,donor_base_units_pct_chg,-8.03595873854546,donor_post_13w_promo_weeks,-0.3368710947989789
08-40229-30034,Built Puff Salted Caramel Protein Bar 1.41 Oz,08-40229-30037,Built Puff Coconut Protein Bar 1.41 Oz,WALMART,CONVENTIONAL|MULTI OUTLET,9.054728413934046e-05,Incremental,Low,,5,donor_base_units_pct_chg,-8.03549685536986,donor_post_13w_promo_weeks,-0.3399585649388049
08-40229-30034,Built Puff Salted Caramel Protein Bar 1.41 Oz,08-40229-30037,Built Puff Coconut Protein Bar 1.41 Oz,ALLEGIANCE RETAIL SERVICES,NATURAL EXPANDED,6.543766851044138e-05,Incremental,Low,,5,donor_base_units_pct_chg,-8.037032530151926,donor_velocity_spm_pct_chg,-0.2661622410858968
08-40229-30034,Built Puff Salted Caramel Protein Bar 1.41 Oz,08-40229-30037,Built Puff Coconut Protein Bar 1.41 Oz,CLARKS MARKET,NATURAL EXPANDED,0.0001234477945256189,Incremental,Low,,5,donor_base_units_pct_chg,-8.038808164996466,donor_velocity_spm_pct_chg,-0.3410463800941544
08-40229-30034,Built Puff Salted Caramel Protein Bar 1.41 Oz,08-40229-30037,Built Puff Coconut Protein Bar 1.41 Oz,GELSONS MARKET,NATURAL EXPANDED,0.9998233761565638,Cannibalizing,Low,,5,donor_base_units_pct_chg,9.194963159122135,donor_velocity_spm_pct_chg,0.21211137125491233
08-40229-30034,Built Puff Salted Caramel Protein Bar 1.41 Oz,08-40229-30037,Built Puff Coconut Protein Bar 1.41 Oz,GOOD FOOD HOLDINGS,NATURAL EXPANDED,7.855769317475292e-05,Incremental,Low,,5,donor_base_units_pct_chg,-8.044046864388136,donor_velocity_spm_pct_chg,-0.5885916442417828
08-40229-30034,Built Puff Salted Caramel Protein Bar 1.41 Oz,08-40229-30037,Built Puff Coconut Protein Bar 1.41 Oz,HARMONS NEIGHBORHOOD GROCER,NATURAL EXPANDED,0.9997813445970412,Cannibalizing,Low,,5,donor_base_units_pct_chg,9.199364440107352,donor_velocity_spm_pct_chg,0.26097379188827086
08-40229-30034,Built Puff Salted Caramel Protein Bar 1.41 Oz,08-40229-30037,Built Puff Coconut Protein Bar 1.41 Oz,INFRA,NATURAL EXPANDED,0.00011943723679427373,Incremental,Low,,5,donor_base_units_pct_chg,-8.032901562998983,donor_velocity_spm_pct_chg,0.30041728287500746
08-40229-30034,Built Puff Salted Caramel Protein Bar 1.41 Oz,08-40229-30037,Built Puff Coconut Protein Bar 1.41 Oz,NCG,NATURAL EXPANDED,9.255904783717272e-05,Incremental,Low,,5,donor_base_units_pct_chg,-8.033988090089485,donor_velocity_spm_pct_chg,-0.34539348137864123
08-40229-30034,Built Puff Salted Caramel Protein Bar 1.41 Oz,08-40229-30037,Built Puff Coconut Protein Bar 1.41 Oz,NORTHWEST GROCERS,NATURAL EXPANDED,5.734796818489316e-05,Incremental,Low,,5,donor_base_units_pct_chg,-8.032027218967844,donor_velocity_spm_pct_chg,-0.3317185604763758
08-40229-30034,Built Puff Salted Caramel Protein Bar 1.41 Oz,08-40229-30037,Built Puff Coconut Protein Bar 1.41 Oz,NUGGET MARKET,NATURAL EXPANDED,0.9998109983687912,Cannibalizing,Low,,5,donor_base_units_pct_chg,9.20105329063608,donor_velocity_spm_pct_chg,0.27363972142224324
08-40229-30034,Built Puff Salted Caramel Protein Bar 1.41 Oz,08-40229-30037,Built Puff Coconut Protein Bar 1.41 Oz,RALEYS,NATURAL EXPANDED,9.388675733256846e-05,Incremental,Low,,5,donor_base_units_pct_chg,-8.034193088654973,donor_post_13w_promo_weeks,-0.2714409701212418
08-40229-30034,Built Puff Salted Caramel Protein Bar 1.41 Oz,08-40229-30037,Built Puff Coconut Protein Bar 1.41 Oz,ROTHS FRESH MARKETS,NATURAL EXPANDED,0.0002605720863887774,Incremental,Low,,5,donor_base_units_pct_chg,-8.047174368961349,donor_post_13w_promo_weeks,0.4062592791404426
08-40229-30034,Built Puff Salted Caramel Protein Bar 1.41 Oz,08-40229-30037,Built Puff Coconut Protein Bar 1.41 Oz,SENDIKS,NATURAL EXPANDED,0.0001930514171060456,Incremental,Low,,5,donor_base_units_pct_chg,-8.03931158031153,donor_velocity_spm_pct_chg,0.2569358567676727
08-40229-30034,Built Puff Salted Caramel Protein Bar 1.41 Oz,08-40229-30037,Built Puff Coconut Protein Bar 1.41 Oz,SUNSET FOODS,NATURAL EXPANDED,0.00018462208982937417,Incremental,Low,,5,donor_base_units_pct_chg,-8.044189999481151,donor_post_13w_promo_weeks,0.3589716195400368
08-40229-30034,Built Puff Salted Caramel Protein Bar 1.41 Oz,08-40229-30037,Built Puff Coconut Protein Bar 1.41 Oz,ASSOCIATED FOOD STORES,REGIONAL & INDEP GROCERY,0.00010536670313624856,Incremental,Low,,5,donor_base_units_pct_chg,-8.038706462433709,donor_velocity_spm_pct_chg,-0.3288094479374349
08-40229-30034,Built Puff Salted Caramel Protein Bar 1.41 Oz,08-40229-30037,Built Puff Coconut Protein Bar 1.41 Oz,B AND R STORES,REGIONAL & INDEP GROCERY,0.00011637793745988092,Incremental,Low,,5,donor_base_units_pct_chg,-8.044696321578222,donor_velocity_spm_pct_chg,-0.4278236269562315
08-40229-30034,Built Puff Salted Caramel Protein Bar 1.41 Oz,08-40229-30037,Built Puff Coconut Protein Bar 1.41 Oz,BALLS FOODS,REGIONAL & INDEP GROCERY,0.999871676334398,Cannibalizing,Low,,5,donor_base_units_pct_chg,9.200087823023413,donor_post_13w_arp_discount,0.21120271139615954
08-40229-30034,Built Puff Salted Caramel Protein Bar 1.41 Oz,08-40229-30037,Built Puff Coconut Protein Bar 1.41 Oz,COBORNS,REGIONAL & INDEP GROCERY,0.9999177276178066,Cannibalizing,Low,,5,donor_base_units_pct_chg,9.201193234226496,base_units_delta_diff,0.9817548088934608
08-40229-30034,Built Puff Salted Caramel Protein Bar 1.41 Oz,08-40229-30037,Built Puff Coconut Protein Bar 1.41 Oz,COHN WHOLESALE,REGIONAL & INDEP GROCERY,0.00013553102708735004,Incremental,Low,,5,donor_base_units_pct_chg,-8.04418720645984,donor_post_13w_promo_weeks,0.3462508706093424
08-40229-30034,Built Puff Salted Caramel Protein Bar 1.41 Oz,08-40229-30037,Built Puff Coconut Protein Bar 1.41 Oz,COSENTINOS,REGIONAL & INDEP GROCERY,9.575325049553372e-05,Incremental,Low,,5,donor_base_units_pct_chg,-8.03374406509677,donor_velocity_spm_pct_chg,-0.39898802080944673
08-40229-30034,Built Puff Salted Caramel Protein Bar 1.41 Oz,08-40229-30037,Built Puff Coconut Protein Bar 1.41 Oz,HAC INC,REGIONAL & INDEP GROCERY,0.00014947281724162422,Incremental,Low,,5,donor_base_units_pct_chg,-8.041709625150796,donor_promo_week_delta,-0.19617010767794316
08-40229-30034,Built Puff Salted Caramel Protein Bar 1.41 Oz,08-40229-30037,Built Puff Coconut Protein Bar 1.41 Oz,HARPS FOOD STORES,REGIONAL & INDEP GROCERY,7.902231845677818e-05,Incremental,Low,,5,donor_base_units_pct_chg,-8.040807413188817,donor_velocity_spm_pct_chg,-0.3550950716169768
08-40229-30034,Built Puff Salted Caramel Protein Bar 1.41 Oz,08-40229-30037,Built Puff Coconut Protein Bar 1.41 Oz,HOUCHENS FOOD GROUP,REGIONAL & INDEP GROCERY,7.003021315298111e-05,Incremental,Low,,5,donor_base_units_pct_chg,-8.037490448162282,donor_velocity_spm_pct_chg,-0.2593451451424475
08-40229-30034,Built Puff Salted Caramel Protein Bar 1.41 Oz,08-40229-30037,Built Puff Coconut Protein Bar 1.41 Oz,HUGOS FAMILY MARKETPLACE,REGIONAL & INDEP GROCERY,0.00012975939417811275,Incremental,Low,,5,donor_base_units_pct_chg,-8.042147397098388,donor_post_13w_promo_weeks,0.4151717736095342
08-40229-30034,Built Puff Salted Caramel Protein Bar 1.41 Oz,08-40229-30037,Built Puff Coconut Protein Bar 1.41 Oz,MCKEEVERS,REGIONAL & INDEP GROCERY,7.803369194549609e-05,Incremental,Low,,5,donor_base_units_pct_chg,-8.035520836447112,donor_velocity_spm_pct_chg,-0.30196425796685217
08-40229-30034,Built Puff Salted Caramel Protein Bar 1.41 Oz,08-40229-30037,Built Puff Coconut Protein Bar 1.41 Oz,NORTH STATE GROCERY,REGIONAL & INDEP GROCERY,0.0001227888547492124,Incremental,Low,,5,donor_base_units_pct_chg,-8.03419017838468,donor_promo_week_delta,-0.20441383638543117
08-40229-30034,Built Puff Salted Caramel Protein Bar 1.41 Oz,08-40229-30037,Built Puff Coconut Protein Bar 1.41 Oz,NORTHWEST SUPERMARKETS,REGIONAL & INDEP GROCERY,0.9999448627430084,Cannibalizing,Low,,5,donor_base_units_pct_chg,9.19842196664438,base_units_delta_diff,0.9180555531749477
08-40229-30034,Built Puff Salted Caramel Protein Bar 1.41 Oz,08-40229-30037,Built Puff Coconut Protein Bar 1.41 Oz,PYRAMID FOODS,REGIONAL & INDEP GROCERY,7.454642748339959e-05,Incremental,Low,,5,donor_base_units_pct_chg,-8.03400884673259,donor_velocity_spm_pct_chg,-0.48249397513117864
08-40229-30034,Built Puff Salted Caramel Protein Bar 1.41 Oz,08-40229-30037,Built Puff Coconut Protein Bar 1.41 Oz,QUEENS PRICE CHOPPER,REGIONAL & INDEP GROCERY,0.00011593918159898248,Incremental,Low,,5,donor_base_units_pct_chg,-8.040908014026748,donor_velocity_spm_pct_chg,-0.3488484863082733
08-40229-30034,Built Puff Salted Caramel Protein Bar 1.41 Oz,08-40229-30037,Built Puff Coconut Protein Bar 1.41 Oz,REASORS,REGIONAL & INDEP GROCERY,9.474254335502908e-05,Incremental,Low,,5,donor_base_units_pct_chg,-8.035577832818761,donor_velocity_spm_pct_chg,-0.3709595610644088
08-40229-30034,Built Puff Salted Caramel Protein Bar 1.41 Oz,08-40229-30037,Built Puff Coconut Protein Bar 1.41 Oz,REYNOLDS MARKET,REGIONAL & INDEP GROCERY,0.0001645630184646548,Incremental,Low,,5,donor_base_units_pct_chg,-8.034366744453342,donor_post_13w_arp_discount,0.3608039209363376
08-40229-30034,Built Puff Salted Caramel Protein Bar 1.41 Oz,08-40229-30037,Built Puff Coconut Protein Bar 1.41 Oz,SKOGENS FOODLINER,REGIONAL & INDEP GROCERY,6.977264928584775e-05,Incremental,Low,,5,donor_base_units_pct_chg,-8.031628185796464,donor_velocity_spm_pct_chg,-0.3382901236163726
08-40229-30034,Built Puff Salted Caramel Protein Bar 1.41 Oz,08-40229-30037,Built Puff Coconut Protein Bar 1.41 Oz,STRACK AND VAN TIL,REGIONAL & INDEP GROCERY,0.00012394512160973862,Incremental,Low,,5,donor_base_units_pct_chg,-8.034179174597416,donor_velocity_spm_pct_chg,-0.36191039020958804
08-40229-30034,Built Puff Salted Caramel Protein Bar 1.41 Oz,08-40229-30037,Built Puff Coconut Protein Bar 1.41 Oz,TOMS FOOD MARKETS,REGIONAL & INDEP GROCERY,0.9997460586537836,Cannibalizing,Low,,5,donor_base_units_pct_chg,9.203814346414733,donor_post_13w_promo_weeks,0.40895368436743473
08-40229-30034,Built Puff Salted Caramel Protein Bar 1.41 Oz,08-40229-30037,Built Puff Coconut Protein Bar 1.41 Oz,VITAMIN SHOPPE,VITAMINS & SUPPLEMENTS,0.9998233880166056,Cannibalizing,Low,,5,donor_base_units_pct_chg,9.194835249288547,donor_velocity_spm_pct_chg,0.3895181522233056
08-40229-30034,Built Puff Salted Caramel Protein Bar 1.41 Oz,08-40229-30050,Built Puff Churro Protein Bar 1.41 Oz,MAVERIK,CONVENIENCE - SPINS,0.9998326635314052,Cannibalizing,Low,,5,donor_base_units_pct_chg,9.194459050480337,donor_velocity_spm_pct_chg,0.2485257791574706
08-40229-30034,Built Puff Salted Caramel Protein Bar 1.41 Oz,08-40229-30050,Built Puff Churro Protein Bar 1.41 Oz,AHOLD DELHAIZE,CONVENTIONAL|FOOD,7.585906663959481e-05,Incremental,Low,,5,donor_base_units_pct_chg,-8.03493491578679,donor_promo_week_delta,-0.3261224558719101
08-40229-30034,Built Puff Salted Caramel Protein Bar 1.41 Oz,08-40229-30050,Built Puff Churro Protein Bar 1.41 Oz,ASSOCIATED WHOLESALE GROCERS,CONVENTIONAL|FOOD,7.370908339875116e-05,Incremental,Low,,5,donor_base_units_pct_chg,-8.02913160846878,donor_velocity_spm_pct_chg,-0.3950093828406201
08-40229-30034,Built Puff Salted Caramel Protein Bar 1.41 Oz,08-40229-30050,Built Puff Churro Protein Bar 1.41 Oz,DEMOULAS,CONVENTIONAL|FOOD,0.9998594986949738,Cannibalizing,Low,,5,donor_base_units_pct_chg,9.197744385235609,donor_velocity_spm_pct_chg,0.24333118164814105
08-40229-30034,Built Puff Salted Caramel Protein Bar 1.41 Oz,08-40229-30050,Built Puff Churro Protein Bar 1.41 Oz,KROGER,CONVENTIONAL|FOOD,0.00019997978530118457,Incremental,Low,,5,donor_base_units_pct_chg,-8.037540246618509,donor_velocity_spm_pct_chg,-0.2885551367499832
08-40229-30034,Built Puff Salted Caramel Protein Bar 1.41 Oz,08-40229-30050,Built Puff Churro Protein Bar 1.41 Oz,PUBLIX,CONVENTIONAL|FOOD,9.777414214330056e-05,Incremental,Low,,5,donor_base_units_pct_chg,-8.043733490264438,base_units_delta_diff,-0.28172432464248304
08-40229-30034,Built Puff Salted Caramel Protein Bar 1.41 Oz,08-40229-30050,Built Puff Churro Protein Bar 1.41 Oz,UNFI,CONVENTIONAL|FOOD,0.00016408497678070138,Incremental,Low,,5,donor_base_units_pct_chg,-8.034581629602796,donor_promo_week_delta,0.22033752090727113
08-40229-30034,Built Puff Salted Caramel Protein Bar 1.41 Oz,08-40229-30050,Built Puff Churro Protein Bar 1.41 Oz,WAKEFERN,CONVENTIONAL|FOOD,0.9999588281622018,Cannibalizing,Low,,5,donor_base_units_pct_chg,9.186659759035923,base_units_delta_diff,1.0899650510741667
08-40229-30034,Built Puff Salted Caramel Protein Bar 1.41 Oz,08-40229-30050,Built Puff Churro Protein Bar 1.41 Oz,WEGMANS,CONVENTIONAL|FOOD,0.999905894162806,Cannibalizing,Low,,5,donor_base_units_pct_chg,9.194113056692212,donor_post_13w_arp_discount,0.570574408684896
08-40229-30034,Built Puff Salted Caramel Protein Bar 1.41 Oz,08-40229-30050,Built Puff Churro Protein Bar 1.41 Oz,AHOLD DELHAIZE,CONVENTIONAL|MULTI OUTLET,9.447410209798472e-05,Incremental,Low,,5,donor_base_units_pct_chg,-8.03945777514902,donor_velocity_spm_pct_chg,-0.30325583662753797
08-40229-30034,Built Puff Salted Caramel Protein Bar 1.41 Oz,08-40229-30050,Built Puff Churro Protein Bar 1.41 Oz,ALBERTSONS COMPANIES,CONVENTIONAL|MULTI OUTLET,0.00010524055453228375,Incremental,Low,,5,donor_base_units_pct_chg,-8.03384087127626,donor_post_13w_promo_weeks,-0.296590297132897
08-40229-30034,Built Puff Salted Caramel Protein Bar 1.41 Oz,08-40229-30050,Built Puff Churro Protein Bar 1.41 Oz,BJS,CONVENTIONAL|MULTI OUTLET,0.0001402540217198606,Incremental,Low,,5,donor_base_units_pct_chg,-8.038836459570934,donor_post_13w_promo_weeks,-0.26820298127471487
08-40229-30034,Built Puff Salted Caramel Protein Bar 1.41 Oz,08-40229-30050,Built Puff Churro Protein Bar 1.41 Oz,CVS,CONVENTIONAL|MULTI OUTLET,6.89236337135445e-05,Incremental,Low,,5,donor_base_units_pct_chg,-8.037518716419251,donor_velocity_spm_pct_chg,-0.3665913715974931
08-40229-30034,Built Puff Salted Caramel Protein Bar 1.41 Oz,08-40229-30050,Built Puff Churro Protein Bar 1.41 Oz,GIANT EAGLE,CONVENTIONAL|MULTI OUTLET,0.9997992176135572,Cannibalizing,Low,,5,donor_base_units_pct_chg,9.197420672234454,donor_velocity_spm_pct_chg,-0.31407092600386965
08-40229-30034,Built Puff Salted Caramel Protein Bar 1.41 Oz,08-40229-30050,Built Puff Churro Protein Bar 1.41 Oz,KROGER,CONVENTIONAL|MULTI OUTLET,8.847995643878962e-05,Incremental,Low,,5,donor_base_units_pct_chg,-8.033667477505533,donor_post_13w_promo_weeks,-0.32201422574983746
08-40229-30034,Built Puff Salted Caramel Protein Bar 1.41 Oz,08-40229-30050,Built Puff Churro Protein Bar 1.41 Oz,MEIJER,CONVENTIONAL|MULTI OUTLET,6.658645054041753e-05,Incremental,Low,,5,donor_base_units_pct_chg,-8.037771969230466,donor_velocity_spm_pct_chg,-0.28583935785167364
08-40229-30034,Built Puff Salted Caramel Protein Bar 1.41 Oz,08-40229-30050,Built Puff Churro Protein Bar 1.41 Oz,PUBLIX,CONVENTIONAL|MULTI OUTLET,7.21364743488964e-05,Incremental,Low,,5,donor_base_units_pct_chg,-8.03660130239886,donor_velocity_spm_pct_chg,-0.30004984008294533
08-40229-30034,Built Puff Salted Caramel Protein Bar 1.41 Oz,08-40229-30050,Built Puff Churro Protein Bar 1.41 Oz,SAMS,CONVENTIONAL|MULTI OUTLET,6.970349841030098e-05,Incremental,Low,,5,donor_base_units_pct_chg,-8.037695262984027,donor_velocity_spm_pct_chg,-0.3713245578587553
08-40229-30034,Built Puff Salted Caramel Protein Bar 1.41 Oz,08-40229-30050,Built Puff Churro Protein Bar 1.41 Oz,SOUTHEASTERN GROCERS,CONVENTIONAL|MULTI OUTLET,0.00014251106112030706,Incremental,Low,,5,donor_base_units_pct_chg,-8.041900316036639,donor_promo_week_delta,-0.3449441821397851
08-40229-30034,Built Puff Salted Caramel Protein Bar 1.41 Oz,08-40229-30050,Built Puff Churro Protein Bar 1.41 Oz,UNFI,CONVENTIONAL|MULTI OUTLET,0.00011877135677135998,Incremental,Low,,5,donor_base_units_pct_chg,-8.037002311725105,donor_post_13w_promo_weeks,-0.29321255725686995
08-40229-30034,Built Puff Salted Caramel Protein Bar 1.41 Oz,08-40229-30050,Built Puff Churro Protein Bar 1.41 Oz,WALGREENS BOOTS ALLIANCE,CONVENTIONAL|MULTI OUTLET,6.970349841030098e-05,Incremental,Low,,5,donor_base_units_pct_chg,-8.037694926619968,donor_velocity_spm_pct_chg,-0.37135235210732204
08-40229-30034,Built Puff Salted Caramel Protein Bar 1.41 Oz,08-40229-30050,Built Puff Churro Protein Bar 1.41 Oz,WALMART,CONVENTIONAL|MULTI OUTLET,6.96787298756238e-05,Incremental,Low,,5,donor_base_units_pct_chg,-8.037676925882268,donor_velocity_spm_pct_chg,-0.3852877869955043
08-40229-30034,Built Puff Salted Caramel Protein Bar 1.41 Oz,08-40229-30050,Built Puff Churro Protein Bar 1.41 Oz,ALLEGIANCE RETAIL SERVICES,NATURAL EXPANDED,0.00010902573012857878,Incremental,Low,,5,donor_base_units_pct_chg,-8.042888404173114,donor_post_13w_promo_weeks,0.40974779921303056
08-40229-30034,Built Puff Salted Caramel Protein Bar 1.41 Oz,08-40229-30050,Built Puff Churro Protein Bar 1.41 Oz,CLARKS MARKET,NATURAL EXPANDED,0.000206753987676076,Incremental,Low,,5,donor_base_units_pct_chg,-8.038104584446522,donor_promo_week_delta,0.18317973929252024
08-40229-30034,Built Puff Salted Caramel Protein Bar 1.41 Oz,08-40229-30050,Built Puff Churro Protein Bar 1.41 Oz,HARMONS NEIGHBORHOOD GROCER,NATURAL EXPANDED,0.999779809798553,Cannibalizing,Low,,5,donor_base_units_pct_chg,9.199209841954788,donor_velocity_spm_pct_chg,0.26273259485575085
08-40229-30034,Built Puff Salted Caramel Protein Bar 1.41 Oz,08-40229-30050,Built Puff Churro Protein Bar 1.41 Oz,INFRA,NATURAL EXPANDED,0.00023462445438362516,Incremental,Low,,5,donor_base_units_pct_chg,-8.03737951083603,donor_post_13w_arp_discount,0.3572320058644164
08-40229-30034,Built Puff Salted Caramel Protein Bar 1.41 Oz,08-40229-30050,Built Puff Churro Protein Bar 1.41 Oz,SUNSET FOODS,NATURAL EXPANDED,0.000236374722312686,Incremental,Low,,5,donor_base_units_pct_chg,-8.043230262185041,donor_post_13w_promo_weeks,0.3808236086430078
08-40229-30034,Built Puff Salted Caramel Protein Bar 1.41 Oz,08-40229-30050,Built Puff Churro Protein Bar 1.41 Oz,ASSOCIATED FOOD STORES,REGIONAL & INDEP GROCERY,0.00012810002556470882,Incremental,Low,,5,donor_base_units_pct_chg,-8.034929500683385,donor_velocity_spm_pct_chg,-0.3229426125304381
08-40229-30034,Built Puff Salted Caramel Protein Bar 1.41 Oz,08-40229-30050,Built Puff Churro Protein Bar 1.41 Oz,COBORNS,REGIONAL & INDEP GROCERY,0.9999476131617536,Cannibalizing,Low,,5,donor_base_units_pct_chg,9.206392148240493,base_units_delta_diff,0.6388311849720806
08-40229-30034,Built Puff Salted Caramel Protein Bar 1.41 Oz,08-40229-30050,Built Puff Churro Protein Bar 1.41 Oz,COHN WHOLESALE,REGIONAL & INDEP GROCERY,0.00010383235893878042,Incremental,Low,,5,donor_base_units_pct_chg,-8.040546980878405,donor_velocity_spm_pct_chg,-0.3935432669808365
08-40229-30034,Built Puff Salted Caramel Protein Bar 1.41 Oz,08-40229-30050,Built Puff Churro Protein Bar 1.41 Oz,MCKEEVERS,REGIONAL & INDEP GROCERY,0.00015570581052905334,Incremental,Low,,5,donor_base_units_pct_chg,-8.043992370819794,donor_post_13w_promo_weeks,0.46160172070315075
08-40229-30034,Built Puff Salted Caramel Protein Bar 1.41 Oz,08-40229-30050,Built Puff Churro Protein Bar 1.41 Oz,REYNOLDS MARKET,REGIONAL & INDEP GROCERY,0.00015665685197640636,Incremental,Low,,5,donor_base_units_pct_chg,-8.03502024643549,donor_velocity_spm_pct_chg,-0.3618996076814267
08-40229-30034,Built Puff Salted Caramel Protein Bar 1.41 Oz,08-40229-30050,Built Puff Churro Protein Bar 1.41 Oz,SCHNUCKS,REGIONAL & INDEP GROCERY,0.0001141770473680236,Incremental,Low,,5,donor_base_units_pct_chg,-8.034776015299837,donor_velocity_spm_pct_chg,-0.40055754952272266
08-40229-30034,Built Puff Salted Caramel Protein Bar 1.41 Oz,08-40229-30050,Built Puff Churro Protein Bar 1.41 Oz,SKOGENS FOODLINER,REGIONAL & INDEP GROCERY,0.9996624361935224,Cannibalizing,Low,,5,donor_base_units_pct_chg,9.200804345627969,donor_velocity_spm_pct_chg,-0.3143542229639532
08-40229-30034,Built Puff Salted Caramel Protein Bar 1.41 Oz,08-40229-30053,Built Puff Banana Cream Pie Protein Bar 1.41 Oz,UNFI,CONVENTIONAL|FOOD,0.999923725525528,Cannibalizing,Low,,5,donor_base_units_pct_chg,9.196743167039369,donor_velocity_spm_pct_chg,0.448960077514878
08-40229-30034,Built Puff Salted Caramel Protein Bar 1.41 Oz,08-40229-30053,Built Puff Banana Cream Pie Protein Bar 1.41 Oz,AHOLD DELHAIZE,CONVENTIONAL|MULTI OUTLET,0.00020267395650726863,Incremental,Low,,5,donor_base_units_pct_chg,-8.037693869193404,donor_promo_week_delta,0.32566509846672453
08-40229-30034,Built Puff Salted Caramel Protein Bar 1.41 Oz,08-40229-30053,Built Puff Banana Cream Pie Protein Bar 1.41 Oz,BJS,CONVENTIONAL|MULTI OUTLET,0.0002026743479109486,Incremental,Low,,5,donor_base_units_pct_chg,-8.038195104739822,donor_promo_week_delta,0.29121361457384903
08-40229-30034,Built Puff Salted Caramel Protein Bar 1.41 Oz,08-40229-30053,Built Puff Banana Cream Pie Protein Bar 1.41 Oz,CVS,CONVENTIONAL|MULTI OUTLET,0.999913226019326,Cannibalizing,Low,,5,donor_base_units_pct_chg,9.203194732195344,donor_velocity_spm_pct_chg,0.38003231281179456
08-40229-30034,Built Puff Salted Caramel Protein Bar 1.41 Oz,08-40229-30053,Built Puff Banana Cream Pie Protein Bar 1.41 Oz,SAMS,CONVENTIONAL|MULTI OUTLET,0.999913229320655,Cannibalizing,Low,,5,donor_base_units_pct_chg,9.203370979293346,donor_velocity_spm_pct_chg,0.3670146004622944
08-40229-30034,Built Puff Salted Caramel Protein Bar 1.41 Oz,08-40229-30053,Built Puff Banana Cream Pie Protein Bar 1.41 Oz,UNFI,CONVENTIONAL|MULTI OUTLET,0.00020160909146162335,Incremental,Low,,5,donor_base_units_pct_chg,-8.038842245415301,donor_promo_week_delta,0.3194371995260644
08-40229-30034,Built Puff Salted Caramel Protein Bar 1.41 Oz,08-40229-30053,Built Puff Banana Cream Pie Protein Bar 1.41 Oz,WALGREENS BOOTS ALLIANCE,CONVENTIONAL|MULTI OUTLET,0.999913164785311,Cannibalizing,Low,,5,donor_base_units_pct_chg,9.201864832784945,donor_velocity_spm_pct_chg,0.36721782564075406
08-40229-30034,Built Puff Salted Caramel Protein Bar 1.41 Oz,08-40229-30053,Built Puff Banana Cream Pie Protein Bar 1.41 Oz,WALMART,CONVENTIONAL|MULTI OUTLET,0.999913226019326,Cannibalizing,Low,,5,donor_base_units_pct_chg,9.203164653037366,donor_velocity_spm_pct_chg,0.36791612370063015
08-40229-30034,Built Puff Salted Caramel Protein Bar 1.41 Oz,08-40229-30053,Built Puff Banana Cream Pie Protein Bar 1.41 Oz,INFRA,NATURAL EXPANDED,0.0001512888973862559,Incremental,Low,,5,donor_base_units_pct_chg,-8.035748067400103,donor_velocity_spm_pct_chg,0.18760029488550306
08-40229-30034,Built Puff Salted Caramel Protein Bar 1.41 Oz,08-40229-30053,Built Puff Banana Cream Pie Protein Bar 1.41 Oz,ASSOCIATED FOOD STORES,REGIONAL & INDEP GROCERY,0.999723637943668,Cannibalizing,Low,,5,donor_base_units_pct_chg,9.203641905244805,donor_promo_week_delta,-0.21922698668583993
08-40229-30034,Built Puff Salted Caramel Protein Bar 1.41 Oz,08-40229-30071,Built Double Chocolate Fudge Bar 1.69oz,HY-VEE,CONVENTIONAL|CONVENIENCE,0.00010992451197590189,Incremental,Low,,5,donor_base_units_pct_chg,-8.038758293151119,donor_velocity_spm_pct_chg,-0.2678516648500399
08-40229-30034,Built Puff Salted Caramel Protein Bar 1.41 Oz,08-40229-30071,Built Double Chocolate Fudge Bar 1.69oz,ASSOCIATED WHOLESALE GROCERS,CONVENTIONAL|FOOD,0.00011593234215184643,Incremental,Low,,5,donor_base_units_pct_chg,-8.03198996961489,donor_promo_week_delta,-0.20948864873830675
08-40229-30034,Built Puff Salted Caramel Protein Bar 1.41 Oz,08-40229-30071,Built Double Chocolate Fudge Bar 1.69oz,HY-VEE,CONVENTIONAL|FOOD,8.123957000950971e-05,Incremental,Low,,5,donor_base_units_pct_chg,-8.031551726011589,donor_post_13w_promo_weeks,-0.3292224101028181
08-40229-30034,Built Puff Salted Caramel Protein Bar 1.41 Oz,08-40229-30071,Built Double Chocolate Fudge Bar 1.69oz,KROGER,CONVENTIONAL|FOOD,0.0001065369042784832,Incremental,Low,,5,donor_base_units_pct_chg,-8.045269616067907,donor_velocity_spm_pct_chg,-0.431725967936411
08-40229-30034,Built Puff Salted Caramel Protein Bar 1.41 Oz,08-40229-30071,Built Double Chocolate Fudge Bar 1.69oz,PUBLIX,CONVENTIONAL|FOOD,0.9999281772002652,Cannibalizing,Low,,5,donor_base_units_pct_chg,9.18832802350075,donor_promo_week_delta,0.49979581366483306
08-40229-30034,Built Puff Salted Caramel Protein Bar 1.41 Oz,08-40229-30071,Built Double Chocolate Fudge Bar 1.69oz,UNFI,CONVENTIONAL|FOOD,0.9995636712379232,Cannibalizing,Low,,5,donor_base_units_pct_chg,9.196645544737827,donor_post_13w_promo_weeks,-0.3309361179807101
08-40229-30034,Built Puff Salted Caramel Protein Bar 1.41 Oz,08-40229-30071,Built Double Chocolate Fudge Bar 1.69oz,AHOLD DELHAIZE,CONVENTIONAL|MULTI OUTLET,0.9998542016913606,Cannibalizing,Low,,5,donor_base_units_pct_chg,9.195533103404731,donor_promo_week_delta,0.3745707283747908
08-40229-30034,Built Puff Salted Caramel Protein Bar 1.41 Oz,08-40229-30071,Built Double Chocolate Fudge Bar 1.69oz,ALBERTSONS COMPANIES,CONVENTIONAL|MULTI OUTLET,0.9997314871521088,Cannibalizing,Low,,5,donor_base_units_pct_chg,9.197217893987602,donor_post_13w_promo_weeks,-0.27172817505182356
08-40229-30034,Built Puff Salted Caramel Protein Bar 1.41 Oz,08-40229-30071,Built Double Chocolate Fudge Bar 1.69oz,BJS,CONVENTIONAL|MULTI OUTLET,0.9998279415806874,Cannibalizing,Low,,5,donor_base_units_pct_chg,9.19174500555824,donor_promo_week_delta,0.37392569393716923
08-40229-30034,Built Puff Salted Caramel Protein Bar 1.41 Oz,08-40229-30071,Built Double Chocolate Fudge Bar 1.69oz,CVS,CONVENTIONAL|MULTI OUTLET,0.00013473189989452142,Incremental,Low,,5,donor_base_units_pct_chg,-8.057825144820645,donor_velocity_spm_pct_chg,0.3600758985312294
08-40229-30034,Built Puff Salted Caramel Protein Bar 1.41 Oz,08-40229-30071,Built Double Chocolate Fudge Bar 1.69oz,GIANT EAGLE,CONVENTIONAL|MULTI OUTLET,0.9998909867208442,Cannibalizing,Low,,5,donor_base_units_pct_chg,9.210535590920744,donor_post_13w_promo_weeks,0.43778137865249817
08-40229-30034,Built Puff Salted Caramel Protein Bar 1.41 Oz,08-40229-30071,Built Double Chocolate Fudge Bar 1.69oz,KROGER,CONVENTIONAL|MULTI OUTLET,0.0001356420813289689,Incremental,Low,,5,donor_base_units_pct_chg,-8.03801260714424,donor_velocity_spm_pct_chg,0.3981885224233695
08-40229-30034,Built Puff Salted Caramel Protein Bar 1.41 Oz,08-40229-30071,Built Double Chocolate Fudge Bar 1.69oz,MEIJER,CONVENTIONAL|MULTI OUTLET,0.00012448519607237047,Incremental,Low,,5,donor_base_units_pct_chg,-8.041420067999976,base_units_delta_diff,-0.18515764740330476
08-40229-30034,Built Puff Salted Caramel Protein Bar 1.41 Oz,08-40229-30071,Built Double Chocolate Fudge Bar 1.69oz,PUBLIX,CONVENTIONAL|MULTI OUTLET,0.0001155216008731464,Incremental,Low,,5,donor_base_units_pct_chg,-8.037680754437698,donor_velocity_spm_pct_chg,-0.33702849788346123
08-40229-30034,Built Puff Salted Caramel Protein Bar 1.41 Oz,08-40229-30071,Built Double Chocolate Fudge Bar 1.69oz,SAMS,CONVENTIONAL|MULTI OUTLET,0.00013939385512252845,Incremental,Low,,5,donor_base_units_pct_chg,-8.049669769717235,donor_velocity_spm_pct_chg,0.40403888494175366
08-40229-30034,Built Puff Salted Caramel Protein Bar 1.41 Oz,08-40229-30071,Built Double Chocolate Fudge Bar 1.69oz,SOUTHEASTERN GROCERS,CONVENTIONAL|MULTI OUTLET,0.9999210097013012,Cannibalizing,Low,,5,donor_base_units_pct_chg,9.188182321459694,donor_post_13w_promo_weeks,0.44943603011045596
08-40229-30034,Built Puff Salted Caramel Protein Bar 1.41 Oz,08-40229-30071,Built Double Chocolate Fudge Bar 1.69oz,UNFI,CONVENTIONAL|MULTI OUTLET,0.00014177810347197948,Incremental,Low,,5,donor_base_units_pct_chg,-8.04082603086102,donor_velocity_spm_pct_chg,0.3895930618113123
08-40229-30034,Built Puff Salted Caramel Protein Bar 1.41 Oz,08-40229-30071,Built Double Chocolate Fudge Bar 1.69oz,WALGREENS BOOTS ALLIANCE,CONVENTIONAL|MULTI OUTLET,0.000138829727060317,Incremental,Low,,5,donor_base_units_pct_chg,-8.054549334630593,donor_velocity_spm_pct_chg,0.40496640231139336
08-40229-30034,Built Puff Salted Caramel Protein Bar 1.41 Oz,08-40229-30071,Built Double Chocolate Fudge Bar 1.69oz,WALMART,CONVENTIONAL|MULTI OUTLET,0.00014020622295089332,Incremental,Low,,5,donor_base_units_pct_chg,-8.054513009360148,donor_velocity_spm_pct_chg,0.40379986792005096
08-40229-30034,Built Puff Salted Caramel Protein Bar 1.41 Oz,08-40229-30071,Built Double Chocolate Fudge Bar 1.69oz,CLARKS MARKET,NATURAL EXPANDED,0.0001431368106778403,Incremental,Low,,5,donor_base_units_pct_chg,-8.039260980450697,donor_velocity_spm_pct_chg,-0.32614423711868984
08-40229-30034,Built Puff Salted Caramel Protein Bar 1.41 Oz,08-40229-30071,Built Double Chocolate Fudge Bar 1.69oz,HARMONS NEIGHBORHOOD GROCER,NATURAL EXPANDED,6.064905611363905e-05,Incremental,Low,,5,donor_base_units_pct_chg,-8.05928797417464,donor_velocity_spm_pct_chg,-0.2642858098343604
08-40229-30034,Built Puff Salted Caramel Protein Bar 1.41 Oz,08-40229-30071,Built Double Chocolate Fudge Bar 1.69oz,INFRA,NATURAL EXPANDED,0.9998704516240268,Cannibalizing,Low,,5,donor_base_units_pct_chg,9.1998359466788,donor_velocity_spm_pct_chg,0.3191573631130242
08-40229-30034,Built Puff Salted Caramel Protein Bar 1.41 Oz,08-40229-30071,Built Double Chocolate Fudge Bar 1.69oz,NUGGET MARKET,NATURAL EXPANDED,0.999868948990334,Cannibalizing,Low,,5,donor_base_units_pct_chg,9.190110417267494,donor_post_13w_promo_weeks,0.5065697327867587
08-40229-30034,Built Puff Salted Caramel Protein Bar 1.41 Oz,08-40229-30071,Built Double Chocolate Fudge Bar 1.69oz,RALEYS,NATURAL EXPANDED,0.999897305115303,Cannibalizing,Low,,5,donor_base_units_pct_chg,9.183779615372718,donor_promo_week_delta,0.5026397438985151
08-40229-30034,Built Puff Salted Caramel Protein Bar 1.41 Oz,08-40229-30071,Built Double Chocolate Fudge Bar 1.69oz,SENDIKS,NATURAL EXPANDED,0.9998426318781036,Cannibalizing,Low,,5,donor_base_units_pct_chg,9.179721076008242,donor_post_13w_promo_weeks,0.5356006553853977
08-40229-30034,Built Puff Salted Caramel Protein Bar 1.41 Oz,08-40229-30071,Built Double Chocolate Fudge Bar 1.69oz,ASSOCIATED FOOD STORES,REGIONAL & INDEP GROCERY,0.00020780489132347208,Incremental,Low,,5,donor_base_units_pct_chg,-8.032957926552385,donor_velocity_spm_pct_chg,-0.3362106634876863
08-40229-30034,Built Puff Salted Caramel Protein Bar 1.41 Oz,08-40229-30071,Built Double Chocolate Fudge Bar 1.69oz,COSENTINOS,REGIONAL & INDEP GROCERY,0.9999191421228778,Cannibalizing,Low,,5,donor_base_units_pct_chg,9.16859821894406,donor_post_13w_units_pct_promo,0.470504345571946
08-40229-30034,Built Puff Salted Caramel Protein Bar 1.41 Oz,08-40229-30071,Built Double Chocolate Fudge Bar 1.69oz,MCKEEVERS,REGIONAL & INDEP GROCERY,9.327928116303496e-05,Incremental,Low,,5,donor_base_units_pct_chg,-8.037047054671108,donor_velocity_spm_pct_chg,-0.3468117458446075
08-40229-30034,Built Puff Salted Caramel Protein Bar 1.41 Oz,08-40229-30071,Built Double Chocolate Fudge Bar 1.69oz,PYRAMID FOODS,REGIONAL & INDEP GROCERY,0.9997571780080262,Cannibalizing,Low,,5,donor_base_units_pct_chg,9.195335480803132,donor_velocity_spm_pct_chg,-0.33567698221745895
08-40229-30034,Built Puff Salted Caramel Protein Bar 1.41 Oz,08-40229-30071,Built Double Chocolate Fudge Bar 1.69oz,REASORS,REGIONAL & INDEP GROCERY,0.999885397753002,Cannibalizing,Low,,5,donor_base_units_pct_chg,9.180936220366396,donor_post_13w_promo_weeks,0.5520915181661866
08-40229-30034,Built Puff Salted Caramel Protein Bar 1.41 Oz,08-40229-30071,Built Double Chocolate Fudge Bar 1.69oz,REYNOLDS MARKET,REGIONAL & INDEP GROCERY,0.0001645630184646548,Incremental,Low,,5,donor_base_units_pct_chg,-8.034335165266787,donor_post_13w_arp_discount,0.3599922772507331
08-40229-30034,Built Puff Salted Caramel Protein Bar 1.41 Oz,08-40229-30071,Built Double Chocolate Fudge Bar 1.69oz,SKOGENS FOODLINER,REGIONAL & INDEP GROCERY,0.0001284012836899329,Incremental,Low,,5,donor_base_units_pct_chg,-8.033619478493817,donor_velocity_spm_pct_chg,-0.27830146602846156
08-40229-30034,Built Puff Salted Caramel Protein Bar 1.41 Oz,08-40229-30099,Built Coconut Bar 1.69oz,HY-VEE,CONVENTIONAL|CONVENIENCE,0.0001378539363106844,Incremental,Low,,5,donor_base_units_pct_chg,-8.040998017660058,donor_velocity_spm_pct_chg,-0.4342539016869235
08-40229-30034,Built Puff Salted Caramel Protein Bar 1.41 Oz,08-40229-30099,Built Coconut Bar 1.69oz,ASSOCIATED WHOLESALE GROCERS,CONVENTIONAL|FOOD,0.999932812747908,Cannibalizing,Low,,5,donor_base_units_pct_chg,9.171899613777402,donor_post_13w_units_pct_promo,0.7242248241575353
08-40229-30034,Built Puff Salted Caramel Protein Bar 1.41 Oz,08-40229-30099,Built Coconut Bar 1.69oz,HY-VEE,CONVENTIONAL|FOOD,7.064270371106414e-05,Incremental,Low,,5,donor_base_units_pct_chg,-8.03265093819609,donor_post_13w_promo_weeks,-0.2953662416979613
08-40229-30034,Built Puff Salted Caramel Protein Bar 1.41 Oz,08-40229-30099,Built Coconut Bar 1.69oz,UNFI,CONVENTIONAL|FOOD,6.833847469458705e-05,Incremental,Low,,5,donor_base_units_pct_chg,-8.057611940254947,donor_post_13w_promo_weeks,-0.28646635300764495
08-40229-30034,Built Puff Salted Caramel Protein Bar 1.41 Oz,08-40229-30099,Built Coconut Bar 1.69oz,AHOLD DELHAIZE,CONVENTIONAL|MULTI OUTLET,0.00016885308096150234,Incremental,Low,,5,donor_base_units_pct_chg,-8.043457428721856,donor_velocity_spm_pct_chg,-0.4177639204332341
08-40229-30034,Built Puff Salted Caramel Protein Bar 1.41 Oz,08-40229-30099,Built Coconut Bar 1.69oz,ALBERTSONS COMPANIES,CONVENTIONAL|MULTI OUTLET,5.5197972244691446e-05,Incremental,Low,,5,donor_base_units_pct_chg,-8.058073017119296,donor_velocity_spm_pct_chg,-0.3119454029861017
08-40229-30034,Built Puff Salted Caramel Protein Bar 1.41 Oz,08-40229-30099,Built Coconut Bar 1.69oz,BJS,CONVENTIONAL|MULTI OUTLET,0.0002912085619884926,Incremental,Low,,5,donor_base_units_pct_chg,-8.052268419689236,donor_post_13w_promo_weeks,0.47040603930017755
08-40229-30034,Built Puff Salted Caramel Protein Bar 1.41 Oz,08-40229-30099,Built Coconut Bar 1.69oz,CVS,CONVENTIONAL|MULTI OUTLET,0.9997963367392344,Cannibalizing,Low,,5,donor_base_units_pct_chg,9.197593530099699,donor_velocity_spm_pct_chg,0.364472652465044
08-40229-30034,Built Puff Salted Caramel Protein Bar 1.41 Oz,08-40229-30099,Built Coconut Bar 1.69oz,KROGER,CONVENTIONAL|MULTI OUTLET,0.9997786489965782,Cannibalizing,Low,,5,donor_base_units_pct_chg,9.193589102349264,donor_post_13w_promo_weeks,-0.2879565373084771
08-40229-30034,Built Puff Salted Caramel Protein Bar 1.41 Oz,08-40229-30099,Built Coconut Bar 1.69oz,MEIJER,CONVENTIONAL|MULTI OUTLET,0.00013651337843385549,Incremental,Low,,5,donor_base_units_pct_chg,-8.040454256583551,donor_velocity_spm_pct_chg,0.24043200576079599
08-40229-30034,Built Puff Salted Caramel Protein Bar 1.41 Oz,08-40229-30099,Built Coconut Bar 1.69oz,PUBLIX,CONVENTIONAL|MULTI OUTLET,0.999880872375308,Cannibalizing,Low,,5,donor_base_units_pct_chg,9.211622281995758,donor_post_13w_promo_weeks,0.5942918881827075
08-40229-30034,Built Puff Salted Caramel Protein Bar 1.41 Oz,08-40229-30099,Built Coconut Bar 1.69oz,SAMS,CONVENTIONAL|MULTI OUTLET,0.00012016235213080605,Incremental,Low,,5,donor_base_units_pct_chg,-8.058179853848978,donor_velocity_spm_pct_chg,0.3292221596238127
08-40229-30034,Built Puff Salted Caramel Protein Bar 1.41 Oz,08-40229-30099,Built Coconut Bar 1.69oz,UNFI,CONVENTIONAL|MULTI OUTLET,0.00015416155672409666,Incremental,Low,,5,donor_base_units_pct_chg,-8.055383041717134,donor_velocity_spm_pct_chg,0.33357137220984096
08-40229-30034,Built Puff Salted Caramel Protein Bar 1.41 Oz,08-40229-30099,Built Coconut Bar 1.69oz,WALGREENS BOOTS ALLIANCE,CONVENTIONAL|MULTI OUTLET,0.00012016235213080605,Incremental,Low,,5,donor_base_units_pct_chg,-8.058179860990705,donor_velocity_spm_pct_chg,0.3296581105752859
08-40229-30034,Built Puff Salted Caramel Protein Bar 1.41 Oz,08-40229-30099,Built Coconut Bar 1.69oz,WALMART,CONVENTIONAL|MULTI OUTLET,0.00014516585574320592,Incremental,Low,,5,donor_base_units_pct_chg,-8.058545881608923,donor_velocity_spm_pct_chg,0.36926958289359196
08-40229-30034,Built Puff Salted Caramel Protein Bar 1.41 Oz,08-40229-30099,Built Coconut Bar 1.69oz,CLARKS MARKET,NATURAL EXPANDED,0.00011798030960968944,Incremental,Low,,5,donor_base_units_pct_chg,-8.03890380357941,donor_velocity_spm_pct_chg,-0.26361579623356746
08-40229-30034,Built Puff Salted Caramel Protein Bar 1.41 Oz,08-40229-30099,Built Coconut Bar 1.69oz,GOOD FOOD HOLDINGS,NATURAL EXPANDED,0.9998968194932402,Cannibalizing,Low,,5,donor_base_units_pct_chg,9.186940963537923,donor_post_13w_promo_weeks,0.5471441142867397
08-40229-30034,Built Puff Salted Caramel Protein Bar 1.41 Oz,08-40229-30099,Built Coconut Bar 1.69oz,HARMONS NEIGHBORHOOD GROCER,NATURAL EXPANDED,7.587127175002346e-05,Incremental,Low,,5,donor_base_units_pct_chg,-8.055353501237414,donor_promo_week_delta,-0.2504893625727297
08-40229-30034,Built Puff Salted Caramel Protein Bar 1.41 Oz,08-40229-30099,Built Coconut Bar 1.69oz,INFRA,NATURAL EXPANDED,0.00019931555506456572,Incremental,Low,,5,donor_base_units_pct_chg,-8.028700092952121,donor_post_13w_promo_weeks,0.19291107945251046
08-40229-30034,Built Puff Salted Caramel Protein Bar 1.41 Oz,08-40229-30099,Built Coconut Bar 1.69oz,NUGGET MARKET,NATURAL EXPANDED,0.999889602904251,Cannibalizing,Low,,5,donor_base_units_pct_chg,9.189511362372466,donor_post_13w_promo_weeks,0.4822771454484453
08-40229-30034,Built Puff Salted Caramel Protein Bar 1.41 Oz,08-40229-30099,Built Coconut Bar 1.69oz,RALEYS,NATURAL EXPANDED,0.999916593457542,Cannibalizing,Low,,5,donor_base_units_pct_chg,9.189440384318159,donor_promo_week_delta,0.4915658347830192
08-40229-30034,Built Puff Salted Caramel Protein Bar 1.41 Oz,08-40229-30099,Built Coconut Bar 1.69oz,ASSOCIATED FOOD STORES,REGIONAL & INDEP GROCERY,0.00013985079893558648,Incremental,Low,,5,donor_base_units_pct_chg,-8.031383052855583,donor_post_13w_units_pct_promo,0.3345474523673366
08-40229-30034,Built Puff Salted Caramel Protein Bar 1.41 Oz,08-40229-30099,Built Coconut Bar 1.69oz,REYNOLDS MARKET,REGIONAL & INDEP GROCERY,0.0001732264267773994,Incremental,Low,,5,donor_base_units_pct_chg,-8.036702163488036,donor_post_13w_arp_discount,0.36295734056305196
08-40229-30034,Built Puff Salted Caramel Protein Bar 1.41 Oz,08-40229-30099,Built Coconut Bar 1.69oz,SCHNUCKS,REGIONAL & INDEP GROCERY,0.9999531995771562,Cannibalizing,Low,,5,donor_base_units_pct_chg,9.17352789593312,donor_promo_week_delta,0.4575706253793718
08-40229-30034,Built Puff Salted Caramel Protein Bar 1.41 Oz,08-40229-30099,Built Coconut Bar 1.69oz,SKOGENS FOODLINER,REGIONAL & INDEP GROCERY,9.91813920265091e-05,Incremental,Low,,5,donor_base_units_pct_chg,-8.030900378407512,base_units_delta_diff,-0.202064040631846
08-40229-30034,Built Puff Salted Caramel Protein Bar 1.41 Oz,08-40229-30103,Built Coocnut Almond Bar 1.97oz,UNFI,CONVENTIONAL|FOOD,0.9998683088238364,Cannibalizing,Low,,5,donor_base_units_pct_chg,9.183905866265006,donor_post_13w_promo_weeks,0.5724208424325621
08-40229-30034,Built Puff Salted Caramel Protein Bar 1.41 Oz,08-40229-30103,Built Coocnut Almond Bar 1.97oz,AHOLD DELHAIZE,CONVENTIONAL|MULTI OUTLET,0.9998797354011606,Cannibalizing,Low,,5,donor_base_units_pct_chg,9.184151233247361,donor_post_13w_promo_weeks,0.5993474619708579
08-40229-30034,Built Puff Salted Caramel Protein Bar 1.41 Oz,08-40229-30103,Built Coocnut Almond Bar 1.97oz,ALBERTSONS COMPANIES,CONVENTIONAL|MULTI OUTLET,0.9998870354860708,Cannibalizing,Low,,5,donor_base_units_pct_chg,9.186388314129173,donor_post_13w_promo_weeks,0.6069862078248776
08-40229-30034,Built Puff Salted Caramel Protein Bar 1.41 Oz,08-40229-30103,Built Coocnut Almond Bar 1.97oz,BJS,CONVENTIONAL|MULTI OUTLET,0.999886344194492,Cannibalizing,Low,,5,donor_base_units_pct_chg,9.183968252991713,donor_post_13w_promo_weeks,0.5779694046390924
08-40229-30034,Built Puff Salted Caramel Protein Bar 1.41 Oz,08-40229-30103,Built Coocnut Almond Bar 1.97oz,CVS,CONVENTIONAL|MULTI OUTLET,0.9998950600393696,Cannibalizing,Low,,5,donor_base_units_pct_chg,9.182754754591711,donor_post_13w_promo_weeks,0.6314092569205728
08-40229-30034,Built Puff Salted Caramel Protein Bar 1.41 Oz,08-40229-30103,Built Coocnut Almond Bar 1.97oz,SAMS,CONVENTIONAL|MULTI OUTLET,0.9998987407715432,Cannibalizing,Low,,5,donor_base_units_pct_chg,9.182653036696097,donor_post_13w_promo_weeks,0.6283574838270083
08-40229-30034,Built Puff Salted Caramel Protein Bar 1.41 Oz,08-40229-30103,Built Coocnut Almond Bar 1.97oz,UNFI,CONVENTIONAL|MULTI OUTLET,0.9998938484202418,Cannibalizing,Low,,5,donor_base_units_pct_chg,9.182819359485778,donor_post_13w_promo_weeks,0.6159136595728972
08-40229-30034,Built Puff Salted Caramel Protein Bar 1.41 Oz,08-40229-30103,Built Coocnut Almond Bar 1.97oz,WALGREENS BOOTS ALLIANCE,CONVENTIONAL|MULTI OUTLET,0.9998987407715432,Cannibalizing,Low,,5,donor_base_units_pct_chg,9.182653042029978,donor_post_13w_promo_weeks,0.6286590086985709
08-40229-30034,Built Puff Salted Caramel Protein Bar 1.41 Oz,08-40229-30103,Built Coocnut Almond Bar 1.97oz,WALMART,CONVENTIONAL|MULTI OUTLET,0.9998987407715432,Cannibalizing,Low,,5,donor_base_units_pct_chg,9.182933955568133,donor_post_13w_promo_weeks,0.6319209744376201
08-40229-30034,Built Puff Salted Caramel Protein Bar 1.41 Oz,08-40229-30103,Built Coocnut Almond Bar 1.97oz,SKOGENS FOODLINER,REGIONAL & INDEP GROCERY,0.9999144892776812,Cannibalizing,Low,,5,donor_base_units_pct_chg,9.198191890568621,donor_promo_week_delta,0.3350776529116465
08-40229-30034,Built Puff Salted Caramel Protein Bar 1.41 Oz,08-40229-30107,Built Mint Brownie Bar 1.69oz,ALBERTSONS COMPANIES,CONVENTIONAL|FOOD,0.9998873090664518,Cannibalizing,Low,,5,donor_base_units_pct_chg,9.195060012174274,donor_post_13w_units_pct_promo,0.6381846580086877
08-40229-30034,Built Puff Salted Caramel Protein Bar 1.41 Oz,08-40229-30107,Built Mint Brownie Bar 1.69oz,PUBLIX,CONVENTIONAL|FOOD,0.9998919080689868,Cannibalizing,Low,,5,donor_base_units_pct_chg,9.176656098305525,donor_promo_week_delta,0.3693605388846201
08-40229-30034,Built Puff Salted Caramel Protein Bar 1.41 Oz,08-40229-30107,Built Mint Brownie Bar 1.69oz,UNFI,CONVENTIONAL|FOOD,0.0002258464572872992,Incremental,Low,,5,donor_base_units_pct_chg,-8.037200266078564,donor_post_13w_promo_weeks,0.27033775975048474
08-40229-30034,Built Puff Salted Caramel Protein Bar 1.41 Oz,08-40229-30107,Built Mint Brownie Bar 1.69oz,WAKEFERN,CONVENTIONAL|FOOD,0.9999577048023433,Cannibalizing,Low,,5,donor_base_units_pct_chg,9.195078302180042,base_units_delta_diff,0.6528624542577421
08-40229-30034,Built Puff Salted Caramel Protein Bar 1.41 Oz,08-40229-30107,Built Mint Brownie Bar 1.69oz,AHOLD DELHAIZE,CONVENTIONAL|MULTI OUTLET,0.00013137988008006724,Incremental,Low,,5,donor_base_units_pct_chg,-8.03497428856918,donor_velocity_spm_pct_chg,0.3391820710019063
08-40229-30034,Built Puff Salted Caramel Protein Bar 1.41 Oz,08-40229-30107,Built Mint Brownie Bar 1.69oz,ALBERTSONS COMPANIES,CONVENTIONAL|MULTI OUTLET,0.9998455767564358,Cannibalizing,Low,,5,donor_base_units_pct_chg,9.201062737638571,donor_velocity_spm_pct_chg,0.3551157480938118
08-40229-30034,Built Puff Salted Caramel Protein Bar 1.41 Oz,08-40229-30107,Built Mint Brownie Bar 1.69oz,BJS,CONVENTIONAL|MULTI OUTLET,8.431263015925665e-05,Incremental,Low,,5,donor_base_units_pct_chg,-8.032532914245364,donor_post_13w_promo_weeks,-0.3580096211890269
08-40229-30034,Built Puff Salted Caramel Protein Bar 1.41 Oz,08-40229-30107,Built Mint Brownie Bar 1.69oz,CVS,CONVENTIONAL|MULTI OUTLET,0.00013814948061478658,Incremental,Low,,5,donor_base_units_pct_chg,-8.036067913878046,donor_velocity_spm_pct_chg,0.3864428110640652
08-40229-30034,Built Puff Salted Caramel Protein Bar 1.41 Oz,08-40229-30107,Built Mint Brownie Bar 1.69oz,GIANT EAGLE,CONVENTIONAL|MULTI OUTLET,0.0002488572506645498,Incremental,Low,,5,donor_base_units_pct_chg,-8.047711690349898,donor_post_13w_promo_weeks,0.3951329750538012
08-40229-30034,Built Puff Salted Caramel Protein Bar 1.41 Oz,08-40229-30107,Built Mint Brownie Bar 1.69oz,KROGER,CONVENTIONAL|MULTI OUTLET,0.00012896423990906502,Incremental,Low,,5,donor_base_units_pct_chg,-8.035026338005947,donor_velocity_spm_pct_chg,0.29959619803786997
08-40229-30034,Built Puff Salted Caramel Protein Bar 1.41 Oz,08-40229-30107,Built Mint Brownie Bar 1.69oz,MEIJER,CONVENTIONAL|MULTI OUTLET,0.00012969434998061675,Incremental,Low,,5,donor_base_units_pct_chg,-8.033593275273445,donor_velocity_spm_pct_chg,0.3402557674245389
08-40229-30034,Built Puff Salted Caramel Protein Bar 1.41 Oz,08-40229-30107,Built Mint Brownie Bar 1.69oz,PUBLIX,CONVENTIONAL|MULTI OUTLET,6.436195211585992e-05,Incremental,Low,,5,donor_base_units_pct_chg,-8.0296010372452,donor_post_13w_promo_weeks,-0.35549899248670785
08-40229-30034,Built Puff Salted Caramel Protein Bar 1.41 Oz,08-40229-30107,Built Mint Brownie Bar 1.69oz,SAMS,CONVENTIONAL|MULTI OUTLET,0.0001264214517410642,Incremental,Low,,5,donor_base_units_pct_chg,-8.036253886292672,donor_velocity_spm_pct_chg,0.42410334879400446
08-40229-30034,Built Puff Salted Caramel Protein Bar 1.41 Oz,08-40229-30107,Built Mint Brownie Bar 1.69oz,SOUTHEASTERN GROCERS,CONVENTIONAL|MULTI OUTLET,0.999934219933552,Cannibalizing,Low,,5,donor_base_units_pct_chg,9.171631734892271,donor_velocity_spm_pct_chg,0.4583341244797664
08-40229-30034,Built Puff Salted Caramel Protein Bar 1.41 Oz,08-40229-30107,Built Mint Brownie Bar 1.69oz,UNFI,CONVENTIONAL|MULTI OUTLET,9.890300140598682e-05,Incremental,Low,,5,donor_base_units_pct_chg,-8.036650722720518,donor_post_13w_promo_weeks,-0.3178331200439537
08-40229-30034,Built Puff Salted Caramel Protein Bar 1.41 Oz,08-40229-30107,Built Mint Brownie Bar 1.69oz,WALGREENS BOOTS ALLIANCE,CONVENTIONAL|MULTI OUTLET,0.0001264214517410642,Incremental,Low,,5,donor_base_units_pct_chg,-8.036221081709954,donor_velocity_spm_pct_chg,0.4251488548088185
08-40229-30034,Built Puff Salted Caramel Protein Bar 1.41 Oz,08-40229-30107,Built Mint Brownie Bar 1.69oz,WALMART,CONVENTIONAL|MULTI OUTLET,0.00013782065465512398,Incremental,Low,,5,donor_base_units_pct_chg,-8.036283997268395,donor_velocity_spm_pct_chg,0.37234780270156104
08-40229-30034,Built Puff Salted Caramel Protein Bar 1.41 Oz,08-40229-30107,Built Mint Brownie Bar 1.69oz,CLARKS MARKET,NATURAL EXPANDED,0.9999391445397098,Cannibalizing,Low,,5,donor_base_units_pct_chg,9.191795415813926,base_units_delta_diff,0.8433781704152731
08-40229-30034,Built Puff Salted Caramel Protein Bar 1.41 Oz,08-40229-30107,Built Mint Brownie Bar 1.69oz,HARMONS NEIGHBORHOOD GROCER,NATURAL EXPANDED,0.9997372121169154,Cannibalizing,Low,,5,donor_base_units_pct_chg,9.198783378599927,donor_velocity_spm_pct_chg,0.2398246089042204
08-40229-30034,Built Puff Salted Caramel Protein Bar 1.41 Oz,08-40229-30107,Built Mint Brownie Bar 1.69oz,INFRA,NATURAL EXPANDED,0.00030557597241147826,Incremental,Low,,5,donor_base_units_pct_chg,-8.049470684960328,donor_velocity_spm_pct_chg,0.40494352931445643
08-40229-30034,Built Puff Salted Caramel Protein Bar 1.41 Oz,08-40229-30107,Built Mint Brownie Bar 1.69oz,SENDIKS,NATURAL EXPANDED,0.9998426318781036,Cannibalizing,Low,,5,donor_base_units_pct_chg,9.180225292557777,donor_post_13w_promo_weeks,0.5355442765404401
08-40229-30034,Built Puff Salted Caramel Protein Bar 1.41 Oz,08-40229-30107,Built Mint Brownie Bar 1.69oz,ASSOCIATED FOOD STORES,REGIONAL & INDEP GROCERY,0.9998648318645548,Cannibalizing,Low,,5,donor_base_units_pct_chg,9.194700420858602,donor_post_13w_arp_discount,0.5192357861975893
08-40229-30034,Built Puff Salted Caramel Protein Bar 1.41 Oz,08-40229-30107,Built Mint Brownie Bar 1.69oz,REYNOLDS MARKET,REGIONAL & INDEP GROCERY,0.9999110638781452,Cannibalizing,Low,,5,donor_base_units_pct_chg,9.19501417489971,donor_post_13w_units_pct_promo,0.74135521469542
08-40229-30034,Built Puff Salted Caramel Protein Bar 1.41 Oz,08-40229-30107,Built Mint Brownie Bar 1.69oz,SKOGENS FOODLINER,REGIONAL & INDEP GROCERY,0.9999112926005524,Cannibalizing,Low,,5,donor_base_units_pct_chg,9.19398775111599,donor_post_13w_promo_weeks,0.3985740530521472
08-40229-30034,Built Puff Salted Caramel Protein Bar 1.41 Oz,08-40229-30111,Built Cherry Barcia Bar 1.72oz,ASSOCIATED FOOD STORES,REGIONAL & INDEP GROCERY,0.9998848053261744,Cannibalizing,Low,,5,donor_base_units_pct_chg,9.187214612000314,donor_post_13w_promo_weeks,0.5930451177245811
08-40229-30034,Built Puff Salted Caramel Protein Bar 1.41 Oz,08-40229-30115,Built Peanut Butter Bar 1.69oz,AHOLD DELHAIZE,CONVENTIONAL|MULTI OUTLET,0.9999037031292458,Cannibalizing,Low,,5,donor_base_units_pct_chg,9.201250756983347,donor_promo_week_delta,0.3952718774242544
08-40229-30034,Built Puff Salted Caramel Protein Bar 1.41 Oz,08-40229-30115,Built Peanut Butter Bar 1.69oz,CVS,CONVENTIONAL|MULTI OUTLET,0.9999421253356204,Cannibalizing,Low,,5,donor_base_units_pct_chg,9.167332126432084,donor_promo_week_delta,0.591998184011282
08-40229-30034,Built Puff Salted Caramel Protein Bar 1.41 Oz,08-40229-30115,Built Peanut Butter Bar 1.69oz,KROGER,CONVENTIONAL|MULTI OUTLET,0.999924314961026,Cannibalizing,Low,,5,donor_base_units_pct_chg,9.189045048487207,donor_promo_week_delta,0.509368265334403
08-40229-30034,Built Puff Salted Caramel Protein Bar 1.41 Oz,08-40229-30115,Built Peanut Butter Bar 1.69oz,SAMS,CONVENTIONAL|MULTI OUTLET,0.9999421253356204,Cannibalizing,Low,,5,donor_base_units_pct_chg,9.167258605761038,donor_promo_week_delta,0.593175706274411
08-40229-30034,Built Puff Salted Caramel Protein Bar 1.41 Oz,08-40229-30115,Built Peanut Butter Bar 1.69oz,UNFI,CONVENTIONAL|MULTI OUTLET,0.9999274795268586,Cannibalizing,Low,,5,donor_base_units_pct_chg,9.171318620094503,donor_promo_week_delta,0.37282056949826153
08-40229-30034,Built Puff Salted Caramel Protein Bar 1.41 Oz,08-40229-30115,Built Peanut Butter Bar 1.69oz,WALGREENS BOOTS ALLIANCE,CONVENTIONAL|MULTI OUTLET,0.9999421253356204,Cannibalizing,Low,,5,donor_base_units_pct_chg,9.167258613855989,donor_promo_week_delta,0.593175706274411
08-40229-30034,Built Puff Salted Caramel Protein Bar 1.41 Oz,08-40229-30115,Built Peanut Butter Bar 1.69oz,WALMART,CONVENTIONAL|MULTI OUTLET,0.9999421253356204,Cannibalizing,Low,,5,donor_base_units_pct_chg,9.16729045015103,donor_promo_week_delta,0.5931871981072299
08-40229-30034,Built Puff Salted Caramel Protein Bar 1.41 Oz,08-40229-30115,Built Peanut Butter Bar 1.69oz,HARMONS NEIGHBORHOOD GROCER,NATURAL EXPANDED,0.9999385119825344,Cannibalizing,Low,,5,donor_base_units_pct_chg,9.162451475385144,donor_post_13w_units_pct_promo,0.4006952751845448
08-40229-30034,Built Puff Salted Caramel Protein Bar 1.41 Oz,08-40229-30115,Built Peanut Butter Bar 1.69oz,INFRA,NATURAL EXPANDED,0.99985852654315,Cannibalizing,Low,,5,donor_base_units_pct_chg,9.17758317029235,donor_promo_week_delta,0.20474024350880723
08-40229-30034,Built Puff Salted Caramel Protein Bar 1.41 Oz,08-40229-30122,Built Raspberry Bar 1.73oz,AHOLD DELHAIZE,CONVENTIONAL|MULTI OUTLET,0.9998797354011606,Cannibalizing,Low,,5,donor_base_units_pct_chg,9.184151233247361,donor_post_13w_promo_weeks,0.5993474619708579
08-40229-30034,Built Puff Salted Caramel Protein Bar 1.41 Oz,08-40229-30122,Built Raspberry Bar 1.73oz,ALBERTSONS COMPANIES,CONVENTIONAL|MULTI OUTLET,0.9998870354860708,Cannibalizing,Low,,5,donor_base_units_pct_chg,9.186388314129173,donor_post_13w_promo_weeks,0.6069862078248776
08-40229-30034,Built Puff Salted Caramel Protein Bar 1.41 Oz,08-40229-30122,Built Raspberry Bar 1.73oz,BJS,CONVENTIONAL|MULTI OUTLET,0.999886344194492,Cannibalizing,Low,,5,donor_base_units_pct_chg,9.183968252991713,donor_post_13w_promo_weeks,0.5779694046390924
08-40229-30034,Built Puff Salted Caramel Protein Bar 1.41 Oz,08-40229-30122,Built Raspberry Bar 1.73oz,CVS,CONVENTIONAL|MULTI OUTLET,0.9998950600393696,Cannibalizing,Low,,5,donor_base_units_pct_chg,9.182754754591711,donor_post_13w_promo_weeks,0.6314092569205728
08-40229-30034,Built Puff Salted Caramel Protein Bar 1.41 Oz,08-40229-30122,Built Raspberry Bar 1.73oz,SAMS,CONVENTIONAL|MULTI OUTLET,0.9998987407715432,Cannibalizing,Low,,5,donor_base_units_pct_chg,9.182675087747107,donor_post_13w_promo_weeks,0.6283574838270083
08-40229-30034,Built Puff Salted Caramel Protein Bar 1.41 Oz,08-40229-30122,Built Raspberry Bar 1.73oz,UNFI,CONVENTIONAL|MULTI OUTLET,0.9998938484202418,Cannibalizing,Low,,5,donor_base_units_pct_chg,9.182894221348798,donor_post_13w_promo_weeks,0.6149484593940369
08-40229-30034,Built Puff Salted Caramel Protein Bar 1.41 Oz,08-40229-30122,Built Raspberry Bar 1.73oz,WALGREENS BOOTS ALLIANCE,CONVENTIONAL|MULTI OUTLET,0.9998987407715432,Cannibalizing,Low,,5,donor_base_units_pct_chg,9.182653042029978,donor_post_13w_promo_weeks,0.6286590086985709
08-40229-30034,Built Puff Salted Caramel Protein Bar 1.41 Oz,08-40229-30122,Built Raspberry Bar 1.73oz,WALMART,CONVENTIONAL|MULTI OUTLET,0.9998987407715432,Cannibalizing,Low,,5,donor_base_units_pct_chg,9.182655473267243,donor_post_13w_promo_weeks,0.6287989692288098
08-40229-30034,Built Puff Salted Caramel Protein Bar 1.41 Oz,08-40229-30130,Built Cookies & Cream Bar 1.69oz,HY-VEE,CONVENTIONAL|CONVENIENCE,9.3298778626222e-05,Incremental,Low,,5,donor_base_units_pct_chg,-8.03590168885026,donor_velocity_spm_pct_chg,-0.31147408168584134
08-40229-30034,Built Puff Salted Caramel Protein Bar 1.41 Oz,08-40229-30130,Built Cookies & Cream Bar 1.69oz,ALBERTSONS COMPANIES,CONVENTIONAL|FOOD,0.0001735866602689374,Incremental,Low,,5,donor_base_units_pct_chg,-8.038902643838178,donor_promo_week_delta,-0.21905085670883995
08-40229-30034,Built Puff Salted Caramel Protein Bar 1.41 Oz,08-40229-30130,Built Cookies & Cream Bar 1.69oz,ASSOCIATED WHOLESALE GROCERS,CONVENTIONAL|FOOD,4.425564115476997e-05,Incremental,Low,,5,donor_base_units_pct_chg,-8.03382617924751,donor_velocity_spm_pct_chg,-0.6870398230827224
08-40229-30034,Built Puff Salted Caramel Protein Bar 1.41 Oz,08-40229-30130,Built Cookies & Cream Bar 1.69oz,HY-VEE,CONVENTIONAL|FOOD,5.182583784822944e-05,Incremental,Low,,5,donor_base_units_pct_chg,-8.033140073237071,donor_velocity_spm_pct_chg,-0.530071583112157
08-40229-30034,Built Puff Salted Caramel Protein Bar 1.41 Oz,08-40229-30130,Built Cookies & Cream Bar 1.69oz,KROGER,CONVENTIONAL|FOOD,0.00023384023841105072,Incremental,Low,,5,donor_base_units_pct_chg,-8.036461481800101,donor_post_13w_arp_discount,0.27472487923817474
08-40229-30034,Built Puff Salted Caramel Protein Bar 1.41 Oz,08-40229-30130,Built Cookies & Cream Bar 1.69oz,PUBLIX,CONVENTIONAL|FOOD,0.9999320180148809,Cannibalizing,Low,,5,donor_base_units_pct_chg,9.17127718968355,donor_velocity_spm_pct_chg,0.43317401504527747
08-40229-30034,Built Puff Salted Caramel Protein Bar 1.41 Oz,08-40229-30130,Built Cookies & Cream Bar 1.69oz,UNFI,CONVENTIONAL|FOOD,6.631700904045623e-05,Incremental,Low,,5,donor_base_units_pct_chg,-8.030730091247724,donor_post_13w_promo_weeks,-0.34237980710259813
08-40229-30034,Built Puff Salted Caramel Protein Bar 1.41 Oz,08-40229-30130,Built Cookies & Cream Bar 1.69oz,WAKEFERN,CONVENTIONAL|FOOD,0.9998467004751772,Cannibalizing,Low,,5,donor_base_units_pct_chg,9.181208118861363,donor_post_13w_promo_weeks,0.4829398602479441
08-40229-30034,Built Puff Salted Caramel Protein Bar 1.41 Oz,08-40229-30130,Built Cookies & Cream Bar 1.69oz,WEGMANS,CONVENTIONAL|FOOD,0.999886344194492,Cannibalizing,Low,,5,donor_base_units_pct_chg,9.183717172008219,donor_post_13w_promo_weeks,0.5542912191434971
08-40229-30034,Built Puff Salted Caramel Protein Bar 1.41 Oz,08-40229-30130,Built Cookies & Cream Bar 1.69oz,AHOLD DELHAIZE,CONVENTIONAL|MULTI OUTLET,0.9995792782270084,Cannibalizing,Low,,5,donor_base_units_pct_chg,9.200617679531867,donor_velocity_spm_pct_chg,-0.29876284824185945
08-40229-30034,Built Puff Salted Caramel Protein Bar 1.41 Oz,08-40229-30130,Built Cookies & Cream Bar 1.69oz,ALBERTSONS COMPANIES,CONVENTIONAL|MULTI OUTLET,0.6641248633495552,Cannibalizing,Low,,5,donor_base_units_pct_chg,1.6871241849668615,focal_post_arp_discount,-0.4427351274967101
08-40229-30034,Built Puff Salted Caramel Protein Bar 1.41 Oz,08-40229-30130,Built Cookies & Cream Bar 1.69oz,BJS,CONVENTIONAL|MULTI OUTLET,6.405661994974525e-05,Incremental,Low,,5,donor_base_units_pct_chg,-8.034716086900348,donor_post_13w_promo_weeks,-0.34132076351683843
08-40229-30034,Built Puff Salted Caramel Protein Bar 1.41 Oz,08-40229-30130,Built Cookies & Cream Bar 1.69oz,CVS,CONVENTIONAL|MULTI OUTLET,0.00013868920884229643,Incremental,Low,,5,donor_base_units_pct_chg,-8.037119196885337,donor_post_13w_promo_weeks,-0.29297608340821407
08-40229-30034,Built Puff Salted Caramel Protein Bar 1.41 Oz,08-40229-30130,Built Cookies & Cream Bar 1.69oz,GIANT EAGLE,CONVENTIONAL|MULTI OUTLET,6.474939063081617e-05,Incremental,Low,,5,donor_base_units_pct_chg,-8.03646471601563,donor_velocity_spm_pct_chg,-0.3531659702291728
08-40229-30034,Built Puff Salted Caramel Protein Bar 1.41 Oz,08-40229-30130,Built Cookies & Cream Bar 1.69oz,KROGER,CONVENTIONAL|MULTI OUTLET,0.00013947057717976738,Incremental,Low,,5,donor_base_units_pct_chg,-8.035508758467884,donor_post_13w_promo_weeks,-0.23238477387864667
08-40229-30034,Built Puff Salted Caramel Protein Bar 1.41 Oz,08-40229-30130,Built Cookies & Cream Bar 1.69oz,MEIJER,CONVENTIONAL|MULTI OUTLET,7.377259857251973e-05,Incremental,Low,,5,donor_base_units_pct_chg,-8.036059893510748,donor_velocity_spm_pct_chg,-0.2958295065828698
08-40229-30034,Built Puff Salted Caramel Protein Bar 1.41 Oz,08-40229-30130,Built Cookies & Cream Bar 1.69oz,PUBLIX,CONVENTIONAL|MULTI OUTLET,5.14899394300765e-05,Incremental,Low,,5,donor_base_units_pct_chg,-8.03092402276701,donor_post_13w_promo_weeks,-0.31738321899927924
08-40229-30034,Built Puff Salted Caramel Protein Bar 1.41 Oz,08-40229-30130,Built Cookies & Cream Bar 1.69oz,SAMS,CONVENTIONAL|MULTI OUTLET,0.00012490553028909768,Incremental,Low,,5,donor_base_units_pct_chg,-8.037307645699888,donor_post_13w_promo_weeks,-0.27719974073643555
08-40229-30034,Built Puff Salted Caramel Protein Bar 1.41 Oz,08-40229-30130,Built Cookies & Cream Bar 1.69oz,SOUTHEASTERN GROCERS,CONVENTIONAL|MULTI OUTLET,0.9999324524178768,Cannibalizing,Low,,5,donor_base_units_pct_chg,9.171307899317531,donor_velocity_spm_pct_chg,0.4493965039311605
08-40229-30034,Built Puff Salted Caramel Protein Bar 1.41 Oz,08-40229-30130,Built Cookies & Cream Bar 1.69oz,UNFI,CONVENTIONAL|MULTI OUTLET,0.00012326880644866948,Incremental,Low,,5,donor_base_units_pct_chg,-8.036632328611203,donor_post_13w_promo_weeks,-0.3129772483228614
08-40229-30034,Built Puff Salted Caramel Protein Bar 1.41 Oz,08-40229-30130,Built Cookies & Cream Bar 1.69oz,WALGREENS BOOTS ALLIANCE,CONVENTIONAL|MULTI OUTLET,0.00014317953027858822,Incremental,Low,,5,donor_base_units_pct_chg,-8.03723675027839,donor_post_13w_promo_weeks,-0.295907257788602
08-40229-30034,Built Puff Salted Caramel Protein Bar 1.41 Oz,08-40229-30130,Built Cookies & Cream Bar 1.69oz,WALMART,CONVENTIONAL|MULTI OUTLET,0.00013438585324853955,Incremental,Low,,5,donor_base_units_pct_chg,-8.037151903015936,donor_post_13w_promo_weeks,-0.2957626630124066
08-40229-30034,Built Puff Salted Caramel Protein Bar 1.41 Oz,08-40229-30130,Built Cookies & Cream Bar 1.69oz,ALLEGIANCE RETAIL SERVICES,NATURAL EXPANDED,0.9997959227616464,Cannibalizing,Low,,5,donor_base_units_pct_chg,9.212022902794951,donor_post_13w_promo_weeks,0.39885378132384397
08-40229-30034,Built Puff Salted Caramel Protein Bar 1.41 Oz,08-40229-30130,Built Cookies & Cream Bar 1.69oz,CLARKS MARKET,NATURAL EXPANDED,0.9999582929782166,Cannibalizing,Low,,5,donor_base_units_pct_chg,9.191689825849833,base_units_delta_diff,0.7363048242569333
08-40229-30034,Built Puff Salted Caramel Protein Bar 1.41 Oz,08-40229-30130,Built Cookies & Cream Bar 1.69oz,HARMONS NEIGHBORHOOD GROCER,NATURAL EXPANDED,0.999702220790902,Cannibalizing,Low,,5,donor_base_units_pct_chg,9.197742272573324,donor_promo_week_delta,-0.22356708467288874
08-40229-30034,Built Puff Salted Caramel Protein Bar 1.41 Oz,08-40229-30130,Built Cookies & Cream Bar 1.69oz,INFRA,NATURAL EXPANDED,0.999875262969466,Cannibalizing,Low,,5,donor_base_units_pct_chg,9.199883399226504,donor_promo_week_delta,0.21250077990595462
08-40229-30034,Built Puff Salted Caramel Protein Bar 1.41 Oz,08-40229-30130,Built Cookies & Cream Bar 1.69oz,NUGGET MARKET,NATURAL EXPANDED,0.9998833520316164,Cannibalizing,Low,,5,donor_base_units_pct_chg,9.189342415345068,donor_post_13w_promo_weeks,0.4678294474148101
08-40229-30034,Built Puff Salted Caramel Protein Bar 1.41 Oz,08-40229-30130,Built Cookies & Cream Bar 1.69oz,RALEYS,NATURAL EXPANDED,0.999916593457542,Cannibalizing,Low,,5,donor_base_units_pct_chg,9.189440384318159,donor_promo_week_delta,0.4915658347830192
08-40229-30034,Built Puff Salted Caramel Protein Bar 1.41 Oz,08-40229-30130,Built Cookies & Cream Bar 1.69oz,SENDIKS,NATURAL EXPANDED,0.9998426318781036,Cannibalizing,Low,,5,donor_base_units_pct_chg,9.179721076008242,donor_post_13w_promo_weeks,0.5356006553853977
08-40229-30034,Built Puff Salted Caramel Protein Bar 1.41 Oz,08-40229-30130,Built Cookies & Cream Bar 1.69oz,ASSOCIATED FOOD STORES,REGIONAL & INDEP GROCERY,0.999865670858372,Cannibalizing,Low,,5,donor_base_units_pct_chg,9.193958457321996,donor_post_13w_arp_discount,0.528982285431171
08-40229-30034,Built Puff Salted Caramel Protein Bar 1.41 Oz,08-40229-30130,Built Cookies & Cream Bar 1.69oz,BALLS FOODS,REGIONAL & INDEP GROCERY,0.999843095722839,Cannibalizing,Low,,5,donor_base_units_pct_chg,9.197691861475477,donor_post_13w_promo_weeks,0.3287121329077948
08-40229-30034,Built Puff Salted Caramel Protein Bar 1.41 Oz,08-40229-30130,Built Cookies & Cream Bar 1.69oz,COSENTINOS,REGIONAL & INDEP GROCERY,0.9998613737832712,Cannibalizing,Low,,5,donor_base_units_pct_chg,9.197476326981832,base_units_delta_diff,0.4576907690471047
08-40229-30034,Built Puff Salted Caramel Protein Bar 1.41 Oz,08-40229-30130,Built Cookies & Cream Bar 1.69oz,MCKEEVERS,REGIONAL & INDEP GROCERY,7.59897539276815e-05,Incremental,Low,,5,donor_base_units_pct_chg,-8.039101179121529,donor_velocity_spm_pct_chg,-0.3202320519952816
08-40229-30034,Built Puff Salted Caramel Protein Bar 1.41 Oz,08-40229-30130,Built Cookies & Cream Bar 1.69oz,PYRAMID FOODS,REGIONAL & INDEP GROCERY,0.9997756516144656,Cannibalizing,Low,,5,donor_base_units_pct_chg,9.19655093608363,donor_velocity_spm_pct_chg,-0.26442704181013593
08-40229-30034,Built Puff Salted Caramel Protein Bar 1.41 Oz,08-40229-30130,Built Cookies & Cream Bar 1.69oz,QUEENS PRICE CHOPPER,REGIONAL & INDEP GROCERY,0.00012306676155299587,Incremental,Low,,5,donor_base_units_pct_chg,-8.039512233825159,donor_velocity_spm_pct_chg,-0.32195915769972083
08-40229-30034,Built Puff Salted Caramel Protein Bar 1.41 Oz,08-40229-30130,Built Cookies & Cream Bar 1.69oz,REYNOLDS MARKET,REGIONAL & INDEP GROCERY,0.999841066730444,Cannibalizing,Low,,5,donor_base_units_pct_chg,9.19739724851954,donor_velocity_spm_pct_chg,-0.30803520131793877
08-40229-30034,Built Puff Salted Caramel Protein Bar 1.41 Oz,08-40229-30130,Built Cookies & Cream Bar 1.69oz,SKOGENS FOODLINER,REGIONAL & INDEP GROCERY,0.9999389824540535,Cannibalizing,Low,,5,donor_base_units_pct_chg,9.167427628468307,donor_post_13w_units_pct_promo,0.6193081757348557
08-40229-30034,Built Puff Salted Caramel Protein Bar 1.41 Oz,08-40229-30143,Built Bar Peanut Butter Brown Br 2.05oz(18pk),AHOLD DELHAIZE,CONVENTIONAL|MULTI OUTLET,0.9998797354011606,Cannibalizing,Low,,5,donor_base_units_pct_chg,9.184151233247361,donor_post_13w_promo_weeks,0.5993474619708579
08-40229-30034,Built Puff Salted Caramel Protein Bar 1.41 Oz,08-40229-30143,Built Bar Peanut Butter Brown Br 2.05oz(18pk),CVS,CONVENTIONAL|MULTI OUTLET,0.9998950600393696,Cannibalizing,Low,,5,donor_base_units_pct_chg,9.182754754591711,donor_post_13w_promo_weeks,0.6314092569205728
08-40229-30034,Built Puff Salted Caramel Protein Bar 1.41 Oz,08-40229-30143,Built Bar Peanut Butter Brown Br 2.05oz(18pk),PUBLIX,CONVENTIONAL|MULTI OUTLET,0.9998799523709097,Cannibalizing,Low,,5,donor_base_units_pct_chg,9.18221388603143,donor_post_13w_promo_weeks,0.6000591153410175
08-40229-30034,Built Puff Salted Caramel Protein Bar 1.41 Oz,08-40229-30143,Built Bar Peanut Butter Brown Br 2.05oz(18pk),SAMS,CONVENTIONAL|MULTI OUTLET,0.9998987407715432,Cannibalizing,Low,,5,donor_base_units_pct_chg,9.182653036696097,donor_post_13w_promo_weeks,0.6283574838270083
08-40229-30034,Built Puff Salted Caramel Protein Bar 1.41 Oz,08-40229-30143,Built Bar Peanut Butter Brown Br 2.05oz(18pk),WALGREENS BOOTS ALLIANCE,CONVENTIONAL|MULTI OUTLET,0.9998987407715432,Cannibalizing,Low,,5,donor_base_units_pct_chg,9.182653042029978,donor_post_13w_promo_weeks,0.6286590086985709
08-40229-30034,Built Puff Salted Caramel Protein Bar 1.41 Oz,08-40229-30143,Built Bar Peanut Butter Brown Br 2.05oz(18pk),WALMART,CONVENTIONAL|MULTI OUTLET,0.9998987407715432,Cannibalizing,Low,,5,donor_base_units_pct_chg,9.182933955568133,donor_post_13w_promo_weeks,0.6319209744376201
08-40229-30034,Built Puff Salted Caramel Protein Bar 1.41 Oz,08-40229-30209,Built Puff Coconut Protein Bar 1.41 Oz (12 Pk),AHOLD DELHAIZE,CONVENTIONAL|FOOD,0.9997190280441364,Cannibalizing,Low,,5,donor_base_units_pct_chg,9.198496180431475,base_units_delta_diff,-0.23004933710885545
08-40229-30034,Built Puff Salted Caramel Protein Bar 1.41 Oz,08-40229-30209,Built Puff Coconut Protein Bar 1.41 Oz (12 Pk),KROGER,CONVENTIONAL|FOOD,0.00021506682684019297,Incremental,Low,,5,donor_base_units_pct_chg,-8.033504356861169,donor_post_13w_arp_discount,0.2958629390091816
08-40229-30034,Built Puff Salted Caramel Protein Bar 1.41 Oz,08-40229-30209,Built Puff Coconut Protein Bar 1.41 Oz (12 Pk),UNFI,CONVENTIONAL|FOOD,0.000224024577596934,Incremental,Low,,5,donor_base_units_pct_chg,-8.048888870038688,donor_post_13w_promo_weeks,0.5309333147687705
08-40229-30034,Built Puff Salted Caramel Protein Bar 1.41 Oz,08-40229-30209,Built Puff Coconut Protein Bar 1.41 Oz (12 Pk),WEGMANS,CONVENTIONAL|FOOD,0.00010262486837581964,Incremental,Low,,5,donor_base_units_pct_chg,-8.038078885455521,donor_promo_week_delta,-0.30630258823524786
08-40229-30034,Built Puff Salted Caramel Protein Bar 1.41 Oz,08-40229-30209,Built Puff Coconut Protein Bar 1.41 Oz (12 Pk),AHOLD DELHAIZE,CONVENTIONAL|MULTI OUTLET,0.00010114828779105172,Incremental,Low,,5,donor_base_units_pct_chg,-8.036613669798726,donor_post_13w_units_pct_promo,-0.31497031662092384
08-40229-30034,Built Puff Salted Caramel Protein Bar 1.41 Oz,08-40229-30209,Built Puff Coconut Protein Bar 1.41 Oz (12 Pk),ALBERTSONS COMPANIES,CONVENTIONAL|MULTI OUTLET,7.81899594486946e-05,Incremental,Low,,5,donor_base_units_pct_chg,-8.035403081620832,donor_promo_week_delta,-0.3024131247108678
08-40229-30034,Built Puff Salted Caramel Protein Bar 1.41 Oz,08-40229-30209,Built Puff Coconut Protein Bar 1.41 Oz (12 Pk),BJS,CONVENTIONAL|MULTI OUTLET,0.00013562774638452987,Incremental,Low,,5,donor_base_units_pct_chg,-8.037504892903637,donor_post_13w_units_pct_promo,-0.2731602598999512
08-40229-30034,Built Puff Salted Caramel Protein Bar 1.41 Oz,08-40229-30209,Built Puff Coconut Protein Bar 1.41 Oz (12 Pk),CVS,CONVENTIONAL|MULTI OUTLET,8.39182285450816e-05,Incremental,Low,,5,donor_base_units_pct_chg,-8.036573716178914,donor_promo_week_delta,-0.3297225635687075
08-40229-30034,Built Puff Salted Caramel Protein Bar 1.41 Oz,08-40229-30209,Built Puff Coconut Protein Bar 1.41 Oz (12 Pk),GIANT EAGLE,CONVENTIONAL|MULTI OUTLET,0.00013294667193659385,Incremental,Low,,5,donor_base_units_pct_chg,-8.036916363508084,donor_promo_week_delta,-0.2712677502717534
08-40229-30034,Built Puff Salted Caramel Protein Bar 1.41 Oz,08-40229-30209,Built Puff Coconut Protein Bar 1.41 Oz (12 Pk),KROGER,CONVENTIONAL|MULTI OUTLET,0.00010038246387819795,Incremental,Low,,5,donor_base_units_pct_chg,-8.036967519696962,donor_promo_week_delta,-0.30427455922268615
08-40229-30034,Built Puff Salted Caramel Protein Bar 1.41 Oz,08-40229-30209,Built Puff Coconut Protein Bar 1.41 Oz (12 Pk),PUBLIX,CONVENTIONAL|MULTI OUTLET,0.000246526739886112,Incremental,Low,,5,donor_base_units_pct_chg,-8.049832402740432,donor_post_13w_promo_weeks,0.5585732181278158
08-40229-30034,Built Puff Salted Caramel Protein Bar 1.41 Oz,08-40229-30209,Built Puff Coconut Protein Bar 1.41 Oz (12 Pk),SAMS,CONVENTIONAL|MULTI OUTLET,8.278485726239936e-05,Incremental,Low,,5,donor_base_units_pct_chg,-8.036740521396196,donor_promo_week_delta,-0.3466339580849043
08-40229-30034,Built Puff Salted Caramel Protein Bar 1.41 Oz,08-40229-30209,Built Puff Coconut Protein Bar 1.41 Oz (12 Pk),UNFI,CONVENTIONAL|MULTI OUTLET,9.46000636096568e-05,Incremental,Low,,5,donor_base_units_pct_chg,-8.038341679139288,donor_promo_week_delta,-0.30560368197271753
08-40229-30034,Built Puff Salted Caramel Protein Bar 1.41 Oz,08-40229-30209,Built Puff Coconut Protein Bar 1.41 Oz (12 Pk),WALGREENS BOOTS ALLIANCE,CONVENTIONAL|MULTI OUTLET,8.278485726239936e-05,Incremental,Low,,5,donor_base_units_pct_chg,-8.036243507522682,donor_promo_week_delta,-0.3453471760339088
08-40229-30034,Built Puff Salted Caramel Protein Bar 1.41 Oz,08-40229-30209,Built Puff Coconut Protein Bar 1.41 Oz (12 Pk),WALMART,CONVENTIONAL|MULTI OUTLET,8.39182285450816e-05,Incremental,Low,,5,donor_base_units_pct_chg,-8.036191863828595,donor_promo_week_delta,-0.3464390314788212
08-40229-30034,Built Puff Salted Caramel Protein Bar 1.41 Oz,08-40229-30209,Built Puff Coconut Protein Bar 1.41 Oz (12 Pk),HARMONS NEIGHBORHOOD GROCER,NATURAL EXPANDED,0.00022295360897099144,Incremental,Low,,5,donor_base_units_pct_chg,-8.047891379074779,donor_post_13w_promo_weeks,0.4032128140924406
08-40229-30034,Built Puff Salted Caramel Protein Bar 1.41 Oz,08-40229-30209,Built Puff Coconut Protein Bar 1.41 Oz (12 Pk),VITAMIN SHOPPE,VITAMINS & SUPPLEMENTS,0.9998711662495776,Cannibalizing,Low,,5,donor_base_units_pct_chg,9.19464694704879,donor_velocity_spm_pct_chg,0.3289783587574957
08-40229-30034,Built Puff Salted Caramel Protein Bar 1.41 Oz,08-40229-30221,Built Brownie Batter Puff 1.41oz,INFRA,NATURAL EXPANDED,0.00010979892055467804,Incremental,Low,,5,donor_base_units_pct_chg,-8.036509506866674,donor_velocity_spm_pct_chg,-0.31424514276003934
08-40229-30034,Built Puff Salted Caramel Protein Bar 1.41 Oz,08-40229-30223,Built Vanilla Cream  Bar 1.69oz,HARMONS NEIGHBORHOOD GROCER,NATURAL EXPANDED,0.9998882198298804,Cannibalizing,Low,,5,donor_base_units_pct_chg,9.189105647072056,donor_post_13w_promo_weeks,0.5359343829982902
08-40229-30034,Built Puff Salted Caramel Protein Bar 1.41 Oz,08-40229-30229,Built Puff Churro Protein Bar 1.41 Oz (12 Pk),AHOLD DELHAIZE,CONVENTIONAL|FOOD,0.0002734531892676729,Incremental,Low,,5,donor_base_units_pct_chg,-8.048197874339415,donor_post_13w_promo_weeks,0.5549359435188989
08-40229-30034,Built Puff Salted Caramel Protein Bar 1.41 Oz,08-40229-30229,Built Puff Churro Protein Bar 1.41 Oz (12 Pk),KROGER,CONVENTIONAL|FOOD,0.0001530855894438112,Incremental,Low,,5,donor_base_units_pct_chg,-8.039156515583104,donor_promo_week_delta,-0.30956876564711744
08-40229-30034,Built Puff Salted Caramel Protein Bar 1.41 Oz,08-40229-30229,Built Puff Churro Protein Bar 1.41 Oz (12 Pk),UNFI,CONVENTIONAL|FOOD,0.999883689215148,Cannibalizing,Low,,5,donor_base_units_pct_chg,9.192138440246282,donor_post_13w_arp_discount,0.4571298212298356
08-40229-30034,Built Puff Salted Caramel Protein Bar 1.41 Oz,08-40229-30229,Built Puff Churro Protein Bar 1.41 Oz (12 Pk),WEGMANS,CONVENTIONAL|FOOD,0.9998941263121952,Cannibalizing,Low,,5,donor_base_units_pct_chg,9.192552990374594,donor_post_13w_arp_discount,0.48199004711371657
08-40229-30034,Built Puff Salted Caramel Protein Bar 1.41 Oz,08-40229-30229,Built Puff Churro Protein Bar 1.41 Oz (12 Pk),AHOLD DELHAIZE,CONVENTIONAL|MULTI OUTLET,0.999879561974222,Cannibalizing,Low,,5,donor_base_units_pct_chg,9.193626125497147,donor_post_13w_arp_discount,0.531997557593191
08-40229-30034,Built Puff Salted Caramel Protein Bar 1.41 Oz,08-40229-30229,Built Puff Churro Protein Bar 1.41 Oz (12 Pk),ALBERTSONS COMPANIES,CONVENTIONAL|MULTI OUTLET,0.9998647229965268,Cannibalizing,Low,,5,donor_base_units_pct_chg,9.19409954539472,donor_post_13w_arp_discount,0.42318899675519045
08-40229-30034,Built Puff Salted Caramel Protein Bar 1.41 Oz,08-40229-30229,Built Puff Churro Protein Bar 1.41 Oz (12 Pk),BJS,CONVENTIONAL|MULTI OUTLET,0.9998887823762695,Cannibalizing,Low,,5,donor_base_units_pct_chg,9.192396140009427,donor_post_13w_arp_discount,0.4480767021656972
08-40229-30034,Built Puff Salted Caramel Protein Bar 1.41 Oz,08-40229-30229,Built Puff Churro Protein Bar 1.41 Oz (12 Pk),CVS,CONVENTIONAL|MULTI OUTLET,0.9998699782639848,Cannibalizing,Low,,5,donor_base_units_pct_chg,9.192175603117965,donor_post_13w_arp_discount,0.4952903551658342
08-40229-30034,Built Puff Salted Caramel Protein Bar 1.41 Oz,08-40229-30229,Built Puff Churro Protein Bar 1.41 Oz (12 Pk),KROGER,CONVENTIONAL|MULTI OUTLET,0.9998082009061248,Cannibalizing,Low,,5,donor_base_units_pct_chg,9.19670690106586,donor_post_13w_arp_discount,0.3266508656639716
08-40229-30034,Built Puff Salted Caramel Protein Bar 1.41 Oz,08-40229-30229,Built Puff Churro Protein Bar 1.41 Oz (12 Pk),PUBLIX,CONVENTIONAL|MULTI OUTLET,0.9998831438403628,Cannibalizing,Low,,5,donor_base_units_pct_chg,9.193137525198072,donor_post_13w_arp_discount,0.4486791048494368
08-40229-30034,Built Puff Salted Caramel Protein Bar 1.41 Oz,08-40229-30229,Built Puff Churro Protein Bar 1.41 Oz (12 Pk),SAMS,CONVENTIONAL|MULTI OUTLET,0.9998681982784928,Cannibalizing,Low,,5,donor_base_units_pct_chg,9.19221182002687,donor_post_13w_arp_discount,0.49345989898266196
08-40229-30034,Built Puff Salted Caramel Protein Bar 1.41 Oz,08-40229-30229,Built Puff Churro Protein Bar 1.41 Oz (12 Pk),UNFI,CONVENTIONAL|MULTI OUTLET,0.9998909245399252,Cannibalizing,Low,,5,donor_base_units_pct_chg,9.194010319204217,donor_post_13w_arp_discount,0.4897560602846126
08-40229-30034,Built Puff Salted Caramel Protein Bar 1.41 Oz,08-40229-30229,Built Puff Churro Protein Bar 1.41 Oz (12 Pk),WALGREENS BOOTS ALLIANCE,CONVENTIONAL|MULTI OUTLET,0.9998681982784928,Cannibalizing,Low,,5,donor_base_units_pct_chg,9.19221182812182,donor_post_13w_arp_discount,0.4935961101070908
08-40229-30034,Built Puff Salted Caramel Protein Bar 1.41 Oz,08-40229-30229,Built Puff Churro Protein Bar 1.41 Oz (12 Pk),WALMART,CONVENTIONAL|MULTI OUTLET,0.9998699782639848,Cannibalizing,Low,,5,donor_base_units_pct_chg,9.192256270582526,donor_post_13w_arp_discount,0.4973894591149588
08-40229-30034,Built Puff Salted Caramel Protein Bar 1.41 Oz,08-40229-30257,Built Double Chocolate Bar 1.84oz (12pk),KROGER,CONVENTIONAL|FOOD,0.9999109112158552,Cannibalizing,Low,,5,donor_base_units_pct_chg,9.178751618011686,donor_velocity_spm_pct_chg,0.38365702899080595
08-40229-30034,Built Puff Salted Caramel Protein Bar 1.41 Oz,08-40229-30257,Built Double Chocolate Bar 1.84oz (12pk),AHOLD DELHAIZE,CONVENTIONAL|MULTI OUTLET,0.999880660983236,Cannibalizing,Low,,5,donor_base_units_pct_chg,9.194530974992766,donor_post_13w_promo_weeks,0.5982796193150608
08-40229-30034,Built Puff Salted Caramel Protein Bar 1.41 Oz,08-40229-30257,Built Double Chocolate Bar 1.84oz (12pk),ALBERTSONS COMPANIES,CONVENTIONAL|MULTI OUTLET,0.00020247655522708552,Incremental,Low,,5,donor_base_units_pct_chg,-8.033568868784066,donor_post_13w_arp_discount,0.517102190989219
08-40229-30034,Built Puff Salted Caramel Protein Bar 1.41 Oz,08-40229-30257,Built Double Chocolate Bar 1.84oz (12pk),BJS,CONVENTIONAL|MULTI OUTLET,0.9998871012709156,Cannibalizing,Low,,5,donor_base_units_pct_chg,9.198537101998937,donor_post_13w_promo_weeks,0.5756283477729044
08-40229-30034,Built Puff Salted Caramel Protein Bar 1.41 Oz,08-40229-30257,Built Double Chocolate Bar 1.84oz (12pk),CVS,CONVENTIONAL|MULTI OUTLET,0.0001631515041823616,Incremental,Low,,5,donor_base_units_pct_chg,-8.035094720167088,donor_post_13w_arp_discount,0.44379535224036576
08-40229-30034,Built Puff Salted Caramel Protein Bar 1.41 Oz,08-40229-30257,Built Double Chocolate Bar 1.84oz (12pk),GIANT EAGLE,CONVENTIONAL|MULTI OUTLET,0.9998829825714698,Cannibalizing,Low,,5,donor_base_units_pct_chg,9.183899414108332,donor_post_13w_promo_weeks,0.5794848268435662
08-40229-30034,Built Puff Salted Caramel Protein Bar 1.41 Oz,08-40229-30257,Built Double Chocolate Bar 1.84oz (12pk),KROGER,CONVENTIONAL|MULTI OUTLET,0.0001874604754227476,Incremental,Low,,5,donor_base_units_pct_chg,-8.037130077485273,donor_post_13w_arp_discount,0.40520525477601577
08-40229-30034,Built Puff Salted Caramel Protein Bar 1.41 Oz,08-40229-30257,Built Double Chocolate Bar 1.84oz (12pk),SAMS,CONVENTIONAL|MULTI OUTLET,0.0001609482072551674,Incremental,Low,,5,donor_base_units_pct_chg,-8.03527248032007,donor_post_13w_arp_discount,0.4420025495974196
08-40229-30034,Built Puff Salted Caramel Protein Bar 1.41 Oz,08-40229-30257,Built Double Chocolate Bar 1.84oz (12pk),UNFI,CONVENTIONAL|MULTI OUTLET,0.0002292883088339843,Incremental,Low,,5,donor_base_units_pct_chg,-8.03700946274505,donor_post_13w_arp_discount,0.5057691050272615
08-40229-30034,Built Puff Salted Caramel Protein Bar 1.41 Oz,08-40229-30257,Built Double Chocolate Bar 1.84oz (12pk),WALGREENS BOOTS ALLIANCE,CONVENTIONAL|MULTI OUTLET,0.0001609482072551674,Incremental,Low,,5,donor_base_units_pct_chg,-8.035272487461796,donor_post_13w_arp_discount,0.44213876072184854
08-40229-30034,Built Puff Salted Caramel Protein Bar 1.41 Oz,08-40229-30257,Built Double Chocolate Bar 1.84oz (12pk),WALMART,CONVENTIONAL|MULTI OUTLET,0.0001631515041823616,Incremental,Low,,5,donor_base_units_pct_chg,-8.03472382275247,donor_post_13w_arp_discount,0.44619370450266505
08-40229-30034,Built Puff Salted Caramel Protein Bar 1.41 Oz,08-40229-30258,Built Salted Caramel Bar 1.69oz (12pk),KROGER,CONVENTIONAL|FOOD,0.999917603372502,Cannibalizing,Low,11.0,1,donor_base_units_pct_chg,9.203935086522275,donor_promo_week_delta,0.5275025623789233
08-40229-30034,Built Puff Salted Caramel Protein Bar 1.41 Oz,08-40229-30258,Built Salted Caramel Bar 1.69oz (12pk),UNFI,CONVENTIONAL|FOOD,0.0001212890188913648,Incremental,Low,11.0,1,donor_base_units_pct_chg,-8.032495404867896,donor_promo_week_delta,-0.26879168362063205
08-40229-30034,Built Puff Salted Caramel Protein Bar 1.41 Oz,08-40229-30258,Built Salted Caramel Bar 1.69oz (12pk),WEGMANS,CONVENTIONAL|FOOD,0.00013743288654666835,Incremental,Low,11.0,1,donor_base_units_pct_chg,-8.046860976110263,donor_promo_week_delta,-0.28327394957356594
08-40229-30034,Built Puff Salted Caramel Protein Bar 1.41 Oz,08-40229-30258,Built Salted Caramel Bar 1.69oz (12pk),AHOLD DELHAIZE,CONVENTIONAL|MULTI OUTLET,9.543208669553351e-05,Incremental,Low,11.0,1,donor_base_units_pct_chg,-8.04630061030403,donor_promo_week_delta,-0.3062935901552152
08-40229-30034,Built Puff Salted Caramel Protein Bar 1.41 Oz,08-40229-30258,Built Salted Caramel Bar 1.69oz (12pk),ALBERTSONS COMPANIES,CONVENTIONAL|MULTI OUTLET,8.2630815395003e-05,Incremental,Low,11.0,1,donor_base_units_pct_chg,-8.033792179561464,donor_promo_week_delta,-0.29517036046180933
08-40229-30034,Built Puff Salted Caramel Protein Bar 1.41 Oz,08-40229-30258,Built Salted Caramel Bar 1.69oz (12pk),BJS,CONVENTIONAL|MULTI OUTLET,0.0001460490188677411,Incremental,Low,11.0,1,donor_base_units_pct_chg,-8.047239936683276,donor_promo_week_delta,-0.23689538741403623
08-40229-30034,Built Puff Salted Caramel Protein Bar 1.41 Oz,08-40229-30258,Built Salted Caramel Bar 1.69oz (12pk),CVS,CONVENTIONAL|MULTI OUTLET,9.95641436463209e-05,Incremental,Low,11.0,1,donor_base_units_pct_chg,-8.037183269761309,donor_promo_week_delta,-0.302374336219456
08-40229-30034,Built Puff Salted Caramel Protein Bar 1.41 Oz,08-40229-30258,Built Salted Caramel Bar 1.69oz (12pk),GIANT EAGLE,CONVENTIONAL|MULTI OUTLET,0.0001429603901002779,Incremental,Low,11.0,1,donor_base_units_pct_chg,-8.032289962061155,donor_promo_week_delta,-0.25737971735891757
08-40229-30034,Built Puff Salted Caramel Protein Bar 1.41 Oz,08-40229-30258,Built Salted Caramel Bar 1.69oz (12pk),KROGER,CONVENTIONAL|MULTI OUTLET,9.836921441605976e-05,Incremental,Low,11.0,1,donor_base_units_pct_chg,-8.035649397287187,donor_promo_week_delta,-0.31089553628234196
08-40229-30034,Built Puff Salted Caramel Protein Bar 1.41 Oz,08-40229-30258,Built Salted Caramel Bar 1.69oz (12pk),PUBLIX,CONVENTIONAL|MULTI OUTLET,0.0002787080382810533,Incremental,Low,11.0,1,donor_base_units_pct_chg,-8.051515640872951,donor_post_13w_promo_weeks,0.45646286644206313
08-40229-30034,Built Puff Salted Caramel Protein Bar 1.41 Oz,08-40229-30258,Built Salted Caramel Bar 1.69oz (12pk),SAMS,CONVENTIONAL|MULTI OUTLET,9.822845348872096e-05,Incremental,Low,11.0,1,donor_base_units_pct_chg,-8.037215509235539,donor_promo_week_delta,-0.31693652099312514
08-40229-30034,Built Puff Salted Caramel Protein Bar 1.41 Oz,08-40229-30258,Built Salted Caramel Bar 1.69oz (12pk),UNFI,CONVENTIONAL|MULTI OUTLET,0.00010148678515712065,Incremental,Low,11.0,1,donor_base_units_pct_chg,-8.039229792173517,donor_promo_week_delta,-0.2956015005836108
08-40229-30034,Built Puff Salted Caramel Protein Bar 1.41 Oz,08-40229-30258,Built Salted Caramel Bar 1.69oz (12pk),WALGREENS BOOTS ALLIANCE,CONVENTIONAL|MULTI OUTLET,9.822845348872096e-05,Incremental,Low,11.0,1,donor_base_units_pct_chg,-8.037215522201517,donor_promo_week_delta,-0.31693652099312514
08-40229-30034,Built Puff Salted Caramel Protein Bar 1.41 Oz,08-40229-30258,Built Salted Caramel Bar 1.69oz (12pk),WALMART,CONVENTIONAL|MULTI OUTLET,9.957323523988344e-05,Incremental,Low,11.0,1,donor_base_units_pct_chg,-8.036611096259765,donor_promo_week_delta,-0.3168093127716382
08-40229-30034,Built Puff Salted Caramel Protein Bar 1.41 Oz,08-40229-30324,Built Peanut Butter Granola Bar 1.9oz,INFRA,NATURAL EXPANDED,0.999874102231016,Cannibalizing,Low,,5,donor_base_units_pct_chg,9.18361011005878,donor_post_13w_promo_weeks,0.5338151654582987
08-40229-30034,Built Puff Salted Caramel Protein Bar 1.41 Oz,08-40229-30333,Built Puff Cookie Dough Chunk Protein Bar 1.55 Oz,MAVERIK,CONVENIENCE - SPINS,0.00014059349676569477,Incremental,Low,,5,donor_base_units_pct_chg,-8.035859415305564,donor_post_13w_promo_weeks,-0.25485376411269256
08-40229-30034,Built Puff Salted Caramel Protein Bar 1.41 Oz,08-40229-30333,Built Puff Cookie Dough Chunk Protein Bar 1.55 Oz,GIANT EAGLE,CONVENTIONAL|CONVENIENCE,0.9998720458109,Cannibalizing,Low,,5,donor_base_units_pct_chg,9.203306270863443,donor_promo_week_delta,0.21720663857728337
08-40229-30034,Built Puff Salted Caramel Protein Bar 1.41 Oz,08-40229-30333,Built Puff Cookie Dough Chunk Protein Bar 1.55 Oz,HY-VEE,CONVENTIONAL|CONVENIENCE,6.825753828218984e-05,Incremental,Low,,5,donor_base_units_pct_chg,-8.03141704146331,donor_velocity_spm_pct_chg,-0.34716732974874187
08-40229-30034,Built Puff Salted Caramel Protein Bar 1.41 Oz,08-40229-30333,Built Puff Cookie Dough Chunk Protein Bar 1.55 Oz,MOTOMART,CONVENTIONAL|CONVENIENCE,7.213223935501086e-05,Incremental,Low,,5,donor_base_units_pct_chg,-8.039380292781475,donor_velocity_spm_pct_chg,-0.32698681357807224
08-40229-30034,Built Puff Salted Caramel Protein Bar 1.41 Oz,08-40229-30333,Built Puff Cookie Dough Chunk Protein Bar 1.55 Oz,AHOLD DELHAIZE,CONVENTIONAL|FOOD,0.9999358566521998,Cannibalizing,Low,,5,donor_base_units_pct_chg,9.208533818568672,base_units_delta_diff,1.0002375264736094
08-40229-30034,Built Puff Salted Caramel Protein Bar 1.41 Oz,08-40229-30333,Built Puff Cookie Dough Chunk Protein Bar 1.55 Oz,ASSOCIATED WHOLESALE GROCERS,CONVENTIONAL|FOOD,6.117177892249378e-05,Incremental,Low,,5,donor_base_units_pct_chg,-8.029674387707818,donor_velocity_spm_pct_chg,-0.4250805398440948
08-40229-30034,Built Puff Salted Caramel Protein Bar 1.41 Oz,08-40229-30333,Built Puff Cookie Dough Chunk Protein Bar 1.55 Oz,DEMOULAS,CONVENTIONAL|FOOD,0.9994707289995476,Cannibalizing,Low,,5,donor_base_units_pct_chg,9.204200636925476,donor_velocity_spm_pct_chg,-0.30359371508031957
08-40229-30034,Built Puff Salted Caramel Protein Bar 1.41 Oz,08-40229-30333,Built Puff Cookie Dough Chunk Protein Bar 1.55 Oz,DIERBERGS,CONVENTIONAL|FOOD,0.0001222969778811671,Incremental,Low,,5,donor_base_units_pct_chg,-8.033610126662603,donor_promo_week_delta,-0.2549199705724575
08-40229-30034,Built Puff Salted Caramel Protein Bar 1.41 Oz,08-40229-30333,Built Puff Cookie Dough Chunk Protein Bar 1.55 Oz,HY-VEE,CONVENTIONAL|FOOD,5.943344632466833e-05,Incremental,Low,,5,donor_base_units_pct_chg,-8.033322514473033,donor_velocity_spm_pct_chg,-0.33208063596268766
08-40229-30034,Built Puff Salted Caramel Protein Bar 1.41 Oz,08-40229-30333,Built Puff Cookie Dough Chunk Protein Bar 1.55 Oz,KROGER,CONVENTIONAL|FOOD,7.04612616408797e-05,Incremental,Low,,5,donor_base_units_pct_chg,-8.038361409158378,donor_velocity_spm_pct_chg,-0.32789261854955215
08-40229-30034,Built Puff Salted Caramel Protein Bar 1.41 Oz,08-40229-30333,Built Puff Cookie Dough Chunk Protein Bar 1.55 Oz,UNFI,CONVENTIONAL|FOOD,6.366168787262422e-05,Incremental,Low,,5,donor_base_units_pct_chg,-8.03683785680789,base_units_delta_diff,-0.23711571018751823
08-40229-30034,Built Puff Salted Caramel Protein Bar 1.41 Oz,08-40229-30333,Built Puff Cookie Dough Chunk Protein Bar 1.55 Oz,WAKEFERN,CONVENTIONAL|FOOD,0.00010788704694279991,Incremental,Low,,5,donor_base_units_pct_chg,-8.03868760723008,donor_velocity_spm_pct_chg,-0.3204526557580097
08-40229-30034,Built Puff Salted Caramel Protein Bar 1.41 Oz,08-40229-30333,Built Puff Cookie Dough Chunk Protein Bar 1.55 Oz,WEGMANS,CONVENTIONAL|FOOD,0.00013433034566354704,Incremental,Low,,5,donor_base_units_pct_chg,-8.038777848724965,donor_post_13w_promo_weeks,0.31139149840589697
08-40229-30034,Built Puff Salted Caramel Protein Bar 1.41 Oz,08-40229-30333,Built Puff Cookie Dough Chunk Protein Bar 1.55 Oz,AHOLD DELHAIZE,CONVENTIONAL|MULTI OUTLET,8.327697097321143e-05,Incremental,Low,,5,donor_base_units_pct_chg,-8.03581679584995,donor_post_13w_promo_weeks,-0.25600606820328486
08-40229-30034,Built Puff Salted Caramel Protein Bar 1.41 Oz,08-40229-30333,Built Puff Cookie Dough Chunk Protein Bar 1.55 Oz,ALBERTSONS COMPANIES,CONVENTIONAL|MULTI OUTLET,6.30006760753376e-05,Incremental,Low,,5,donor_base_units_pct_chg,-8.02973747885296,donor_post_13w_promo_weeks,-0.3659258889689142
08-40229-30034,Built Puff Salted Caramel Protein Bar 1.41 Oz,08-40229-30333,Built Puff Cookie Dough Chunk Protein Bar 1.55 Oz,BJS,CONVENTIONAL|MULTI OUTLET,7.776535471471746e-05,Incremental,Low,,5,donor_base_units_pct_chg,-8.035289855235686,donor_post_13w_promo_weeks,-0.2372660527334463
08-40229-30034,Built Puff Salted Caramel Protein Bar 1.41 Oz,08-40229-30333,Built Puff Cookie Dough Chunk Protein Bar 1.55 Oz,CVS,CONVENTIONAL|MULTI OUTLET,8.720328533964167e-05,Incremental,Low,,5,donor_base_units_pct_chg,-8.035418843776942,donor_post_13w_promo_weeks,-0.341459154130887
08-40229-30034,Built Puff Salted Caramel Protein Bar 1.41 Oz,08-40229-30333,Built Puff Cookie Dough Chunk Protein Bar 1.55 Oz,GIANT EAGLE,CONVENTIONAL|MULTI OUTLET,0.0001315382217176112,Incremental,Low,,5,donor_base_units_pct_chg,-8.033447439953676,donor_velocity_spm_pct_chg,0.32024691801118293
08-40229-30034,Built Puff Salted Caramel Protein Bar 1.41 Oz,08-40229-30333,Built Puff Cookie Dough Chunk Protein Bar 1.55 Oz,KROGER,CONVENTIONAL|MULTI OUTLET,8.911375811030027e-05,Incremental,Low,,5,donor_base_units_pct_chg,-8.033276902845325,donor_post_13w_promo_weeks,-0.31994751939254873
08-40229-30034,Built Puff Salted Caramel Protein Bar 1.41 Oz,08-40229-30333,Built Puff Cookie Dough Chunk Protein Bar 1.55 Oz,MEIJER,CONVENTIONAL|MULTI OUTLET,9.427035244899928e-05,Incremental,Low,,5,donor_base_units_pct_chg,-8.036448418707579,base_units_delta_diff,-0.23136173301845037
08-40229-30034,Built Puff Salted Caramel Protein Bar 1.41 Oz,08-40229-30333,Built Puff Cookie Dough Chunk Protein Bar 1.55 Oz,PUBLIX,CONVENTIONAL|MULTI OUTLET,7.636881579722347e-05,Incremental,Low,,5,donor_base_units_pct_chg,-8.035871774624848,donor_post_13w_promo_weeks,-0.272496037460144
08-40229-30034,Built Puff Salted Caramel Protein Bar 1.41 Oz,08-40229-30333,Built Puff Cookie Dough Chunk Protein Bar 1.55 Oz,SAMS,CONVENTIONAL|MULTI OUTLET,8.333488758604039e-05,Incremental,Low,,5,donor_base_units_pct_chg,-8.037072207858982,donor_post_13w_promo_weeks,-0.3366597544530306
08-40229-30034,Built Puff Salted Caramel Protein Bar 1.41 Oz,08-40229-30333,Built Puff Cookie Dough Chunk Protein Bar 1.55 Oz,SOUTHEASTERN GROCERS,CONVENTIONAL|MULTI OUTLET,7.630145668626915e-05,Incremental,Low,,5,donor_base_units_pct_chg,-8.036204422954427,donor_velocity_spm_pct_chg,-0.389924760656234
08-40229-30034,Built Puff Salted Caramel Protein Bar 1.41 Oz,08-40229-30333,Built Puff Cookie Dough Chunk Protein Bar 1.55 Oz,UNFI,CONVENTIONAL|MULTI OUTLET,7.899675015823235e-05,Incremental,Low,,5,donor_base_units_pct_chg,-8.036824060764978,donor_post_13w_promo_weeks,-0.3116757028243397
08-40229-30034,Built Puff Salted Caramel Protein Bar 1.41 Oz,08-40229-30333,Built Puff Cookie Dough Chunk Protein Bar 1.55 Oz,WALGREENS BOOTS ALLIANCE,CONVENTIONAL|MULTI OUTLET,8.401519030587238e-05,Incremental,Low,,5,donor_base_units_pct_chg,-8.036342946174189,donor_post_13w_promo_weeks,-0.3473238590888715
08-40229-30034,Built Puff Salted Caramel Protein Bar 1.41 Oz,08-40229-30333,Built Puff Cookie Dough Chunk Protein Bar 1.55 Oz,WALMART,CONVENTIONAL|MULTI OUTLET,8.515138011272858e-05,Incremental,Low,,5,donor_base_units_pct_chg,-8.034986561504278,donor_post_13w_promo_weeks,-0.3474379953730418
08-40229-30034,Built Puff Salted Caramel Protein Bar 1.41 Oz,08-40229-30333,Built Puff Cookie Dough Chunk Protein Bar 1.55 Oz,ALLEGIANCE RETAIL SERVICES,NATURAL EXPANDED,7.112025086988212e-05,Incremental,Low,,5,donor_base_units_pct_chg,-8.035847078263538,donor_velocity_spm_pct_chg,-0.2542764360706662
08-40229-30034,Built Puff Salted Caramel Protein Bar 1.41 Oz,08-40229-30333,Built Puff Cookie Dough Chunk Protein Bar 1.55 Oz,CLARKS MARKET,NATURAL EXPANDED,6.77117563935899e-05,Incremental,Low,,5,donor_base_units_pct_chg,-8.03682058250006,donor_velocity_spm_pct_chg,-0.3442289294605819
08-40229-30034,Built Puff Salted Caramel Protein Bar 1.41 Oz,08-40229-30333,Built Puff Cookie Dough Chunk Protein Bar 1.55 Oz,DECICCO AND SONS,NATURAL EXPANDED,0.0001410239903838433,Incremental,Low,,5,donor_base_units_pct_chg,-8.033990505143096,donor_velocity_spm_pct_chg,0.3197462154104387
08-40229-30034,Built Puff Salted Caramel Protein Bar 1.41 Oz,08-40229-30333,Built Puff Cookie Dough Chunk Protein Bar 1.55 Oz,GELSONS MARKET,NATURAL EXPANDED,0.9998334471726184,Cannibalizing,Low,,5,donor_base_units_pct_chg,9.199336889663751,donor_velocity_spm_pct_chg,0.2209400587431721
08-40229-30034,Built Puff Salted Caramel Protein Bar 1.41 Oz,08-40229-30333,Built Puff Cookie Dough Chunk Protein Bar 1.55 Oz,GOOD FOOD HOLDINGS,NATURAL EXPANDED,9.83908209815428e-05,Incremental,Low,,5,donor_base_units_pct_chg,-8.031714677723723,donor_velocity_spm_pct_chg,-0.3290880429117457
08-40229-30034,Built Puff Salted Caramel Protein Bar 1.41 Oz,08-40229-30333,Built Puff Cookie Dough Chunk Protein Bar 1.55 Oz,HARMONS NEIGHBORHOOD GROCER,NATURAL EXPANDED,0.9997758016062738,Cannibalizing,Low,,5,donor_base_units_pct_chg,9.199754749170136,donor_velocity_spm_pct_chg,0.24041179172296342
08-40229-30034,Built Puff Salted Caramel Protein Bar 1.41 Oz,08-40229-30333,Built Puff Cookie Dough Chunk Protein Bar 1.55 Oz,INFRA,NATURAL EXPANDED,0.00026353965407868805,Incremental,Low,,5,donor_base_units_pct_chg,-8.034191276077356,donor_velocity_spm_pct_chg,0.3731215297659263
08-40229-30034,Built Puff Salted Caramel Protein Bar 1.41 Oz,08-40229-30333,Built Puff Cookie Dough Chunk Protein Bar 1.55 Oz,NCG,NATURAL EXPANDED,0.00018766119301231665,Incremental,Low,,5,donor_base_units_pct_chg,-8.0359254203226,donor_promo_week_delta,0.2888840036098585
08-40229-30034,Built Puff Salted Caramel Protein Bar 1.41 Oz,08-40229-30333,Built Puff Cookie Dough Chunk Protein Bar 1.55 Oz,NORTHWEST GROCERS,NATURAL EXPANDED,5.894432410874521e-05,Incremental,Low,,5,donor_base_units_pct_chg,-8.031902970374034,donor_velocity_spm_pct_chg,-0.3419313395995486
08-40229-30034,Built Puff Salted Caramel Protein Bar 1.41 Oz,08-40229-30333,Built Puff Cookie Dough Chunk Protein Bar 1.55 Oz,SENDIKS,NATURAL EXPANDED,0.00020494784046979337,Incremental,Low,,5,donor_base_units_pct_chg,-8.041965337802923,donor_velocity_spm_pct_chg,0.31118959509057253
08-40229-30034,Built Puff Salted Caramel Protein Bar 1.41 Oz,08-40229-30333,Built Puff Cookie Dough Chunk Protein Bar 1.55 Oz,SUNSET FOODS,NATURAL EXPANDED,0.00021687694666848995,Incremental,Low,,5,donor_base_units_pct_chg,-8.044597101720694,donor_post_13w_promo_weeks,0.3686438390396541
08-40229-30034,Built Puff Salted Caramel Protein Bar 1.41 Oz,08-40229-30333,Built Puff Cookie Dough Chunk Protein Bar 1.55 Oz,ASSOCIATED FOOD STORES,REGIONAL & INDEP GROCERY,0.00010263183125668786,Incremental,Low,,5,donor_base_units_pct_chg,-8.03873862386658,donor_velocity_spm_pct_chg,-0.33568083648177804
08-40229-30034,Built Puff Salted Caramel Protein Bar 1.41 Oz,08-40229-30333,Built Puff Cookie Dough Chunk Protein Bar 1.55 Oz,BALLS FOODS,REGIONAL & INDEP GROCERY,0.9999161305931198,Cannibalizing,Low,,5,donor_base_units_pct_chg,9.203317579788806,base_units_delta_diff,0.7647466390829174
08-40229-30034,Built Puff Salted Caramel Protein Bar 1.41 Oz,08-40229-30333,Built Puff Cookie Dough Chunk Protein Bar 1.55 Oz,COBORNS,REGIONAL & INDEP GROCERY,0.9999134905605952,Cannibalizing,Low,,5,donor_base_units_pct_chg,9.205130192765594,base_units_delta_diff,0.9657253314903861
08-40229-30034,Built Puff Salted Caramel Protein Bar 1.41 Oz,08-40229-30333,Built Puff Cookie Dough Chunk Protein Bar 1.55 Oz,COHN WHOLESALE,REGIONAL & INDEP GROCERY,7.446319844374055e-05,Incremental,Low,,5,donor_base_units_pct_chg,-8.042190116389921,donor_velocity_spm_pct_chg,-0.44183760021269275
08-40229-30034,Built Puff Salted Caramel Protein Bar 1.41 Oz,08-40229-30333,Built Puff Cookie Dough Chunk Protein Bar 1.55 Oz,HAC INC,REGIONAL & INDEP GROCERY,0.0002207408542280958,Incremental,Low,,5,donor_base_units_pct_chg,-8.064301972203191,base_units_delta_diff,0.5256649963251637
08-40229-30034,Built Puff Salted Caramel Protein Bar 1.41 Oz,08-40229-30333,Built Puff Cookie Dough Chunk Protein Bar 1.55 Oz,MCKEEVERS,REGIONAL & INDEP GROCERY,8.953906099655642e-05,Incremental,Low,,5,donor_base_units_pct_chg,-8.037673337513993,donor_velocity_spm_pct_chg,-0.27451331816797836
08-40229-30034,Built Puff Salted Caramel Protein Bar 1.41 Oz,08-40229-30333,Built Puff Cookie Dough Chunk Protein Bar 1.55 Oz,NORTHWEST SUPERMARKETS,REGIONAL & INDEP GROCERY,0.9999389232916984,Cannibalizing,Low,,5,donor_base_units_pct_chg,9.200564443781634,base_units_delta_diff,0.9010810332267458
08-40229-30034,Built Puff Salted Caramel Protein Bar 1.41 Oz,08-40229-30333,Built Puff Cookie Dough Chunk Protein Bar 1.55 Oz,QUEENS PRICE CHOPPER,REGIONAL & INDEP GROCERY,9.789003328426472e-05,Incremental,Low,,5,donor_base_units_pct_chg,-8.042968776018432,donor_velocity_spm_pct_chg,-0.45408586567392134
08-40229-30034,Built Puff Salted Caramel Protein Bar 1.41 Oz,08-40229-30333,Built Puff Cookie Dough Chunk Protein Bar 1.55 Oz,REYNOLDS MARKET,REGIONAL & INDEP GROCERY,0.00031434869113955704,Incremental,Low,,5,donor_base_units_pct_chg,-8.037397883260477,donor_post_13w_arp_discount,0.30202914176318174
08-40229-30034,Built Puff Salted Caramel Protein Bar 1.41 Oz,08-40229-30333,Built Puff Cookie Dough Chunk Protein Bar 1.55 Oz,SCHNUCKS,REGIONAL & INDEP GROCERY,0.9996245073426584,Cannibalizing,Low,,5,donor_base_units_pct_chg,9.209925146018966,donor_velocity_spm_pct_chg,-0.40043978590338647
08-40229-30034,Built Puff Salted Caramel Protein Bar 1.41 Oz,08-40229-30333,Built Puff Cookie Dough Chunk Protein Bar 1.55 Oz,SKOGENS FOODLINER,REGIONAL & INDEP GROCERY,0.0001192081896807626,Incremental,Low,,5,donor_base_units_pct_chg,-8.031956735751045,donor_velocity_spm_pct_chg,-0.28113044246275426
08-40229-30034,Built Puff Salted Caramel Protein Bar 1.41 Oz,08-40229-30333,Built Puff Cookie Dough Chunk Protein Bar 1.55 Oz,TOMS FOOD MARKETS,REGIONAL & INDEP GROCERY,0.00017526187790630702,Incremental,Low,,5,donor_base_units_pct_chg,-8.041923277410788,donor_post_13w_promo_weeks,0.46904469469717675
08-40229-30034,Built Puff Salted Caramel Protein Bar 1.41 Oz,08-40229-30333,Built Puff Cookie Dough Chunk Protein Bar 1.55 Oz,VITAMIN SHOPPE,VITAMINS & SUPPLEMENTS,0.9998078501713002,Cannibalizing,Low,,5,donor_base_units_pct_chg,9.196089632523472,donor_velocity_spm_pct_chg,0.34394348431951144
08-40229-30034,Built Puff Salted Caramel Protein Bar 1.41 Oz,08-40229-30334,Built Puff Cookie Dough Chunk Protein Bar 1.55 Oz (12 Pk),AHOLD DELHAIZE,CONVENTIONAL|FOOD,0.999894806310985,Cannibalizing,Low,,5,donor_base_units_pct_chg,9.200641194556328,donor_promo_week_delta,0.6545978062571891
08-40229-30034,Built Puff Salted Caramel Protein Bar 1.41 Oz,08-40229-30334,Built Puff Cookie Dough Chunk Protein Bar 1.55 Oz (12 Pk),KROGER,CONVENTIONAL|FOOD,9.901490092409952e-05,Incremental,Low,,5,donor_base_units_pct_chg,-8.039958526535537,donor_promo_week_delta,-0.3159409525071304
08-40229-30034,Built Puff Salted Caramel Protein Bar 1.41 Oz,08-40229-30334,Built Puff Cookie Dough Chunk Protein Bar 1.55 Oz (12 Pk),UNFI,CONVENTIONAL|FOOD,0.000224024577596934,Incremental,Low,,5,donor_base_units_pct_chg,-8.048888497043915,donor_post_13w_promo_weeks,0.5309331215821419
08-40229-30034,Built Puff Salted Caramel Protein Bar 1.41 Oz,08-40229-30334,Built Puff Cookie Dough Chunk Protein Bar 1.55 Oz (12 Pk),WEGMANS,CONVENTIONAL|FOOD,0.000260088324522996,Incremental,Low,,5,donor_base_units_pct_chg,-8.049615785027308,donor_post_13w_promo_weeks,0.5147229036975122
08-40229-30034,Built Puff Salted Caramel Protein Bar 1.41 Oz,08-40229-30334,Built Puff Cookie Dough Chunk Protein Bar 1.55 Oz (12 Pk),AHOLD DELHAIZE,CONVENTIONAL|MULTI OUTLET,0.0002457978114331717,Incremental,Low,,5,donor_base_units_pct_chg,-8.049411965478722,donor_post_13w_promo_weeks,0.5588168284519278
08-40229-30034,Built Puff Salted Caramel Protein Bar 1.41 Oz,08-40229-30334,Built Puff Cookie Dough Chunk Protein Bar 1.55 Oz (12 Pk),ALBERTSONS COMPANIES,CONVENTIONAL|MULTI OUTLET,0.0002617045457814523,Incremental,Low,,5,donor_base_units_pct_chg,-8.047124820397979,donor_post_13w_promo_weeks,0.566880654468488
08-40229-30034,Built Puff Salted Caramel Protein Bar 1.41 Oz,08-40229-30334,Built Puff Cookie Dough Chunk Protein Bar 1.55 Oz (12 Pk),BJS,CONVENTIONAL|MULTI OUTLET,0.00026011300786074235,Incremental,Low,,5,donor_base_units_pct_chg,-8.04967511647926,donor_post_13w_promo_weeks,0.5380864737280131
08-40229-30034,Built Puff Salted Caramel Protein Bar 1.41 Oz,08-40229-30334,Built Puff Cookie Dough Chunk Protein Bar 1.55 Oz (12 Pk),CVS,CONVENTIONAL|MULTI OUTLET,0.00010157914285696524,Incremental,Low,,5,donor_base_units_pct_chg,-8.038968350346373,donor_promo_week_delta,-0.305885978807419
08-40229-30034,Built Puff Salted Caramel Protein Bar 1.41 Oz,08-40229-30334,Built Puff Cookie Dough Chunk Protein Bar 1.55 Oz (12 Pk),GIANT EAGLE,CONVENTIONAL|MULTI OUTLET,0.000124494051298695,Incremental,Low,,5,donor_base_units_pct_chg,-8.036858426029733,donor_promo_week_delta,-0.27452507301446866
08-40229-30034,Built Puff Salted Caramel Protein Bar 1.41 Oz,08-40229-30334,Built Puff Cookie Dough Chunk Protein Bar 1.55 Oz (12 Pk),KROGER,CONVENTIONAL|MULTI OUTLET,9.240229227368788e-05,Incremental,Low,,5,donor_base_units_pct_chg,-8.037005212341928,donor_promo_week_delta,-0.3225750792677589
08-40229-30034,Built Puff Salted Caramel Protein Bar 1.41 Oz,08-40229-30334,Built Puff Cookie Dough Chunk Protein Bar 1.55 Oz (12 Pk),PUBLIX,CONVENTIONAL|MULTI OUTLET,0.000246526739886112,Incremental,Low,,5,donor_base_units_pct_chg,-8.049788943916942,donor_post_13w_promo_weeks,0.558549433827966
08-40229-30034,Built Puff Salted Caramel Protein Bar 1.41 Oz,08-40229-30334,Built Puff Cookie Dough Chunk Protein Bar 1.55 Oz (12 Pk),SAMS,CONVENTIONAL|MULTI OUTLET,9.996874888545986e-05,Incremental,Low,,5,donor_base_units_pct_chg,-8.03913616949477,donor_promo_week_delta,-0.3271063227089993
08-40229-30034,Built Puff Salted Caramel Protein Bar 1.41 Oz,08-40229-30334,Built Puff Cookie Dough Chunk Protein Bar 1.55 Oz (12 Pk),UNFI,CONVENTIONAL|MULTI OUTLET,0.00027847184541259515,Incremental,Low,,5,donor_base_units_pct_chg,-8.050217194602894,donor_post_13w_promo_weeks,0.5759340885762201
08-40229-30034,Built Puff Salted Caramel Protein Bar 1.41 Oz,08-40229-30334,Built Puff Cookie Dough Chunk Protein Bar 1.55 Oz (12 Pk),WALGREENS BOOTS ALLIANCE,CONVENTIONAL|MULTI OUTLET,9.996874888545986e-05,Incremental,Low,,5,donor_base_units_pct_chg,-8.039136174200557,donor_promo_week_delta,-0.3271063227089993
08-40229-30034,Built Puff Salted Caramel Protein Bar 1.41 Oz,08-40229-30334,Built Puff Cookie Dough Chunk Protein Bar 1.55 Oz (12 Pk),WALMART,CONVENTIONAL|MULTI OUTLET,0.00010133735347229956,Incremental,Low,,5,donor_base_units_pct_chg,-8.038602370829155,donor_promo_week_delta,-0.32159519568719414
08-40229-30034,Built Puff Salted Caramel Protein Bar 1.41 Oz,08-40229-30334,Built Puff Cookie Dough Chunk Protein Bar 1.55 Oz (12 Pk),HARMONS NEIGHBORHOOD GROCER,NATURAL EXPANDED,0.9999003118983844,Cannibalizing,Low,,5,donor_base_units_pct_chg,9.201506512410013,donor_post_13w_promo_weeks,0.5027941019928679
08-40229-30034,Built Puff Salted Caramel Protein Bar 1.41 Oz,08-40229-30334,Built Puff Cookie Dough Chunk Protein Bar 1.55 Oz (12 Pk),VITAMIN SHOPPE,VITAMINS & SUPPLEMENTS,0.9998770574996916,Cannibalizing,Low,,5,donor_base_units_pct_chg,9.19472776695994,donor_velocity_spm_pct_chg,0.3301673918148137
08-40229-30034,Built Puff Salted Caramel Protein Bar 1.41 Oz,08-40229-30335,Built Mud Pie Bar 1.8oz,INFRA,NATURAL EXPANDED,0.9998918965014382,Cannibalizing,Low,,5,donor_base_units_pct_chg,9.185236421761216,donor_post_13w_promo_weeks,0.46879898359134753
08-40229-30034,Built Puff Salted Caramel Protein Bar 1.41 Oz,08-40229-30341,Built Coconut Brownie Chunk Puff 1.52oz,INFRA,NATURAL EXPANDED,0.0002488838025095219,Incremental,Low,,5,donor_base_units_pct_chg,-8.04020041670811,donor_post_13w_arp_discount,0.28054386885896815
08-40229-30034,Built Puff Salted Caramel Protein Bar 1.41 Oz,08-40229-30354,Built Maple Donut Puff 1.41oz,INFRA,NATURAL EXPANDED,0.9998113878763464,Cannibalizing,Low,,5,donor_base_units_pct_chg,9.198673440937997,donor_velocity_spm_pct_chg,-0.31729154656581476
08-40229-30034,Built Puff Salted Caramel Protein Bar 1.41 Oz,08-40229-30354,Built Maple Donut Puff 1.41oz,ASSOCIATED FOOD STORES,REGIONAL & INDEP GROCERY,8.773871801791385e-05,Incremental,Low,,5,donor_base_units_pct_chg,-8.030868160483237,base_units_delta_diff,-0.25045062821828756
08-40229-30034,Built Puff Salted Caramel Protein Bar 1.41 Oz,08-40229-30362,Built Puff Brownie Batter Protein Bar 1.41 Oz,MAVERIK,CONVENIENCE - SPINS,0.00014724011275523108,Incremental,Low,,5,donor_base_units_pct_chg,-8.035225543064016,donor_post_13w_promo_weeks,-0.23416796128345757
08-40229-30034,Built Puff Salted Caramel Protein Bar 1.41 Oz,08-40229-30362,Built Puff Brownie Batter Protein Bar 1.41 Oz,GIANT EAGLE,CONVENTIONAL|CONVENIENCE,0.9998582486822284,Cannibalizing,Low,,5,donor_base_units_pct_chg,9.201067742550935,donor_post_13w_promo_weeks,0.219687520644479
08-40229-30034,Built Puff Salted Caramel Protein Bar 1.41 Oz,08-40229-30362,Built Puff Brownie Batter Protein Bar 1.41 Oz,HY-VEE,CONVENTIONAL|CONVENIENCE,7.199444452937306e-05,Incremental,Low,,5,donor_base_units_pct_chg,-8.031677733920548,donor_velocity_spm_pct_chg,-0.3821010969781259
08-40229-30034,Built Puff Salted Caramel Protein Bar 1.41 Oz,08-40229-30362,Built Puff Brownie Batter Protein Bar 1.41 Oz,MOTOMART,CONVENTIONAL|CONVENIENCE,0.000111410272962511,Incremental,Low,,5,donor_base_units_pct_chg,-8.042978540098149,donor_velocity_spm_pct_chg,-0.4219059385082176
08-40229-30034,Built Puff Salted Caramel Protein Bar 1.41 Oz,08-40229-30362,Built Puff Brownie Batter Protein Bar 1.41 Oz,AHOLD DELHAIZE,CONVENTIONAL|FOOD,0.9999066858513894,Cannibalizing,Low,,5,donor_base_units_pct_chg,9.205760678636423,base_units_delta_diff,0.82838942604716
08-40229-30034,Built Puff Salted Caramel Protein Bar 1.41 Oz,08-40229-30362,Built Puff Brownie Batter Protein Bar 1.41 Oz,ALBERTSONS COMPANIES,CONVENTIONAL|FOOD,6.181275862732212e-05,Incremental,Low,,5,donor_base_units_pct_chg,-8.031055173038071,donor_velocity_spm_pct_chg,-0.4237112931176095
08-40229-30034,Built Puff Salted Caramel Protein Bar 1.41 Oz,08-40229-30362,Built Puff Brownie Batter Protein Bar 1.41 Oz,ASSOCIATED WHOLESALE GROCERS,CONVENTIONAL|FOOD,5.571777183781695e-05,Incremental,Low,,5,donor_base_units_pct_chg,-8.029074340814018,donor_post_13w_promo_weeks,-0.32439077161337465
08-40229-30034,Built Puff Salted Caramel Protein Bar 1.41 Oz,08-40229-30362,Built Puff Brownie Batter Protein Bar 1.41 Oz,DEMOULAS,CONVENTIONAL|FOOD,5.933827437376123e-05,Incremental,Low,,5,donor_base_units_pct_chg,-8.057870369834133,donor_velocity_spm_pct_chg,-0.30852503811110643
08-40229-30034,Built Puff Salted Caramel Protein Bar 1.41 Oz,08-40229-30362,Built Puff Brownie Batter Protein Bar 1.41 Oz,DIERBERGS,CONVENTIONAL|FOOD,0.00012808259989393727,Incremental,Low,,5,donor_base_units_pct_chg,-8.029343228227926,donor_velocity_spm_pct_chg,0.26532071361983683
08-40229-30034,Built Puff Salted Caramel Protein Bar 1.41 Oz,08-40229-30362,Built Puff Brownie Batter Protein Bar 1.41 Oz,HY-VEE,CONVENTIONAL|FOOD,6.853541962485161e-05,Incremental,Low,,5,donor_base_units_pct_chg,-8.033839408580173,donor_velocity_spm_pct_chg,-0.34648565643892076
08-40229-30034,Built Puff Salted Caramel Protein Bar 1.41 Oz,08-40229-30362,Built Puff Brownie Batter Protein Bar 1.41 Oz,KROGER,CONVENTIONAL|FOOD,5.756413364237112e-05,Incremental,Low,,5,donor_base_units_pct_chg,-8.036084154506925,donor_velocity_spm_pct_chg,-0.33404730502629154
08-40229-30034,Built Puff Salted Caramel Protein Bar 1.41 Oz,08-40229-30362,Built Puff Brownie Batter Protein Bar 1.41 Oz,PUBLIX,CONVENTIONAL|FOOD,0.9997081718528424,Cannibalizing,Low,,5,donor_base_units_pct_chg,9.198667902048909,donor_velocity_spm_pct_chg,0.2884383458387187
08-40229-30034,Built Puff Salted Caramel Protein Bar 1.41 Oz,08-40229-30362,Built Puff Brownie Batter Protein Bar 1.41 Oz,UNFI,CONVENTIONAL|FOOD,6.142610235285257e-05,Incremental,Low,,5,donor_base_units_pct_chg,-8.03427088416499,donor_post_13w_promo_weeks,-0.2958819114078304
08-40229-30034,Built Puff Salted Caramel Protein Bar 1.41 Oz,08-40229-30362,Built Puff Brownie Batter Protein Bar 1.41 Oz,WAKEFERN,CONVENTIONAL|FOOD,7.981890113216777e-05,Incremental,Low,,5,donor_base_units_pct_chg,-8.03511380870583,base_units_delta_diff,-0.30253048249116293
08-40229-30034,Built Puff Salted Caramel Protein Bar 1.41 Oz,08-40229-30362,Built Puff Brownie Batter Protein Bar 1.41 Oz,WEGMANS,CONVENTIONAL|FOOD,0.00017431078496141293,Incremental,Low,,5,donor_base_units_pct_chg,-8.04225144183699,donor_post_13w_promo_weeks,0.47455708928156065
08-40229-30034,Built Puff Salted Caramel Protein Bar 1.41 Oz,08-40229-30362,Built Puff Brownie Batter Protein Bar 1.41 Oz,AHOLD DELHAIZE,CONVENTIONAL|MULTI OUTLET,6.821343656110465e-05,Incremental,Low,,5,donor_base_units_pct_chg,-8.032317474631398,donor_post_13w_promo_weeks,-0.3406069711804779
08-40229-30034,Built Puff Salted Caramel Protein Bar 1.41 Oz,08-40229-30362,Built Puff Brownie Batter Protein Bar 1.41 Oz,ALBERTSONS COMPANIES,CONVENTIONAL|MULTI OUTLET,9.942616862968116e-05,Incremental,Low,,5,donor_base_units_pct_chg,-8.030706110151653,donor_post_13w_promo_weeks,-0.26793973636695895
08-40229-30034,Built Puff Salted Caramel Protein Bar 1.41 Oz,08-40229-30362,Built Puff Brownie Batter Protein Bar 1.41 Oz,BJS,CONVENTIONAL|MULTI OUTLET,8.382951771094597e-05,Incremental,Low,,5,donor_base_units_pct_chg,-8.032263262941035,donor_post_13w_promo_weeks,-0.356623379006229
08-40229-30034,Built Puff Salted Caramel Protein Bar 1.41 Oz,08-40229-30362,Built Puff Brownie Batter Protein Bar 1.41 Oz,CVS,CONVENTIONAL|MULTI OUTLET,9.27776884387102e-05,Incremental,Low,,5,donor_base_units_pct_chg,-8.035757146709845,donor_post_13w_promo_weeks,-0.3306246888297576
08-40229-30034,Built Puff Salted Caramel Protein Bar 1.41 Oz,08-40229-30362,Built Puff Brownie Batter Protein Bar 1.41 Oz,GIANT EAGLE,CONVENTIONAL|MULTI OUTLET,0.00010126311230638626,Incremental,Low,,5,donor_base_units_pct_chg,-8.032169688585487,donor_post_13w_promo_weeks,-0.27989989103567803
08-40229-30034,Built Puff Salted Caramel Protein Bar 1.41 Oz,08-40229-30362,Built Puff Brownie Batter Protein Bar 1.41 Oz,KROGER,CONVENTIONAL|MULTI OUTLET,4.928280466339496e-05,Incremental,Low,,5,donor_base_units_pct_chg,-8.034909491447321,donor_velocity_spm_pct_chg,-0.6811733373937897
08-40229-30034,Built Puff Salted Caramel Protein Bar 1.41 Oz,08-40229-30362,Built Puff Brownie Batter Protein Bar 1.41 Oz,MEIJER,CONVENTIONAL|MULTI OUTLET,8.17104038635009e-05,Incremental,Low,,5,donor_base_units_pct_chg,-8.033142960837669,donor_post_13w_promo_weeks,-0.316226499325728
08-40229-30034,Built Puff Salted Caramel Protein Bar 1.41 Oz,08-40229-30362,Built Puff Brownie Batter Protein Bar 1.41 Oz,PUBLIX,CONVENTIONAL|MULTI OUTLET,6.791745680483028e-05,Incremental,Low,,5,donor_base_units_pct_chg,-8.030248904698306,donor_post_13w_promo_weeks,-0.3619697812473742
08-40229-30034,Built Puff Salted Caramel Protein Bar 1.41 Oz,08-40229-30362,Built Puff Brownie Batter Protein Bar 1.41 Oz,SAMS,CONVENTIONAL|MULTI OUTLET,6.526598993005878e-05,Incremental,Low,,5,donor_base_units_pct_chg,-8.034963163496974,donor_post_13w_promo_weeks,-0.3591742074282426
08-40229-30034,Built Puff Salted Caramel Protein Bar 1.41 Oz,08-40229-30362,Built Puff Brownie Batter Protein Bar 1.41 Oz,SOUTHEASTERN GROCERS,CONVENTIONAL|MULTI OUTLET,0.9996620075617864,Cannibalizing,Low,,5,donor_base_units_pct_chg,9.199674346297595,donor_post_13w_promo_weeks,-0.2844563468100111
08-40229-30034,Built Puff Salted Caramel Protein Bar 1.41 Oz,08-40229-30362,Built Puff Brownie Batter Protein Bar 1.41 Oz,UNFI,CONVENTIONAL|MULTI OUTLET,0.00011937043319688048,Incremental,Low,,5,donor_base_units_pct_chg,-8.035975449164692,donor_post_13w_promo_weeks,-0.27724517768413026
08-40229-30034,Built Puff Salted Caramel Protein Bar 1.41 Oz,08-40229-30362,Built Puff Brownie Batter Protein Bar 1.41 Oz,WALGREENS BOOTS ALLIANCE,CONVENTIONAL|MULTI OUTLET,6.230196818237557e-05,Incremental,Low,,5,donor_base_units_pct_chg,-8.035355583487434,donor_post_13w_promo_weeks,-0.32916530519448417
08-40229-30034,Built Puff Salted Caramel Protein Bar 1.41 Oz,08-40229-30362,Built Puff Brownie Batter Protein Bar 1.41 Oz,WALMART,CONVENTIONAL|MULTI OUTLET,7.130581910027377e-05,Incremental,Low,,5,donor_base_units_pct_chg,-8.034911396502178,donor_post_13w_promo_weeks,-0.36024580065675327
08-40229-30034,Built Puff Salted Caramel Protein Bar 1.41 Oz,08-40229-30362,Built Puff Brownie Batter Protein Bar 1.41 Oz,ALLEGIANCE RETAIL SERVICES,NATURAL EXPANDED,6.416820507077757e-05,Incremental,Low,,5,donor_base_units_pct_chg,-8.037078350449663,donor_velocity_spm_pct_chg,-0.27751666765308675
08-40229-30034,Built Puff Salted Caramel Protein Bar 1.41 Oz,08-40229-30362,Built Puff Brownie Batter Protein Bar 1.41 Oz,CLARKS MARKET,NATURAL EXPANDED,7.688932415421476e-05,Incremental,Low,,5,donor_base_units_pct_chg,-8.036085320521389,donor_velocity_spm_pct_chg,-0.41164729860651994
08-40229-30034,Built Puff Salted Caramel Protein Bar 1.41 Oz,08-40229-30362,Built Puff Brownie Batter Protein Bar 1.41 Oz,DECICCO AND SONS,NATURAL EXPANDED,0.0001221464298252055,Incremental,Low,,5,donor_base_units_pct_chg,-8.03394954186523,donor_velocity_spm_pct_chg,0.28411036390209915
08-40229-30034,Built Puff Salted Caramel Protein Bar 1.41 Oz,08-40229-30362,Built Puff Brownie Batter Protein Bar 1.41 Oz,GELSONS MARKET,NATURAL EXPANDED,0.9998673769043468,Cannibalizing,Low,,5,donor_base_units_pct_chg,9.196245440869454,donor_velocity_spm_pct_chg,0.24887756102308461
08-40229-30034,Built Puff Salted Caramel Protein Bar 1.41 Oz,08-40229-30362,Built Puff Brownie Batter Protein Bar 1.41 Oz,GOOD FOOD HOLDINGS,NATURAL EXPANDED,0.00010121280102045604,Incremental,Low,,5,donor_base_units_pct_chg,-8.030772022175674,donor_velocity_spm_pct_chg,-0.34252744154161546
08-40229-30034,Built Puff Salted Caramel Protein Bar 1.41 Oz,08-40229-30362,Built Puff Brownie Batter Protein Bar 1.41 Oz,HARMONS NEIGHBORHOOD GROCER,NATURAL EXPANDED,9.166889714051992e-05,Incremental,Low,,5,donor_base_units_pct_chg,-8.05665109923634,base_units_delta_diff,-0.22981821793673707
08-40229-30034,Built Puff Salted Caramel Protein Bar 1.41 Oz,08-40229-30362,Built Puff Brownie Batter Protein Bar 1.41 Oz,INFRA,NATURAL EXPANDED,9.970060458798846e-05,Incremental,Low,,5,donor_base_units_pct_chg,-8.032666683600755,donor_post_13w_promo_weeks,-0.24737891221697889
08-40229-30034,Built Puff Salted Caramel Protein Bar 1.41 Oz,08-40229-30362,Built Puff Brownie Batter Protein Bar 1.41 Oz,MORTON WILLIAMS,NATURAL EXPANDED,0.00010854031854074576,Incremental,Low,,5,donor_base_units_pct_chg,-8.03880959102289,donor_promo_week_delta,-0.2478383734403472
08-40229-30034,Built Puff Salted Caramel Protein Bar 1.41 Oz,08-40229-30362,Built Puff Brownie Batter Protein Bar 1.41 Oz,NCG,NATURAL EXPANDED,9.734242057021996e-05,Incremental,Low,,5,donor_base_units_pct_chg,-8.033555665125295,donor_velocity_spm_pct_chg,0.2110221763450277
08-40229-30034,Built Puff Salted Caramel Protein Bar 1.41 Oz,08-40229-30362,Built Puff Brownie Batter Protein Bar 1.41 Oz,NORTHWEST GROCERS,NATURAL EXPANDED,5.730573248606517e-05,Incremental,Low,,5,donor_base_units_pct_chg,-8.03210233734986,donor_velocity_spm_pct_chg,-0.3346343554717833
08-40229-30034,Built Puff Salted Caramel Protein Bar 1.41 Oz,08-40229-30362,Built Puff Brownie Batter Protein Bar 1.41 Oz,NUGGET MARKET,NATURAL EXPANDED,0.9997869376957912,Cannibalizing,Low,,5,donor_base_units_pct_chg,9.201514260935323,donor_velocity_spm_pct_chg,0.24324354631371367
08-40229-30034,Built Puff Salted Caramel Protein Bar 1.41 Oz,08-40229-30362,Built Puff Brownie Batter Protein Bar 1.41 Oz,RALEYS,NATURAL EXPANDED,0.00020880450932923787,Incremental,Low,,5,donor_base_units_pct_chg,-8.039518101958116,donor_promo_week_delta,0.34099088286395274
08-40229-30034,Built Puff Salted Caramel Protein Bar 1.41 Oz,08-40229-30362,Built Puff Brownie Batter Protein Bar 1.41 Oz,ROTHS FRESH MARKETS,NATURAL EXPANDED,0.00011524312038155253,Incremental,Low,,5,donor_base_units_pct_chg,-8.042860104937029,donor_velocity_spm_pct_chg,-0.4237034477064331
08-40229-30034,Built Puff Salted Caramel Protein Bar 1.41 Oz,08-40229-30362,Built Puff Brownie Batter Protein Bar 1.41 Oz,SENDIKS,NATURAL EXPANDED,0.00021117496344134445,Incremental,Low,,5,donor_base_units_pct_chg,-8.03929208712757,donor_velocity_spm_pct_chg,0.30454260218086765
08-40229-30034,Built Puff Salted Caramel Protein Bar 1.41 Oz,08-40229-30362,Built Puff Brownie Batter Protein Bar 1.41 Oz,SUNSET FOODS,NATURAL EXPANDED,9.11536944241436e-05,Incremental,Low,,5,donor_base_units_pct_chg,-8.041523794383345,donor_post_13w_promo_weeks,0.37670861707112674
08-40229-30034,Built Puff Salted Caramel Protein Bar 1.41 Oz,08-40229-30362,Built Puff Brownie Batter Protein Bar 1.41 Oz,ASSOCIATED FOOD STORES,REGIONAL & INDEP GROCERY,0.00012716552476541395,Incremental,Low,,5,donor_base_units_pct_chg,-8.035131755213856,donor_velocity_spm_pct_chg,-0.3097432984794022
08-40229-30034,Built Puff Salted Caramel Protein Bar 1.41 Oz,08-40229-30362,Built Puff Brownie Batter Protein Bar 1.41 Oz,B AND R STORES,REGIONAL & INDEP GROCERY,0.0001375659990544529,Incremental,Low,,5,donor_base_units_pct_chg,-8.04228517681757,donor_velocity_spm_pct_chg,-0.3535245966199298
08-40229-30034,Built Puff Salted Caramel Protein Bar 1.41 Oz,08-40229-30362,Built Puff Brownie Batter Protein Bar 1.41 Oz,BALLS FOODS,REGIONAL & INDEP GROCERY,0.9998734019189388,Cannibalizing,Low,,5,donor_base_units_pct_chg,9.203073665813754,base_units_delta_diff,0.7335573179199741
08-40229-30034,Built Puff Salted Caramel Protein Bar 1.41 Oz,08-40229-30362,Built Puff Brownie Batter Protein Bar 1.41 Oz,COBORNS,REGIONAL & INDEP GROCERY,0.9999264177954524,Cannibalizing,Low,,5,donor_base_units_pct_chg,9.200597022592346,base_units_delta_diff,0.9722669140767999
08-40229-30034,Built Puff Salted Caramel Protein Bar 1.41 Oz,08-40229-30362,Built Puff Brownie Batter Protein Bar 1.41 Oz,COHN WHOLESALE,REGIONAL & INDEP GROCERY,6.593861864103935e-05,Incremental,Low,,5,donor_base_units_pct_chg,-8.042176911219242,donor_velocity_spm_pct_chg,-0.41281303479060577
08-40229-30034,Built Puff Salted Caramel Protein Bar 1.41 Oz,08-40229-30362,Built Puff Brownie Batter Protein Bar 1.41 Oz,COSENTINOS,REGIONAL & INDEP GROCERY,8.949842596195584e-05,Incremental,Low,,5,donor_base_units_pct_chg,-8.034325006164046,donor_velocity_spm_pct_chg,-0.28814566864253643
08-40229-30034,Built Puff Salted Caramel Protein Bar 1.41 Oz,08-40229-30362,Built Puff Brownie Batter Protein Bar 1.41 Oz,HAC INC,REGIONAL & INDEP GROCERY,0.00015266623047510832,Incremental,Low,,5,donor_base_units_pct_chg,-8.041920022901135,donor_promo_week_delta,-0.14209338703208824
08-40229-30034,Built Puff Salted Caramel Protein Bar 1.41 Oz,08-40229-30362,Built Puff Brownie Batter Protein Bar 1.41 Oz,HARPS FOOD STORES,REGIONAL & INDEP GROCERY,9.485829836211914e-05,Incremental,Low,,5,donor_base_units_pct_chg,-8.039185324216987,donor_velocity_spm_pct_chg,-0.2740027835258702
08-40229-30034,Built Puff Salted Caramel Protein Bar 1.41 Oz,08-40229-30362,Built Puff Brownie Batter Protein Bar 1.41 Oz,HOUCHENS FOOD GROUP,REGIONAL & INDEP GROCERY,9.391006667673126e-05,Incremental,Low,,5,donor_base_units_pct_chg,-8.040660691361671,base_units_delta_diff,-0.2106792635867524
08-40229-30034,Built Puff Salted Caramel Protein Bar 1.41 Oz,08-40229-30362,Built Puff Brownie Batter Protein Bar 1.41 Oz,MCKEEVERS,REGIONAL & INDEP GROCERY,7.839305778097836e-05,Incremental,Low,,5,donor_base_units_pct_chg,-8.035933395663927,donor_velocity_spm_pct_chg,-0.2989192897903449
08-40229-30034,Built Puff Salted Caramel Protein Bar 1.41 Oz,08-40229-30362,Built Puff Brownie Batter Protein Bar 1.41 Oz,NORTH STATE GROCERY,REGIONAL & INDEP GROCERY,0.0001497770841542838,Incremental,Low,,5,donor_base_units_pct_chg,-8.035634448554154,donor_velocity_spm_pct_chg,0.23063354900009025
08-40229-30034,Built Puff Salted Caramel Protein Bar 1.41 Oz,08-40229-30362,Built Puff Brownie Batter Protein Bar 1.41 Oz,NORTHWEST SUPERMARKETS,REGIONAL & INDEP GROCERY,0.9999415545520152,Cannibalizing,Low,,5,donor_base_units_pct_chg,9.189834500699398,base_units_delta_diff,0.8935915953892936
08-40229-30034,Built Puff Salted Caramel Protein Bar 1.41 Oz,08-40229-30362,Built Puff Brownie Batter Protein Bar 1.41 Oz,PYRAMID FOODS,REGIONAL & INDEP GROCERY,7.581993065659661e-05,Incremental,Low,,5,donor_base_units_pct_chg,-8.034351658329479,donor_velocity_spm_pct_chg,-0.33887498866770116
08-40229-30034,Built Puff Salted Caramel Protein Bar 1.41 Oz,08-40229-30362,Built Puff Brownie Batter Protein Bar 1.41 Oz,QUEENS PRICE CHOPPER,REGIONAL & INDEP GROCERY,0.00011107297688531778,Incremental,Low,,5,donor_base_units_pct_chg,-8.039596539890919,donor_velocity_spm_pct_chg,-0.3112897731197483
08-40229-30034,Built Puff Salted Caramel Protein Bar 1.41 Oz,08-40229-30362,Built Puff Brownie Batter Protein Bar 1.41 Oz,REASORS,REGIONAL & INDEP GROCERY,0.0002405729605469832,Incremental,Low,,5,donor_base_units_pct_chg,-8.038456025171607,donor_promo_week_delta,0.5004127985756774
08-40229-30034,Built Puff Salted Caramel Protein Bar 1.41 Oz,08-40229-30362,Built Puff Brownie Batter Protein Bar 1.41 Oz,REYNOLDS MARKET,REGIONAL & INDEP GROCERY,0.00010289245894207758,Incremental,Low,,5,donor_base_units_pct_chg,-8.03613693748309,donor_velocity_spm_pct_chg,-0.3898890641110678
08-40229-30034,Built Puff Salted Caramel Protein Bar 1.41 Oz,08-40229-30362,Built Puff Brownie Batter Protein Bar 1.41 Oz,SCHNUCKS,REGIONAL & INDEP GROCERY,6.97730761821525e-05,Incremental,Low,,5,donor_base_units_pct_chg,-8.02927735321311,donor_velocity_spm_pct_chg,-0.4021572303321986
08-40229-30034,Built Puff Salted Caramel Protein Bar 1.41 Oz,08-40229-30362,Built Puff Brownie Batter Protein Bar 1.41 Oz,SKOGENS FOODLINER,REGIONAL & INDEP GROCERY,0.00011174532228878146,Incremental,Low,,5,donor_base_units_pct_chg,-8.033023819642878,donor_velocity_spm_pct_chg,-0.3460458698195797
08-40229-30034,Built Puff Salted Caramel Protein Bar 1.41 Oz,08-40229-30362,Built Puff Brownie Batter Protein Bar 1.41 Oz,STRACK AND VAN TIL,REGIONAL & INDEP GROCERY,0.00012201540346084224,Incremental,Low,,5,donor_base_units_pct_chg,-8.03381304784987,donor_velocity_spm_pct_chg,-0.3948998446100222
08-40229-30034,Built Puff Salted Caramel Protein Bar 1.41 Oz,08-40229-30362,Built Puff Brownie Batter Protein Bar 1.41 Oz,TOMS FOOD MARKETS,REGIONAL & INDEP GROCERY,0.9998489299805164,Cannibalizing,Low,,5,donor_base_units_pct_chg,9.204076524462113,donor_post_13w_promo_weeks,0.4032764797966881
08-40229-30034,Built Puff Salted Caramel Protein Bar 1.41 Oz,08-40229-30362,Built Puff Brownie Batter Protein Bar 1.41 Oz,VITAMIN SHOPPE,VITAMINS & SUPPLEMENTS,0.9998242520712208,Cannibalizing,Low,,5,donor_base_units_pct_chg,9.194229424745101,donor_velocity_spm_pct_chg,0.463565345821783
08-40229-30034,Built Puff Salted Caramel Protein Bar 1.41 Oz,08-40229-30363,Built Puff Brownie Batter Protein Bar 1.41 Oz (12 Pk),AHOLD DELHAIZE,CONVENTIONAL|FOOD,0.9998689842267512,Cannibalizing,Low,,5,donor_base_units_pct_chg,9.195852859306434,donor_promo_week_delta,0.4937277426139616
08-40229-30034,Built Puff Salted Caramel Protein Bar 1.41 Oz,08-40229-30363,Built Puff Brownie Batter Protein Bar 1.41 Oz (12 Pk),KROGER,CONVENTIONAL|FOOD,0.00017976497916616838,Incremental,Low,,5,donor_base_units_pct_chg,-8.041185429362667,donor_post_13w_arp_discount,0.29803093319582175
08-40229-30034,Built Puff Salted Caramel Protein Bar 1.41 Oz,08-40229-30363,Built Puff Brownie Batter Protein Bar 1.41 Oz (12 Pk),UNFI,CONVENTIONAL|FOOD,0.000224024577596934,Incremental,Low,,5,donor_base_units_pct_chg,-8.048888594442493,donor_post_13w_promo_weeks,0.5309331707768681
08-40229-30034,Built Puff Salted Caramel Protein Bar 1.41 Oz,08-40229-30363,Built Puff Brownie Batter Protein Bar 1.41 Oz (12 Pk),WEGMANS,CONVENTIONAL|FOOD,0.0002911809287078758,Incremental,Low,,5,donor_base_units_pct_chg,-8.052299684283554,donor_post_13w_promo_weeks,0.46561803850526634
08-40229-30034,Built Puff Salted Caramel Protein Bar 1.41 Oz,08-40229-30363,Built Puff Brownie Batter Protein Bar 1.41 Oz (12 Pk),AHOLD DELHAIZE,CONVENTIONAL|MULTI OUTLET,0.0001361364575238712,Incremental,Low,,5,donor_base_units_pct_chg,-8.03207978043964,donor_post_13w_promo_weeks,0.23366866179139817
08-40229-30034,Built Puff Salted Caramel Protein Bar 1.41 Oz,08-40229-30363,Built Puff Brownie Batter Protein Bar 1.41 Oz (12 Pk),ALBERTSONS COMPANIES,CONVENTIONAL|MULTI OUTLET,8.850615675158121e-05,Incremental,Low,,5,donor_base_units_pct_chg,-8.036333141371934,donor_promo_week_delta,-0.28546655188162423
08-40229-30034,Built Puff Salted Caramel Protein Bar 1.41 Oz,08-40229-30363,Built Puff Brownie Batter Protein Bar 1.41 Oz (12 Pk),BJS,CONVENTIONAL|MULTI OUTLET,0.0001489083273452519,Incremental,Low,,5,donor_base_units_pct_chg,-8.0327207534918,donor_post_13w_promo_weeks,0.21701528550732033
08-40229-30034,Built Puff Salted Caramel Protein Bar 1.41 Oz,08-40229-30363,Built Puff Brownie Batter Protein Bar 1.41 Oz (12 Pk),CVS,CONVENTIONAL|MULTI OUTLET,8.543625249425196e-05,Incremental,Low,,5,donor_base_units_pct_chg,-8.035854697507736,donor_promo_week_delta,-0.3083021547014088
08-40229-30034,Built Puff Salted Caramel Protein Bar 1.41 Oz,08-40229-30363,Built Puff Brownie Batter Protein Bar 1.41 Oz (12 Pk),GIANT EAGLE,CONVENTIONAL|MULTI OUTLET,0.999770767818848,Cannibalizing,Low,,5,donor_base_units_pct_chg,9.20537041742614,donor_promo_week_delta,-0.24722022883910652
08-40229-30034,Built Puff Salted Caramel Protein Bar 1.41 Oz,08-40229-30363,Built Puff Brownie Batter Protein Bar 1.41 Oz (12 Pk),KROGER,CONVENTIONAL|MULTI OUTLET,9.63865593744664e-05,Incremental,Low,,5,donor_base_units_pct_chg,-8.03726452106435,donor_promo_week_delta,-0.30668885961902026
08-40229-30034,Built Puff Salted Caramel Protein Bar 1.41 Oz,08-40229-30363,Built Puff Brownie Batter Protein Bar 1.41 Oz (12 Pk),PUBLIX,CONVENTIONAL|MULTI OUTLET,0.000246526739886112,Incremental,Low,,5,donor_base_units_pct_chg,-8.049832076903321,donor_post_13w_promo_weeks,0.5585731085515117
08-40229-30034,Built Puff Salted Caramel Protein Bar 1.41 Oz,08-40229-30363,Built Puff Brownie Batter Protein Bar 1.41 Oz (12 Pk),SAMS,CONVENTIONAL|MULTI OUTLET,8.428238102035359e-05,Incremental,Low,,5,donor_base_units_pct_chg,-8.03618579810744,donor_promo_week_delta,-0.3268839527044894
08-40229-30034,Built Puff Salted Caramel Protein Bar 1.41 Oz,08-40229-30363,Built Puff Brownie Batter Protein Bar 1.41 Oz (12 Pk),UNFI,CONVENTIONAL|MULTI OUTLET,8.648813862371044e-05,Incremental,Low,,5,donor_base_units_pct_chg,-8.038340374780525,donor_promo_week_delta,-0.3039577206359416
08-40229-30034,Built Puff Salted Caramel Protein Bar 1.41 Oz,08-40229-30363,Built Puff Brownie Batter Protein Bar 1.41 Oz (12 Pk),WALGREENS BOOTS ALLIANCE,CONVENTIONAL|MULTI OUTLET,8.428238102035359e-05,Incremental,Low,,5,donor_base_units_pct_chg,-8.036185805249167,donor_promo_week_delta,-0.32661874002302393
08-40229-30034,Built Puff Salted Caramel Protein Bar 1.41 Oz,08-40229-30363,Built Puff Brownie Batter Protein Bar 1.41 Oz (12 Pk),WALMART,CONVENTIONAL|MULTI OUTLET,8.543625249425196e-05,Incremental,Low,,5,donor_base_units_pct_chg,-8.03613416155508,donor_promo_week_delta,-0.32666570218781377
08-40229-30034,Built Puff Salted Caramel Protein Bar 1.41 Oz,08-40229-30363,Built Puff Brownie Batter Protein Bar 1.41 Oz (12 Pk),VITAMIN SHOPPE,VITAMINS & SUPPLEMENTS,0.9998417687617072,Cannibalizing,Low,,5,donor_base_units_pct_chg,9.19709270631088,donor_post_13w_promo_weeks,-0.19964425705932776
08-40229-30034,Built Puff Salted Caramel Protein Bar 1.41 Oz,08-40229-30376,Built Cookies & Cream Bar 1.69oz (4pk),ASSOCIATED WHOLESALE GROCERS,CONVENTIONAL|FOOD,0.9999091996918212,Cannibalizing,Low,,5,donor_base_units_pct_chg,9.19167456191427,donor_post_13w_arp_discount,0.4083752253420923
08-40229-30034,Built Puff Salted Caramel Protein Bar 1.41 Oz,08-40229-30376,Built Cookies & Cream Bar 1.69oz (4pk),HY-VEE,CONVENTIONAL|FOOD,7.31563792617061e-05,Incremental,Low,,5,donor_base_units_pct_chg,-8.031429020295922,donor_post_13w_promo_weeks,-0.31408569790561414
08-40229-30034,Built Puff Salted Caramel Protein Bar 1.41 Oz,08-40229-30376,Built Cookies & Cream Bar 1.69oz (4pk),UNFI,CONVENTIONAL|FOOD,0.9997575276086864,Cannibalizing,Low,,5,donor_base_units_pct_chg,9.20329277056913,donor_velocity_spm_pct_chg,-0.28269095067467115
08-40229-30034,Built Puff Salted Caramel Protein Bar 1.41 Oz,08-40229-30376,Built Cookies & Cream Bar 1.69oz (4pk),AHOLD DELHAIZE,CONVENTIONAL|MULTI OUTLET,0.9999606884228632,Cannibalizing,Low,,5,donor_base_units_pct_chg,9.193909789422893,donor_promo_week_delta,0.501625569632672
08-40229-30034,Built Puff Salted Caramel Protein Bar 1.41 Oz,08-40229-30376,Built Cookies & Cream Bar 1.69oz (4pk),ALBERTSONS COMPANIES,CONVENTIONAL|MULTI OUTLET,0.999967931744683,Cannibalizing,Low,,5,donor_base_units_pct_chg,9.195917725960555,base_units_delta_diff,0.779594285080452
08-40229-30034,Built Puff Salted Caramel Protein Bar 1.41 Oz,08-40229-30376,Built Cookies & Cream Bar 1.69oz (4pk),BJS,CONVENTIONAL|MULTI OUTLET,0.999923796810401,Cannibalizing,Low,,5,donor_base_units_pct_chg,9.166558197563734,donor_promo_week_delta,0.6766082306999981
08-40229-30034,Built Puff Salted Caramel Protein Bar 1.41 Oz,08-40229-30376,Built Cookies & Cream Bar 1.69oz (4pk),CVS,CONVENTIONAL|MULTI OUTLET,0.9999525511222964,Cannibalizing,Low,,5,donor_base_units_pct_chg,9.17331568710882,base_units_delta_diff,1.272475403356294
08-40229-30034,Built Puff Salted Caramel Protein Bar 1.41 Oz,08-40229-30376,Built Cookies & Cream Bar 1.69oz (4pk),GIANT EAGLE,CONVENTIONAL|MULTI OUTLET,0.9999211980157634,Cannibalizing,Low,,5,donor_base_units_pct_chg,9.186343224269782,donor_post_13w_promo_weeks,0.45621936225090687
08-40229-30034,Built Puff Salted Caramel Protein Bar 1.41 Oz,08-40229-30376,Built Cookies & Cream Bar 1.69oz (4pk),KROGER,CONVENTIONAL|MULTI OUTLET,0.9999551533081844,Cannibalizing,Low,,5,donor_base_units_pct_chg,9.174466860832306,base_units_delta_diff,1.2881636139290162
08-40229-30034,Built Puff Salted Caramel Protein Bar 1.41 Oz,08-40229-30376,Built Cookies & Cream Bar 1.69oz (4pk),MEIJER,CONVENTIONAL|MULTI OUTLET,0.9999560715154096,Cannibalizing,Low,,5,donor_base_units_pct_chg,9.191119439470476,base_units_delta_diff,0.8927736956753239
08-40229-30034,Built Puff Salted Caramel Protein Bar 1.41 Oz,08-40229-30376,Built Cookies & Cream Bar 1.69oz (4pk),PUBLIX,CONVENTIONAL|MULTI OUTLET,0.9999665677339205,Cannibalizing,Low,,5,donor_base_units_pct_chg,9.188786925694655,base_units_delta_diff,1.0035858740880446
08-40229-30034,Built Puff Salted Caramel Protein Bar 1.41 Oz,08-40229-30376,Built Cookies & Cream Bar 1.69oz (4pk),SAMS,CONVENTIONAL|MULTI OUTLET,0.9999411426894156,Cannibalizing,Low,,5,donor_base_units_pct_chg,9.173760171012496,base_units_delta_diff,1.1018813787888215
08-40229-30034,Built Puff Salted Caramel Protein Bar 1.41 Oz,08-40229-30376,Built Cookies & Cream Bar 1.69oz (4pk),SOUTHEASTERN GROCERS,CONVENTIONAL|MULTI OUTLET,0.00026190801532502607,Incremental,Low,,5,donor_base_units_pct_chg,-8.053271062151998,donor_post_13w_promo_weeks,0.405157803550347
08-40229-30034,Built Puff Salted Caramel Protein Bar 1.41 Oz,08-40229-30376,Built Cookies & Cream Bar 1.69oz (4pk),UNFI,CONVENTIONAL|MULTI OUTLET,0.9999348885391504,Cannibalizing,Low,,5,donor_base_units_pct_chg,9.17361399163845,base_units_delta_diff,1.12803041253239
08-40229-30034,Built Puff Salted Caramel Protein Bar 1.41 Oz,08-40229-30376,Built Cookies & Cream Bar 1.69oz (4pk),WALGREENS BOOTS ALLIANCE,CONVENTIONAL|MULTI OUTLET,0.9999411426894156,Cannibalizing,Low,,5,donor_base_units_pct_chg,9.173760320420737,base_units_delta_diff,1.1022243640057723
08-40229-30034,Built Puff Salted Caramel Protein Bar 1.41 Oz,08-40229-30376,Built Cookies & Cream Bar 1.69oz (4pk),WALMART,CONVENTIONAL|MULTI OUTLET,0.9999371598369972,Cannibalizing,Low,,5,donor_base_units_pct_chg,9.173660136649534,base_units_delta_diff,1.0421579378023327
08-40229-30034,Built Puff Salted Caramel Protein Bar 1.41 Oz,08-40229-30376,Built Cookies & Cream Bar 1.69oz (4pk),ASSOCIATED FOOD STORES,REGIONAL & INDEP GROCERY,0.9998908819278988,Cannibalizing,Low,,5,donor_base_units_pct_chg,9.195447756362853,donor_post_13w_units_pct_promo,0.4998786076475147
08-40229-30034,Built Puff Salted Caramel Protein Bar 1.41 Oz,08-40229-30376,Built Cookies & Cream Bar 1.69oz (4pk),REYNOLDS MARKET,REGIONAL & INDEP GROCERY,0.9998511106547948,Cannibalizing,Low,,5,donor_base_units_pct_chg,9.173714195128444,donor_velocity_spm_pct_chg,-0.3492348163793784
08-40229-30034,Built Puff Salted Caramel Protein Bar 1.41 Oz,08-40229-30376,Built Cookies & Cream Bar 1.69oz (4pk),SCHNUCKS,REGIONAL & INDEP GROCERY,0.999958941167978,Cannibalizing,Low,,5,donor_base_units_pct_chg,9.173262093418064,donor_post_13w_units_pct_promo,0.5857353654553463
08-40229-30034,Built Puff Salted Caramel Protein Bar 1.41 Oz,08-40229-30376,Built Cookies & Cream Bar 1.69oz (4pk),SKOGENS FOODLINER,REGIONAL & INDEP GROCERY,0.9999304688216172,Cannibalizing,Low,,5,donor_base_units_pct_chg,9.196742889012144,donor_velocity_spm_pct_chg,0.36507884474411584
08-40229-30034,Built Puff Salted Caramel Protein Bar 1.41 Oz,08-40229-30378,Built Double Chocolate Bar 1.84oz (4pk),ASSOCIATED WHOLESALE GROCERS,CONVENTIONAL|FOOD,0.9998951373758276,Cannibalizing,Low,,5,donor_base_units_pct_chg,9.164925674512311,donor_post_13w_units_pct_promo,0.7026483644778188
08-40229-30034,Built Puff Salted Caramel Protein Bar 1.41 Oz,08-40229-30378,Built Double Chocolate Bar 1.84oz (4pk),HY-VEE,CONVENTIONAL|FOOD,0.9998463161985872,Cannibalizing,Low,,5,donor_base_units_pct_chg,9.191810219719827,donor_post_13w_arp_discount,0.41107997743828106
08-40229-30034,Built Puff Salted Caramel Protein Bar 1.41 Oz,08-40229-30378,Built Double Chocolate Bar 1.84oz (4pk),UNFI,CONVENTIONAL|FOOD,0.999788399932637,Cannibalizing,Low,,5,donor_base_units_pct_chg,9.192403455888243,base_units_delta_diff,-0.1856129018804842
08-40229-30034,Built Puff Salted Caramel Protein Bar 1.41 Oz,08-40229-30378,Built Double Chocolate Bar 1.84oz (4pk),AHOLD DELHAIZE,CONVENTIONAL|MULTI OUTLET,0.999946650039196,Cannibalizing,Low,,5,donor_base_units_pct_chg,9.168902674153419,donor_promo_week_delta,0.5800639660685112
08-40229-30034,Built Puff Salted Caramel Protein Bar 1.41 Oz,08-40229-30378,Built Double Chocolate Bar 1.84oz (4pk),ALBERTSONS COMPANIES,CONVENTIONAL|MULTI OUTLET,0.9998651203790776,Cannibalizing,Low,,5,donor_base_units_pct_chg,9.166152774377183,donor_promo_week_delta,0.5229294230779726
08-40229-30034,Built Puff Salted Caramel Protein Bar 1.41 Oz,08-40229-30378,Built Double Chocolate Bar 1.84oz (4pk),BJS,CONVENTIONAL|MULTI OUTLET,0.999933635379154,Cannibalizing,Low,,5,donor_base_units_pct_chg,9.166467238078186,donor_promo_week_delta,0.6131731218465885
08-40229-30034,Built Puff Salted Caramel Protein Bar 1.41 Oz,08-40229-30378,Built Double Chocolate Bar 1.84oz (4pk),CVS,CONVENTIONAL|MULTI OUTLET,0.9998688816519812,Cannibalizing,Low,,5,donor_base_units_pct_chg,9.152163558050226,donor_post_13w_arp_discount,0.32647163171992905
08-40229-30034,Built Puff Salted Caramel Protein Bar 1.41 Oz,08-40229-30378,Built Double Chocolate Bar 1.84oz (4pk),GIANT EAGLE,CONVENTIONAL|MULTI OUTLET,0.9999110130676824,Cannibalizing,Low,,5,donor_base_units_pct_chg,9.186264211998568,donor_post_13w_promo_weeks,0.46822503269531224
08-40229-30034,Built Puff Salted Caramel Protein Bar 1.41 Oz,08-40229-30378,Built Double Chocolate Bar 1.84oz (4pk),KROGER,CONVENTIONAL|MULTI OUTLET,0.9998711416809763,Cannibalizing,Low,,5,donor_base_units_pct_chg,9.165934070259635,donor_promo_week_delta,0.43196128394454364
08-40229-30034,Built Puff Salted Caramel Protein Bar 1.41 Oz,08-40229-30378,Built Double Chocolate Bar 1.84oz (4pk),MEIJER,CONVENTIONAL|MULTI OUTLET,0.99984157792003,Cannibalizing,Low,,5,donor_base_units_pct_chg,9.1661058300823,donor_promo_week_delta,0.34868013666754055
08-40229-30034,Built Puff Salted Caramel Protein Bar 1.41 Oz,08-40229-30378,Built Double Chocolate Bar 1.84oz (4pk),PUBLIX,CONVENTIONAL|MULTI OUTLET,0.9999634464128606,Cannibalizing,Low,,5,donor_base_units_pct_chg,9.19392736567687,base_units_delta_diff,0.9132185243917276
08-40229-30034,Built Puff Salted Caramel Protein Bar 1.41 Oz,08-40229-30378,Built Double Chocolate Bar 1.84oz (4pk),SAMS,CONVENTIONAL|MULTI OUTLET,0.999863958749656,Cannibalizing,Low,,5,donor_base_units_pct_chg,9.152968676030488,donor_post_13w_arp_discount,0.31535346228530897
08-40229-30034,Built Puff Salted Caramel Protein Bar 1.41 Oz,08-40229-30378,Built Double Chocolate Bar 1.84oz (4pk),UNFI,CONVENTIONAL|MULTI OUTLET,0.9999167808159668,Cannibalizing,Low,,5,donor_base_units_pct_chg,9.164291432911593,donor_promo_week_delta,0.5741648611052458
08-40229-30034,Built Puff Salted Caramel Protein Bar 1.41 Oz,08-40229-30378,Built Double Chocolate Bar 1.84oz (4pk),WALGREENS BOOTS ALLIANCE,CONVENTIONAL|MULTI OUTLET,0.9998670866559686,Cannibalizing,Low,,5,donor_base_units_pct_chg,9.152968684125439,donor_post_13w_arp_discount,0.32362789676724274
08-40229-30034,Built Puff Salted Caramel Protein Bar 1.41 Oz,08-40229-30378,Built Double Chocolate Bar 1.84oz (4pk),WALMART,CONVENTIONAL|MULTI OUTLET,0.9998688816519812,Cannibalizing,Low,,5,donor_base_units_pct_chg,9.15299612994593,donor_post_13w_arp_discount,0.3266605180760615
08-40229-30034,Built Puff Salted Caramel Protein Bar 1.41 Oz,08-40229-30378,Built Double Chocolate Bar 1.84oz (4pk),ASSOCIATED FOOD STORES,REGIONAL & INDEP GROCERY,0.9997662042850488,Cannibalizing,Low,,5,donor_base_units_pct_chg,9.198686384773914,donor_velocity_spm_pct_chg,-0.6918012572842344
08-40229-30034,Built Puff Salted Caramel Protein Bar 1.41 Oz,08-40229-30378,Built Double Chocolate Bar 1.84oz (4pk),SCHNUCKS,REGIONAL & INDEP GROCERY,0.999954974713131,Cannibalizing,Low,,5,donor_base_units_pct_chg,9.175299889924492,donor_post_13w_units_pct_promo,0.6228343593417482
08-40229-30034,Built Puff Salted Caramel Protein Bar 1.41 Oz,08-40229-30378,Built Double Chocolate Bar 1.84oz (4pk),SKOGENS FOODLINER,REGIONAL & INDEP GROCERY,0.999909863959468,Cannibalizing,Low,,5,donor_base_units_pct_chg,9.195648606675313,donor_post_13w_promo_weeks,0.40068821758934164
08-40229-30034,Built Puff Salted Caramel Protein Bar 1.41 Oz,08-40229-30380,Built Puff Brownie Batter Protein Bar 1.41 Oz (4 Pk),ASSOCIATED WHOLESALE GROCERS,CONVENTIONAL|FOOD,0.999791531058812,Cannibalizing,Low,,5,donor_base_units_pct_chg,9.196772922901673,donor_post_13w_promo_weeks,-0.225537886288956
08-40229-30034,Built Puff Salted Caramel Protein Bar 1.41 Oz,08-40229-30380,Built Puff Brownie Batter Protein Bar 1.41 Oz (4 Pk),PUBLIX,CONVENTIONAL|FOOD,0.9993012393972064,Cannibalizing,Low,,5,donor_base_units_pct_chg,9.20166415613902,donor_velocity_spm_pct_chg,-0.7012828590236767
08-40229-30034,Built Puff Salted Caramel Protein Bar 1.41 Oz,08-40229-30380,Built Puff Brownie Batter Protein Bar 1.41 Oz (4 Pk),AHOLD DELHAIZE,CONVENTIONAL|MULTI OUTLET,7.821182183188022e-05,Incremental,Low,,5,donor_base_units_pct_chg,-8.03379672245343,donor_post_13w_promo_weeks,-0.29433144560250507
08-40229-30034,Built Puff Salted Caramel Protein Bar 1.41 Oz,08-40229-30380,Built Puff Brownie Batter Protein Bar 1.41 Oz (4 Pk),ALBERTSONS COMPANIES,CONVENTIONAL|MULTI OUTLET,7.82626930516565e-05,Incremental,Low,,5,donor_base_units_pct_chg,-8.035005322419774,donor_velocity_spm_pct_chg,-0.36801543287081095
08-40229-30034,Built Puff Salted Caramel Protein Bar 1.41 Oz,08-40229-30380,Built Puff Brownie Batter Protein Bar 1.41 Oz (4 Pk),BJS,CONVENTIONAL|MULTI OUTLET,6.871757492403171e-05,Incremental,Low,,5,donor_base_units_pct_chg,-8.03260878645161,donor_post_13w_promo_weeks,-0.360015142304738
08-40229-30034,Built Puff Salted Caramel Protein Bar 1.41 Oz,08-40229-30380,Built Puff Brownie Batter Protein Bar 1.41 Oz (4 Pk),CVS,CONVENTIONAL|MULTI OUTLET,5.692234862372838e-05,Incremental,Low,,5,donor_base_units_pct_chg,-8.037272118687348,donor_velocity_spm_pct_chg,-0.3461621858685008
08-40229-30034,Built Puff Salted Caramel Protein Bar 1.41 Oz,08-40229-30380,Built Puff Brownie Batter Protein Bar 1.41 Oz (4 Pk),GIANT EAGLE,CONVENTIONAL|MULTI OUTLET,6.800525299380402e-05,Incremental,Low,,5,donor_base_units_pct_chg,-8.031899180047128,donor_velocity_spm_pct_chg,-0.3245001848535519
08-40229-30034,Built Puff Salted Caramel Protein Bar 1.41 Oz,08-40229-30380,Built Puff Brownie Batter Protein Bar 1.41 Oz (4 Pk),KROGER,CONVENTIONAL|MULTI OUTLET,5.0746970135121533e-05,Incremental,Low,,5,donor_base_units_pct_chg,-8.034808610708835,donor_velocity_spm_pct_chg,-0.3329717831416992
08-40229-30034,Built Puff Salted Caramel Protein Bar 1.41 Oz,08-40229-30380,Built Puff Brownie Batter Protein Bar 1.41 Oz (4 Pk),MEIJER,CONVENTIONAL|MULTI OUTLET,7.135613044267784e-05,Incremental,Low,,5,donor_base_units_pct_chg,-8.035400069329901,donor_velocity_spm_pct_chg,-0.3365281237669486
08-40229-30034,Built Puff Salted Caramel Protein Bar 1.41 Oz,08-40229-30380,Built Puff Brownie Batter Protein Bar 1.41 Oz (4 Pk),PUBLIX,CONVENTIONAL|MULTI OUTLET,6.764367536092826e-05,Incremental,Low,,5,donor_base_units_pct_chg,-8.029069560698256,donor_post_13w_promo_weeks,-0.33867891929903987
08-40229-30034,Built Puff Salted Caramel Protein Bar 1.41 Oz,08-40229-30380,Built Puff Brownie Batter Protein Bar 1.41 Oz (4 Pk),SAMS,CONVENTIONAL|MULTI OUTLET,5.6786850011701855e-05,Incremental,Low,,5,donor_base_units_pct_chg,-8.037588299819497,donor_velocity_spm_pct_chg,-0.3399162061102034
08-40229-30034,Built Puff Salted Caramel Protein Bar 1.41 Oz,08-40229-30380,Built Puff Brownie Batter Protein Bar 1.41 Oz (4 Pk),SOUTHEASTERN GROCERS,CONVENTIONAL|MULTI OUTLET,0.9997075495569884,Cannibalizing,Low,,5,donor_base_units_pct_chg,9.202144511389253,donor_post_13w_promo_weeks,-0.28636635244298947
08-40229-30034,Built Puff Salted Caramel Protein Bar 1.41 Oz,08-40229-30380,Built Puff Brownie Batter Protein Bar 1.41 Oz (4 Pk),UNFI,CONVENTIONAL|MULTI OUTLET,7.537297312287084e-05,Incremental,Low,,5,donor_base_units_pct_chg,-8.036091114151436,donor_post_13w_promo_weeks,-0.3312871523019314
08-40229-30034,Built Puff Salted Caramel Protein Bar 1.41 Oz,08-40229-30380,Built Puff Brownie Batter Protein Bar 1.41 Oz (4 Pk),WALGREENS BOOTS ALLIANCE,CONVENTIONAL|MULTI OUTLET,5.6786850011701855e-05,Incremental,Low,,5,donor_base_units_pct_chg,-8.037588306961224,donor_velocity_spm_pct_chg,-0.34000992397982027
08-40229-30034,Built Puff Salted Caramel Protein Bar 1.41 Oz,08-40229-30380,Built Puff Brownie Batter Protein Bar 1.41 Oz (4 Pk),WALMART,CONVENTIONAL|MULTI OUTLET,5.6786850011701855e-05,Incremental,Low,,5,donor_base_units_pct_chg,-8.037541077795945,donor_velocity_spm_pct_chg,-0.3467450304072311
08-40229-30034,Built Puff Salted Caramel Protein Bar 1.41 Oz,08-40229-30380,Built Puff Brownie Batter Protein Bar 1.41 Oz (4 Pk),GELSONS MARKET,NATURAL EXPANDED,0.00018986931550171227,Incremental,Low,,5,donor_base_units_pct_chg,-8.033823538993522,donor_promo_week_delta,-0.21536991286510443
08-40229-30034,Built Puff Salted Caramel Protein Bar 1.41 Oz,08-40229-30380,Built Puff Brownie Batter Protein Bar 1.41 Oz (4 Pk),MCKEEVERS,REGIONAL & INDEP GROCERY,0.00010262423967851548,Incremental,Low,,5,donor_base_units_pct_chg,-8.042022244797074,donor_post_13w_promo_weeks,0.4003790317022186
08-40229-30034,Built Puff Salted Caramel Protein Bar 1.41 Oz,08-40229-30380,Built Puff Brownie Batter Protein Bar 1.41 Oz (4 Pk),SCHNUCKS,REGIONAL & INDEP GROCERY,0.9997084071645652,Cannibalizing,Low,,5,donor_base_units_pct_chg,9.19786989671275,donor_velocity_spm_pct_chg,-0.3697844237814438
08-40229-30034,Built Puff Salted Caramel Protein Bar 1.41 Oz,08-40229-30380,Built Puff Brownie Batter Protein Bar 1.41 Oz (4 Pk),SKOGENS FOODLINER,REGIONAL & INDEP GROCERY,0.00016326783135487495,Incremental,Low,,5,donor_base_units_pct_chg,-8.033870771754348,donor_velocity_spm_pct_chg,-0.2964387689335434
08-40229-30034,Built Puff Salted Caramel Protein Bar 1.41 Oz,08-40229-30381,Built Puff Coconut Protein Bar 1.41 Oz (4 Pk),ASSOCIATED WHOLESALE GROCERS,CONVENTIONAL|FOOD,8.948381793741864e-05,Incremental,Low,,5,donor_base_units_pct_chg,-8.034220654176442,donor_velocity_spm_pct_chg,-0.3786496184122369
08-40229-30034,Built Puff Salted Caramel Protein Bar 1.41 Oz,08-40229-30381,Built Puff Coconut Protein Bar 1.41 Oz (4 Pk),HY-VEE,CONVENTIONAL|FOOD,8.555758936622941e-05,Incremental,Low,,5,donor_base_units_pct_chg,-8.031937005880362,donor_post_13w_promo_weeks,-0.295381653714904
08-40229-30034,Built Puff Salted Caramel Protein Bar 1.41 Oz,08-40229-30381,Built Puff Coconut Protein Bar 1.41 Oz (4 Pk),PUBLIX,CONVENTIONAL|FOOD,0.999731787423052,Cannibalizing,Low,,5,donor_base_units_pct_chg,9.199168471273985,donor_post_13w_promo_weeks,-0.31490113483624044
08-40229-30034,Built Puff Salted Caramel Protein Bar 1.41 Oz,08-40229-30381,Built Puff Coconut Protein Bar 1.41 Oz (4 Pk),UNFI,CONVENTIONAL|FOOD,8.256771019129681e-05,Incremental,Low,,5,donor_base_units_pct_chg,-8.035915993830098,donor_velocity_spm_pct_chg,-0.28021883336219533
08-40229-30034,Built Puff Salted Caramel Protein Bar 1.41 Oz,08-40229-30381,Built Puff Coconut Protein Bar 1.41 Oz (4 Pk),AHOLD DELHAIZE,CONVENTIONAL|MULTI OUTLET,0.0001271042269014557,Incremental,Low,,5,donor_base_units_pct_chg,-8.036855282724716,donor_promo_week_delta,0.30246508403729755
08-40229-30034,Built Puff Salted Caramel Protein Bar 1.41 Oz,08-40229-30381,Built Puff Coconut Protein Bar 1.41 Oz (4 Pk),ALBERTSONS COMPANIES,CONVENTIONAL|MULTI OUTLET,8.24770499173136e-05,Incremental,Low,,5,donor_base_units_pct_chg,-8.029548814902757,donor_post_13w_promo_weeks,-0.3551356141595887
08-40229-30034,Built Puff Salted Caramel Protein Bar 1.41 Oz,08-40229-30381,Built Puff Coconut Protein Bar 1.41 Oz (4 Pk),BJS,CONVENTIONAL|MULTI OUTLET,7.500160626770625e-05,Incremental,Low,,5,donor_base_units_pct_chg,-8.033170959814516,donor_post_13w_promo_weeks,-0.3571249465434964
08-40229-30034,Built Puff Salted Caramel Protein Bar 1.41 Oz,08-40229-30381,Built Puff Coconut Protein Bar 1.41 Oz (4 Pk),CVS,CONVENTIONAL|MULTI OUTLET,0.00011253777809706484,Incremental,Low,,5,donor_base_units_pct_chg,-8.036342288633623,donor_post_13w_promo_weeks,-0.33220327685396867
08-40229-30034,Built Puff Salted Caramel Protein Bar 1.41 Oz,08-40229-30381,Built Puff Coconut Protein Bar 1.41 Oz (4 Pk),GIANT EAGLE,CONVENTIONAL|MULTI OUTLET,6.646521281101223e-05,Incremental,Low,,5,donor_base_units_pct_chg,-8.0292688985229,donor_velocity_spm_pct_chg,-0.3187234413603751
08-40229-30034,Built Puff Salted Caramel Protein Bar 1.41 Oz,08-40229-30381,Built Puff Coconut Protein Bar 1.41 Oz (4 Pk),KROGER,CONVENTIONAL|MULTI OUTLET,6.78411322376424e-05,Incremental,Low,,5,donor_base_units_pct_chg,-8.033178637363743,donor_post_13w_promo_weeks,-0.3365037216353126
08-40229-30034,Built Puff Salted Caramel Protein Bar 1.41 Oz,08-40229-30381,Built Puff Coconut Protein Bar 1.41 Oz (4 Pk),MEIJER,CONVENTIONAL|MULTI OUTLET,0.00012400394456731043,Incremental,Low,,5,donor_base_units_pct_chg,-8.035158975753705,donor_velocity_spm_pct_chg,0.3815502530890078
08-40229-30034,Built Puff Salted Caramel Protein Bar 1.41 Oz,08-40229-30381,Built Puff Coconut Protein Bar 1.41 Oz (4 Pk),PUBLIX,CONVENTIONAL|MULTI OUTLET,6.651063949885845e-05,Incremental,Low,,5,donor_base_units_pct_chg,-8.029487705699564,donor_post_13w_promo_weeks,-0.34301574214619446
08-40229-30034,Built Puff Salted Caramel Protein Bar 1.41 Oz,08-40229-30381,Built Puff Coconut Protein Bar 1.41 Oz (4 Pk),SAMS,CONVENTIONAL|MULTI OUTLET,8.796419507873825e-05,Incremental,Low,,5,donor_base_units_pct_chg,-8.036678686445601,donor_post_13w_promo_weeks,-0.3336562667743408
08-40229-30034,Built Puff Salted Caramel Protein Bar 1.41 Oz,08-40229-30381,Built Puff Coconut Protein Bar 1.41 Oz (4 Pk),SOUTHEASTERN GROCERS,CONVENTIONAL|MULTI OUTLET,0.999722082645164,Cannibalizing,Low,,5,donor_base_units_pct_chg,9.201045729655414,donor_post_13w_promo_weeks,-0.2897687571584488
08-40229-30034,Built Puff Salted Caramel Protein Bar 1.41 Oz,08-40229-30381,Built Puff Coconut Protein Bar 1.41 Oz (4 Pk),UNFI,CONVENTIONAL|MULTI OUTLET,7.577809337192566e-05,Incremental,Low,,5,donor_base_units_pct_chg,-8.036115256081656,donor_post_13w_promo_weeks,-0.3292923557135609
08-40229-30034,Built Puff Salted Caramel Protein Bar 1.41 Oz,08-40229-30381,Built Puff Coconut Protein Bar 1.41 Oz (4 Pk),WALGREENS BOOTS ALLIANCE,CONVENTIONAL|MULTI OUTLET,8.796419507873825e-05,Incremental,Low,,5,donor_base_units_pct_chg,-8.036678693587326,donor_post_13w_promo_weeks,-0.3347098556871241
08-40229-30034,Built Puff Salted Caramel Protein Bar 1.41 Oz,08-40229-30381,Built Puff Coconut Protein Bar 1.41 Oz (4 Pk),WALMART,CONVENTIONAL|MULTI OUTLET,8.883640434154148e-05,Incremental,Low,,5,donor_base_units_pct_chg,-8.036626675682182,donor_post_13w_promo_weeks,-0.3355498235906788
08-40229-30034,Built Puff Salted Caramel Protein Bar 1.41 Oz,08-40229-30381,Built Puff Coconut Protein Bar 1.41 Oz (4 Pk),GELSONS MARKET,NATURAL EXPANDED,0.00012367535317840957,Incremental,Low,,5,donor_base_units_pct_chg,-8.034156617222303,donor_velocity_spm_pct_chg,-0.26014245970559846
08-40229-30034,Built Puff Salted Caramel Protein Bar 1.41 Oz,08-40229-30381,Built Puff Coconut Protein Bar 1.41 Oz (4 Pk),ASSOCIATED FOOD STORES,REGIONAL & INDEP GROCERY,4.6847965240515866e-05,Incremental,Low,,5,donor_base_units_pct_chg,-8.033497388602349,donor_velocity_spm_pct_chg,-0.6291658500217298
08-40229-30034,Built Puff Salted Caramel Protein Bar 1.41 Oz,08-40229-30381,Built Puff Coconut Protein Bar 1.41 Oz (4 Pk),MCKEEVERS,REGIONAL & INDEP GROCERY,0.00010565390893592343,Incremental,Low,,5,donor_base_units_pct_chg,-8.041982393186295,donor_post_13w_promo_weeks,0.3981072935567851
08-40229-30034,Built Puff Salted Caramel Protein Bar 1.41 Oz,08-40229-30381,Built Puff Coconut Protein Bar 1.41 Oz (4 Pk),REYNOLDS MARKET,REGIONAL & INDEP GROCERY,0.00022626708311656332,Incremental,Low,,5,donor_base_units_pct_chg,-8.046896791100808,donor_post_13w_promo_weeks,0.36721968337850375
08-40229-30034,Built Puff Salted Caramel Protein Bar 1.41 Oz,08-40229-30381,Built Puff Coconut Protein Bar 1.41 Oz (4 Pk),SCHNUCKS,REGIONAL & INDEP GROCERY,6.023072950301242e-05,Incremental,Low,,5,donor_base_units_pct_chg,-8.030257791152122,donor_velocity_spm_pct_chg,-0.34134635780268907
08-40229-30034,Built Puff Salted Caramel Protein Bar 1.41 Oz,08-40229-30381,Built Puff Coconut Protein Bar 1.41 Oz (4 Pk),SKOGENS FOODLINER,REGIONAL & INDEP GROCERY,0.00012883330149755944,Incremental,Low,,5,donor_base_units_pct_chg,-8.032745698908606,donor_velocity_spm_pct_chg,-0.30638059635637177
08-40229-30034,Built Puff Salted Caramel Protein Bar 1.41 Oz,08-40229-30394,Built Puff Candy Cane Brownie Protein Bar 1.51 Oz,SCHNUCKS,REGIONAL & INDEP GROCERY,0.9998929113489328,Cannibalizing,Low,,5,donor_base_units_pct_chg,9.163264077482543,donor_post_13w_arp_discount,0.29286092394669044
08-40229-30034,Built Puff Salted Caramel Protein Bar 1.41 Oz,08-40229-30432,Built Puff Mint Chip Protein Bar 1.41 Oz,HY-VEE,CONVENTIONAL|CONVENIENCE,0.00012637452218687683,Incremental,Low,,5,donor_base_units_pct_chg,-8.032368819140167,donor_promo_week_delta,-0.1956822988198504
08-40229-30034,Built Puff Salted Caramel Protein Bar 1.41 Oz,08-40229-30432,Built Puff Mint Chip Protein Bar 1.41 Oz,ALBERTSONS COMPANIES,CONVENTIONAL|FOOD,5.240171853777048e-05,Incremental,Low,,5,donor_base_units_pct_chg,-8.034650664627943,donor_velocity_spm_pct_chg,-0.3252292718661773
08-40229-30034,Built Puff Salted Caramel Protein Bar 1.41 Oz,08-40229-30432,Built Puff Mint Chip Protein Bar 1.41 Oz,DEMOULAS,CONVENTIONAL|FOOD,0.9998004533506438,Cannibalizing,Low,,5,donor_base_units_pct_chg,9.199361379646419,donor_velocity_spm_pct_chg,0.18172911175753972
08-40229-30034,Built Puff Salted Caramel Protein Bar 1.41 Oz,08-40229-30432,Built Puff Mint Chip Protein Bar 1.41 Oz,HY-VEE,CONVENTIONAL|FOOD,6.188240678761485e-05,Incremental,Low,,5,donor_base_units_pct_chg,-8.033656585670212,donor_post_13w_promo_weeks,-0.3194955307065498
08-40229-30034,Built Puff Salted Caramel Protein Bar 1.41 Oz,08-40229-30432,Built Puff Mint Chip Protein Bar 1.41 Oz,KROGER,CONVENTIONAL|FOOD,0.0001039100309632952,Incremental,Low,,5,donor_base_units_pct_chg,-8.043467721652021,donor_velocity_spm_pct_chg,-0.24914420326146072
08-40229-30034,Built Puff Salted Caramel Protein Bar 1.41 Oz,08-40229-30432,Built Puff Mint Chip Protein Bar 1.41 Oz,UNFI,CONVENTIONAL|FOOD,7.002095725904095e-05,Incremental,Low,,5,donor_base_units_pct_chg,-8.032109410010046,donor_velocity_spm_pct_chg,-0.26261112240373946
08-40229-30034,Built Puff Salted Caramel Protein Bar 1.41 Oz,08-40229-30432,Built Puff Mint Chip Protein Bar 1.41 Oz,WAKEFERN,CONVENTIONAL|FOOD,8.114788040802718e-05,Incremental,Low,,5,donor_base_units_pct_chg,-8.035781142733395,donor_velocity_spm_pct_chg,-0.32073006859222325
08-40229-30034,Built Puff Salted Caramel Protein Bar 1.41 Oz,08-40229-30432,Built Puff Mint Chip Protein Bar 1.41 Oz,AHOLD DELHAIZE,CONVENTIONAL|MULTI OUTLET,6.49058301170605e-05,Incremental,Low,,5,donor_base_units_pct_chg,-8.037778840599344,donor_post_13w_promo_weeks,-0.2522819800300943
08-40229-30034,Built Puff Salted Caramel Protein Bar 1.41 Oz,08-40229-30432,Built Puff Mint Chip Protein Bar 1.41 Oz,ALBERTSONS COMPANIES,CONVENTIONAL|MULTI OUTLET,6.236853763532398e-05,Incremental,Low,,5,donor_base_units_pct_chg,-8.033036232380619,donor_post_13w_promo_weeks,-0.30457482136074665
08-40229-30034,Built Puff Salted Caramel Protein Bar 1.41 Oz,08-40229-30432,Built Puff Mint Chip Protein Bar 1.41 Oz,BJS,CONVENTIONAL|MULTI OUTLET,8.49999331875884e-05,Incremental,Low,,5,donor_base_units_pct_chg,-8.036944675897129,donor_velocity_spm_pct_chg,-0.2857082160064762
08-40229-30034,Built Puff Salted Caramel Protein Bar 1.41 Oz,08-40229-30432,Built Puff Mint Chip Protein Bar 1.41 Oz,CVS,CONVENTIONAL|MULTI OUTLET,9.349024539977444e-05,Incremental,Low,,5,donor_base_units_pct_chg,-8.036038492029093,donor_post_13w_promo_weeks,-0.32797288934680796
08-40229-30034,Built Puff Salted Caramel Protein Bar 1.41 Oz,08-40229-30432,Built Puff Mint Chip Protein Bar 1.41 Oz,KROGER,CONVENTIONAL|MULTI OUTLET,9.037753535047892e-05,Incremental,Low,,5,donor_base_units_pct_chg,-8.033280913681821,donor_post_13w_promo_weeks,-0.32947651642327547
08-40229-30034,Built Puff Salted Caramel Protein Bar 1.41 Oz,08-40229-30432,Built Puff Mint Chip Protein Bar 1.41 Oz,MEIJER,CONVENTIONAL|MULTI OUTLET,8.920441986261348e-05,Incremental,Low,,5,donor_base_units_pct_chg,-8.038010313877491,donor_promo_week_delta,-0.2543994115814876
08-40229-30034,Built Puff Salted Caramel Protein Bar 1.41 Oz,08-40229-30432,Built Puff Mint Chip Protein Bar 1.41 Oz,PUBLIX,CONVENTIONAL|MULTI OUTLET,0.000245163305124557,Incremental,Low,,5,donor_base_units_pct_chg,-8.049354147915903,donor_post_13w_promo_weeks,0.558291323884996
08-40229-30034,Built Puff Salted Caramel Protein Bar 1.41 Oz,08-40229-30432,Built Puff Mint Chip Protein Bar 1.41 Oz,SAMS,CONVENTIONAL|MULTI OUTLET,9.212889007650314e-05,Incremental,Low,,5,donor_base_units_pct_chg,-8.036718960502613,donor_post_13w_promo_weeks,-0.32153835098714817
08-40229-30034,Built Puff Salted Caramel Protein Bar 1.41 Oz,08-40229-30432,Built Puff Mint Chip Protein Bar 1.41 Oz,UNFI,CONVENTIONAL|MULTI OUTLET,0.0001004892513400519,Incremental,Low,,5,donor_base_units_pct_chg,-8.036100715471946,donor_post_13w_promo_weeks,-0.31437392481671567
08-40229-30034,Built Puff Salted Caramel Protein Bar 1.41 Oz,08-40229-30432,Built Puff Mint Chip Protein Bar 1.41 Oz,WALGREENS BOOTS ALLIANCE,CONVENTIONAL|MULTI OUTLET,8.431437863823737e-05,Incremental,Low,,5,donor_base_units_pct_chg,-8.036572610682988,donor_post_13w_promo_weeks,-0.3074201187355989
08-40229-30034,Built Puff Salted Caramel Protein Bar 1.41 Oz,08-40229-30432,Built Puff Mint Chip Protein Bar 1.41 Oz,WALMART,CONVENTIONAL|MULTI OUTLET,8.835159454021031e-05,Incremental,Low,,5,donor_base_units_pct_chg,-8.036794630143836,donor_post_13w_promo_weeks,-0.3417671256492547
08-40229-30034,Built Puff Salted Caramel Protein Bar 1.41 Oz,08-40229-30432,Built Puff Mint Chip Protein Bar 1.41 Oz,ALLEGIANCE RETAIL SERVICES,NATURAL EXPANDED,8.605959800310333e-05,Incremental,Low,,5,donor_base_units_pct_chg,-8.041738055860113,donor_post_13w_promo_weeks,0.4213101272246129
08-40229-30034,Built Puff Salted Caramel Protein Bar 1.41 Oz,08-40229-30432,Built Puff Mint Chip Protein Bar 1.41 Oz,DECICCO AND SONS,NATURAL EXPANDED,0.00016319982574503953,Incremental,Low,,5,donor_base_units_pct_chg,-8.033447079831237,donor_promo_week_delta,-0.27762616985439575
08-40229-30034,Built Puff Salted Caramel Protein Bar 1.41 Oz,08-40229-30432,Built Puff Mint Chip Protein Bar 1.41 Oz,GELSONS MARKET,NATURAL EXPANDED,0.9998194658939548,Cannibalizing,Low,,5,donor_base_units_pct_chg,9.200649889646185,donor_promo_week_delta,-0.17623317769276103
08-40229-30034,Built Puff Salted Caramel Protein Bar 1.41 Oz,08-40229-30432,Built Puff Mint Chip Protein Bar 1.41 Oz,GOOD FOOD HOLDINGS,NATURAL EXPANDED,8.623475659274763e-05,Incremental,Low,,5,donor_base_units_pct_chg,-8.031824533529635,donor_velocity_spm_pct_chg,-0.3290614103500472
08-40229-30034,Built Puff Salted Caramel Protein Bar 1.41 Oz,08-40229-30432,Built Puff Mint Chip Protein Bar 1.41 Oz,HARMONS NEIGHBORHOOD GROCER,NATURAL EXPANDED,5.624508272191904e-05,Incremental,Low,,5,donor_base_units_pct_chg,-8.033556941781322,donor_velocity_spm_pct_chg,-0.3461035626731526
08-40229-30034,Built Puff Salted Caramel Protein Bar 1.41 Oz,08-40229-30432,Built Puff Mint Chip Protein Bar 1.41 Oz,INFRA,NATURAL EXPANDED,0.00011412866958269286,Incremental,Low,,5,donor_base_units_pct_chg,-8.03549389428923,donor_velocity_spm_pct_chg,-0.34231688199323124
08-40229-30034,Built Puff Salted Caramel Protein Bar 1.41 Oz,08-40229-30432,Built Puff Mint Chip Protein Bar 1.41 Oz,NORTHWEST GROCERS,NATURAL EXPANDED,6.612853204597755e-05,Incremental,Low,,5,donor_base_units_pct_chg,-8.03236577235217,donor_velocity_spm_pct_chg,-0.3286157054089108
08-40229-30034,Built Puff Salted Caramel Protein Bar 1.41 Oz,08-40229-30432,Built Puff Mint Chip Protein Bar 1.41 Oz,SENDIKS,NATURAL EXPANDED,0.00018259191816316343,Incremental,Low,,5,donor_base_units_pct_chg,-8.043808052080808,donor_post_13w_promo_weeks,0.3620923444933712
08-40229-30034,Built Puff Salted Caramel Protein Bar 1.41 Oz,08-40229-30432,Built Puff Mint Chip Protein Bar 1.41 Oz,SUNSET FOODS,NATURAL EXPANDED,0.00014473843710136858,Incremental,Low,,5,donor_base_units_pct_chg,-8.044256750547651,donor_post_13w_promo_weeks,0.3556713676359558
08-40229-30034,Built Puff Salted Caramel Protein Bar 1.41 Oz,08-40229-30432,Built Puff Mint Chip Protein Bar 1.41 Oz,ASSOCIATED FOOD STORES,REGIONAL & INDEP GROCERY,0.0001399511790917532,Incremental,Low,,5,donor_base_units_pct_chg,-8.037391673583228,donor_velocity_spm_pct_chg,-0.35710557573364926
08-40229-30034,Built Puff Salted Caramel Protein Bar 1.41 Oz,08-40229-30432,Built Puff Mint Chip Protein Bar 1.41 Oz,REYNOLDS MARKET,REGIONAL & INDEP GROCERY,0.0001632457806782891,Incremental,Low,,5,donor_base_units_pct_chg,-8.035379929076585,donor_velocity_spm_pct_chg,-0.3658655550017369
08-40229-30034,Built Puff Salted Caramel Protein Bar 1.41 Oz,08-40229-30449,Built Peanut Butter Puff 1.41oz,ASSOCIATED WHOLESALE GROCERS,CONVENTIONAL|FOOD,0.00013815393486998757,Incremental,Low,,5,donor_base_units_pct_chg,-8.034038263178324,donor_promo_week_delta,-0.25291989400425796
08-40229-30034,Built Puff Salted Caramel Protein Bar 1.41 Oz,08-40229-30449,Built Peanut Butter Puff 1.41oz,UNFI,CONVENTIONAL|FOOD,0.0002212941681642511,Incremental,Low,,5,donor_base_units_pct_chg,-8.035737974853806,donor_post_13w_promo_weeks,0.26527425317203024
08-40229-30034,Built Puff Salted Caramel Protein Bar 1.41 Oz,08-40229-30449,Built Peanut Butter Puff 1.41oz,AHOLD DELHAIZE,CONVENTIONAL|MULTI OUTLET,0.0001067499962640322,Incremental,Low,,5,donor_base_units_pct_chg,-8.038728493250309,donor_promo_week_delta,-0.24748004602142631
08-40229-30034,Built Puff Salted Caramel Protein Bar 1.41 Oz,08-40229-30449,Built Peanut Butter Puff 1.41oz,BJS,CONVENTIONAL|MULTI OUTLET,0.0001102742374679924,Incremental,Low,,5,donor_base_units_pct_chg,-8.039438815943463,donor_velocity_spm_pct_chg,-0.26266828311362794
08-40229-30034,Built Puff Salted Caramel Protein Bar 1.41 Oz,08-40229-30449,Built Peanut Butter Puff 1.41oz,CVS,CONVENTIONAL|MULTI OUTLET,9.147591522557529e-05,Incremental,Low,,5,donor_base_units_pct_chg,-8.037395837582416,donor_post_13w_arp_discount,-0.35752520447681885
08-40229-30034,Built Puff Salted Caramel Protein Bar 1.41 Oz,08-40229-30449,Built Peanut Butter Puff 1.41oz,KROGER,CONVENTIONAL|MULTI OUTLET,0.00015230456834974243,Incremental,Low,,5,donor_base_units_pct_chg,-8.047339276215979,donor_post_13w_units_pct_promo,0.6768730323269296
08-40229-30034,Built Puff Salted Caramel Protein Bar 1.41 Oz,08-40229-30449,Built Peanut Butter Puff 1.41oz,PUBLIX,CONVENTIONAL|MULTI OUTLET,0.0001115682696529612,Incremental,Low,,5,donor_base_units_pct_chg,-8.03696179869178,donor_promo_week_delta,-0.2748884250027159
08-40229-30034,Built Puff Salted Caramel Protein Bar 1.41 Oz,08-40229-30449,Built Peanut Butter Puff 1.41oz,SAMS,CONVENTIONAL|MULTI OUTLET,7.245896244825054e-05,Incremental,Low,,5,donor_base_units_pct_chg,-8.0376233876774,donor_post_13w_arp_discount,-0.3924674238713675
08-40229-30034,Built Puff Salted Caramel Protein Bar 1.41 Oz,08-40229-30449,Built Peanut Butter Puff 1.41oz,UNFI,CONVENTIONAL|MULTI OUTLET,0.00015507432389970193,Incremental,Low,,5,donor_base_units_pct_chg,-8.047512537231812,donor_post_13w_units_pct_promo,0.26408543186520533
08-40229-30034,Built Puff Salted Caramel Protein Bar 1.41 Oz,08-40229-30449,Built Peanut Butter Puff 1.41oz,WALGREENS BOOTS ALLIANCE,CONVENTIONAL|MULTI OUTLET,7.600632125506635e-05,Incremental,Low,,5,donor_base_units_pct_chg,-8.037856523241288,donor_post_13w_arp_discount,-0.3863742733621731
08-40229-30034,Built Puff Salted Caramel Protein Bar 1.41 Oz,08-40229-30449,Built Peanut Butter Puff 1.41oz,WALMART,CONVENTIONAL|MULTI OUTLET,7.70499319868974e-05,Incremental,Low,,5,donor_base_units_pct_chg,-8.03727083814259,donor_post_13w_arp_discount,-0.39111367946531117
08-40229-30034,Built Puff Salted Caramel Protein Bar 1.41 Oz,08-40229-30449,Built Peanut Butter Puff 1.41oz,ALLEGIANCE RETAIL SERVICES,NATURAL EXPANDED,0.00010526631684420774,Incremental,Low,,5,donor_base_units_pct_chg,-8.041679374723044,donor_post_13w_promo_weeks,0.4083700905573316
08-40229-30034,Built Puff Salted Caramel Protein Bar 1.41 Oz,08-40229-30449,Built Peanut Butter Puff 1.41oz,HARMONS NEIGHBORHOOD GROCER,NATURAL EXPANDED,0.999772086900132,Cannibalizing,Low,,5,donor_base_units_pct_chg,9.194126521170693,donor_velocity_spm_pct_chg,0.25412418793974345
08-40229-30034,Built Puff Salted Caramel Protein Bar 1.41 Oz,08-40229-30449,Built Peanut Butter Puff 1.41oz,ASSOCIATED FOOD STORES,REGIONAL & INDEP GROCERY,9.990224370977262e-05,Incremental,Low,,5,donor_base_units_pct_chg,-8.035371844932078,donor_promo_week_delta,-0.24781549770186492
08-40229-30034,Built Puff Salted Caramel Protein Bar 1.41 Oz,08-40229-30449,Built Peanut Butter Puff 1.41oz,COSENTINOS,REGIONAL & INDEP GROCERY,0.99996275124265,Cannibalizing,Low,,5,donor_base_units_pct_chg,9.182739877455283,base_units_delta_diff,0.8930718217221852
08-40229-30034,Built Puff Salted Caramel Protein Bar 1.41 Oz,08-40229-30449,Built Peanut Butter Puff 1.41oz,MCKEEVERS,REGIONAL & INDEP GROCERY,0.9998985363881004,Cannibalizing,Low,,5,donor_base_units_pct_chg,9.198054870725235,base_units_delta_diff,0.7068934076827981
08-40229-30034,Built Puff Salted Caramel Protein Bar 1.41 Oz,08-40229-30449,Built Peanut Butter Puff 1.41oz,PYRAMID FOODS,REGIONAL & INDEP GROCERY,0.9999419110496316,Cannibalizing,Low,,5,donor_base_units_pct_chg,9.208444702871265,base_units_delta_diff,1.0094483571047639
08-40229-30034,Built Puff Salted Caramel Protein Bar 1.41 Oz,08-40229-30467,Built Puff Mint Chip Protein Bar 1.41 Oz (12 Pk),KROGER,CONVENTIONAL|FOOD,0.00010540204261029644,Incremental,Low,,5,donor_base_units_pct_chg,-8.039639796857143,donor_promo_week_delta,-0.30043519569497484
08-40229-30034,Built Puff Salted Caramel Protein Bar 1.41 Oz,08-40229-30477,Built Banana Cream Pie Puff 1.41oz,HARMONS NEIGHBORHOOD GROCER,NATURAL EXPANDED,0.9998986774097292,Cannibalizing,Low,,5,donor_base_units_pct_chg,9.188801764718901,donor_post_13w_promo_weeks,0.5112510383793694
08-40229-30034,Built Puff Salted Caramel Protein Bar 1.41 Oz,08-40229-30537,Built Puff Rocky Road Protein Bar 1.41 Oz,INFRA,NATURAL EXPANDED,0.9997692086711965,Cannibalizing,Low,,5,donor_base_units_pct_chg,9.20950583841445,donor_post_13w_promo_weeks,0.3953683697689096
08-40229-30034,Built Puff Salted Caramel Protein Bar 1.41 Oz,08-40229-30546,Built Puff Protein Bar Variety Pack 1.48 Oz (13 Pk),AHOLD DELHAIZE,CONVENTIONAL|MULTI OUTLET,6.370573277107395e-05,Incremental,Low,,5,donor_base_units_pct_chg,-8.036615134565604,donor_promo_week_delta,-0.2777819964264708
08-40229-30034,Built Puff Salted Caramel Protein Bar 1.41 Oz,08-40229-30546,Built Puff Protein Bar Variety Pack 1.48 Oz (13 Pk),ALBERTSONS COMPANIES,CONVENTIONAL|MULTI OUTLET,8.219225434564395e-05,Incremental,Low,,5,donor_base_units_pct_chg,-8.031732465946762,base_units_delta_diff,-0.2968526390443913
08-40229-30034,Built Puff Salted Caramel Protein Bar 1.41 Oz,08-40229-30546,Built Puff Protein Bar Variety Pack 1.48 Oz (13 Pk),BJS,CONVENTIONAL|MULTI OUTLET,9.490023041090368e-05,Incremental,Low,,5,donor_base_units_pct_chg,-8.035982535270088,base_units_delta_diff,-0.2594111181298981
08-40229-30034,Built Puff Salted Caramel Protein Bar 1.41 Oz,08-40229-30546,Built Puff Protein Bar Variety Pack 1.48 Oz (13 Pk),CVS,CONVENTIONAL|MULTI OUTLET,7.747059122516678e-05,Incremental,Low,,5,donor_base_units_pct_chg,-8.03651092065871,base_units_delta_diff,-0.29372839147567564
08-40229-30034,Built Puff Salted Caramel Protein Bar 1.41 Oz,08-40229-30546,Built Puff Protein Bar Variety Pack 1.48 Oz (13 Pk),GIANT EAGLE,CONVENTIONAL|MULTI OUTLET,8.92267268350416e-05,Incremental,Low,,5,donor_base_units_pct_chg,-8.029282182872171,base_units_delta_diff,-0.24710458397635812
08-40229-30034,Built Puff Salted Caramel Protein Bar 1.41 Oz,08-40229-30546,Built Puff Protein Bar Variety Pack 1.48 Oz (13 Pk),KROGER,CONVENTIONAL|MULTI OUTLET,7.879565732851151e-05,Incremental,Low,,5,donor_base_units_pct_chg,-8.03411880788916,base_units_delta_diff,-0.2797115552450851
08-40229-30034,Built Puff Salted Caramel Protein Bar 1.41 Oz,08-40229-30546,Built Puff Protein Bar Variety Pack 1.48 Oz (13 Pk),MEIJER,CONVENTIONAL|MULTI OUTLET,0.00011339802360152757,Incremental,Low,,5,donor_base_units_pct_chg,-8.039084379577107,base_units_delta_diff,-0.25212310081162514
08-40229-30034,Built Puff Salted Caramel Protein Bar 1.41 Oz,08-40229-30546,Built Puff Protein Bar Variety Pack 1.48 Oz (13 Pk),PUBLIX,CONVENTIONAL|MULTI OUTLET,5.0517168980876225e-05,Incremental,Low,,5,donor_base_units_pct_chg,-8.032551901146444,base_units_delta_diff,-0.3667109058854622
08-40229-30034,Built Puff Salted Caramel Protein Bar 1.41 Oz,08-40229-30546,Built Puff Protein Bar Variety Pack 1.48 Oz (13 Pk),SAMS,CONVENTIONAL|MULTI OUTLET,7.501606493991875e-05,Incremental,Low,,5,donor_base_units_pct_chg,-8.03677831272921,base_units_delta_diff,-0.2908225491519343
08-40229-30034,Built Puff Salted Caramel Protein Bar 1.41 Oz,08-40229-30546,Built Puff Protein Bar Variety Pack 1.48 Oz (13 Pk),SOUTHEASTERN GROCERS,CONVENTIONAL|MULTI OUTLET,5.630209224725663e-05,Incremental,Low,,5,donor_base_units_pct_chg,-8.033437065083229,donor_velocity_spm_pct_chg,-0.2933858315840554
08-40229-30034,Built Puff Salted Caramel Protein Bar 1.41 Oz,08-40229-30546,Built Puff Protein Bar Variety Pack 1.48 Oz (13 Pk),UNFI,CONVENTIONAL|MULTI OUTLET,7.648960219001367e-05,Incremental,Low,,5,donor_base_units_pct_chg,-8.037015247834658,donor_promo_week_delta,-0.29151597534518076
08-40229-30034,Built Puff Salted Caramel Protein Bar 1.41 Oz,08-40229-30546,Built Puff Protein Bar Variety Pack 1.48 Oz (13 Pk),WALGREENS BOOTS ALLIANCE,CONVENTIONAL|MULTI OUTLET,7.501606493991875e-05,Incremental,Low,,5,donor_base_units_pct_chg,-8.036778319870937,base_units_delta_diff,-0.29165636857685623
08-40229-30034,Built Puff Salted Caramel Protein Bar 1.41 Oz,08-40229-30546,Built Puff Protein Bar Variety Pack 1.48 Oz (13 Pk),WALMART,CONVENTIONAL|MULTI OUTLET,7.596987030471656e-05,Incremental,Low,,5,donor_base_units_pct_chg,-8.03676307524799,base_units_delta_diff,-0.28955491695661373
08-40229-30034,Built Puff Salted Caramel Protein Bar 1.41 Oz,08-40229-30550,Built Puff Cookies N Cream Protein Bar 1.41 Oz,HY-VEE,CONVENTIONAL|CONVENIENCE,0.00010283206184415676,Incremental,Low,,5,donor_base_units_pct_chg,-8.036511887186846,donor_velocity_spm_pct_chg,-0.3596127627084549
08-40229-30034,Built Puff Salted Caramel Protein Bar 1.41 Oz,08-40229-30550,Built Puff Cookies N Cream Protein Bar 1.41 Oz,AHOLD DELHAIZE,CONVENTIONAL|FOOD,0.9997496426650468,Cannibalizing,Low,,5,donor_base_units_pct_chg,9.1963678981602,donor_velocity_spm_pct_chg,0.25769297527881424
08-40229-30034,Built Puff Salted Caramel Protein Bar 1.41 Oz,08-40229-30550,Built Puff Cookies N Cream Protein Bar 1.41 Oz,DEMOULAS,CONVENTIONAL|FOOD,0.9998017173217602,Cannibalizing,Low,,5,donor_base_units_pct_chg,9.200873364554573,donor_promo_week_delta,0.22497737071611132
08-40229-30034,Built Puff Salted Caramel Protein Bar 1.41 Oz,08-40229-30550,Built Puff Cookies N Cream Protein Bar 1.41 Oz,PUBLIX,CONVENTIONAL|FOOD,5.826048758993143e-05,Incremental,Low,,5,donor_base_units_pct_chg,-8.033184230530486,donor_post_13w_promo_weeks,-0.29692636451133303
08-40229-30034,Built Puff Salted Caramel Protein Bar 1.41 Oz,08-40229-30550,Built Puff Cookies N Cream Protein Bar 1.41 Oz,SOUTHEASTERN GROCERS,CONVENTIONAL|MULTI OUTLET,0.00011282834991540412,Incremental,Low,,5,donor_base_units_pct_chg,-8.034337991305762,donor_velocity_spm_pct_chg,0.39797358890503975
08-40229-30034,Built Puff Salted Caramel Protein Bar 1.41 Oz,08-40229-30550,Built Puff Cookies N Cream Protein Bar 1.41 Oz,INFRA,NATURAL EXPANDED,0.000238656160880562,Incremental,Low,,5,donor_base_units_pct_chg,-8.044233706006954,donor_promo_week_delta,0.265112623054944
08-40229-30034,Built Puff Salted Caramel Protein Bar 1.41 Oz,08-40229-30550,Built Puff Cookies N Cream Protein Bar 1.41 Oz,ASSOCIATED FOOD STORES,REGIONAL & INDEP GROCERY,0.00011279675974130114,Incremental,Low,,5,donor_base_units_pct_chg,-8.031831734235645,donor_post_13w_arp_discount,0.40138900869733923
08-40229-30034,Built Puff Salted Caramel Protein Bar 1.41 Oz,08-40229-30550,Built Puff Cookies N Cream Protein Bar 1.41 Oz,COBORNS,REGIONAL & INDEP GROCERY,0.00015977653740790578,Incremental,Low,,5,donor_base_units_pct_chg,-8.035389054053045,donor_velocity_spm_pct_chg,0.3521010424251473
08-40229-30034,Built Puff Salted Caramel Protein Bar 1.41 Oz,08-40229-30558,Built Puff Cookie Dough Chunk Protein Bar 1.55 Oz (4 Pk),HY-VEE,CONVENTIONAL|FOOD,6.554909179132953e-05,Incremental,Low,,5,donor_base_units_pct_chg,-8.034237435137216,donor_velocity_spm_pct_chg,-0.3314696229182616
08-40229-30034,Built Puff Salted Caramel Protein Bar 1.41 Oz,08-40229-30558,Built Puff Cookie Dough Chunk Protein Bar 1.55 Oz (4 Pk),PUBLIX,CONVENTIONAL|FOOD,0.9997924908428906,Cannibalizing,Low,,5,donor_base_units_pct_chg,9.19494646563484,donor_post_13w_promo_weeks,-0.26747628887157476
08-40229-30034,Built Puff Salted Caramel Protein Bar 1.41 Oz,08-40229-30558,Built Puff Cookie Dough Chunk Protein Bar 1.55 Oz (4 Pk),AHOLD DELHAIZE,CONVENTIONAL|MULTI OUTLET,5.878430809320269e-05,Incremental,Low,,5,donor_base_units_pct_chg,-8.035892351027922,base_units_delta_diff,-0.2588795860560496
08-40229-30034,Built Puff Salted Caramel Protein Bar 1.41 Oz,08-40229-30558,Built Puff Cookie Dough Chunk Protein Bar 1.55 Oz (4 Pk),ALBERTSONS COMPANIES,CONVENTIONAL|MULTI OUTLET,7.780199403683461e-05,Incremental,Low,,5,donor_base_units_pct_chg,-8.034662088962044,base_units_delta_diff,-0.2648672465710568
08-40229-30034,Built Puff Salted Caramel Protein Bar 1.41 Oz,08-40229-30558,Built Puff Cookie Dough Chunk Protein Bar 1.55 Oz (4 Pk),BJS,CONVENTIONAL|MULTI OUTLET,0.00010710933699243218,Incremental,Low,,5,donor_base_units_pct_chg,-8.036878019311125,base_units_delta_diff,-0.2395461154007531
08-40229-30034,Built Puff Salted Caramel Protein Bar 1.41 Oz,08-40229-30558,Built Puff Cookie Dough Chunk Protein Bar 1.55 Oz (4 Pk),CVS,CONVENTIONAL|MULTI OUTLET,7.750476686736915e-05,Incremental,Low,,5,donor_base_units_pct_chg,-8.03556574801095,donor_post_13w_promo_weeks,-0.33709079161320354
08-40229-30034,Built Puff Salted Caramel Protein Bar 1.41 Oz,08-40229-30558,Built Puff Cookie Dough Chunk Protein Bar 1.55 Oz (4 Pk),GIANT EAGLE,CONVENTIONAL|MULTI OUTLET,0.000283250872191231,Incremental,Low,,5,donor_base_units_pct_chg,-8.048621152328614,donor_post_13w_promo_weeks,0.4943219429531301
08-40229-30034,Built Puff Salted Caramel Protein Bar 1.41 Oz,08-40229-30558,Built Puff Cookie Dough Chunk Protein Bar 1.55 Oz (4 Pk),KROGER,CONVENTIONAL|MULTI OUTLET,4.842596531210557e-05,Incremental,Low,,5,donor_base_units_pct_chg,-8.03472036519222,donor_velocity_spm_pct_chg,-0.33456026431766694
08-40229-30034,Built Puff Salted Caramel Protein Bar 1.41 Oz,08-40229-30558,Built Puff Cookie Dough Chunk Protein Bar 1.55 Oz (4 Pk),MEIJER,CONVENTIONAL|MULTI OUTLET,8.367518054505722e-05,Incremental,Low,,5,donor_base_units_pct_chg,-8.038299663407635,donor_velocity_spm_pct_chg,-0.2684878010397733
08-40229-30034,Built Puff Salted Caramel Protein Bar 1.41 Oz,08-40229-30558,Built Puff Cookie Dough Chunk Protein Bar 1.55 Oz (4 Pk),PUBLIX,CONVENTIONAL|MULTI OUTLET,6.145440498505521e-05,Incremental,Low,,5,donor_base_units_pct_chg,-8.032395696213083,base_units_delta_diff,-0.3460598697056565
08-40229-30034,Built Puff Salted Caramel Protein Bar 1.41 Oz,08-40229-30558,Built Puff Cookie Dough Chunk Protein Bar 1.55 Oz (4 Pk),SAMS,CONVENTIONAL|MULTI OUTLET,7.138723474852121e-05,Incremental,Low,,5,donor_base_units_pct_chg,-8.036004272818118,donor_post_13w_promo_weeks,-0.3407568205649748
08-40229-30034,Built Puff Salted Caramel Protein Bar 1.41 Oz,08-40229-30558,Built Puff Cookie Dough Chunk Protein Bar 1.55 Oz (4 Pk),SOUTHEASTERN GROCERS,CONVENTIONAL|MULTI OUTLET,0.999764662782402,Cannibalizing,Low,,5,donor_base_units_pct_chg,9.20013818212905,donor_post_13w_promo_weeks,-0.25466181227773926
08-40229-30034,Built Puff Salted Caramel Protein Bar 1.41 Oz,08-40229-30558,Built Puff Cookie Dough Chunk Protein Bar 1.55 Oz (4 Pk),UNFI,CONVENTIONAL|MULTI OUTLET,7.626975098726386e-05,Incremental,Low,,5,donor_base_units_pct_chg,-8.037781136330496,donor_post_13w_promo_weeks,-0.2681342652271679
08-40229-30034,Built Puff Salted Caramel Protein Bar 1.41 Oz,08-40229-30558,Built Puff Cookie Dough Chunk Protein Bar 1.55 Oz (4 Pk),WALGREENS BOOTS ALLIANCE,CONVENTIONAL|MULTI OUTLET,7.138723474852121e-05,Incremental,Low,,5,donor_base_units_pct_chg,-8.036004279959844,donor_post_13w_promo_weeks,-0.34181040947775826
08-40229-30034,Built Puff Salted Caramel Protein Bar 1.41 Oz,08-40229-30558,Built Puff Cookie Dough Chunk Protein Bar 1.55 Oz (4 Pk),WALMART,CONVENTIONAL|MULTI OUTLET,7.209508695841182e-05,Incremental,Low,,5,donor_base_units_pct_chg,-8.0359522620547,donor_post_13w_promo_weeks,-0.3427755223931813
08-40229-30034,Built Puff Salted Caramel Protein Bar 1.41 Oz,08-40229-30558,Built Puff Cookie Dough Chunk Protein Bar 1.55 Oz (4 Pk),CLARKS MARKET,NATURAL EXPANDED,0.0001064742876484412,Incremental,Low,,5,donor_base_units_pct_chg,-8.035911425291328,donor_velocity_spm_pct_chg,-0.31089806221133603
08-40229-30034,Built Puff Salted Caramel Protein Bar 1.41 Oz,08-40229-30558,Built Puff Cookie Dough Chunk Protein Bar 1.55 Oz (4 Pk),GELSONS MARKET,NATURAL EXPANDED,0.0001659960060911534,Incremental,Low,,5,donor_base_units_pct_chg,-8.032630757046146,donor_promo_week_delta,-0.22218263887143355
08-40229-30034,Built Puff Salted Caramel Protein Bar 1.41 Oz,08-40229-30558,Built Puff Cookie Dough Chunk Protein Bar 1.55 Oz (4 Pk),SUNSET FOODS,NATURAL EXPANDED,0.9998572867534476,Cannibalizing,Low,,5,donor_base_units_pct_chg,9.206170678367277,donor_post_13w_promo_weeks,0.37515037394215384
08-40229-30034,Built Puff Salted Caramel Protein Bar 1.41 Oz,08-40229-30558,Built Puff Cookie Dough Chunk Protein Bar 1.55 Oz (4 Pk),ASSOCIATED FOOD STORES,REGIONAL & INDEP GROCERY,5.731800852933107e-05,Incremental,Low,,5,donor_base_units_pct_chg,-8.031437720346222,donor_velocity_spm_pct_chg,-0.345177155503403
08-40229-30034,Built Puff Salted Caramel Protein Bar 1.41 Oz,08-40229-30558,Built Puff Cookie Dough Chunk Protein Bar 1.55 Oz (4 Pk),REYNOLDS MARKET,REGIONAL & INDEP GROCERY,0.00012603519038765067,Incremental,Low,,5,donor_base_units_pct_chg,-8.041407489172876,donor_velocity_spm_pct_chg,-0.45909078908885725
08-40229-30034,Built Puff Salted Caramel Protein Bar 1.41 Oz,08-40229-30571,Built Puff Mint Chip Protein Bar 1.41 Oz (4 Pk),SUNSET FOODS,NATURAL EXPANDED,0.9998719788268232,Cannibalizing,Low,,5,donor_base_units_pct_chg,9.217162336316711,donor_post_13w_promo_weeks,0.34718313901696485
08-40229-30034,Built Puff Salted Caramel Protein Bar 1.41 Oz,08-40229-30573,Built Puff Strawberries N Cream Protein Bar 1.41 Oz,INFRA,NATURAL EXPANDED,0.0002783756131675728,Incremental,Low,,5,donor_base_units_pct_chg,-8.052834201294766,donor_promo_week_delta,0.2912306469900484
08-40229-30034,Built Puff Salted Caramel Protein Bar 1.41 Oz,08-40229-30573,Built Puff Strawberries N Cream Protein Bar 1.41 Oz,ASSOCIATED FOOD STORES,REGIONAL & INDEP GROCERY,8.719461489767971e-05,Incremental,Low,,5,donor_base_units_pct_chg,-8.032442518651361,donor_velocity_spm_pct_chg,-0.25763091017271494
08-40229-30034,Built Puff Salted Caramel Protein Bar 1.41 Oz,08-40229-30582,Built Puff Cookies N Cream Protein Bar 1.41 Oz (12 Pk),AHOLD DELHAIZE,CONVENTIONAL|FOOD,0.9999105285122452,Cannibalizing,Low,,5,donor_base_units_pct_chg,9.197576516484977,donor_post_13w_promo_weeks,0.5026052478943019
08-40229-30034,Built Puff Salted Caramel Protein Bar 1.41 Oz,08-40229-30584,Built Milk Chocolate Smores Puff 1.41oz,INFRA,NATURAL EXPANDED,0.9997861581216404,Cannibalizing,Low,,5,donor_base_units_pct_chg,9.201222372083768,donor_velocity_spm_pct_chg,0.16245384911679928
08-40229-30034,Built Puff Salted Caramel Protein Bar 1.41 Oz,08-40229-30644,Built Puff Brownie Batter Protein Bar 1.41 Oz (8 Pk),SOUTHEASTERN GROCERS,CONVENTIONAL|MULTI OUTLET,8.429375035099255e-05,Incremental,Low,,5,donor_base_units_pct_chg,-8.040866567734442,donor_promo_week_delta,-0.3110445991180478
08-40229-30034,Built Puff Salted Caramel Protein Bar 1.41 Oz,08-40229-30645,Built Puff Coconut Protein Bar 1.41 Oz (8 Pk),SOUTHEASTERN GROCERS,CONVENTIONAL|MULTI OUTLET,9.192183041593936e-05,Incremental,Low,,5,donor_base_units_pct_chg,-8.037893996142909,donor_promo_week_delta,-0.2955796948969417
08-40229-30037,Built Puff Coconut Protein Bar 1.41 Oz,08-40229-30034,Built Puff Salted Caramel Protein Bar 1.41 Oz,BUEHLERS,REGIONAL & INDEP GROCERY,0.9999347914613416,Cannibalizing,Low,,5,donor_base_units_pct_chg,9.2028942692639,base_units_delta_diff,0.9083695636786085
08-40229-30037,Built Puff Coconut Protein Bar 1.41 Oz,08-40229-30050,Built Puff Churro Protein Bar 1.41 Oz,NIEMANN FOODS,REGIONAL & INDEP GROCERY,0.9998114802388374,Cannibalizing,Low,,5,donor_base_units_pct_chg,9.191958227562695,donor_promo_week_delta,-0.1809219439057959
08-40229-30037,Built Puff Coconut Protein Bar 1.41 Oz,08-40229-30050,Built Puff Churro Protein Bar 1.41 Oz,SKOGENS FOODLINER,REGIONAL & INDEP GROCERY,0.00010030150420789694,Incremental,Low,,5,donor_base_units_pct_chg,-8.035033084467,donor_velocity_spm_pct_chg,-0.32823595985863463
08-40229-30037,Built Puff Coconut Protein Bar 1.41 Oz,08-40229-30071,Built Double Chocolate Fudge Bar 1.69oz,PLAID PANTRY,CONVENTIONAL|CONVENIENCE,0.999675628520324,Cannibalizing,Low,,5,donor_base_units_pct_chg,9.195768975843505,donor_velocity_spm_pct_chg,-0.38550159863403066
08-40229-30037,Built Puff Coconut Protein Bar 1.41 Oz,08-40229-30071,Built Double Chocolate Fudge Bar 1.69oz,NUGGET MARKET,NATURAL EXPANDED,0.9998038116209964,Cannibalizing,Low,,5,donor_base_units_pct_chg,9.169577137214693,donor_post_13w_units_pct_promo,0.3314472784642281
08-40229-30037,Built Puff Coconut Protein Bar 1.41 Oz,08-40229-30071,Built Double Chocolate Fudge Bar 1.69oz,RALEYS,NATURAL EXPANDED,9.856651791754788e-05,Incremental,Low,,5,donor_base_units_pct_chg,-8.030313444292785,donor_post_13w_promo_weeks,-0.18543341185479958
08-40229-30037,Built Puff Coconut Protein Bar 1.41 Oz,08-40229-30071,Built Double Chocolate Fudge Bar 1.69oz,SENDIKS,NATURAL EXPANDED,0.00016596650991511404,Incremental,Low,,5,donor_base_units_pct_chg,-8.041090894243885,donor_post_13w_promo_weeks,0.5008788784787931
08-40229-30037,Built Puff Coconut Protein Bar 1.41 Oz,08-40229-30071,Built Double Chocolate Fudge Bar 1.69oz,SUNSET FOODS,NATURAL EXPANDED,0.9997134773234516,Cannibalizing,Low,,5,donor_base_units_pct_chg,9.206466642585662,donor_post_13w_promo_weeks,0.3925371213528555
08-40229-30037,Built Puff Coconut Protein Bar 1.41 Oz,08-40229-30071,Built Double Chocolate Fudge Bar 1.69oz,NIEMANN FOODS,REGIONAL & INDEP GROCERY,0.00016486290038529366,Incremental,Low,,5,donor_base_units_pct_chg,-8.039736091961444,donor_promo_week_delta,-0.19340154262194023
08-40229-30037,Built Puff Coconut Protein Bar 1.41 Oz,08-40229-30071,Built Double Chocolate Fudge Bar 1.69oz,NORTH STATE GROCERY,REGIONAL & INDEP GROCERY,0.9997673647867404,Cannibalizing,Low,,5,donor_base_units_pct_chg,9.209270007915316,donor_velocity_spm_pct_chg,-0.47253699180447456
08-40229-30037,Built Puff Coconut Protein Bar 1.41 Oz,08-40229-30071,Built Double Chocolate Fudge Bar 1.69oz,REDNERS MARKETS,REGIONAL & INDEP GROCERY,0.9999565138332268,Cannibalizing,Low,,5,donor_base_units_pct_chg,9.193648435612245,base_units_delta_diff,1.0087432216893057
08-40229-30037,Built Puff Coconut Protein Bar 1.41 Oz,08-40229-30071,Built Double Chocolate Fudge Bar 1.69oz,SKOGENS FOODLINER,REGIONAL & INDEP GROCERY,0.00021157619378260652,Incremental,Low,,5,donor_base_units_pct_chg,-8.05519535568231,donor_post_13w_arp_discount,0.45735726517135217
08-40229-30037,Built Puff Coconut Protein Bar 1.41 Oz,08-40229-30103,Built Coocnut Almond Bar 1.97oz,ALBERTSONS COMPANIES,CONVENTIONAL|FOOD,0.99986940832087,Cannibalizing,Low,,3,donor_base_units_pct_chg,9.211148467194466,donor_post_13w_promo_weeks,0.46837022400319367
08-40229-30037,Built Puff Coconut Protein Bar 1.41 Oz,08-40229-30103,Built Coocnut Almond Bar 1.97oz,SKOGENS FOODLINER,REGIONAL & INDEP GROCERY,0.999958071677462,Cannibalizing,Low,,3,donor_base_units_pct_chg,9.194986594872123,base_units_delta_diff,0.6654293596664648
08-40229-30037,Built Puff Coconut Protein Bar 1.41 Oz,08-40229-30107,Built Mint Brownie Bar 1.69oz,ALBERTSONS COMPANIES,CONVENTIONAL|FOOD,0.00012242138953589524,Incremental,Low,,5,donor_base_units_pct_chg,-8.047362411814818,donor_promo_week_delta,-0.3063161267918326
08-40229-30037,Built Puff Coconut Protein Bar 1.41 Oz,08-40229-30107,Built Mint Brownie Bar 1.69oz,WAKEFERN,CONVENTIONAL|FOOD,0.00014833451090535512,Incremental,Low,,5,donor_base_units_pct_chg,-8.036144863938537,base_units_delta_diff,-0.22378400951577554
08-40229-30037,Built Puff Coconut Protein Bar 1.41 Oz,08-40229-30107,Built Mint Brownie Bar 1.69oz,KINGS FOOD MARKETS,NATURAL EXPANDED,0.00016272271509931943,Incremental,Low,,5,donor_base_units_pct_chg,-8.036786852723873,donor_post_13w_arp_discount,0.4332417970107714
08-40229-30037,Built Puff Coconut Protein Bar 1.41 Oz,08-40229-30107,Built Mint Brownie Bar 1.69oz,SENDIKS,NATURAL EXPANDED,0.9998651416721788,Cannibalizing,Low,,5,donor_base_units_pct_chg,9.21259056623323,donor_post_13w_promo_weeks,0.42830345708387635
08-40229-30037,Built Puff Coconut Protein Bar 1.41 Oz,08-40229-30107,Built Mint Brownie Bar 1.69oz,NIEMANN FOODS,REGIONAL & INDEP GROCERY,0.9998825010717216,Cannibalizing,Low,,5,donor_base_units_pct_chg,9.187848131065417,donor_post_13w_units_pct_promo,0.5369425250730165
08-40229-30037,Built Puff Coconut Protein Bar 1.41 Oz,08-40229-30107,Built Mint Brownie Bar 1.69oz,REDNERS MARKETS,REGIONAL & INDEP GROCERY,0.9999594504103244,Cannibalizing,Low,,5,donor_base_units_pct_chg,9.19307478904587,base_units_delta_diff,0.9655530249906323
08-40229-30037,Built Puff Coconut Protein Bar 1.41 Oz,08-40229-30107,Built Mint Brownie Bar 1.69oz,SKOGENS FOODLINER,REGIONAL & INDEP GROCERY,0.9999344729383662,Cannibalizing,Low,,5,donor_base_units_pct_chg,9.211822165488295,base_units_delta_diff,0.7010376125031637
08-40229-30037,Built Puff Coconut Protein Bar 1.41 Oz,08-40229-30111,Built Cherry Barcia Bar 1.72oz,SKOGENS FOODLINER,REGIONAL & INDEP GROCERY,0.999941042989534,Cannibalizing,Low,,5,donor_base_units_pct_chg,9.1953071939084,base_units_delta_diff,0.5427952295937379
08-40229-30037,Built Puff Coconut Protein Bar 1.41 Oz,08-40229-30119,Built Satled Caramel Bar 1.69oz,ALBERTSONS COMPANIES,CONVENTIONAL|FOOD,0.00011714537609856748,Incremental,Low,,5,donor_base_units_pct_chg,-8.038385131825558,donor_promo_week_delta,-0.29290816712727896
08-40229-30037,Built Puff Coconut Protein Bar 1.41 Oz,08-40229-30119,Built Satled Caramel Bar 1.69oz,WAKEFERN,CONVENTIONAL|FOOD,0.00020214102386732744,Incremental,Low,,5,donor_base_units_pct_chg,-8.04142286552138,donor_velocity_spm_pct_chg,0.31672319562483603
08-40229-30037,Built Puff Coconut Protein Bar 1.41 Oz,08-40229-30119,Built Satled Caramel Bar 1.69oz,WEGMANS,CONVENTIONAL|FOOD,0.9997812183448264,Cannibalizing,Low,,5,donor_base_units_pct_chg,9.206032416489418,donor_promo_week_delta,-0.29056505358065066
08-40229-30037,Built Puff Coconut Protein Bar 1.41 Oz,08-40229-30119,Built Satled Caramel Bar 1.69oz,GIANT EAGLE,CONVENTIONAL|MULTI OUTLET,9.481398305665455e-05,Incremental,Low,,5,donor_base_units_pct_chg,-8.040058097197385,donor_velocity_spm_pct_chg,-0.33711984377541815
08-40229-30037,Built Puff Coconut Protein Bar 1.41 Oz,08-40229-30119,Built Satled Caramel Bar 1.69oz,KINGS FOOD MARKETS,NATURAL EXPANDED,0.999887860671288,Cannibalizing,Low,,5,donor_base_units_pct_chg,9.19470833929158,donor_post_13w_arp_discount,0.3951684252011309
08-40229-30037,Built Puff Coconut Protein Bar 1.41 Oz,08-40229-30119,Built Satled Caramel Bar 1.69oz,NUGGET MARKET,NATURAL EXPANDED,0.9998623357111492,Cannibalizing,Low,,5,donor_base_units_pct_chg,9.198775995410083,donor_post_13w_units_pct_promo,0.6338476166640796
08-40229-30037,Built Puff Coconut Protein Bar 1.41 Oz,08-40229-30119,Built Satled Caramel Bar 1.69oz,RALEYS,NATURAL EXPANDED,0.00012321779599241118,Incremental,Low,,5,donor_base_units_pct_chg,-8.034008399204335,donor_promo_week_delta,0.22432546782543009
08-40229-30037,Built Puff Coconut Protein Bar 1.41 Oz,08-40229-30119,Built Satled Caramel Bar 1.69oz,SUNSET FOODS,NATURAL EXPANDED,0.999721444193741,Cannibalizing,Low,,5,donor_base_units_pct_chg,9.203612005343395,donor_post_13w_promo_weeks,0.39580052064262566
08-40229-30037,Built Puff Coconut Protein Bar 1.41 Oz,08-40229-30119,Built Satled Caramel Bar 1.69oz,NIEMANN FOODS,REGIONAL & INDEP GROCERY,0.9995957985666448,Cannibalizing,Low,,5,donor_base_units_pct_chg,9.197850783864553,donor_velocity_spm_pct_chg,-0.5682557987004809
08-40229-30037,Built Puff Coconut Protein Bar 1.41 Oz,08-40229-30119,Built Satled Caramel Bar 1.69oz,NORTH STATE GROCERY,REGIONAL & INDEP GROCERY,0.00012660990140549288,Incremental,Low,,5,donor_base_units_pct_chg,-8.036625868081815,donor_velocity_spm_pct_chg,-0.4148529101079242
08-40229-30037,Built Puff Coconut Protein Bar 1.41 Oz,08-40229-30119,Built Satled Caramel Bar 1.69oz,NORTHEAST GROCERY,REGIONAL & INDEP GROCERY,9.770232962742392e-05,Incremental,Low,,5,donor_base_units_pct_chg,-8.033701402431216,focal_post_promo_weeks,-0.2247216063251852
08-40229-30037,Built Puff Coconut Protein Bar 1.41 Oz,08-40229-30119,Built Satled Caramel Bar 1.69oz,REDNERS MARKETS,REGIONAL & INDEP GROCERY,0.9999570997200838,Cannibalizing,Low,,5,donor_base_units_pct_chg,9.194508216857988,base_units_delta_diff,0.9557162527448074
08-40229-30037,Built Puff Coconut Protein Bar 1.41 Oz,08-40229-30119,Built Satled Caramel Bar 1.69oz,SKOGENS FOODLINER,REGIONAL & INDEP GROCERY,7.99652433549013e-05,Incremental,Low,,5,donor_base_units_pct_chg,-8.04116415099189,donor_velocity_spm_pct_chg,-0.5247106389787287
08-40229-30037,Built Puff Coconut Protein Bar 1.41 Oz,08-40229-30122,Built Raspberry Bar 1.73oz,ALBERTSONS COMPANIES,CONVENTIONAL|FOOD,0.9999222910090728,Cannibalizing,Low,,5,donor_base_units_pct_chg,9.21347033026377,donor_post_13w_promo_weeks,0.5017375191379604
08-40229-30037,Built Puff Coconut Protein Bar 1.41 Oz,08-40229-30122,Built Raspberry Bar 1.73oz,WAKEFERN,CONVENTIONAL|FOOD,0.9998758045009872,Cannibalizing,Low,,5,donor_base_units_pct_chg,9.205135948297498,donor_post_13w_promo_weeks,0.4253562273061442
08-40229-30037,Built Puff Coconut Protein Bar 1.41 Oz,08-40229-30122,Built Raspberry Bar 1.73oz,SKOGENS FOODLINER,REGIONAL & INDEP GROCERY,0.9999360776838966,Cannibalizing,Low,,5,donor_base_units_pct_chg,9.204508864451721,base_units_delta_diff,0.8403835886190758
08-40229-30037,Built Puff Coconut Protein Bar 1.41 Oz,08-40229-30130,Built Cookies & Cream Bar 1.69oz,ALBERTSONS COMPANIES,CONVENTIONAL|FOOD,0.0001329952864058068,Incremental,Low,,5,donor_base_units_pct_chg,-8.038886142097095,donor_promo_week_delta,-0.27362792515060025
08-40229-30037,Built Puff Coconut Protein Bar 1.41 Oz,08-40229-30130,Built Cookies & Cream Bar 1.69oz,WAKEFERN,CONVENTIONAL|FOOD,0.000173196777255836,Incremental,Low,,5,donor_base_units_pct_chg,-8.04053963154772,base_units_delta_diff,-0.21728351586334077
08-40229-30037,Built Puff Coconut Protein Bar 1.41 Oz,08-40229-30130,Built Cookies & Cream Bar 1.69oz,WEGMANS,CONVENTIONAL|FOOD,0.9998309475845302,Cannibalizing,Low,,5,donor_base_units_pct_chg,9.204263259713434,donor_promo_week_delta,-0.24090354684356158
08-40229-30037,Built Puff Coconut Protein Bar 1.41 Oz,08-40229-30130,Built Cookies & Cream Bar 1.69oz,GIANT EAGLE,CONVENTIONAL|MULTI OUTLET,0.999765647599521,Cannibalizing,Low,,5,donor_base_units_pct_chg,9.208823514668525,donor_promo_week_delta,-0.2070226357694078
08-40229-30037,Built Puff Coconut Protein Bar 1.41 Oz,08-40229-30130,Built Cookies & Cream Bar 1.69oz,KINGS FOOD MARKETS,NATURAL EXPANDED,0.0001550756509790835,Incremental,Low,,5,donor_base_units_pct_chg,-8.056245838281262,donor_post_13w_arp_discount,0.442932203888413
08-40229-30037,Built Puff Coconut Protein Bar 1.41 Oz,08-40229-30130,Built Cookies & Cream Bar 1.69oz,NUGGET MARKET,NATURAL EXPANDED,0.9998186142746884,Cannibalizing,Low,,5,donor_base_units_pct_chg,9.197829380648434,donor_post_13w_arp_discount,0.4015435904743911
08-40229-30037,Built Puff Coconut Protein Bar 1.41 Oz,08-40229-30130,Built Cookies & Cream Bar 1.69oz,RALEYS,NATURAL EXPANDED,0.00011739110288613393,Incremental,Low,,5,donor_base_units_pct_chg,-8.032767295268641,donor_post_13w_promo_weeks,-0.20159970889056794
08-40229-30037,Built Puff Coconut Protein Bar 1.41 Oz,08-40229-30130,Built Cookies & Cream Bar 1.69oz,SENDIKS,NATURAL EXPANDED,0.00016596650991511404,Incremental,Low,,5,donor_base_units_pct_chg,-8.041090894243885,donor_post_13w_promo_weeks,0.5043727879731997
08-40229-30037,Built Puff Coconut Protein Bar 1.41 Oz,08-40229-30130,Built Cookies & Cream Bar 1.69oz,NIEMANN FOODS,REGIONAL & INDEP GROCERY,8.505640059535986e-05,Incremental,Low,,5,donor_base_units_pct_chg,-8.037148870404089,donor_velocity_spm_pct_chg,-0.2663518207897824
08-40229-30037,Built Puff Coconut Protein Bar 1.41 Oz,08-40229-30130,Built Cookies & Cream Bar 1.69oz,NORTH STATE GROCERY,REGIONAL & INDEP GROCERY,9.703693437238666e-05,Incremental,Low,,5,donor_base_units_pct_chg,-8.037629782314335,donor_velocity_spm_pct_chg,-0.3320162771981861
08-40229-30037,Built Puff Coconut Protein Bar 1.41 Oz,08-40229-30130,Built Cookies & Cream Bar 1.69oz,NORTHEAST GROCERY,REGIONAL & INDEP GROCERY,0.00013885049680415732,Incremental,Low,,5,donor_base_units_pct_chg,-8.035671626852267,donor_promo_week_delta,0.2628805058416096
08-40229-30037,Built Puff Coconut Protein Bar 1.41 Oz,08-40229-30130,Built Cookies & Cream Bar 1.69oz,SKOGENS FOODLINER,REGIONAL & INDEP GROCERY,0.0001836064152520928,Incremental,Low,,5,donor_base_units_pct_chg,-8.035329705944422,donor_promo_week_delta,0.22864221205194604
08-40229-30037,Built Puff Coconut Protein Bar 1.41 Oz,08-40229-30143,Built Bar Peanut Butter Brown Br 2.05oz(18pk),SKOGENS FOODLINER,REGIONAL & INDEP GROCERY,0.999941658919672,Cannibalizing,Low,,5,donor_base_units_pct_chg,9.196794910908169,base_units_delta_diff,0.8576359635517238
08-40229-30037,Built Puff Coconut Protein Bar 1.41 Oz,08-40229-30257,Built Double Chocolate Bar 1.84oz (12pk),WEGMANS,CONVENTIONAL|FOOD,0.9997718672747896,Cannibalizing,Low,,5,donor_base_units_pct_chg,9.206517238116636,base_units_delta_diff,-0.24985751816867258
08-40229-30037,Built Puff Coconut Protein Bar 1.41 Oz,08-40229-30257,Built Double Chocolate Bar 1.84oz (12pk),GIANT EAGLE,CONVENTIONAL|MULTI OUTLET,0.9997730801393756,Cannibalizing,Low,,5,donor_base_units_pct_chg,9.201758443393503,donor_promo_week_delta,-0.2693290204838105
08-40229-30037,Built Puff Coconut Protein Bar 1.41 Oz,08-40229-30258,Built Salted Caramel Bar 1.69oz (12pk),WEGMANS,CONVENTIONAL|FOOD,0.9997579346659788,Cannibalizing,Low,,5,donor_base_units_pct_chg,9.207892906395497,donor_promo_week_delta,-0.25233559324678534
08-40229-30037,Built Puff Coconut Protein Bar 1.41 Oz,08-40229-30258,Built Salted Caramel Bar 1.69oz (12pk),GIANT EAGLE,CONVENTIONAL|MULTI OUTLET,0.9997693150382566,Cannibalizing,Low,,5,donor_base_units_pct_chg,9.200510866576446,donor_promo_week_delta,-0.27094342201542465
08-40229-30037,Built Puff Coconut Protein Bar 1.41 Oz,08-40229-30333,Built Puff Cookie Dough Chunk Protein Bar 1.55 Oz,BUEHLERS,REGIONAL & INDEP GROCERY,8.749793591614685e-05,Incremental,Low,,5,donor_base_units_pct_chg,-8.038417161825992,donor_velocity_spm_pct_chg,-0.2896521553141729
08-40229-30037,Built Puff Coconut Protein Bar 1.41 Oz,08-40229-30362,Built Puff Brownie Batter Protein Bar 1.41 Oz,GIANT EAGLE,CONVENTIONAL|MULTI OUTLET,8.935401151337878e-05,Incremental,Low,,5,donor_base_units_pct_chg,-8.034066359707818,donor_velocity_spm_pct_chg,-0.33113751327870683
08-40229-30037,Built Puff Coconut Protein Bar 1.41 Oz,08-40229-30362,Built Puff Brownie Batter Protein Bar 1.41 Oz,MORTON WILLIAMS,NATURAL EXPANDED,9.211166861165618e-05,Incremental,Low,,5,donor_base_units_pct_chg,-8.035496354739692,donor_post_13w_promo_weeks,0.2464789587470802
08-40229-30037,Built Puff Coconut Protein Bar 1.41 Oz,08-40229-30362,Built Puff Brownie Batter Protein Bar 1.41 Oz,ASSOCIATED GROCERS OF NEW ENGLAND,REGIONAL & INDEP GROCERY,0.00016627529086764075,Incremental,Low,,5,donor_base_units_pct_chg,-8.038010284106665,donor_velocity_spm_pct_chg,0.3484381478489165
08-40229-30037,Built Puff Coconut Protein Bar 1.41 Oz,08-40229-30362,Built Puff Brownie Batter Protein Bar 1.41 Oz,BUEHLERS,REGIONAL & INDEP GROCERY,8.957872945971646e-05,Incremental,Low,,5,donor_base_units_pct_chg,-8.037925852132817,donor_velocity_spm_pct_chg,-0.3043194854936801
08-40229-30037,Built Puff Coconut Protein Bar 1.41 Oz,08-40229-30362,Built Puff Brownie Batter Protein Bar 1.41 Oz,COBORNS,REGIONAL & INDEP GROCERY,7.257754592373008e-05,Incremental,Low,,5,donor_base_units_pct_chg,-8.034022854573719,donor_velocity_spm_pct_chg,-0.31143105488615014
08-40229-30037,Built Puff Coconut Protein Bar 1.41 Oz,08-40229-30362,Built Puff Brownie Batter Protein Bar 1.41 Oz,NORTHEAST GROCERY,REGIONAL & INDEP GROCERY,7.803369194549609e-05,Incremental,Low,,5,donor_base_units_pct_chg,-8.036201192271617,donor_velocity_spm_pct_chg,-0.30768122992540065
08-40229-30037,Built Puff Coconut Protein Bar 1.41 Oz,08-40229-30374,Built Bar Vrty Pck Prtn Pff Brs 1.6 Oz (12pk),GIANT EAGLE,CONVENTIONAL|MULTI OUTLET,0.9999429829473104,Cannibalizing,Low,,5,donor_base_units_pct_chg,9.213310688602233,base_units_delta_diff,1.1434024788458421
08-40229-30037,Built Puff Coconut Protein Bar 1.41 Oz,08-40229-30376,Built Cookies & Cream Bar 1.69oz (4pk),WALMART,CONVENTIONAL|MASS MERCH,0.0001017206100980651,Incremental,Low,,5,donor_base_units_pct_chg,-8.034635589561203,donor_post_13w_arp_discount,0.2733038626183493
08-40229-30037,Built Puff Coconut Protein Bar 1.41 Oz,08-40229-30376,Built Cookies & Cream Bar 1.69oz (4pk),GIANT EAGLE,CONVENTIONAL|MULTI OUTLET,0.999795113595336,Cannibalizing,Low,,5,donor_base_units_pct_chg,9.199287251371441,base_units_delta_diff,0.21669132358325904
08-40229-30037,Built Puff Coconut Protein Bar 1.41 Oz,08-40229-30376,Built Cookies & Cream Bar 1.69oz (4pk),SKOGENS FOODLINER,REGIONAL & INDEP GROCERY,0.00021565684471594292,Incremental,Low,,5,donor_base_units_pct_chg,-8.038189462818268,donor_post_13w_promo_weeks,0.2365475284821314
08-40229-30037,Built Puff Coconut Protein Bar 1.41 Oz,08-40229-30378,Built Double Chocolate Bar 1.84oz (4pk),WALMART,CONVENTIONAL|MASS MERCH,0.99995799459847,Cannibalizing,Low,,5,donor_base_units_pct_chg,9.208508071002427,base_units_delta_diff,1.1904214606763233
08-40229-30037,Built Puff Coconut Protein Bar 1.41 Oz,08-40229-30378,Built Double Chocolate Bar 1.84oz (4pk),GIANT EAGLE,CONVENTIONAL|MULTI OUTLET,0.999919153935477,Cannibalizing,Low,,5,donor_base_units_pct_chg,9.208681385906496,base_units_delta_diff,0.9232201595704924
08-40229-30037,Built Puff Coconut Protein Bar 1.41 Oz,08-40229-30378,Built Double Chocolate Bar 1.84oz (4pk),SKOGENS FOODLINER,REGIONAL & INDEP GROCERY,0.00011556802566109792,Incremental,Low,,5,donor_base_units_pct_chg,-8.032566972177849,donor_promo_week_delta,-0.2021701324509459
08-40229-30037,Built Puff Coconut Protein Bar 1.41 Oz,08-40229-30381,Built Puff Coconut Protein Bar 1.41 Oz (4 Pk),WALMART,CONVENTIONAL|MASS MERCH,7.18440384533716e-05,Incremental,Low,3.0,1,donor_base_units_pct_chg,-8.03766760185124,base_units_delta_diff,-0.30779490128485304
08-40229-30037,Built Puff Coconut Protein Bar 1.41 Oz,08-40229-30381,Built Puff Coconut Protein Bar 1.41 Oz (4 Pk),GIANT EAGLE,CONVENTIONAL|MULTI OUTLET,0.0001112937186661635,Incremental,Low,3.0,1,donor_base_units_pct_chg,-8.033157952590193,donor_promo_week_delta,-0.2373284599479153
08-40229-30037,Built Puff Coconut Protein Bar 1.41 Oz,08-40229-30381,Built Puff Coconut Protein Bar 1.41 Oz (4 Pk),SKOGENS FOODLINER,REGIONAL & INDEP GROCERY,0.0001583523489316691,Incremental,Low,3.0,1,donor_base_units_pct_chg,-8.037265653401004,donor_velocity_spm_pct_chg,0.3544941443046247
08-40229-30037,Built Puff Coconut Protein Bar 1.41 Oz,08-40229-30432,Built Puff Mint Chip Protein Bar 1.41 Oz,MCKAYS,REGIONAL & INDEP GROCERY,7.654240079124e-05,Incremental,Low,,5,donor_base_units_pct_chg,-8.039064152187487,donor_velocity_spm_pct_chg,-0.3195757845580209
08-40229-30037,Built Puff Coconut Protein Bar 1.41 Oz,08-40229-30550,Built Puff Cookies N Cream Protein Bar 1.41 Oz,BUEHLERS,REGIONAL & INDEP GROCERY,0.9997942199466784,Cannibalizing,Low,,5,donor_base_units_pct_chg,9.194012145114087,donor_velocity_spm_pct_chg,0.17404312906811628
08-40229-30037,Built Puff Coconut Protein Bar 1.41 Oz,08-40229-30569,Built Puff Chocolate Milkshake Protein Bar 1.41 Oz,SPROUTS FARMERS MARKET,NATURAL EXPANDED,0.0004343525639695161,Incremental,Low,,5,donor_base_units_pct_chg,-8.04839523893696,base_units_delta_diff,0.8146783666361558
08-40229-30037,Built Puff Coconut Protein Bar 1.41 Oz,08-40229-30573,Built Puff Strawberries N Cream Protein Bar 1.41 Oz,SPROUTS FARMERS MARKET,NATURAL EXPANDED,0.00013618031439441798,Incremental,Low,,5,donor_base_units_pct_chg,-8.033561012874884,donor_velocity_spm_pct_chg,-0.2781263893366922
08-40229-30037,Built Puff Coconut Protein Bar 1.41 Oz,08-40229-30576,Built Puff Chocolate Milkshake Protein Bar 1.41 Oz (12 Pk),SPROUTS FARMERS MARKET,NATURAL EXPANDED,0.0001503937664837896,Incremental,Low,,5,donor_base_units_pct_chg,-8.034797989787208,donor_promo_week_delta,-0.2256109781057444
08-40229-30037,Built Puff Coconut Protein Bar 1.41 Oz,08-40229-30590,Built Puff Strawberries N Cream Protein Bar 1.41 Oz (12 Pk),SPROUTS FARMERS MARKET,NATURAL EXPANDED,0.00015046182954290708,Incremental,Low,,5,donor_base_units_pct_chg,-8.03488686489776,donor_promo_week_delta,-0.22512277752226031
08-40229-30050,Built Puff Churro Protein Bar 1.41 Oz,08-40229-30034,Built Puff Salted Caramel Protein Bar 1.41 Oz,ALBERTSONS COMPANIES,CONVENTIONAL|FOOD,6.271223422429891e-05,Incremental,Low,,5,donor_base_units_pct_chg,-8.0320712312416,donor_velocity_spm_pct_chg,-0.31193470698750925
08-40229-30050,Built Puff Churro Protein Bar 1.41 Oz,08-40229-30034,Built Puff Salted Caramel Protein Bar 1.41 Oz,DIERBERGS,CONVENTIONAL|FOOD,0.9999071524105584,Cannibalizing,Low,,5,donor_base_units_pct_chg,9.18730079750076,donor_post_13w_units_pct_promo,0.5532611491746511
08-40229-30050,Built Puff Churro Protein Bar 1.41 Oz,08-40229-30034,Built Puff Salted Caramel Protein Bar 1.41 Oz,NEW SEASONS MARKET,NATURAL EXPANDED,0.0001938522440969704,Incremental,Low,,5,donor_base_units_pct_chg,-8.037566509343215,donor_post_13w_arp_discount,0.3021139324356254
08-40229-30050,Built Puff Churro Protein Bar 1.41 Oz,08-40229-30034,Built Puff Salted Caramel Protein Bar 1.41 Oz,HARDINGS MARKETS,REGIONAL & INDEP GROCERY,0.00015907248164478757,Incremental,Low,,5,donor_base_units_pct_chg,-8.039820429603076,donor_post_13w_promo_weeks,0.5002585121768223
08-40229-30050,Built Puff Churro Protein Bar 1.41 Oz,08-40229-30034,Built Puff Salted Caramel Protein Bar 1.41 Oz,HARPS FOOD STORES,REGIONAL & INDEP GROCERY,0.00014099065683139558,Incremental,Low,,5,donor_base_units_pct_chg,-8.037894153013086,base_units_delta_diff,-0.22250659152930966
08-40229-30050,Built Puff Churro Protein Bar 1.41 Oz,08-40229-30034,Built Puff Salted Caramel Protein Bar 1.41 Oz,STRACK AND VAN TIL,REGIONAL & INDEP GROCERY,0.9999196973542778,Cannibalizing,Low,,5,donor_base_units_pct_chg,9.179749130951938,donor_promo_week_delta,0.5262267420971237
08-40229-30050,Built Puff Churro Protein Bar 1.41 Oz,08-40229-30037,Built Puff Coconut Protein Bar 1.41 Oz,ALBERTSONS COMPANIES,CONVENTIONAL|FOOD,0.00010113008477890729,Incremental,Low,,5,donor_base_units_pct_chg,-8.033727343686449,donor_velocity_spm_pct_chg,-0.42061884934688837
08-40229-30050,Built Puff Churro Protein Bar 1.41 Oz,08-40229-30037,Built Puff Coconut Protein Bar 1.41 Oz,DEMOULAS,CONVENTIONAL|FOOD,8.433575899929318e-05,Incremental,Low,,5,donor_base_units_pct_chg,-8.030630574119497,donor_velocity_spm_pct_chg,-0.3642209609786201
08-40229-30050,Built Puff Churro Protein Bar 1.41 Oz,08-40229-30037,Built Puff Coconut Protein Bar 1.41 Oz,DIERBERGS,CONVENTIONAL|FOOD,0.9999535401398768,Cannibalizing,Low,,5,donor_base_units_pct_chg,9.202683719129194,base_units_delta_diff,0.7725104273169711
08-40229-30050,Built Puff Churro Protein Bar 1.41 Oz,08-40229-30037,Built Puff Coconut Protein Bar 1.41 Oz,KROGER,CONVENTIONAL|FOOD,0.0001561867452228904,Incremental,Low,,5,donor_base_units_pct_chg,-8.030156755862071,donor_post_13w_promo_weeks,-0.26208824033608585
08-40229-30050,Built Puff Churro Protein Bar 1.41 Oz,08-40229-30037,Built Puff Coconut Protein Bar 1.41 Oz,PUBLIX,CONVENTIONAL|FOOD,0.9999524836205558,Cannibalizing,Low,,5,donor_base_units_pct_chg,9.207385187348933,base_units_delta_diff,1.1896183677511634
08-40229-30050,Built Puff Churro Protein Bar 1.41 Oz,08-40229-30037,Built Puff Coconut Protein Bar 1.41 Oz,SOUTHEASTERN GROCERS,CONVENTIONAL|MULTI OUTLET,0.9999212569223708,Cannibalizing,Low,,5,donor_base_units_pct_chg,9.204894650811175,base_units_delta_diff,1.190447863626546
08-40229-30050,Built Puff Churro Protein Bar 1.41 Oz,08-40229-30037,Built Puff Coconut Protein Bar 1.41 Oz,GOOD FOOD HOLDINGS,NATURAL EXPANDED,6.680066758163769e-05,Incremental,Low,,5,donor_base_units_pct_chg,-8.05941096249785,donor_velocity_spm_pct_chg,-0.6042230759344706
08-40229-30050,Built Puff Churro Protein Bar 1.41 Oz,08-40229-30037,Built Puff Coconut Protein Bar 1.41 Oz,NEW SEASONS MARKET,NATURAL EXPANDED,0.00048632755637684113,Incremental,Low,,5,donor_base_units_pct_chg,-8.06356055906836,base_units_delta_diff,0.8915984651092884
08-40229-30050,Built Puff Churro Protein Bar 1.41 Oz,08-40229-30037,Built Puff Coconut Protein Bar 1.41 Oz,SPROUTS FARMERS MARKET,NATURAL EXPANDED,0.999811289937648,Cannibalizing,Low,,5,donor_base_units_pct_chg,9.198806327991084,donor_velocity_spm_pct_chg,-0.3020037383050293
08-40229-30050,Built Puff Churro Protein Bar 1.41 Oz,08-40229-30037,Built Puff Coconut Protein Bar 1.41 Oz,B AND R STORES,REGIONAL & INDEP GROCERY,0.00010625932051545868,Incremental,Low,,5,donor_base_units_pct_chg,-8.044967402413954,donor_velocity_spm_pct_chg,-0.4217348845629797
08-40229-30050,Built Puff Churro Protein Bar 1.41 Oz,08-40229-30037,Built Puff Coconut Protein Bar 1.41 Oz,COHN WHOLESALE,REGIONAL & INDEP GROCERY,0.999948638837274,Cannibalizing,Low,,5,donor_base_units_pct_chg,9.197882301789562,base_units_delta_diff,0.7988553527895442
08-40229-30050,Built Puff Churro Protein Bar 1.41 Oz,08-40229-30037,Built Puff Coconut Protein Bar 1.41 Oz,COSENTINOS,REGIONAL & INDEP GROCERY,9.542428693185728e-05,Incremental,Low,,5,donor_base_units_pct_chg,-8.034856801798869,donor_velocity_spm_pct_chg,-0.31142461250392317
08-40229-30050,Built Puff Churro Protein Bar 1.41 Oz,08-40229-30037,Built Puff Coconut Protein Bar 1.41 Oz,HARDINGS MARKETS,REGIONAL & INDEP GROCERY,0.00011016574282953807,Incremental,Low,,5,donor_base_units_pct_chg,-8.032916698192397,donor_post_13w_promo_weeks,0.3151536594906037
08-40229-30050,Built Puff Churro Protein Bar 1.41 Oz,08-40229-30037,Built Puff Coconut Protein Bar 1.41 Oz,HARPS FOOD STORES,REGIONAL & INDEP GROCERY,0.0001483759576630237,Incremental,Low,,5,donor_base_units_pct_chg,-8.038722966039655,donor_velocity_spm_pct_chg,0.3422805531149361
08-40229-30050,Built Puff Churro Protein Bar 1.41 Oz,08-40229-30037,Built Puff Coconut Protein Bar 1.41 Oz,MCKEEVERS,REGIONAL & INDEP GROCERY,8.410269381017368e-05,Incremental,Low,,5,donor_base_units_pct_chg,-8.036394757016597,donor_velocity_spm_pct_chg,-0.24950076454936018
08-40229-30050,Built Puff Churro Protein Bar 1.41 Oz,08-40229-30037,Built Puff Coconut Protein Bar 1.41 Oz,PYRAMID FOODS,REGIONAL & INDEP GROCERY,8.164817506623287e-05,Incremental,Low,,5,donor_base_units_pct_chg,-8.038734915856852,donor_velocity_spm_pct_chg,-0.3050159112984921
08-40229-30050,Built Puff Churro Protein Bar 1.41 Oz,08-40229-30037,Built Puff Coconut Protein Bar 1.41 Oz,QUEENS PRICE CHOPPER,REGIONAL & INDEP GROCERY,9.231847120877692e-05,Incremental,Low,,5,donor_base_units_pct_chg,-8.034940183623814,donor_velocity_spm_pct_chg,-0.322694426020824
08-40229-30050,Built Puff Churro Protein Bar 1.41 Oz,08-40229-30037,Built Puff Coconut Protein Bar 1.41 Oz,STRACK AND VAN TIL,REGIONAL & INDEP GROCERY,0.9997651887141152,Cannibalizing,Low,,5,donor_base_units_pct_chg,9.197667694184563,donor_promo_week_delta,-0.1793150368643755
08-40229-30050,Built Puff Churro Protein Bar 1.41 Oz,08-40229-30071,Built Double Chocolate Fudge Bar 1.69oz,COSENTINOS,REGIONAL & INDEP GROCERY,0.9999125844414664,Cannibalizing,Low,,5,donor_base_units_pct_chg,9.19106129222476,donor_post_13w_units_pct_promo,0.411649948932524
08-40229-30050,Built Puff Churro Protein Bar 1.41 Oz,08-40229-30071,Built Double Chocolate Fudge Bar 1.69oz,MCKEEVERS,REGIONAL & INDEP GROCERY,0.00010072964401812722,Incremental,Low,,5,donor_base_units_pct_chg,-8.036579926958066,donor_velocity_spm_pct_chg,-0.2287184857436068
08-40229-30050,Built Puff Churro Protein Bar 1.41 Oz,08-40229-30071,Built Double Chocolate Fudge Bar 1.69oz,PYRAMID FOODS,REGIONAL & INDEP GROCERY,7.56896643444922e-05,Incremental,Low,,5,donor_base_units_pct_chg,-8.059868532953768,donor_velocity_spm_pct_chg,-0.34769335444061783
08-40229-30050,Built Puff Churro Protein Bar 1.41 Oz,08-40229-30099,Built Coconut Bar 1.69oz,GOOD FOOD HOLDINGS,NATURAL EXPANDED,0.9998964486897516,Cannibalizing,Low,,5,donor_base_units_pct_chg,9.185363579067756,donor_post_13w_promo_weeks,0.5463473461544441
08-40229-30050,Built Puff Churro Protein Bar 1.41 Oz,08-40229-30099,Built Coconut Bar 1.69oz,MCCAFFREYS,NATURAL EXPANDED,0.00011054472896933016,Incremental,Low,,5,donor_base_units_pct_chg,-8.038241473351917,donor_velocity_spm_pct_chg,-0.24180092018651528
08-40229-30050,Built Puff Churro Protein Bar 1.41 Oz,08-40229-30107,Built Mint Brownie Bar 1.69oz,ALBERTSONS COMPANIES,CONVENTIONAL|FOOD,0.9998889358434035,Cannibalizing,Low,,5,donor_base_units_pct_chg,9.182656132469136,donor_promo_week_delta,0.49834595404222715
08-40229-30050,Built Puff Churro Protein Bar 1.41 Oz,08-40229-30107,Built Mint Brownie Bar 1.69oz,PUBLIX,CONVENTIONAL|FOOD,0.999962971518286,Cannibalizing,Low,,5,donor_base_units_pct_chg,9.187213677255214,base_units_delta_diff,1.246709361252779
08-40229-30050,Built Puff Churro Protein Bar 1.41 Oz,08-40229-30107,Built Mint Brownie Bar 1.69oz,WAKEFERN,CONVENTIONAL|FOOD,0.0001182182449650363,Incremental,Low,,5,donor_base_units_pct_chg,-8.03880433259624,donor_velocity_spm_pct_chg,-0.3501645418282028
08-40229-30050,Built Puff Churro Protein Bar 1.41 Oz,08-40229-30107,Built Mint Brownie Bar 1.69oz,SOUTHEASTERN GROCERS,CONVENTIONAL|MULTI OUTLET,0.9999477516246889,Cannibalizing,Low,,5,donor_base_units_pct_chg,9.18765918226815,base_units_delta_diff,1.022607375205321
08-40229-30050,Built Puff Churro Protein Bar 1.41 Oz,08-40229-30107,Built Mint Brownie Bar 1.69oz,MCCAFFREYS,NATURAL EXPANDED,8.743845469790919e-05,Incremental,Low,,5,donor_base_units_pct_chg,-8.036828533927148,donor_velocity_spm_pct_chg,-0.5254299461527671
08-40229-30050,Built Puff Churro Protein Bar 1.41 Oz,08-40229-30111,Built Cherry Barcia Bar 1.72oz,PUBLIX,CONVENTIONAL|FOOD,0.9998377173333344,Cannibalizing,Low,,5,donor_base_units_pct_chg,9.173967012057354,donor_promo_week_delta,0.1969774037046186
08-40229-30050,Built Puff Churro Protein Bar 1.41 Oz,08-40229-30111,Built Cherry Barcia Bar 1.72oz,SOUTHEASTERN GROCERS,CONVENTIONAL|MULTI OUTLET,0.9997867557431184,Cannibalizing,Low,,5,donor_base_units_pct_chg,9.175972249404987,donor_velocity_spm_pct_chg,0.390629319653479
08-40229-30050,Built Puff Churro Protein Bar 1.41 Oz,08-40229-30119,Built Satled Caramel Bar 1.69oz,ALBERTSONS COMPANIES,CONVENTIONAL|FOOD,0.9995437383417428,Cannibalizing,Low,,5,donor_base_units_pct_chg,9.207201750249016,donor_velocity_spm_pct_chg,-0.3287517671069349
08-40229-30050,Built Puff Churro Protein Bar 1.41 Oz,08-40229-30119,Built Satled Caramel Bar 1.69oz,KROGER,CONVENTIONAL|FOOD,0.9998954889685696,Cannibalizing,Low,,5,donor_base_units_pct_chg,9.195405904127812,donor_post_13w_arp_discount,0.42863973465466504
08-40229-30050,Built Puff Churro Protein Bar 1.41 Oz,08-40229-30119,Built Satled Caramel Bar 1.69oz,PUBLIX,CONVENTIONAL|FOOD,0.9999624199886384,Cannibalizing,Low,,5,donor_base_units_pct_chg,9.193297041112034,base_units_delta_diff,0.7519730403392167
08-40229-30050,Built Puff Churro Protein Bar 1.41 Oz,08-40229-30119,Built Satled Caramel Bar 1.69oz,WAKEFERN,CONVENTIONAL|FOOD,0.00021409959682591495,Incremental,Low,,5,donor_base_units_pct_chg,-8.04478311555728,donor_promo_week_delta,0.27678841055087816
08-40229-30050,Built Puff Churro Protein Bar 1.41 Oz,08-40229-30119,Built Satled Caramel Bar 1.69oz,WEGMANS,CONVENTIONAL|FOOD,0.999953788286456,Cannibalizing,Low,,5,donor_base_units_pct_chg,9.207154218263735,base_units_delta_diff,0.8225034581222761
08-40229-30050,Built Puff Churro Protein Bar 1.41 Oz,08-40229-30119,Built Satled Caramel Bar 1.69oz,GIANT EAGLE,CONVENTIONAL|MULTI OUTLET,0.00022622019143615888,Incremental,Low,,5,donor_base_units_pct_chg,-8.035692957455543,donor_promo_week_delta,0.266345127198998
08-40229-30050,Built Puff Churro Protein Bar 1.41 Oz,08-40229-30119,Built Satled Caramel Bar 1.69oz,SOUTHEASTERN GROCERS,CONVENTIONAL|MULTI OUTLET,0.9999586368399584,Cannibalizing,Low,,5,donor_base_units_pct_chg,9.188811194893404,base_units_delta_diff,0.9093175272418305
08-40229-30050,Built Puff Churro Protein Bar 1.41 Oz,08-40229-30119,Built Satled Caramel Bar 1.69oz,COSENTINOS,REGIONAL & INDEP GROCERY,0.999928323789539,Cannibalizing,Low,,5,donor_base_units_pct_chg,9.206851036919321,base_units_delta_diff,1.0575404104909973
08-40229-30050,Built Puff Churro Protein Bar 1.41 Oz,08-40229-30119,Built Satled Caramel Bar 1.69oz,MCKEEVERS,REGIONAL & INDEP GROCERY,0.0001374605982374472,Incremental,Low,,5,donor_base_units_pct_chg,-8.055637155340085,donor_velocity_spm_pct_chg,0.2891638658705256
08-40229-30050,Built Puff Churro Protein Bar 1.41 Oz,08-40229-30119,Built Satled Caramel Bar 1.69oz,PYRAMID FOODS,REGIONAL & INDEP GROCERY,8.475470563896213e-05,Incremental,Low,,5,donor_base_units_pct_chg,-8.040224094260052,donor_velocity_spm_pct_chg,-0.34156078796260647
08-40229-30050,Built Puff Churro Protein Bar 1.41 Oz,08-40229-30119,Built Satled Caramel Bar 1.69oz,QUEENS PRICE CHOPPER,REGIONAL & INDEP GROCERY,0.0001162334865420214,Incremental,Low,,5,donor_base_units_pct_chg,-8.039443226151963,donor_velocity_spm_pct_chg,-0.3147817477269028
08-40229-30050,Built Puff Churro Protein Bar 1.41 Oz,08-40229-30122,Built Raspberry Bar 1.73oz,WAKEFERN,CONVENTIONAL|FOOD,0.99984330202104,Cannibalizing,Low,,5,donor_base_units_pct_chg,9.205661496187618,donor_post_13w_promo_weeks,0.538460360723473
08-40229-30050,Built Puff Churro Protein Bar 1.41 Oz,08-40229-30130,Built Cookies & Cream Bar 1.69oz,ALBERTSONS COMPANIES,CONVENTIONAL|FOOD,0.999903021088948,Cannibalizing,Low,,5,donor_base_units_pct_chg,9.200739190121038,donor_promo_week_delta,0.3624934742499718
08-40229-30050,Built Puff Churro Protein Bar 1.41 Oz,08-40229-30130,Built Cookies & Cream Bar 1.69oz,KROGER,CONVENTIONAL|FOOD,0.9998514183814156,Cannibalizing,Low,,5,donor_base_units_pct_chg,9.195954896374618,donor_post_13w_units_pct_promo,0.2865989336008944
08-40229-30050,Built Puff Churro Protein Bar 1.41 Oz,08-40229-30130,Built Cookies & Cream Bar 1.69oz,PUBLIX,CONVENTIONAL|FOOD,0.9999660240553986,Cannibalizing,Low,,5,donor_base_units_pct_chg,9.185947644423083,base_units_delta_diff,1.2163519414555166
08-40229-30050,Built Puff Churro Protein Bar 1.41 Oz,08-40229-30130,Built Cookies & Cream Bar 1.69oz,WAKEFERN,CONVENTIONAL|FOOD,0.0002421688685814371,Incremental,Low,,5,donor_base_units_pct_chg,-8.0407673108017,donor_velocity_spm_pct_chg,0.31685749014265996
08-40229-30050,Built Puff Churro Protein Bar 1.41 Oz,08-40229-30130,Built Cookies & Cream Bar 1.69oz,WEGMANS,CONVENTIONAL|FOOD,0.9999524310547696,Cannibalizing,Low,,5,donor_base_units_pct_chg,9.20731157970568,base_units_delta_diff,0.6598816250407531
08-40229-30050,Built Puff Churro Protein Bar 1.41 Oz,08-40229-30130,Built Cookies & Cream Bar 1.69oz,GIANT EAGLE,CONVENTIONAL|MULTI OUTLET,0.000189517185754466,Incremental,Low,,5,donor_base_units_pct_chg,-8.03263721646742,donor_promo_week_delta,0.21052495465223262
08-40229-30050,Built Puff Churro Protein Bar 1.41 Oz,08-40229-30130,Built Cookies & Cream Bar 1.69oz,SOUTHEASTERN GROCERS,CONVENTIONAL|MULTI OUTLET,0.9999497769412784,Cannibalizing,Low,,5,donor_base_units_pct_chg,9.185550210653176,base_units_delta_diff,1.2582631988702642
08-40229-30050,Built Puff Churro Protein Bar 1.41 Oz,08-40229-30130,Built Cookies & Cream Bar 1.69oz,MCCAFFREYS,NATURAL EXPANDED,8.428538877612938e-05,Incremental,Low,,5,donor_base_units_pct_chg,-8.036933532567655,donor_velocity_spm_pct_chg,-0.3958621888998717
08-40229-30050,Built Puff Churro Protein Bar 1.41 Oz,08-40229-30130,Built Cookies & Cream Bar 1.69oz,COSENTINOS,REGIONAL & INDEP GROCERY,0.9999316692898328,Cannibalizing,Low,,5,donor_base_units_pct_chg,9.205356176411426,base_units_delta_diff,1.0837186423896055
08-40229-30050,Built Puff Churro Protein Bar 1.41 Oz,08-40229-30130,Built Cookies & Cream Bar 1.69oz,MCKEEVERS,REGIONAL & INDEP GROCERY,0.00012928856662258918,Incremental,Low,,5,donor_base_units_pct_chg,-8.03603661042186,donor_velocity_spm_pct_chg,0.19711114163368573
08-40229-30050,Built Puff Churro Protein Bar 1.41 Oz,08-40229-30130,Built Cookies & Cream Bar 1.69oz,PYRAMID FOODS,REGIONAL & INDEP GROCERY,0.999636869531078,Cannibalizing,Low,,5,donor_base_units_pct_chg,9.198793681935758,donor_velocity_spm_pct_chg,-0.2904946642126145
08-40229-30050,Built Puff Churro Protein Bar 1.41 Oz,08-40229-30130,Built Cookies & Cream Bar 1.69oz,QUEENS PRICE CHOPPER,REGIONAL & INDEP GROCERY,0.00012821895821016894,Incremental,Low,,5,donor_base_units_pct_chg,-8.039746623121454,donor_velocity_spm_pct_chg,-0.3423206049216349
08-40229-30050,Built Puff Churro Protein Bar 1.41 Oz,08-40229-30209,Built Puff Coconut Protein Bar 1.41 Oz (12 Pk),KROGER,CONVENTIONAL|FOOD,0.00014790109956278418,Incremental,Low,,5,donor_base_units_pct_chg,-8.035142169641833,donor_velocity_spm_pct_chg,-0.32067908700918196
08-40229-30050,Built Puff Churro Protein Bar 1.41 Oz,08-40229-30257,Built Double Chocolate Bar 1.84oz (12pk),KROGER,CONVENTIONAL|FOOD,0.00030658330851395866,Incremental,Low,,5,donor_base_units_pct_chg,-8.038347607984738,donor_velocity_spm_pct_chg,0.40219209518894716
08-40229-30050,Built Puff Churro Protein Bar 1.41 Oz,08-40229-30257,Built Double Chocolate Bar 1.84oz (12pk),WEGMANS,CONVENTIONAL|FOOD,0.9998311628783874,Cannibalizing,Low,,5,donor_base_units_pct_chg,9.196710723392634,donor_post_13w_promo_weeks,0.262714247175505
08-40229-30050,Built Puff Churro Protein Bar 1.41 Oz,08-40229-30257,Built Double Chocolate Bar 1.84oz (12pk),GIANT EAGLE,CONVENTIONAL|MULTI OUTLET,0.999870224627476,Cannibalizing,Low,,5,donor_base_units_pct_chg,9.199458638310286,donor_post_13w_promo_weeks,0.26532984753541744
08-40229-30050,Built Puff Churro Protein Bar 1.41 Oz,08-40229-30258,Built Salted Caramel Bar 1.69oz (12pk),KROGER,CONVENTIONAL|FOOD,0.00017459264077295176,Incremental,Low,,5,donor_base_units_pct_chg,-8.033214416259725,donor_velocity_spm_pct_chg,0.23670877024169937
08-40229-30050,Built Puff Churro Protein Bar 1.41 Oz,08-40229-30258,Built Salted Caramel Bar 1.69oz (12pk),WEGMANS,CONVENTIONAL|FOOD,0.9998124262644033,Cannibalizing,Low,,5,donor_base_units_pct_chg,9.197824901056494,donor_promo_week_delta,0.20334638234337066
08-40229-30050,Built Puff Churro Protein Bar 1.41 Oz,08-40229-30258,Built Salted Caramel Bar 1.69oz (12pk),GIANT EAGLE,CONVENTIONAL|MULTI OUTLET,0.9998694573895868,Cannibalizing,Low,,5,donor_base_units_pct_chg,9.199332750451008,donor_post_13w_promo_weeks,0.26281607984473976
08-40229-30050,Built Puff Churro Protein Bar 1.41 Oz,08-40229-30333,Built Puff Cookie Dough Chunk Protein Bar 1.55 Oz,ALBERTSONS COMPANIES,CONVENTIONAL|FOOD,9.84231342553362e-05,Incremental,Low,,5,donor_base_units_pct_chg,-8.03401619765998,donor_velocity_spm_pct_chg,-0.40440824234896694
08-40229-30050,Built Puff Churro Protein Bar 1.41 Oz,08-40229-30333,Built Puff Cookie Dough Chunk Protein Bar 1.55 Oz,DEMOULAS,CONVENTIONAL|FOOD,9.196443356563804e-05,Incremental,Low,,5,donor_base_units_pct_chg,-8.030612097250199,donor_velocity_spm_pct_chg,-0.39248304946014245
08-40229-30050,Built Puff Churro Protein Bar 1.41 Oz,08-40229-30333,Built Puff Cookie Dough Chunk Protein Bar 1.55 Oz,DIERBERGS,CONVENTIONAL|FOOD,0.999949756279567,Cannibalizing,Low,,5,donor_base_units_pct_chg,9.198851572225243,base_units_delta_diff,0.7975019068910503
08-40229-30050,Built Puff Churro Protein Bar 1.41 Oz,08-40229-30333,Built Puff Cookie Dough Chunk Protein Bar 1.55 Oz,GOOD FOOD HOLDINGS,NATURAL EXPANDED,8.608127805104499e-05,Incremental,Low,,5,donor_base_units_pct_chg,-8.0334429392735,donor_velocity_spm_pct_chg,-0.3156849982746624
08-40229-30050,Built Puff Churro Protein Bar 1.41 Oz,08-40229-30333,Built Puff Cookie Dough Chunk Protein Bar 1.55 Oz,NEW SEASONS MARKET,NATURAL EXPANDED,0.0001570193071338861,Incremental,Low,,5,donor_base_units_pct_chg,-8.051736781380402,donor_promo_week_delta,-0.20609383933944767
08-40229-30050,Built Puff Churro Protein Bar 1.41 Oz,08-40229-30333,Built Puff Cookie Dough Chunk Protein Bar 1.55 Oz,SPROUTS FARMERS MARKET,NATURAL EXPANDED,0.00012847701847295442,Incremental,Low,,5,donor_base_units_pct_chg,-8.038067669041654,donor_velocity_spm_pct_chg,-0.3465288452229821
08-40229-30050,Built Puff Churro Protein Bar 1.41 Oz,08-40229-30333,Built Puff Cookie Dough Chunk Protein Bar 1.55 Oz,COSENTINOS,REGIONAL & INDEP GROCERY,9.397255272704867e-05,Incremental,Low,,5,donor_base_units_pct_chg,-8.042028665097398,donor_velocity_spm_pct_chg,-0.4556632662541228
08-40229-30050,Built Puff Churro Protein Bar 1.41 Oz,08-40229-30333,Built Puff Cookie Dough Chunk Protein Bar 1.55 Oz,HARDINGS MARKETS,REGIONAL & INDEP GROCERY,0.00015869471906431847,Incremental,Low,,5,donor_base_units_pct_chg,-8.040175303699323,donor_post_13w_promo_weeks,0.4993892748938076
08-40229-30050,Built Puff Churro Protein Bar 1.41 Oz,08-40229-30333,Built Puff Cookie Dough Chunk Protein Bar 1.55 Oz,STRACK AND VAN TIL,REGIONAL & INDEP GROCERY,0.9997332269441884,Cannibalizing,Low,,5,donor_base_units_pct_chg,9.204119064738311,donor_promo_week_delta,-0.18023122925130938
08-40229-30050,Built Puff Churro Protein Bar 1.41 Oz,08-40229-30362,Built Puff Brownie Batter Protein Bar 1.41 Oz,ALBERTSONS COMPANIES,CONVENTIONAL|FOOD,8.96064931215007e-05,Incremental,Low,,5,donor_base_units_pct_chg,-8.027498379724996,donor_velocity_spm_pct_chg,-0.45898075141815786
08-40229-30050,Built Puff Churro Protein Bar 1.41 Oz,08-40229-30362,Built Puff Brownie Batter Protein Bar 1.41 Oz,DEMOULAS,CONVENTIONAL|FOOD,8.433575899929318e-05,Incremental,Low,,5,donor_base_units_pct_chg,-8.030759286263896,donor_velocity_spm_pct_chg,-0.36542273509954515
08-40229-30050,Built Puff Churro Protein Bar 1.41 Oz,08-40229-30362,Built Puff Brownie Batter Protein Bar 1.41 Oz,DIERBERGS,CONVENTIONAL|FOOD,0.99995850585086,Cannibalizing,Low,,5,donor_base_units_pct_chg,9.20462064564548,base_units_delta_diff,0.9709279826489987
08-40229-30050,Built Puff Churro Protein Bar 1.41 Oz,08-40229-30362,Built Puff Brownie Batter Protein Bar 1.41 Oz,KROGER,CONVENTIONAL|FOOD,0.00016400787212875442,Incremental,Low,,5,donor_base_units_pct_chg,-8.030187778117094,donor_velocity_spm_pct_chg,0.27803545998816037
08-40229-30050,Built Puff Churro Protein Bar 1.41 Oz,08-40229-30362,Built Puff Brownie Batter Protein Bar 1.41 Oz,PUBLIX,CONVENTIONAL|FOOD,5.720563364614706e-05,Incremental,Low,,5,donor_base_units_pct_chg,-8.034182947623522,donor_velocity_spm_pct_chg,-0.33239826643655174
08-40229-30050,Built Puff Churro Protein Bar 1.41 Oz,08-40229-30362,Built Puff Brownie Batter Protein Bar 1.41 Oz,GIANT EAGLE,CONVENTIONAL|MULTI OUTLET,0.00016455343687331913,Incremental,Low,,5,donor_base_units_pct_chg,-8.034041393503761,donor_velocity_spm_pct_chg,0.25860231858940985
08-40229-30050,Built Puff Churro Protein Bar 1.41 Oz,08-40229-30362,Built Puff Brownie Batter Protein Bar 1.41 Oz,SOUTHEASTERN GROCERS,CONVENTIONAL|MULTI OUTLET,5.2200618441346685e-05,Incremental,Low,,5,donor_base_units_pct_chg,-8.031817859028395,base_units_delta_diff,-0.3205769982597845
08-40229-30050,Built Puff Churro Protein Bar 1.41 Oz,08-40229-30362,Built Puff Brownie Batter Protein Bar 1.41 Oz,GOOD FOOD HOLDINGS,NATURAL EXPANDED,9.10979035539682e-05,Incremental,Low,,5,donor_base_units_pct_chg,-8.032441575686182,donor_velocity_spm_pct_chg,-0.3240658597327059
08-40229-30050,Built Puff Churro Protein Bar 1.41 Oz,08-40229-30362,Built Puff Brownie Batter Protein Bar 1.41 Oz,MORTON WILLIAMS,NATURAL EXPANDED,0.9999264407210946,Cannibalizing,Low,,5,donor_base_units_pct_chg,9.199362680583565,base_units_delta_diff,0.8281942906439299
08-40229-30050,Built Puff Churro Protein Bar 1.41 Oz,08-40229-30362,Built Puff Brownie Batter Protein Bar 1.41 Oz,NEW SEASONS MARKET,NATURAL EXPANDED,0.00020013485149156975,Incremental,Low,,5,donor_base_units_pct_chg,-8.035667814135289,donor_post_13w_arp_discount,0.3115895899560825
08-40229-30050,Built Puff Churro Protein Bar 1.41 Oz,08-40229-30362,Built Puff Brownie Batter Protein Bar 1.41 Oz,SPROUTS FARMERS MARKET,NATURAL EXPANDED,7.544797271047568e-05,Incremental,Low,,5,donor_base_units_pct_chg,-8.036376535058618,base_units_delta_diff,-0.30983358816429823
08-40229-30050,Built Puff Churro Protein Bar 1.41 Oz,08-40229-30362,Built Puff Brownie Batter Protein Bar 1.41 Oz,B AND R STORES,REGIONAL & INDEP GROCERY,0.0001361913943877506,Incremental,Low,,5,donor_base_units_pct_chg,-8.042555678320962,donor_velocity_spm_pct_chg,-0.34747359135159395
08-40229-30050,Built Puff Churro Protein Bar 1.41 Oz,08-40229-30362,Built Puff Brownie Batter Protein Bar 1.41 Oz,COHN WHOLESALE,REGIONAL & INDEP GROCERY,0.9999488160781568,Cannibalizing,Low,,5,donor_base_units_pct_chg,9.209878863006313,base_units_delta_diff,0.7663215479589489
08-40229-30050,Built Puff Churro Protein Bar 1.41 Oz,08-40229-30362,Built Puff Brownie Batter Protein Bar 1.41 Oz,COSENTINOS,REGIONAL & INDEP GROCERY,9.542428693185728e-05,Incremental,Low,,5,donor_base_units_pct_chg,-8.033734212594792,donor_velocity_spm_pct_chg,-0.30186329070857765
08-40229-30050,Built Puff Churro Protein Bar 1.41 Oz,08-40229-30362,Built Puff Brownie Batter Protein Bar 1.41 Oz,HARDINGS MARKETS,REGIONAL & INDEP GROCERY,0.00014651096137315177,Incremental,Low,,5,donor_base_units_pct_chg,-8.041347709796492,donor_velocity_spm_pct_chg,-0.4553205008986757
08-40229-30050,Built Puff Churro Protein Bar 1.41 Oz,08-40229-30362,Built Puff Brownie Batter Protein Bar 1.41 Oz,HARPS FOOD STORES,REGIONAL & INDEP GROCERY,0.0001501621594349162,Incremental,Low,,5,donor_base_units_pct_chg,-8.038490607892847,donor_velocity_spm_pct_chg,0.3763308761065894
08-40229-30050,Built Puff Churro Protein Bar 1.41 Oz,08-40229-30362,Built Puff Brownie Batter Protein Bar 1.41 Oz,MCKEEVERS,REGIONAL & INDEP GROCERY,8.0534753294839e-05,Incremental,Low,,5,donor_base_units_pct_chg,-8.035382183829057,donor_velocity_spm_pct_chg,-0.2589511732449979
08-40229-30050,Built Puff Churro Protein Bar 1.41 Oz,08-40229-30362,Built Puff Brownie Batter Protein Bar 1.41 Oz,PYRAMID FOODS,REGIONAL & INDEP GROCERY,8.164817506623287e-05,Incremental,Low,,5,donor_base_units_pct_chg,-8.038734957676665,donor_velocity_spm_pct_chg,-0.3010279094585615
08-40229-30050,Built Puff Churro Protein Bar 1.41 Oz,08-40229-30362,Built Puff Brownie Batter Protein Bar 1.41 Oz,QUEENS PRICE CHOPPER,REGIONAL & INDEP GROCERY,0.00011609977642876984,Incremental,Low,,5,donor_base_units_pct_chg,-8.039704124022695,donor_velocity_spm_pct_chg,-0.28761749336870546
08-40229-30050,Built Puff Churro Protein Bar 1.41 Oz,08-40229-30362,Built Puff Brownie Batter Protein Bar 1.41 Oz,STRACK AND VAN TIL,REGIONAL & INDEP GROCERY,0.999757059444576,Cannibalizing,Low,,5,donor_base_units_pct_chg,9.200823703777079,donor_promo_week_delta,-0.19897547288403755
08-40229-30050,Built Puff Churro Protein Bar 1.41 Oz,08-40229-30363,Built Puff Brownie Batter Protein Bar 1.41 Oz (12 Pk),KROGER,CONVENTIONAL|FOOD,0.00018644754755342696,Incremental,Low,,5,donor_base_units_pct_chg,-8.034740419983775,donor_promo_week_delta,0.2577804120053228
08-40229-30050,Built Puff Churro Protein Bar 1.41 Oz,08-40229-30374,Built Bar Vrty Pck Prtn Pff Brs 1.6 Oz (12pk),GIANT EAGLE,CONVENTIONAL|MULTI OUTLET,0.9999526865782704,Cannibalizing,Low,,5,donor_base_units_pct_chg,9.181972739193212,base_units_delta_diff,1.2300045308239282
08-40229-30050,Built Puff Churro Protein Bar 1.41 Oz,08-40229-30374,Built Bar Vrty Pck Prtn Pff Brs 1.6 Oz (12pk),SOUTHEASTERN GROCERS,CONVENTIONAL|MULTI OUTLET,0.999712155053554,Cannibalizing,Low,,5,donor_base_units_pct_chg,9.206050691099064,donor_promo_week_delta,-0.20964618452265668
08-40229-30050,Built Puff Churro Protein Bar 1.41 Oz,08-40229-30376,Built Cookies & Cream Bar 1.69oz (4pk),GIANT EAGLE,CONVENTIONAL|MULTI OUTLET,0.9999331339154548,Cannibalizing,Low,,5,donor_base_units_pct_chg,9.19538160165479,base_units_delta_diff,0.886192171621393
08-40229-30050,Built Puff Churro Protein Bar 1.41 Oz,08-40229-30376,Built Cookies & Cream Bar 1.69oz (4pk),SOUTHEASTERN GROCERS,CONVENTIONAL|MULTI OUTLET,0.00010322340130983348,Incremental,Low,,5,donor_base_units_pct_chg,-8.032983536553722,base_units_delta_diff,-0.22106768862241705
08-40229-30050,Built Puff Churro Protein Bar 1.41 Oz,08-40229-30378,Built Double Chocolate Bar 1.84oz (4pk),GIANT EAGLE,CONVENTIONAL|MULTI OUTLET,0.9999211758611112,Cannibalizing,Low,,5,donor_base_units_pct_chg,9.197711912506355,base_units_delta_diff,0.7598775027392318
08-40229-30050,Built Puff Churro Protein Bar 1.41 Oz,08-40229-30378,Built Double Chocolate Bar 1.84oz (4pk),SOUTHEASTERN GROCERS,CONVENTIONAL|MULTI OUTLET,9.842547838436384e-05,Incremental,Low,,5,donor_base_units_pct_chg,-8.028262590354021,base_units_delta_diff,-0.2147745177878933
08-40229-30050,Built Puff Churro Protein Bar 1.41 Oz,08-40229-30380,Built Puff Brownie Batter Protein Bar 1.41 Oz (4 Pk),STRACK AND VAN TIL,REGIONAL & INDEP GROCERY,8.28300301738051e-05,Incremental,Low,,5,donor_base_units_pct_chg,-8.032878180218653,donor_velocity_spm_pct_chg,-0.30952856498922077
08-40229-30050,Built Puff Churro Protein Bar 1.41 Oz,08-40229-30381,Built Puff Coconut Protein Bar 1.41 Oz (4 Pk),GIANT EAGLE,CONVENTIONAL|MULTI OUTLET,0.00010756971115997776,Incremental,Low,,5,donor_base_units_pct_chg,-8.02776920848385,donor_post_13w_units_pct_promo,0.3573643539992014
08-40229-30050,Built Puff Churro Protein Bar 1.41 Oz,08-40229-30381,Built Puff Coconut Protein Bar 1.41 Oz (4 Pk),SOUTHEASTERN GROCERS,CONVENTIONAL|MULTI OUTLET,6.751813736974226e-05,Incremental,Low,,5,donor_base_units_pct_chg,-8.027869542740468,base_units_delta_diff,-0.3664643825511639
08-40229-30050,Built Puff Churro Protein Bar 1.41 Oz,08-40229-30432,Built Puff Mint Chip Protein Bar 1.41 Oz,ALBERTSONS COMPANIES,CONVENTIONAL|FOOD,9.244816646432328e-05,Incremental,Low,,5,donor_base_units_pct_chg,-8.027615202483933,donor_velocity_spm_pct_chg,-0.4052298967815082
08-40229-30050,Built Puff Churro Protein Bar 1.41 Oz,08-40229-30432,Built Puff Mint Chip Protein Bar 1.41 Oz,DIERBERGS,CONVENTIONAL|FOOD,0.999881878694276,Cannibalizing,Low,,5,donor_base_units_pct_chg,9.187542189069495,donor_post_13w_units_pct_promo,0.3974186240194071
08-40229-30050,Built Puff Churro Protein Bar 1.41 Oz,08-40229-30432,Built Puff Mint Chip Protein Bar 1.41 Oz,GOOD FOOD HOLDINGS,NATURAL EXPANDED,8.417556682106435e-05,Incremental,Low,,5,donor_base_units_pct_chg,-8.033469377517095,donor_velocity_spm_pct_chg,-0.3110908613060955
08-40229-30050,Built Puff Churro Protein Bar 1.41 Oz,08-40229-30432,Built Puff Mint Chip Protein Bar 1.41 Oz,NEW SEASONS MARKET,NATURAL EXPANDED,0.0001710495616480086,Incremental,Low,,5,donor_base_units_pct_chg,-8.052769117848037,donor_promo_week_delta,-0.1691453584750036
08-40229-30050,Built Puff Churro Protein Bar 1.41 Oz,08-40229-30432,Built Puff Mint Chip Protein Bar 1.41 Oz,MCKAYS,REGIONAL & INDEP GROCERY,8.16919816631169e-05,Incremental,Low,,5,donor_base_units_pct_chg,-8.037584467009186,donor_velocity_spm_pct_chg,-0.31415726436611213
08-40229-30050,Built Puff Churro Protein Bar 1.41 Oz,08-40229-30432,Built Puff Mint Chip Protein Bar 1.41 Oz,STRACK AND VAN TIL,REGIONAL & INDEP GROCERY,7.688869390221203e-05,Incremental,Low,,5,donor_base_units_pct_chg,-8.036604245544384,donor_velocity_spm_pct_chg,-0.3768159145743943
08-40229-30050,Built Puff Churro Protein Bar 1.41 Oz,08-40229-30449,Built Peanut Butter Puff 1.41oz,COSENTINOS,REGIONAL & INDEP GROCERY,0.9999521235229708,Cannibalizing,Low,,5,donor_base_units_pct_chg,9.184069431390062,base_units_delta_diff,0.9998591517058227
08-40229-30050,Built Puff Churro Protein Bar 1.41 Oz,08-40229-30449,Built Peanut Butter Puff 1.41oz,MCKEEVERS,REGIONAL & INDEP GROCERY,0.00010059420879301774,Incremental,Low,,5,donor_base_units_pct_chg,-8.035600724721808,donor_velocity_spm_pct_chg,-0.22183039729328774
08-40229-30050,Built Puff Churro Protein Bar 1.41 Oz,08-40229-30449,Built Peanut Butter Puff 1.41oz,PYRAMID FOODS,REGIONAL & INDEP GROCERY,0.9998338600118032,Cannibalizing,Low,,5,donor_base_units_pct_chg,9.221736561312929,base_units_delta_diff,0.26316953118368497
08-40229-30050,Built Puff Churro Protein Bar 1.41 Oz,08-40229-30550,Built Puff Cookies N Cream Protein Bar 1.41 Oz,ALBERTSONS COMPANIES,CONVENTIONAL|FOOD,6.496156253218041e-05,Incremental,Low,,5,donor_base_units_pct_chg,-8.032200379227918,donor_velocity_spm_pct_chg,-0.3222373799229589
08-40229-30050,Built Puff Churro Protein Bar 1.41 Oz,08-40229-30550,Built Puff Cookies N Cream Protein Bar 1.41 Oz,DIERBERGS,CONVENTIONAL|FOOD,0.999894216468454,Cannibalizing,Low,,5,donor_base_units_pct_chg,9.187080446282389,donor_velocity_spm_pct_chg,0.4463086228064043
08-40229-30050,Built Puff Churro Protein Bar 1.41 Oz,08-40229-30550,Built Puff Cookies N Cream Protein Bar 1.41 Oz,HARPS FOOD STORES,REGIONAL & INDEP GROCERY,0.00013230373779581675,Incremental,Low,,5,donor_base_units_pct_chg,-8.037224289968481,base_units_delta_diff,-0.21528263471554876
08-40229-30050,Built Puff Churro Protein Bar 1.41 Oz,08-40229-30550,Built Puff Cookies N Cream Protein Bar 1.41 Oz,STRACK AND VAN TIL,REGIONAL & INDEP GROCERY,0.9999176830928926,Cannibalizing,Low,,5,donor_base_units_pct_chg,9.180108536091652,donor_promo_week_delta,0.5193773645460981
08-40229-30050,Built Puff Churro Protein Bar 1.41 Oz,08-40229-30558,Built Puff Cookie Dough Chunk Protein Bar 1.55 Oz (4 Pk),STRACK AND VAN TIL,REGIONAL & INDEP GROCERY,7.920043952092392e-05,Incremental,Low,,5,donor_base_units_pct_chg,-8.03548680659847,donor_velocity_spm_pct_chg,-0.3051213690284027
08-40229-30050,Built Puff Churro Protein Bar 1.41 Oz,08-40229-30569,Built Puff Chocolate Milkshake Protein Bar 1.41 Oz,SPROUTS FARMERS MARKET,NATURAL EXPANDED,0.9999509600401658,Cannibalizing,Low,,5,donor_base_units_pct_chg,9.20943541939011,base_units_delta_diff,1.3412222376951002
08-40229-30050,Built Puff Churro Protein Bar 1.41 Oz,08-40229-30571,Built Puff Mint Chip Protein Bar 1.41 Oz (4 Pk),STRACK AND VAN TIL,REGIONAL & INDEP GROCERY,7.568237145560092e-05,Incremental,Low,,5,donor_base_units_pct_chg,-8.036051230916438,donor_velocity_spm_pct_chg,-0.3431353926606658
08-40229-30050,Built Puff Churro Protein Bar 1.41 Oz,08-40229-30573,Built Puff Strawberries N Cream Protein Bar 1.41 Oz,SPROUTS FARMERS MARKET,NATURAL EXPANDED,0.9999463330174834,Cannibalizing,Low,,5,donor_base_units_pct_chg,9.209747956293425,base_units_delta_diff,1.322539958613401
08-40229-30050,Built Puff Churro Protein Bar 1.41 Oz,08-40229-30576,Built Puff Chocolate Milkshake Protein Bar 1.41 Oz (12 Pk),SPROUTS FARMERS MARKET,NATURAL EXPANDED,0.9999084387094368,Cannibalizing,Low,,5,donor_base_units_pct_chg,9.207028381467863,base_units_delta_diff,0.35553971705656073
08-40229-30050,Built Puff Churro Protein Bar 1.41 Oz,08-40229-30577,Built Puff Salted Caramel Protein Bar 1.41 Oz (4 Pk),STRACK AND VAN TIL,REGIONAL & INDEP GROCERY,8.99394831244854e-05,Incremental,Low,,5,donor_base_units_pct_chg,-8.035280260361763,donor_velocity_spm_pct_chg,-0.3145741705997796
08-40229-30050,Built Puff Churro Protein Bar 1.41 Oz,08-40229-30581,Built Puff Cookies N Cream Protein Bar 1.41 Oz (4 Pk),STRACK AND VAN TIL,REGIONAL & INDEP GROCERY,9.701557381455224e-05,Incremental,Low,,5,donor_base_units_pct_chg,-8.034821426030883,donor_velocity_spm_pct_chg,-0.26067381146795127
08-40229-30050,Built Puff Churro Protein Bar 1.41 Oz,08-40229-30590,Built Puff Strawberries N Cream Protein Bar 1.41 Oz (12 Pk),SPROUTS FARMERS MARKET,NATURAL EXPANDED,0.9998678017717822,Cannibalizing,Low,,5,donor_base_units_pct_chg,9.202817021265105,base_units_delta_diff,0.5600973735476595
08-40229-30050,Built Puff Churro Protein Bar 1.41 Oz,08-40229-30615,Built Puff Chocolatey Hazelnut  1.41oz,STRACK AND VAN TIL,REGIONAL & INDEP GROCERY,0.9998780649820592,Cannibalizing,Low,,5,donor_base_units_pct_chg,9.173472166046986,donor_post_13w_arp_discount,0.34798732970511737
08-40229-30050,Built Puff Churro Protein Bar 1.41 Oz,08-40229-30642,Built Puff Peanut Butter Protein Bar 1.41 Oz,SPROUTS FARMERS MARKET,NATURAL EXPANDED,0.00014311982354454295,Incremental,Low,,5,donor_base_units_pct_chg,-8.038216333800058,focal_post_promo_weeks,-0.250604636337146
08-40229-30053,Built Puff Banana Cream Pie Protein Bar 1.41 Oz,08-40229-30034,Built Puff Salted Caramel Protein Bar 1.41 Oz,ALLEGIANCE RETAIL SERVICES,NATURAL EXPANDED,0.00022366986538133751,Incremental,Low,,5,donor_base_units_pct_chg,-8.046001260283326,donor_promo_week_delta,0.3834632318268723
08-40229-30053,Built Puff Banana Cream Pie Protein Bar 1.41 Oz,08-40229-30037,Built Puff Coconut Protein Bar 1.41 Oz,ALLEGIANCE RETAIL SERVICES,NATURAL EXPANDED,0.00010916951915382456,Incremental,Low,,5,donor_base_units_pct_chg,-8.039485136216218,focal_post_promo_weeks,-0.27976847778507563
08-40229-30053,Built Puff Banana Cream Pie Protein Bar 1.41 Oz,08-40229-30050,Built Puff Churro Protein Bar 1.41 Oz,ALLEGIANCE RETAIL SERVICES,NATURAL EXPANDED,7.997530024953874e-05,Incremental,Low,,5,donor_base_units_pct_chg,-8.041793162632812,donor_velocity_spm_pct_chg,-0.5595440381627788
08-40229-30053,Built Puff Banana Cream Pie Protein Bar 1.41 Oz,08-40229-30119,Built Satled Caramel Bar 1.69oz,ALLEGIANCE RETAIL SERVICES,NATURAL EXPANDED,0.9998769449125252,Cannibalizing,Low,,5,donor_base_units_pct_chg,9.204533276918573,donor_post_13w_promo_weeks,0.40408217456368223
08-40229-30053,Built Puff Banana Cream Pie Protein Bar 1.41 Oz,08-40229-30130,Built Cookies & Cream Bar 1.69oz,ALLEGIANCE RETAIL SERVICES,NATURAL EXPANDED,0.9998827168320152,Cannibalizing,Low,,5,donor_base_units_pct_chg,9.182384582212258,donor_post_13w_promo_weeks,0.38324329081667774
08-40229-30053,Built Puff Banana Cream Pie Protein Bar 1.41 Oz,08-40229-30333,Built Puff Cookie Dough Chunk Protein Bar 1.55 Oz,ALLEGIANCE RETAIL SERVICES,NATURAL EXPANDED,0.00011935761191032328,Incremental,Low,,5,donor_base_units_pct_chg,-8.035706120172986,donor_velocity_spm_pct_chg,0.2747992798025936
08-40229-30053,Built Puff Banana Cream Pie Protein Bar 1.41 Oz,08-40229-30362,Built Puff Brownie Batter Protein Bar 1.41 Oz,ALLEGIANCE RETAIL SERVICES,NATURAL EXPANDED,0.0001203018242041324,Incremental,Low,,5,donor_base_units_pct_chg,-8.03579761965778,donor_velocity_spm_pct_chg,0.29199509605060436
08-40229-30053,Built Puff Banana Cream Pie Protein Bar 1.41 Oz,08-40229-30432,Built Puff Mint Chip Protein Bar 1.41 Oz,ALLEGIANCE RETAIL SERVICES,NATURAL EXPANDED,0.0001886430031506029,Incremental,Low,,5,donor_base_units_pct_chg,-8.04452612304788,donor_post_13w_promo_weeks,0.36868597965398286
08-40229-30053,Built Puff Banana Cream Pie Protein Bar 1.41 Oz,08-40229-30449,Built Peanut Butter Puff 1.41oz,ALLEGIANCE RETAIL SERVICES,NATURAL EXPANDED,0.9998626082142112,Cannibalizing,Low,,5,donor_base_units_pct_chg,9.192736615583806,donor_post_13w_promo_weeks,0.5180547018361515
08-40229-30053,Built Puff Banana Cream Pie Protein Bar 1.41 Oz,08-40229-30550,Built Puff Cookies N Cream Protein Bar 1.41 Oz,ALLEGIANCE RETAIL SERVICES,NATURAL EXPANDED,0.00014576019991584144,Incremental,Low,,5,donor_base_units_pct_chg,-8.044170313651946,donor_post_13w_promo_weeks,0.34440603926220786
08-40229-30071,Built Double Chocolate Fudge Bar 1.69oz,08-40229-30037,Built Puff Coconut Protein Bar 1.41 Oz,ASSOCIATED WHOLESALE GROCERS,CONVENTIONAL|FOOD,0.0001124564509153446,Incremental,Low,,5,donor_base_units_pct_chg,-8.035204252176047,donor_promo_week_delta,-0.18046698736897568
08-40229-30071,Built Double Chocolate Fudge Bar 1.69oz,08-40229-30037,Built Puff Coconut Protein Bar 1.41 Oz,KROGER,CONVENTIONAL|FOOD,0.0001882010697807675,Incremental,Low,,5,donor_base_units_pct_chg,-8.029251583246758,donor_post_13w_units_pct_promo,0.3365812595629412
08-40229-30071,Built Double Chocolate Fudge Bar 1.69oz,08-40229-30037,Built Puff Coconut Protein Bar 1.41 Oz,PUBLIX,CONVENTIONAL|FOOD,0.9999501345328684,Cannibalizing,Low,,5,donor_base_units_pct_chg,9.2038802720812,base_units_delta_diff,1.2719937189370407
08-40229-30071,Built Double Chocolate Fudge Bar 1.69oz,08-40229-30037,Built Puff Coconut Protein Bar 1.41 Oz,SOUTHEASTERN GROCERS,CONVENTIONAL|MULTI OUTLET,0.999932790749388,Cannibalizing,Low,,5,donor_base_units_pct_chg,9.204606639320824,base_units_delta_diff,1.2221736064182356
08-40229-30071,Built Double Chocolate Fudge Bar 1.69oz,08-40229-30037,Built Puff Coconut Protein Bar 1.41 Oz,GOOD FOOD HOLDINGS,NATURAL EXPANDED,9.88972179536874e-05,Incremental,Low,,5,donor_base_units_pct_chg,-8.035120048255166,donor_velocity_spm_pct_chg,-0.3480391665217937
08-40229-30071,Built Double Chocolate Fudge Bar 1.69oz,08-40229-30037,Built Puff Coconut Protein Bar 1.41 Oz,BALLS FOODS,REGIONAL & INDEP GROCERY,7.354804347021187e-05,Incremental,Low,,5,donor_base_units_pct_chg,-8.03825376412311,donor_velocity_spm_pct_chg,-0.2988890751229605
08-40229-30071,Built Double Chocolate Fudge Bar 1.69oz,08-40229-30037,Built Puff Coconut Protein Bar 1.41 Oz,PYRAMID FOODS,REGIONAL & INDEP GROCERY,7.844585605025026e-05,Incremental,Low,,5,donor_base_units_pct_chg,-8.037328731379004,donor_velocity_spm_pct_chg,-0.2996028268061604
08-40229-30071,Built Double Chocolate Fudge Bar 1.69oz,08-40229-30037,Built Puff Coconut Protein Bar 1.41 Oz,REASORS,REGIONAL & INDEP GROCERY,9.838332748964724e-05,Incremental,Low,,5,donor_base_units_pct_chg,-8.042970635166748,donor_velocity_spm_pct_chg,-0.43301733531243664
08-40229-30071,Built Double Chocolate Fudge Bar 1.69oz,08-40229-30050,Built Puff Churro Protein Bar 1.41 Oz,ASSOCIATED WHOLESALE GROCERS,CONVENTIONAL|FOOD,0.00018299665844069928,Incremental,Low,,5,donor_base_units_pct_chg,-8.036231682413828,donor_promo_week_delta,0.2773296322697498
08-40229-30071,Built Double Chocolate Fudge Bar 1.69oz,08-40229-30099,Built Coconut Bar 1.69oz,ASSOCIATED WHOLESALE GROCERS,CONVENTIONAL|FOOD,0.9999285161718212,Cannibalizing,Low,,5,donor_base_units_pct_chg,9.211513962540872,base_units_delta_diff,0.7948277045426262
08-40229-30071,Built Double Chocolate Fudge Bar 1.69oz,08-40229-30099,Built Coconut Bar 1.69oz,GOOD FOOD HOLDINGS,NATURAL EXPANDED,0.00011762498572024098,Incremental,Low,,5,donor_base_units_pct_chg,-8.035501935997813,donor_velocity_spm_pct_chg,-0.3689777199989092
08-40229-30071,Built Double Chocolate Fudge Bar 1.69oz,08-40229-30103,Built Coocnut Almond Bar 1.97oz,WAKEFERN,CONVENTIONAL|FOOD,0.0001295431977061553,Incremental,Low,,5,donor_base_units_pct_chg,-8.042410288718182,donor_post_13w_promo_weeks,0.44277777886986197
08-40229-30071,Built Double Chocolate Fudge Bar 1.69oz,08-40229-30107,Built Mint Brownie Bar 1.69oz,PUBLIX,CONVENTIONAL|FOOD,0.9999649030467282,Cannibalizing,Low,,5,donor_base_units_pct_chg,9.186069001114651,base_units_delta_diff,1.3280335011232824
08-40229-30071,Built Double Chocolate Fudge Bar 1.69oz,08-40229-30107,Built Mint Brownie Bar 1.69oz,WAKEFERN,CONVENTIONAL|FOOD,7.243705727602817e-05,Incremental,Low,,5,donor_base_units_pct_chg,-8.042237968449781,donor_velocity_spm_pct_chg,-0.48192294623817283
08-40229-30071,Built Double Chocolate Fudge Bar 1.69oz,08-40229-30107,Built Mint Brownie Bar 1.69oz,SOUTHEASTERN GROCERS,CONVENTIONAL|MULTI OUTLET,0.9999489842869272,Cannibalizing,Low,,5,donor_base_units_pct_chg,9.1880479391648,base_units_delta_diff,0.8848643031499389
08-40229-30071,Built Double Chocolate Fudge Bar 1.69oz,08-40229-30111,Built Cherry Barcia Bar 1.72oz,PUBLIX,CONVENTIONAL|FOOD,0.9999325105904888,Cannibalizing,Low,,5,donor_base_units_pct_chg,9.197173627278133,base_units_delta_diff,0.7649900488506218
08-40229-30071,Built Double Chocolate Fudge Bar 1.69oz,08-40229-30111,Built Cherry Barcia Bar 1.72oz,SOUTHEASTERN GROCERS,CONVENTIONAL|MULTI OUTLET,0.9999433597793748,Cannibalizing,Low,,5,donor_base_units_pct_chg,9.195843762995286,base_units_delta_diff,0.8468382709738614
08-40229-30071,Built Double Chocolate Fudge Bar 1.69oz,08-40229-30119,Built Satled Caramel Bar 1.69oz,ASSOCIATED WHOLESALE GROCERS,CONVENTIONAL|FOOD,0.00013511887232275878,Incremental,Low,,5,donor_base_units_pct_chg,-8.036187009988764,donor_promo_week_delta,0.2674890382765092
08-40229-30071,Built Double Chocolate Fudge Bar 1.69oz,08-40229-30119,Built Satled Caramel Bar 1.69oz,KROGER,CONVENTIONAL|FOOD,0.9999227194110504,Cannibalizing,Low,,5,donor_base_units_pct_chg,9.20506692856161,base_units_delta_diff,0.7494702361241621
08-40229-30071,Built Double Chocolate Fudge Bar 1.69oz,08-40229-30119,Built Satled Caramel Bar 1.69oz,PUBLIX,CONVENTIONAL|FOOD,0.9999677450551804,Cannibalizing,Low,,5,donor_base_units_pct_chg,9.193578596921135,base_units_delta_diff,0.9203278697358878
08-40229-30071,Built Double Chocolate Fudge Bar 1.69oz,08-40229-30119,Built Satled Caramel Bar 1.69oz,WAKEFERN,CONVENTIONAL|FOOD,0.00013707590246754106,Incremental,Low,,5,donor_base_units_pct_chg,-8.042653369495602,donor_post_13w_promo_weeks,0.4326708214071647
08-40229-30071,Built Double Chocolate Fudge Bar 1.69oz,08-40229-30119,Built Satled Caramel Bar 1.69oz,SOUTHEASTERN GROCERS,CONVENTIONAL|MULTI OUTLET,0.9999645855089158,Cannibalizing,Low,,5,donor_base_units_pct_chg,9.19040987630234,base_units_delta_diff,1.109616925853477
08-40229-30071,Built Double Chocolate Fudge Bar 1.69oz,08-40229-30119,Built Satled Caramel Bar 1.69oz,GOOD FOOD HOLDINGS,NATURAL EXPANDED,0.00011762498572024098,Incremental,Low,,5,donor_base_units_pct_chg,-8.03520290705106,donor_velocity_spm_pct_chg,-0.36725093935106007
08-40229-30071,Built Double Chocolate Fudge Bar 1.69oz,08-40229-30119,Built Satled Caramel Bar 1.69oz,BALLS FOODS,REGIONAL & INDEP GROCERY,0.0001026579920384056,Incremental,Low,,5,donor_base_units_pct_chg,-8.035491063686422,base_units_delta_diff,-0.2311363011742573
08-40229-30071,Built Double Chocolate Fudge Bar 1.69oz,08-40229-30119,Built Satled Caramel Bar 1.69oz,HAC INC,REGIONAL & INDEP GROCERY,0.00010256254387778408,Incremental,Low,,5,donor_base_units_pct_chg,-8.03436664764534,donor_velocity_spm_pct_chg,-0.2773247451127683
08-40229-30071,Built Double Chocolate Fudge Bar 1.69oz,08-40229-30119,Built Satled Caramel Bar 1.69oz,PYRAMID FOODS,REGIONAL & INDEP GROCERY,8.067757422479301e-05,Incremental,Low,,5,donor_base_units_pct_chg,-8.036867919000088,donor_velocity_spm_pct_chg,-0.3721886956626838
08-40229-30071,Built Double Chocolate Fudge Bar 1.69oz,08-40229-30119,Built Satled Caramel Bar 1.69oz,REASORS,REGIONAL & INDEP GROCERY,6.895620752965521e-05,Incremental,Low,,5,donor_base_units_pct_chg,-8.036091860851906,donor_velocity_spm_pct_chg,-0.3708616728354724
08-40229-30071,Built Double Chocolate Fudge Bar 1.69oz,08-40229-30122,Built Raspberry Bar 1.73oz,WAKEFERN,CONVENTIONAL|FOOD,7.910621188953809e-05,Incremental,Low,,5,donor_base_units_pct_chg,-8.04198234845827,donor_velocity_spm_pct_chg,-0.42651706010327806
08-40229-30071,Built Double Chocolate Fudge Bar 1.69oz,08-40229-30130,Built Cookies & Cream Bar 1.69oz,ASSOCIATED WHOLESALE GROCERS,CONVENTIONAL|FOOD,0.00012214443172658054,Incremental,Low,,5,donor_base_units_pct_chg,-8.03449950198754,base_units_delta_diff,-0.15208410109178633
08-40229-30071,Built Double Chocolate Fudge Bar 1.69oz,08-40229-30130,Built Cookies & Cream Bar 1.69oz,KROGER,CONVENTIONAL|FOOD,0.9998148161474302,Cannibalizing,Low,,5,donor_base_units_pct_chg,9.199719004696586,donor_post_13w_units_pct_promo,0.3966798550667252
08-40229-30071,Built Double Chocolate Fudge Bar 1.69oz,08-40229-30130,Built Cookies & Cream Bar 1.69oz,PUBLIX,CONVENTIONAL|FOOD,0.9999645811702196,Cannibalizing,Low,,5,donor_base_units_pct_chg,9.185763018571116,base_units_delta_diff,1.2972635183725882
08-40229-30071,Built Double Chocolate Fudge Bar 1.69oz,08-40229-30130,Built Cookies & Cream Bar 1.69oz,WAKEFERN,CONVENTIONAL|FOOD,8.480287137170914e-05,Incremental,Low,,5,donor_base_units_pct_chg,-8.042119981832892,donor_velocity_spm_pct_chg,-0.38850710742982436
08-40229-30071,Built Double Chocolate Fudge Bar 1.69oz,08-40229-30130,Built Cookies & Cream Bar 1.69oz,SOUTHEASTERN GROCERS,CONVENTIONAL|MULTI OUTLET,0.9999550657657256,Cannibalizing,Low,,5,donor_base_units_pct_chg,9.18595551535242,base_units_delta_diff,1.2502736166474637
08-40229-30071,Built Double Chocolate Fudge Bar 1.69oz,08-40229-30130,Built Cookies & Cream Bar 1.69oz,GOOD FOOD HOLDINGS,NATURAL EXPANDED,0.00010378581673151868,Incremental,Low,,5,donor_base_units_pct_chg,-8.035809876237538,donor_velocity_spm_pct_chg,-0.37971529600067794
08-40229-30071,Built Double Chocolate Fudge Bar 1.69oz,08-40229-30130,Built Cookies & Cream Bar 1.69oz,BALLS FOODS,REGIONAL & INDEP GROCERY,6.134709700098553e-05,Incremental,Low,,5,donor_base_units_pct_chg,-8.037292234359947,donor_velocity_spm_pct_chg,-0.30964277353094866
08-40229-30071,Built Double Chocolate Fudge Bar 1.69oz,08-40229-30130,Built Cookies & Cream Bar 1.69oz,HAC INC,REGIONAL & INDEP GROCERY,0.00011824419682612825,Incremental,Low,,5,donor_base_units_pct_chg,-8.037241519062476,donor_velocity_spm_pct_chg,-0.36324547078226743
08-40229-30071,Built Double Chocolate Fudge Bar 1.69oz,08-40229-30130,Built Cookies & Cream Bar 1.69oz,PYRAMID FOODS,REGIONAL & INDEP GROCERY,0.0001359634030903531,Incremental,Low,,5,donor_base_units_pct_chg,-8.036788410368493,base_units_delta_diff,-0.1877315186700562
08-40229-30071,Built Double Chocolate Fudge Bar 1.69oz,08-40229-30130,Built Cookies & Cream Bar 1.69oz,REASORS,REGIONAL & INDEP GROCERY,0.00012403656703715015,Incremental,Low,,5,donor_base_units_pct_chg,-8.041807054874374,donor_promo_week_delta,-0.18529355336224707
08-40229-30071,Built Double Chocolate Fudge Bar 1.69oz,08-40229-30209,Built Puff Coconut Protein Bar 1.41 Oz (12 Pk),KROGER,CONVENTIONAL|FOOD,0.0001510687601499099,Incremental,Low,,5,donor_base_units_pct_chg,-8.03521993510194,donor_velocity_spm_pct_chg,-0.270137997273897
08-40229-30071,Built Double Chocolate Fudge Bar 1.69oz,08-40229-30257,Built Double Chocolate Bar 1.84oz (12pk),KROGER,CONVENTIONAL|FOOD,0.0002899060456372046,Incremental,Low,,3,donor_base_units_pct_chg,-8.040258489760951,donor_velocity_spm_pct_chg,0.2797289370421392
08-40229-30071,Built Double Chocolate Fudge Bar 1.69oz,08-40229-30258,Built Salted Caramel Bar 1.69oz (12pk),KROGER,CONVENTIONAL|FOOD,0.00014838539627578864,Incremental,Low,,5,donor_base_units_pct_chg,-8.040744241980605,donor_velocity_spm_pct_chg,0.3288453884860101
08-40229-30071,Built Double Chocolate Fudge Bar 1.69oz,08-40229-30333,Built Puff Cookie Dough Chunk Protein Bar 1.55 Oz,ASSOCIATED WHOLESALE GROCERS,CONVENTIONAL|FOOD,8.996281957813866e-05,Incremental,Low,,5,donor_base_units_pct_chg,-8.03705068593753,donor_velocity_spm_pct_chg,-0.24766263924840384
08-40229-30071,Built Double Chocolate Fudge Bar 1.69oz,08-40229-30362,Built Puff Brownie Batter Protein Bar 1.41 Oz,ASSOCIATED WHOLESALE GROCERS,CONVENTIONAL|FOOD,9.55606182811788e-05,Incremental,Low,,5,donor_base_units_pct_chg,-8.035295167516228,donor_post_13w_promo_weeks,-0.23347923091879733
08-40229-30071,Built Double Chocolate Fudge Bar 1.69oz,08-40229-30362,Built Puff Brownie Batter Protein Bar 1.41 Oz,KROGER,CONVENTIONAL|FOOD,0.0002181131598046882,Incremental,Low,,5,donor_base_units_pct_chg,-8.029650470614847,donor_velocity_spm_pct_chg,0.4377929656218139
08-40229-30071,Built Double Chocolate Fudge Bar 1.69oz,08-40229-30362,Built Puff Brownie Batter Protein Bar 1.41 Oz,PUBLIX,CONVENTIONAL|FOOD,5.4889478399035815e-05,Incremental,Low,,5,donor_base_units_pct_chg,-8.037361729595638,base_units_delta_diff,-0.3227519565709517
08-40229-30071,Built Double Chocolate Fudge Bar 1.69oz,08-40229-30362,Built Puff Brownie Batter Protein Bar 1.41 Oz,SOUTHEASTERN GROCERS,CONVENTIONAL|MULTI OUTLET,5.467580107003112e-05,Incremental,Low,,5,donor_base_units_pct_chg,-8.03216824733683,base_units_delta_diff,-0.30815290986500593
08-40229-30071,Built Double Chocolate Fudge Bar 1.69oz,08-40229-30362,Built Puff Brownie Batter Protein Bar 1.41 Oz,GOOD FOOD HOLDINGS,NATURAL EXPANDED,0.00010924803191658844,Incremental,Low,,5,donor_base_units_pct_chg,-8.035149216299754,donor_velocity_spm_pct_chg,-0.3538803946929221
08-40229-30071,Built Double Chocolate Fudge Bar 1.69oz,08-40229-30362,Built Puff Brownie Batter Protein Bar 1.41 Oz,BALLS FOODS,REGIONAL & INDEP GROCERY,5.367143475096962e-05,Incremental,Low,,5,donor_base_units_pct_chg,-8.035775490389799,donor_velocity_spm_pct_chg,-0.32798244648585034
08-40229-30071,Built Double Chocolate Fudge Bar 1.69oz,08-40229-30362,Built Puff Brownie Batter Protein Bar 1.41 Oz,HAC INC,REGIONAL & INDEP GROCERY,0.00010522613681754363,Incremental,Low,,5,donor_base_units_pct_chg,-8.03704371733733,donor_velocity_spm_pct_chg,-0.3537959581577447
08-40229-30071,Built Double Chocolate Fudge Bar 1.69oz,08-40229-30362,Built Puff Brownie Batter Protein Bar 1.41 Oz,PYRAMID FOODS,REGIONAL & INDEP GROCERY,7.28530417540154e-05,Incremental,Low,,5,donor_base_units_pct_chg,-8.037046039184922,donor_velocity_spm_pct_chg,-0.35432206717037
08-40229-30071,Built Double Chocolate Fudge Bar 1.69oz,08-40229-30362,Built Puff Brownie Batter Protein Bar 1.41 Oz,REASORS,REGIONAL & INDEP GROCERY,8.945275984095683e-05,Incremental,Low,,5,donor_base_units_pct_chg,-8.035010551221013,donor_post_13w_units_pct_promo,-0.27505969655768875
08-40229-30071,Built Double Chocolate Fudge Bar 1.69oz,08-40229-30363,Built Puff Brownie Batter Protein Bar 1.41 Oz (12 Pk),KROGER,CONVENTIONAL|FOOD,0.00017562370639443846,Incremental,Low,,5,donor_base_units_pct_chg,-8.034763057400282,donor_promo_week_delta,0.19816845560145507
08-40229-30071,Built Double Chocolate Fudge Bar 1.69oz,08-40229-30374,Built Bar Vrty Pck Prtn Pff Brs 1.6 Oz (12pk),SOUTHEASTERN GROCERS,CONVENTIONAL|MULTI OUTLET,0.9999395922399972,Cannibalizing,Low,,5,donor_base_units_pct_chg,9.210839561539066,base_units_delta_diff,1.1497132968119332
08-40229-30071,Built Double Chocolate Fudge Bar 1.69oz,08-40229-30376,Built Cookies & Cream Bar 1.69oz (4pk),ASSOCIATED WHOLESALE GROCERS,CONVENTIONAL|FOOD,0.00031000560854135145,Incremental,Low,,5,donor_base_units_pct_chg,-8.042047922817009,donor_velocity_spm_pct_chg,0.3533351383627336
08-40229-30071,Built Double Chocolate Fudge Bar 1.69oz,08-40229-30376,Built Cookies & Cream Bar 1.69oz (4pk),SOUTHEASTERN GROCERS,CONVENTIONAL|MULTI OUTLET,0.00011085271515318666,Incremental,Low,,5,donor_base_units_pct_chg,-8.03247590224192,base_units_delta_diff,-0.20187271306665527
08-40229-30071,Built Double Chocolate Fudge Bar 1.69oz,08-40229-30378,Built Double Chocolate Bar 1.84oz (4pk),ASSOCIATED WHOLESALE GROCERS,CONVENTIONAL|FOOD,0.00011214734007136372,Incremental,Low,,3,donor_base_units_pct_chg,-8.041047553685836,donor_promo_week_delta,-0.19844339842516007
08-40229-30071,Built Double Chocolate Fudge Bar 1.69oz,08-40229-30378,Built Double Chocolate Bar 1.84oz (4pk),SOUTHEASTERN GROCERS,CONVENTIONAL|MULTI OUTLET,0.0001017640303479224,Incremental,Low,,3,donor_base_units_pct_chg,-8.02686796333443,base_units_delta_diff,-0.20853467052295013
08-40229-30071,Built Double Chocolate Fudge Bar 1.69oz,08-40229-30380,Built Puff Brownie Batter Protein Bar 1.41 Oz (4 Pk),ASSOCIATED WHOLESALE GROCERS,CONVENTIONAL|FOOD,9.059360037500448e-05,Incremental,Low,,5,donor_base_units_pct_chg,-8.035901972331805,donor_promo_week_delta,-0.23396751326359236
08-40229-30071,Built Double Chocolate Fudge Bar 1.69oz,08-40229-30381,Built Puff Coconut Protein Bar 1.41 Oz (4 Pk),ASSOCIATED WHOLESALE GROCERS,CONVENTIONAL|FOOD,9.708568227402716e-05,Incremental,Low,,5,donor_base_units_pct_chg,-8.032313978996463,donor_promo_week_delta,-0.1961574954441034
08-40229-30071,Built Double Chocolate Fudge Bar 1.69oz,08-40229-30381,Built Puff Coconut Protein Bar 1.41 Oz (4 Pk),SOUTHEASTERN GROCERS,CONVENTIONAL|MULTI OUTLET,6.285122684865475e-05,Incremental,Low,,5,donor_base_units_pct_chg,-8.026979464940908,base_units_delta_diff,-0.36101733685831405
08-40229-30071,Built Double Chocolate Fudge Bar 1.69oz,08-40229-30449,Built Peanut Butter Puff 1.41oz,BALLS FOODS,REGIONAL & INDEP GROCERY,0.00011126274325586288,Incremental,Low,,5,donor_base_units_pct_chg,-8.033737765329821,donor_velocity_spm_pct_chg,-0.2998497646666501
08-40229-30071,Built Double Chocolate Fudge Bar 1.69oz,08-40229-30449,Built Peanut Butter Puff 1.41oz,REASORS,REGIONAL & INDEP GROCERY,0.9998492833173944,Cannibalizing,Low,,5,donor_base_units_pct_chg,9.203165300273362,donor_post_13w_promo_weeks,0.3946464709241281
08-40229-30099,Built Coconut Bar 1.69oz,00-40962-48332,Built Bar Double Choclt Prtn Br 1.73oz (16pk),INFRA,NATURAL EXPANDED,8.861596976145357e-05,Incremental,Low,,5,donor_base_units_pct_chg,-8.038766047681014,donor_velocity_spm_pct_chg,-0.3226359254993963
08-40229-30099,Built Coconut Bar 1.69oz,00-40962-48350,Built Bar Mint Brownie Choc 1.73 Oz (18 Pk),INFRA,NATURAL EXPANDED,0.9998396912904752,Cannibalizing,Low,,5,donor_base_units_pct_chg,9.196336775487785,donor_velocity_spm_pct_chg,0.3562583777958947
08-40229-30099,Built Coconut Bar 1.69oz,00-40962-48446,Built Bar Pnt Bttr Brwn Prtn Br 1.73oz (16pk),INFRA,NATURAL EXPANDED,8.589596176996032e-05,Incremental,Low,,5,donor_base_units_pct_chg,-8.038085642280052,donor_velocity_spm_pct_chg,-0.27886378272227325
08-40229-30099,Built Coconut Bar 1.69oz,08-40229-30050,Built Puff Churro Protein Bar 1.41 Oz,INFRA,NATURAL EXPANDED,0.9998298566397736,Cannibalizing,Low,,5,donor_base_units_pct_chg,9.197298675323285,donor_velocity_spm_pct_chg,0.3340260208253839
08-40229-30099,Built Coconut Bar 1.69oz,08-40229-30053,Built Puff Banana Cream Pie Protein Bar 1.41 Oz,INFRA,NATURAL EXPANDED,0.00012074624290310216,Incremental,Low,,5,donor_base_units_pct_chg,-8.035715245190032,donor_velocity_spm_pct_chg,0.35386727283409797
08-40229-30099,Built Coconut Bar 1.69oz,08-40229-30071,Built Double Chocolate Fudge Bar 1.69oz,SUNSET FOODS,NATURAL EXPANDED,0.00011963669622671112,Incremental,Low,,5,donor_base_units_pct_chg,-8.04037290461953,donor_post_13w_promo_weeks,0.3777431769438239
08-40229-30099,Built Coconut Bar 1.69oz,08-40229-30071,Built Double Chocolate Fudge Bar 1.69oz,NORTH STATE GROCERY,REGIONAL & INDEP GROCERY,0.9997528482398296,Cannibalizing,Low,,5,donor_base_units_pct_chg,9.205350123772417,donor_velocity_spm_pct_chg,-0.47789281631959757
08-40229-30099,Built Coconut Bar 1.69oz,08-40229-30111,Built Cherry Barcia Bar 1.72oz,INFRA,NATURAL EXPANDED,0.00019676869942326865,Incremental,Low,,5,donor_base_units_pct_chg,-8.03801246951905,donor_post_13w_promo_weeks,0.23212989830281863
08-40229-30099,Built Coconut Bar 1.69oz,08-40229-30119,Built Satled Caramel Bar 1.69oz,INFRA,NATURAL EXPANDED,0.00012843063780509478,Incremental,Low,,5,donor_base_units_pct_chg,-8.036896745780792,donor_velocity_spm_pct_chg,0.3310961445690292
08-40229-30099,Built Coconut Bar 1.69oz,08-40229-30119,Built Satled Caramel Bar 1.69oz,SUNSET FOODS,NATURAL EXPANDED,0.00018739178605237276,Incremental,Low,,5,donor_base_units_pct_chg,-8.043650111687132,donor_post_13w_promo_weeks,0.36872944892965615
08-40229-30099,Built Coconut Bar 1.69oz,08-40229-30119,Built Satled Caramel Bar 1.69oz,NORTH STATE GROCERY,REGIONAL & INDEP GROCERY,0.00012609331594200634,Incremental,Low,,5,donor_base_units_pct_chg,-8.034878640355211,donor_velocity_spm_pct_chg,-0.4059928212751947
08-40229-30099,Built Coconut Bar 1.69oz,08-40229-30122,Built Raspberry Bar 1.73oz,INFRA,NATURAL EXPANDED,9.207091347405832e-05,Incremental,Low,,5,donor_base_units_pct_chg,-8.038294992374949,donor_velocity_spm_pct_chg,-0.311498142242453
08-40229-30099,Built Coconut Bar 1.69oz,08-40229-30130,Built Cookies & Cream Bar 1.69oz,INFRA,NATURAL EXPANDED,0.00015378844818522496,Incremental,Low,,5,donor_base_units_pct_chg,-8.03827282577658,donor_velocity_spm_pct_chg,0.3419221246471796
08-40229-30099,Built Coconut Bar 1.69oz,08-40229-30130,Built Cookies & Cream Bar 1.69oz,NORTH STATE GROCERY,REGIONAL & INDEP GROCERY,0.0001010842264171908,Incremental,Low,,5,donor_base_units_pct_chg,-8.037904169134977,donor_velocity_spm_pct_chg,-0.3086009053288487
08-40229-30099,Built Coconut Bar 1.69oz,08-40229-30362,Built Puff Brownie Batter Protein Bar 1.41 Oz,INFRA,NATURAL EXPANDED,0.9996876320954476,Cannibalizing,Low,,5,donor_base_units_pct_chg,9.199051511851989,donor_velocity_spm_pct_chg,-0.24917426704989323
08-40229-30099,Built Coconut Bar 1.69oz,08-40229-30362,Built Puff Brownie Batter Protein Bar 1.41 Oz,SUNSET FOODS,NATURAL EXPANDED,9.197886737986256e-05,Incremental,Low,,5,donor_base_units_pct_chg,-8.042008890527175,donor_velocity_spm_pct_chg,-0.4332170326286895
08-40229-30099,Built Coconut Bar 1.69oz,08-40229-30385,Built Bar Cookie Dough 1.83oz,INFRA,NATURAL EXPANDED,0.00011234978287292188,Incremental,Low,,5,donor_base_units_pct_chg,-8.038405981246248,donor_velocity_spm_pct_chg,-0.23760817642421272
08-40229-30115,Built Peanut Butter Bar 1.69oz,00-40962-48332,Built Bar Double Choclt Prtn Br 1.73oz (16pk),SAMS,CONVENTIONAL|MULTI OUTLET,0.999870272952556,Cannibalizing,Low,,5,donor_base_units_pct_chg,9.190726881781705,donor_post_13w_promo_weeks,0.6354713176608074
08-40229-30115,Built Peanut Butter Bar 1.69oz,00-40962-48332,Built Bar Double Choclt Prtn Br 1.73oz (16pk),WALGREENS BOOTS ALLIANCE,CONVENTIONAL|MULTI OUTLET,0.9999019668955188,Cannibalizing,Low,,5,donor_base_units_pct_chg,9.191479066081381,donor_post_13w_promo_weeks,0.5307005322190901
08-40229-30115,Built Peanut Butter Bar 1.69oz,00-40962-48332,Built Bar Double Choclt Prtn Br 1.73oz (16pk),WALMART,CONVENTIONAL|MULTI OUTLET,0.9999015812249396,Cannibalizing,Low,,5,donor_base_units_pct_chg,9.187389043237559,donor_post_13w_promo_weeks,0.5324210458452332
08-40229-30115,Built Peanut Butter Bar 1.69oz,00-40962-48332,Built Bar Double Choclt Prtn Br 1.73oz (16pk),INFRA,NATURAL EXPANDED,0.9999188295155438,Cannibalizing,Low,,5,donor_base_units_pct_chg,9.204035043125598,base_units_delta_diff,0.7605311183438992
08-40229-30115,Built Peanut Butter Bar 1.69oz,00-40962-48350,Built Bar Mint Brownie Choc 1.73 Oz (18 Pk),CVS,CONVENTIONAL|MULTI OUTLET,0.9998727537524204,Cannibalizing,Low,,5,donor_base_units_pct_chg,9.209866550270375,donor_post_13w_promo_weeks,0.6363979389370468
08-40229-30115,Built Peanut Butter Bar 1.69oz,00-40962-48350,Built Bar Mint Brownie Choc 1.73 Oz (18 Pk),SAMS,CONVENTIONAL|MULTI OUTLET,0.9998694675342032,Cannibalizing,Low,,5,donor_base_units_pct_chg,9.185311711416954,donor_post_13w_promo_weeks,0.6261595140520377
08-40229-30115,Built Peanut Butter Bar 1.69oz,00-40962-48350,Built Bar Mint Brownie Choc 1.73 Oz (18 Pk),UNFI,CONVENTIONAL|MULTI OUTLET,0.9998640645782872,Cannibalizing,Low,,5,donor_base_units_pct_chg,9.208697872516195,donor_post_13w_promo_weeks,0.6162841432309301
08-40229-30115,Built Peanut Butter Bar 1.69oz,00-40962-48350,Built Bar Mint Brownie Choc 1.73 Oz (18 Pk),WALGREENS BOOTS ALLIANCE,CONVENTIONAL|MULTI OUTLET,0.9999015370918252,Cannibalizing,Low,,5,donor_base_units_pct_chg,9.187042016142144,donor_post_13w_promo_weeks,0.5315553633660998
08-40229-30115,Built Peanut Butter Bar 1.69oz,00-40962-48350,Built Bar Mint Brownie Choc 1.73 Oz (18 Pk),WALMART,CONVENTIONAL|MULTI OUTLET,0.9999015370918252,Cannibalizing,Low,,5,donor_base_units_pct_chg,9.186880163824341,donor_post_13w_promo_weeks,0.5322027361841377
08-40229-30115,Built Peanut Butter Bar 1.69oz,00-40962-48350,Built Bar Mint Brownie Choc 1.73 Oz (18 Pk),INFRA,NATURAL EXPANDED,0.0001299536827061297,Incremental,Low,,5,donor_base_units_pct_chg,-8.035123194802935,donor_velocity_spm_pct_chg,-0.3541022632573115
08-40229-30115,Built Peanut Butter Bar 1.69oz,00-40962-48350,Built Bar Mint Brownie Choc 1.73 Oz (18 Pk),ASSOCIATED FOOD STORES,REGIONAL & INDEP GROCERY,0.00010160663806968112,Incremental,Low,,5,donor_base_units_pct_chg,-8.043115107073698,donor_velocity_spm_pct_chg,-0.4437703649999237
08-40229-30115,Built Peanut Butter Bar 1.69oz,00-40962-48365,Built Bar Coconut Almond 1.97 Oz (18 Pk),SAMS,CONVENTIONAL|MULTI OUTLET,0.9998494131959074,Cannibalizing,Low,,5,donor_base_units_pct_chg,9.170032020572839,donor_velocity_spm_pct_chg,0.3283336116458793
08-40229-30115,Built Peanut Butter Bar 1.69oz,00-40962-48365,Built Bar Coconut Almond 1.97 Oz (18 Pk),WALGREENS BOOTS ALLIANCE,CONVENTIONAL|MULTI OUTLET,0.9998447936323336,Cannibalizing,Low,,5,donor_base_units_pct_chg,9.170125569712216,donor_velocity_spm_pct_chg,0.38489511624460987
08-40229-30115,Built Peanut Butter Bar 1.69oz,00-40962-48365,Built Bar Coconut Almond 1.97 Oz (18 Pk),WALMART,CONVENTIONAL|MULTI OUTLET,0.9998448346352914,Cannibalizing,Low,,5,donor_base_units_pct_chg,9.171871130566021,donor_velocity_spm_pct_chg,0.37981088433258026
08-40229-30115,Built Peanut Butter Bar 1.69oz,00-40962-48365,Built Bar Coconut Almond 1.97 Oz (18 Pk),INFRA,NATURAL EXPANDED,0.9999437348253428,Cannibalizing,Low,,5,donor_base_units_pct_chg,9.189566995285736,base_units_delta_diff,0.6433227490743366
08-40229-30115,Built Peanut Butter Bar 1.69oz,00-40962-48446,Built Bar Pnt Bttr Brwn Prtn Br 1.73oz (16pk),INFRA,NATURAL EXPANDED,0.00015195519226141607,Incremental,Low,,5,donor_base_units_pct_chg,-8.062198432554652,focal_post_promo_weeks,-0.1661755892544072
08-40229-30115,Built Peanut Butter Bar 1.69oz,08-40229-30037,Built Puff Coconut Protein Bar 1.41 Oz,MAVERIK,CONVENIENCE - SPINS,0.00010829766001173706,Incremental,Low,,5,donor_base_units_pct_chg,-8.032000440186058,donor_post_13w_promo_weeks,-0.30294184582003547
08-40229-30115,Built Peanut Butter Bar 1.69oz,08-40229-30037,Built Puff Coconut Protein Bar 1.41 Oz,CVS,CONVENTIONAL|MULTI OUTLET,4.714046251204632e-05,Incremental,Low,,5,donor_base_units_pct_chg,-8.02620125780195,donor_post_13w_promo_weeks,-0.39975732715640155
08-40229-30115,Built Peanut Butter Bar 1.69oz,08-40229-30037,Built Puff Coconut Protein Bar 1.41 Oz,KROGER,CONVENTIONAL|MULTI OUTLET,7.617540716308367e-05,Incremental,Low,,5,donor_base_units_pct_chg,-8.032085746365839,donor_post_13w_promo_weeks,-0.3680457989683204
08-40229-30115,Built Peanut Butter Bar 1.69oz,08-40229-30037,Built Puff Coconut Protein Bar 1.41 Oz,SAMS,CONVENTIONAL|MULTI OUTLET,5.003892518932029e-05,Incremental,Low,,5,donor_base_units_pct_chg,-8.026941909212605,donor_post_13w_promo_weeks,-0.3882833229253206
08-40229-30115,Built Peanut Butter Bar 1.69oz,08-40229-30037,Built Puff Coconut Protein Bar 1.41 Oz,UNFI,CONVENTIONAL|MULTI OUTLET,5.957020202911088e-05,Incremental,Low,,5,donor_base_units_pct_chg,-8.027559238945528,donor_post_13w_promo_weeks,-0.35331745437199746
08-40229-30115,Built Peanut Butter Bar 1.69oz,08-40229-30037,Built Puff Coconut Protein Bar 1.41 Oz,WALGREENS BOOTS ALLIANCE,CONVENTIONAL|MULTI OUTLET,4.628295310900662e-05,Incremental,Low,,5,donor_base_units_pct_chg,-8.026076048203722,donor_post_13w_promo_weeks,-0.4050906777609076
08-40229-30115,Built Peanut Butter Bar 1.69oz,08-40229-30037,Built Puff Coconut Protein Bar 1.41 Oz,WALMART,CONVENTIONAL|MULTI OUTLET,5.1248547414398256e-05,Incremental,Low,,5,donor_base_units_pct_chg,-8.026553381022094,donor_post_13w_promo_weeks,-0.38324821745530163
08-40229-30115,Built Peanut Butter Bar 1.69oz,08-40229-30037,Built Puff Coconut Protein Bar 1.41 Oz,HARMONS NEIGHBORHOOD GROCER,NATURAL EXPANDED,0.9999631797370668,Cannibalizing,Low,,5,donor_base_units_pct_chg,9.211916345266275,base_units_delta_diff,0.9850313070727372
08-40229-30115,Built Peanut Butter Bar 1.69oz,08-40229-30037,Built Puff Coconut Protein Bar 1.41 Oz,INFRA,NATURAL EXPANDED,0.9998728971955002,Cannibalizing,Low,,5,donor_base_units_pct_chg,9.204440752896412,base_units_delta_diff,0.7498982016002378
08-40229-30115,Built Peanut Butter Bar 1.69oz,08-40229-30037,Built Puff Coconut Protein Bar 1.41 Oz,ASSOCIATED FOOD STORES,REGIONAL & INDEP GROCERY,5.731496268736587e-05,Incremental,Low,,5,donor_base_units_pct_chg,-8.036398381836767,donor_velocity_spm_pct_chg,-0.33826316736699946
08-40229-30115,Built Peanut Butter Bar 1.69oz,08-40229-30050,Built Puff Churro Protein Bar 1.41 Oz,MAVERIK,CONVENIENCE - SPINS,0.000168515715756655,Incremental,Low,,5,donor_base_units_pct_chg,-8.035996129276631,donor_post_13w_promo_weeks,-0.2422528486939215
08-40229-30115,Built Peanut Butter Bar 1.69oz,08-40229-30050,Built Puff Churro Protein Bar 1.41 Oz,CVS,CONVENTIONAL|MULTI OUTLET,8.330924837052263e-05,Incremental,Low,,5,donor_base_units_pct_chg,-8.054808220838641,donor_velocity_spm_pct_chg,0.31031434349058923
08-40229-30115,Built Peanut Butter Bar 1.69oz,08-40229-30050,Built Puff Churro Protein Bar 1.41 Oz,KROGER,CONVENTIONAL|MULTI OUTLET,7.595664676454644e-05,Incremental,Low,,5,donor_base_units_pct_chg,-8.057018489754563,donor_post_13w_promo_weeks,-0.25812326750462555
08-40229-30115,Built Peanut Butter Bar 1.69oz,08-40229-30050,Built Puff Churro Protein Bar 1.41 Oz,SAMS,CONVENTIONAL|MULTI OUTLET,0.00010459993723157358,Incremental,Low,,5,donor_base_units_pct_chg,-8.062040357922802,donor_velocity_spm_pct_chg,0.36313294665081575
08-40229-30115,Built Peanut Butter Bar 1.69oz,08-40229-30050,Built Puff Churro Protein Bar 1.41 Oz,UNFI,CONVENTIONAL|MULTI OUTLET,7.241028658437038e-05,Incremental,Low,,5,donor_base_units_pct_chg,-8.031680395587113,donor_post_13w_promo_weeks,-0.29244185000075207
08-40229-30115,Built Peanut Butter Bar 1.69oz,08-40229-30050,Built Puff Churro Protein Bar 1.41 Oz,WALGREENS BOOTS ALLIANCE,CONVENTIONAL|MULTI OUTLET,0.00010459993723157358,Incremental,Low,,5,donor_base_units_pct_chg,-8.061467429647422,donor_velocity_spm_pct_chg,0.37872427367960837
08-40229-30115,Built Peanut Butter Bar 1.69oz,08-40229-30050,Built Puff Churro Protein Bar 1.41 Oz,WALMART,CONVENTIONAL|MULTI OUTLET,0.00011377796658339346,Incremental,Low,,5,donor_base_units_pct_chg,-8.062494771196452,donor_velocity_spm_pct_chg,0.40928830173010217
08-40229-30115,Built Peanut Butter Bar 1.69oz,08-40229-30050,Built Puff Churro Protein Bar 1.41 Oz,HARMONS NEIGHBORHOOD GROCER,NATURAL EXPANDED,0.999953432968964,Cannibalizing,Low,,5,donor_base_units_pct_chg,9.204634019963269,base_units_delta_diff,1.0501761713080828
08-40229-30115,Built Peanut Butter Bar 1.69oz,08-40229-30050,Built Puff Churro Protein Bar 1.41 Oz,INFRA,NATURAL EXPANDED,0.999950530508241,Cannibalizing,Low,,5,donor_base_units_pct_chg,9.209749132536126,base_units_delta_diff,0.7946006392182404
08-40229-30115,Built Peanut Butter Bar 1.69oz,08-40229-30050,Built Puff Churro Protein Bar 1.41 Oz,ASSOCIATED FOOD STORES,REGIONAL & INDEP GROCERY,5.528051070173518e-05,Incremental,Low,,5,donor_base_units_pct_chg,-8.036060534796421,donor_velocity_spm_pct_chg,-0.32805012772279085
08-40229-30115,Built Peanut Butter Bar 1.69oz,08-40229-30053,Built Puff Banana Cream Pie Protein Bar 1.41 Oz,CVS,CONVENTIONAL|MULTI OUTLET,0.00010447531192865624,Incremental,Low,,5,donor_base_units_pct_chg,-8.04458136117897,donor_velocity_spm_pct_chg,-0.5002924354937394
08-40229-30115,Built Peanut Butter Bar 1.69oz,08-40229-30053,Built Puff Banana Cream Pie Protein Bar 1.41 Oz,SAMS,CONVENTIONAL|MULTI OUTLET,0.00010432311968585218,Incremental,Low,,5,donor_base_units_pct_chg,-8.045529658056825,donor_velocity_spm_pct_chg,-0.5096391649606073
08-40229-30115,Built Peanut Butter Bar 1.69oz,08-40229-30053,Built Puff Banana Cream Pie Protein Bar 1.41 Oz,UNFI,CONVENTIONAL|MULTI OUTLET,0.0002165370793364427,Incremental,Low,,5,donor_base_units_pct_chg,-8.048305241942396,donor_post_13w_promo_weeks,0.5792917964006098
08-40229-30115,Built Peanut Butter Bar 1.69oz,08-40229-30053,Built Puff Banana Cream Pie Protein Bar 1.41 Oz,WALGREENS BOOTS ALLIANCE,CONVENTIONAL|MULTI OUTLET,9.941131228053397e-05,Incremental,Low,,5,donor_base_units_pct_chg,-8.045038174473216,donor_velocity_spm_pct_chg,-0.5044489553394701
08-40229-30115,Built Peanut Butter Bar 1.69oz,08-40229-30053,Built Puff Banana Cream Pie Protein Bar 1.41 Oz,WALMART,CONVENTIONAL|MULTI OUTLET,0.00010447531192865624,Incremental,Low,,5,donor_base_units_pct_chg,-8.045132770938142,donor_velocity_spm_pct_chg,-0.5172889266666171
08-40229-30115,Built Peanut Butter Bar 1.69oz,08-40229-30053,Built Puff Banana Cream Pie Protein Bar 1.41 Oz,INFRA,NATURAL EXPANDED,0.00019230455010297884,Incremental,Low,,5,donor_base_units_pct_chg,-8.062377795361474,donor_velocity_spm_pct_chg,-0.5230334372855827
08-40229-30115,Built Peanut Butter Bar 1.69oz,08-40229-30053,Built Puff Banana Cream Pie Protein Bar 1.41 Oz,ASSOCIATED FOOD STORES,REGIONAL & INDEP GROCERY,0.00014550279186716306,Incremental,Low,,5,donor_base_units_pct_chg,-8.043228904111512,donor_velocity_spm_pct_chg,-0.39227850374772405
08-40229-30115,Built Peanut Butter Bar 1.69oz,08-40229-30071,Built Double Chocolate Fudge Bar 1.69oz,MAVERIK,CONVENIENCE - SPINS,0.9996215948621212,Cannibalizing,Low,,5,donor_base_units_pct_chg,9.20945775452801,donor_velocity_spm_pct_chg,-0.2784982614706802
08-40229-30115,Built Peanut Butter Bar 1.69oz,08-40229-30071,Built Double Chocolate Fudge Bar 1.69oz,CVS,CONVENTIONAL|MULTI OUTLET,8.525903746763469e-05,Incremental,Low,,5,donor_base_units_pct_chg,-8.034799766065317,donor_post_13w_promo_weeks,-0.3063817911491221
08-40229-30115,Built Peanut Butter Bar 1.69oz,08-40229-30071,Built Double Chocolate Fudge Bar 1.69oz,KROGER,CONVENTIONAL|MULTI OUTLET,6.967221223818741e-05,Incremental,Low,,5,donor_base_units_pct_chg,-8.059798375104164,donor_post_13w_promo_weeks,-0.36111615003997716
08-40229-30115,Built Peanut Butter Bar 1.69oz,08-40229-30071,Built Double Chocolate Fudge Bar 1.69oz,SAMS,CONVENTIONAL|MULTI OUTLET,7.755169485626541e-05,Incremental,Low,,5,donor_base_units_pct_chg,-8.035273963853962,donor_post_13w_promo_weeks,-0.33217976876750044
08-40229-30115,Built Peanut Butter Bar 1.69oz,08-40229-30071,Built Double Chocolate Fudge Bar 1.69oz,UNFI,CONVENTIONAL|MULTI OUTLET,0.0001411938758583397,Incremental,Low,,5,donor_base_units_pct_chg,-8.03373115286617,donor_velocity_spm_pct_chg,0.31614829566266417
08-40229-30115,Built Peanut Butter Bar 1.69oz,08-40229-30071,Built Double Chocolate Fudge Bar 1.69oz,WALGREENS BOOTS ALLIANCE,CONVENTIONAL|MULTI OUTLET,7.32501624945525e-05,Incremental,Low,,5,donor_base_units_pct_chg,-8.034859421295856,donor_post_13w_promo_weeks,-0.34204269010233573
08-40229-30115,Built Peanut Butter Bar 1.69oz,08-40229-30071,Built Double Chocolate Fudge Bar 1.69oz,WALMART,CONVENTIONAL|MULTI OUTLET,7.684743732221519e-05,Incremental,Low,,5,donor_base_units_pct_chg,-8.034895160958426,donor_post_13w_promo_weeks,-0.33406694697578165
08-40229-30115,Built Peanut Butter Bar 1.69oz,08-40229-30071,Built Double Chocolate Fudge Bar 1.69oz,HARMONS NEIGHBORHOOD GROCER,NATURAL EXPANDED,0.9239311303299312,Cannibalizing,Low,,5,donor_base_units_pct_chg,1.5412766723336266,donor_post_13w_arp_discount,-0.5767591466453218
08-40229-30115,Built Peanut Butter Bar 1.69oz,08-40229-30071,Built Double Chocolate Fudge Bar 1.69oz,INFRA,NATURAL EXPANDED,0.9998457723634098,Cannibalizing,Low,,5,donor_base_units_pct_chg,9.226068973091902,base_units_delta_diff,0.2718458426532605
08-40229-30115,Built Peanut Butter Bar 1.69oz,08-40229-30071,Built Double Chocolate Fudge Bar 1.69oz,ASSOCIATED FOOD STORES,REGIONAL & INDEP GROCERY,6.22978433205724e-05,Incremental,Low,,5,donor_base_units_pct_chg,-8.040254517396813,donor_velocity_spm_pct_chg,-0.37930901778098736
08-40229-30115,Built Peanut Butter Bar 1.69oz,08-40229-30099,Built Coconut Bar 1.69oz,CVS,CONVENTIONAL|MULTI OUTLET,0.999897706631595,Cannibalizing,Low,,5,donor_base_units_pct_chg,9.198732871921772,base_units_delta_diff,0.8542096083454339
08-40229-30115,Built Peanut Butter Bar 1.69oz,08-40229-30099,Built Coconut Bar 1.69oz,KROGER,CONVENTIONAL|MULTI OUTLET,0.9996988265035752,Cannibalizing,Low,,5,donor_base_units_pct_chg,9.193482180579004,donor_post_13w_promo_weeks,-0.27005865413237984
08-40229-30115,Built Peanut Butter Bar 1.69oz,08-40229-30099,Built Coconut Bar 1.69oz,SAMS,CONVENTIONAL|MULTI OUTLET,0.9999074856379658,Cannibalizing,Low,,5,donor_base_units_pct_chg,9.197838658345193,base_units_delta_diff,0.9761985990421851
08-40229-30115,Built Peanut Butter Bar 1.69oz,08-40229-30099,Built Coconut Bar 1.69oz,UNFI,CONVENTIONAL|MULTI OUTLET,0.9998941282578454,Cannibalizing,Low,,5,donor_base_units_pct_chg,9.197996414725312,base_units_delta_diff,0.9077169942420644
