retail_account,maturity,pack_format,n_cutpoints,is_drifting,drift_score,slope,final_wmape,wmape_Sep_2024,rr_Sep_2024,wmape_Dec_2024,rr_Dec_2024,wmape_Mar_2025,rr_Mar_2025,wmape_Jun_2025,rr_Jun_2025,wmape_Sep_2025,rr_Sep_2025,wmape_Dec_2025,rr_Dec_2025,wmape_Jan_2026,rr_Jan_2026
MCCAFFREYS,Growing (27-78w),Single (1ct),5,True,1.628,0.3542,3.740968432274621,,,,,2.965795963035345,0.52,4.9647680450068385,1.255,4.114712904082488,1.483,3.2810136468800577,1.624,3.740968432274621,1.778
MCKEEVERS,Growing (27-78w),Single (1ct),5,True,1.533,0.592,2.406432231820169,,,,,2.293319271193633,0.402,3.1793915016331575,0.804,3.37869773776184,1.217,4.519027465428824,2.237,2.406432231820169,1.144
