retail_account,channel_outlet,upc,description,discount_bucket,discount_label,n_promo_weeks,lift_rate_mean,lift_rate_median,lift_rate_p25,lift_rate_p75,lift_tpr_avg,lift_display_avg,lift_feature_avg,discount_avg,arp_avg,base_arp_avg,most_recent_promo,dominant_mechanic,causal_impact_pct,robust_verdict,n_causal_events,best_lift_estimate,estimate_source
AAFES,CONVENTIONAL|MILITARY,08-40229-30034,Built Puff Salted Caramel Protein Bar 1.41 Oz,30pct_plus,≥30% off,11,,,,,,,,1.0,3.0,3.03,2026-04-06T00:00:00.000Z,Unknown,,,,,observational
AAFES,CONVENTIONAL|MILITARY,08-40229-30034,Built Puff Salted Caramel Protein Bar 1.41 Oz,no_promo,No price reduction,24,,,,,,,,,3.03,3.03,2026-04-13T00:00:00.000Z,Unknown,,,,,observational
AAFES,CONVENTIONAL|MILITARY,08-40229-30333,Built Puff Cookie Dough Chunk Protein Bar 1.55 Oz,30pct_plus,≥30% off,11,,,,,,,,1.0,2.99,3.03,2026-03-23T00:00:00.000Z,Unknown,,,,,observational
AAFES,CONVENTIONAL|MILITARY,08-40229-30333,Built Puff Cookie Dough Chunk Protein Bar 1.55 Oz,no_promo,No price reduction,24,,,,,,,,,3.03,3.03,2026-04-13T00:00:00.000Z,Unknown,,,,,observational
AAFES,CONVENTIONAL|MILITARY,08-40229-30334,Built Puff Cookie Dough Chunk Protein Bar 1.55 Oz (12 Pk),no_promo,No price reduction,2,,,,,,,,,34.94,34.94,2026-02-02T00:00:00.000Z,Unknown,,,,,observational
AAFES,CONVENTIONAL|MILITARY,08-40229-30432,Built Puff Mint Chip Protein Bar 1.41 Oz,30pct_plus,≥30% off,12,,,,,,,,1.0,2.99,3.03,2026-02-09T00:00:00.000Z,Unknown,,,,,observational
AAFES,CONVENTIONAL|MILITARY,08-40229-30432,Built Puff Mint Chip Protein Bar 1.41 Oz,no_promo,No price reduction,22,,,,,,,,,3.03,3.03,2026-04-13T00:00:00.000Z,Unknown,,,,,observational
AAFES,CONVENTIONAL|MILITARY,08-40229-30467,Built Puff Mint Chip Protein Bar 1.41 Oz (12 Pk),no_promo,No price reduction,2,,,,,,,,,34.96,34.96,2026-02-23T00:00:00.000Z,Unknown,,,,,observational
AAFES,CONVENTIONAL|MILITARY,08-40229-30550,Built Puff Cookies N Cream Protein Bar 1.41 Oz,30pct_plus,≥30% off,16,,,,,,,,1.0,3.0,3.01,2026-01-26T00:00:00.000Z,Unknown,,,,,observational
AAFES,CONVENTIONAL|MILITARY,08-40229-30550,Built Puff Cookies N Cream Protein Bar 1.41 Oz,no_promo,No price reduction,17,,,,,,,,,3.03,3.03,2026-04-13T00:00:00.000Z,Unknown,,,,,observational
AAFES,CONVENTIONAL|MILITARY,08-40229-30573,Built Puff Strawberries N Cream Protein Bar 1.41 Oz,no_promo,No price reduction,19,,,,,,,,,2.99,2.99,2026-04-13T00:00:00.000Z,Unknown,,,,,observational
AAFES,CONVENTIONAL|MILITARY,08-40229-30578,Built Puff Salted Caramel Protein Bar 1.41 Oz (12 Pk),no_promo,No price reduction,1,,,,,,,,,34.87,34.87,2025-11-17T00:00:00.000Z,Unknown,,,,,observational
AAFES,CONVENTIONAL|MILITARY,08-40229-30582,Built Puff Cookies N Cream Protein Bar 1.41 Oz (12 Pk),no_promo,No price reduction,6,,,,,,,,,34.98,34.98,2026-03-30T00:00:00.000Z,Unknown,,,,,observational
AAFES,CONVENTIONAL|MILITARY,08-40229-30642,Built Puff Peanut Butter Protein Bar 1.41 Oz,30pct_plus,≥30% off,1,,,,,,,,1.0,2.99,2.99,2026-03-16T00:00:00.000Z,Unknown,,,,,observational
AAFES,CONVENTIONAL|MILITARY,08-40229-30642,Built Puff Peanut Butter Protein Bar 1.41 Oz,no_promo,No price reduction,18,,,,,,,,,2.99,2.99,2026-04-13T00:00:00.000Z,Unknown,,,,,observational
AAFES,CONVENTIONAL|MILITARY,08-40229-30643,Built Puff Peanut Butter Puff Bar 1.41oz (12pk),no_promo,No price reduction,1,,,,,,,,,34.87,34.87,2026-01-12T00:00:00.000Z,Unknown,,,,,observational
AHOLD DELHAIZE,CONVENTIONAL|FOOD,08-40229-30034,Built Puff Salted Caramel Protein Bar 1.41 Oz,0_10pct,<10% off,4,0.0282,0.0247,0.0196,0.0333,11.4,69.675,,0.0245,2.99,2.99,2026-02-02T00:00:00.000Z,Display,,,,0.0282,observational
AHOLD DELHAIZE,CONVENTIONAL|FOOD,08-40229-30034,Built Puff Salted Caramel Protein Bar 1.41 Oz,10_20pct,10–20% off,2,0.3143,0.3143,0.2642,0.3644,45.1,25.4,,0.1625,2.6,2.99,2026-04-13T00:00:00.000Z,TPR,,,,0.3143,observational
AHOLD DELHAIZE,CONVENTIONAL|FOOD,08-40229-30034,Built Puff Salted Caramel Protein Bar 1.41 Oz,20_30pct,20–30% off,4,0.4686,0.4773,0.4561,0.4898,47.1,89.65,,0.2162,2.35,2.97,2026-01-26T00:00:00.000Z,Display,,,,0.4686,observational
AHOLD DELHAIZE,CONVENTIONAL|FOOD,08-40229-30034,Built Puff Salted Caramel Protein Bar 1.41 Oz,30pct_plus,≥30% off,1,0.2285,0.2285,0.2285,0.2285,54.5,82.5,,0.316,2.5,2.99,2025-12-29T00:00:00.000Z,Display,,,,0.2285,observational
AHOLD DELHAIZE,CONVENTIONAL|FOOD,08-40229-30034,Built Puff Salted Caramel Protein Bar 1.41 Oz,no_promo,No price reduction,11,0.0195,0.0191,0.0069,0.0277,,49.4636,,0.0,2.99,2.99,2026-03-30T00:00:00.000Z,Display,,,,0.0195,observational
AHOLD DELHAIZE,CONVENTIONAL|FOOD,08-40229-30037,Built Puff Coconut Protein Bar 1.41 Oz,0_10pct,<10% off,36,0.0666,0.0336,0.0131,0.0587,40.7367,57.8739,,0.0518,2.89,2.92,2026-03-30T00:00:00.000Z,TPR,,,,0.0666,observational
AHOLD DELHAIZE,CONVENTIONAL|FOOD,08-40229-30037,Built Puff Coconut Protein Bar 1.41 Oz,10_20pct,10–20% off,44,0.4088,0.38,0.0486,0.6282,80.481,104.4304,,0.1489,2.7,2.97,2026-04-13T00:00:00.000Z,TPR,,,,0.4088,observational
AHOLD DELHAIZE,CONVENTIONAL|FOOD,08-40229-30037,Built Puff Coconut Protein Bar 1.41 Oz,20_30pct,20–30% off,4,0.314,0.3202,0.0955,0.5387,102.6,88.3,,0.2698,2.58,2.95,2025-12-29T00:00:00.000Z,TPR,,,,0.314,observational
AHOLD DELHAIZE,CONVENTIONAL|FOOD,08-40229-30037,Built Puff Coconut Protein Bar 1.41 Oz,30pct_plus,≥30% off,12,0.042,0.0371,0.0104,0.0606,141.6083,,,0.61,2.82,2.88,2025-05-05T00:00:00.000Z,TPR,,,,0.042,observational
AHOLD DELHAIZE,CONVENTIONAL|FOOD,08-40229-30037,Built Puff Coconut Protein Bar 1.41 Oz,no_promo,No price reduction,5,0.0157,0.0198,0.0015,0.022,,38.38,,0.0,3.05,3.05,2025-12-01T00:00:00.000Z,Display,,,,0.0157,observational
AHOLD DELHAIZE,CONVENTIONAL|FOOD,08-40229-30050,Built Puff Churro Protein Bar 1.41 Oz,0_10pct,<10% off,10,0.0719,0.0524,0.0276,0.1135,86.3667,71.9375,,0.0555,2.94,2.98,2026-03-02T00:00:00.000Z,Display,,,,0.0719,observational
AHOLD DELHAIZE,CONVENTIONAL|FOOD,08-40229-30050,Built Puff Churro Protein Bar 1.41 Oz,10_20pct,10–20% off,22,0.3606,0.391,0.1584,0.494,53.0429,64.2308,,0.1546,2.68,3.02,2026-04-13T00:00:00.000Z,TPR,,,,0.3606,observational
AHOLD DELHAIZE,CONVENTIONAL|FOOD,08-40229-30050,Built Puff Churro Protein Bar 1.41 Oz,20_30pct,20–30% off,5,0.5505,0.6077,0.3875,0.7988,94.76,58.5,,0.2532,2.44,2.97,2026-01-19T00:00:00.000Z,TPR,,,,0.5505,observational
AHOLD DELHAIZE,CONVENTIONAL|FOOD,08-40229-30050,Built Puff Churro Protein Bar 1.41 Oz,30pct_plus,≥30% off,22,0.2292,0.1015,0.0378,0.2487,151.1909,69.35,,0.4551,2.54,2.89,2026-01-26T00:00:00.000Z,TPR,,,,0.2292,observational
AHOLD DELHAIZE,CONVENTIONAL|FOOD,08-40229-30050,Built Puff Churro Protein Bar 1.41 Oz,no_promo,No price reduction,11,0.042,0.0364,0.0173,0.0621,,45.0273,,0.0,3.0,3.0,2026-03-30T00:00:00.000Z,Display,,,,0.042,observational
AHOLD DELHAIZE,CONVENTIONAL|FOOD,08-40229-30071,Built Double Chocolate Fudge Bar 1.69oz,0_10pct,<10% off,7,0.0676,0.0526,0.0443,0.0834,63.6429,,,0.0793,2.97,2.99,2024-09-02T00:00:00.000Z,Unknown,,,,0.0676,observational
AHOLD DELHAIZE,CONVENTIONAL|FOOD,08-40229-30071,Built Double Chocolate Fudge Bar 1.69oz,10_20pct,10–20% off,17,0.0377,0.0245,0.0203,0.0562,24.8588,,,0.1348,2.95,2.98,2024-10-07T00:00:00.000Z,TPR,,,,0.0377,observational
AHOLD DELHAIZE,CONVENTIONAL|FOOD,08-40229-30071,Built Double Chocolate Fudge Bar 1.69oz,20_30pct,20–30% off,5,0.0093,0.0046,0.0032,0.0107,28.84,,,0.2364,2.96,2.98,2024-08-12T00:00:00.000Z,TPR,,,,0.0093,observational
AHOLD DELHAIZE,CONVENTIONAL|FOOD,08-40229-30071,Built Double Chocolate Fudge Bar 1.69oz,30pct_plus,≥30% off,9,0.0239,0.0239,0.0215,0.0264,192.2667,,,0.543,2.01,2.96,2024-11-18T00:00:00.000Z,TPR,,,,0.0239,observational
AHOLD DELHAIZE,CONVENTIONAL|FOOD,08-40229-30119,Built Satled Caramel Bar 1.69oz,0_10pct,<10% off,15,0.0275,0.0249,0.0205,0.0368,28.66,,,0.0762,2.96,2.97,2024-08-19T00:00:00.000Z,TPR,,,,0.0275,observational
AHOLD DELHAIZE,CONVENTIONAL|FOOD,08-40229-30119,Built Satled Caramel Bar 1.69oz,10_20pct,10–20% off,11,0.0461,0.0345,0.0127,0.0604,70.5545,,,0.1307,2.93,2.97,2024-09-30T00:00:00.000Z,TPR,,,,0.0461,observational
AHOLD DELHAIZE,CONVENTIONAL|FOOD,08-40229-30119,Built Satled Caramel Bar 1.69oz,20_30pct,20–30% off,3,0.0811,0.0803,0.066,0.0957,55.5667,,,0.2513,2.78,2.99,2024-10-07T00:00:00.000Z,TPR,,,,0.0811,observational
AHOLD DELHAIZE,CONVENTIONAL|FOOD,08-40229-30119,Built Satled Caramel Bar 1.69oz,30pct_plus,≥30% off,7,0.0567,0.0544,0.0429,0.0693,299.8714,,,0.4663,2.08,2.96,2024-11-11T00:00:00.000Z,TPR,,,,0.0567,observational
AHOLD DELHAIZE,CONVENTIONAL|FOOD,08-40229-30130,Built Cookies & Cream Bar 1.69oz,0_10pct,<10% off,14,0.2161,0.0165,0.0038,0.3601,44.0154,30.8333,,0.0682,2.89,2.96,2024-12-23T00:00:00.000Z,TPR,,,,0.2161,observational
AHOLD DELHAIZE,CONVENTIONAL|FOOD,08-40229-30130,Built Cookies & Cream Bar 1.69oz,10_20pct,10–20% off,31,0.2696,0.351,0.0344,0.4213,54.5097,115.7,,0.1468,2.8,3.03,2025-03-24T00:00:00.000Z,TPR,,,,0.2696,observational
AHOLD DELHAIZE,CONVENTIONAL|FOOD,08-40229-30130,Built Cookies & Cream Bar 1.69oz,20_30pct,20–30% off,2,0.0184,0.0184,0.0108,0.0259,31.15,,,0.2655,3.0,3.06,2024-09-16T00:00:00.000Z,TPR,,,,0.0184,observational
AHOLD DELHAIZE,CONVENTIONAL|FOOD,08-40229-30130,Built Cookies & Cream Bar 1.69oz,30pct_plus,≥30% off,5,0.1018,0.0403,0.0201,0.1554,243.14,,,0.4536,2.73,2.87,2024-11-18T00:00:00.000Z,TPR,,,,0.1018,observational
AHOLD DELHAIZE,CONVENTIONAL|FOOD,08-40229-30130,Built Cookies & Cream Bar 1.69oz,no_promo,No price reduction,1,0.0092,0.0092,0.0092,0.0092,,72.1,,0.0,3.06,3.06,2024-02-26T00:00:00.000Z,Display,,,,0.0092,observational
AHOLD DELHAIZE,CONVENTIONAL|FOOD,08-40229-30209,Built Puff Coconut Protein Bar 1.41 Oz (12 Pk),0_10pct,<10% off,18,0.0641,0.0417,0.0206,0.0539,18.7278,,,0.0656,32.72,33.09,2026-01-26T00:00:00.000Z,TPR,,,,0.0641,observational
AHOLD DELHAIZE,CONVENTIONAL|FOOD,08-40229-30209,Built Puff Coconut Protein Bar 1.41 Oz (12 Pk),10_20pct,10–20% off,8,0.044,0.032,0.0278,0.0482,13.175,,,0.1592,31.25,32.78,2026-01-12T00:00:00.000Z,Unknown,,,,0.044,observational
AHOLD DELHAIZE,CONVENTIONAL|FOOD,08-40229-30209,Built Puff Coconut Protein Bar 1.41 Oz (12 Pk),20_30pct,20–30% off,7,0.0989,0.1343,0.0754,0.1401,36.2714,,,0.2339,31.45,32.83,2026-04-13T00:00:00.000Z,TPR,,,,0.0989,observational
AHOLD DELHAIZE,CONVENTIONAL|FOOD,08-40229-30209,Built Puff Coconut Protein Bar 1.41 Oz (12 Pk),30pct_plus,≥30% off,2,0.1432,0.1432,0.1328,0.1536,102.7,,,0.75,19.67,28.87,2024-12-23T00:00:00.000Z,TPR,,,,0.1432,observational
AHOLD DELHAIZE,CONVENTIONAL|FOOD,08-40229-30229,Built Puff Churro Protein Bar 1.41 Oz (12 Pk),10_20pct,10–20% off,2,,,,,0.0,,,0.192,30.0,32.97,2024-01-22T00:00:00.000Z,Unknown,,,,,observational
AHOLD DELHAIZE,CONVENTIONAL|FOOD,08-40229-30229,Built Puff Churro Protein Bar 1.41 Oz (12 Pk),30pct_plus,≥30% off,3,0.0769,0.0769,0.0769,0.0769,100.9667,,,0.5823,21.75,29.34,2025-03-24T00:00:00.000Z,TPR,,,,0.0769,observational
AHOLD DELHAIZE,CONVENTIONAL|FOOD,08-40229-30333,Built Puff Cookie Dough Chunk Protein Bar 1.55 Oz,0_10pct,<10% off,35,0.035,0.0228,0.0093,0.0481,46.1033,34.6444,,0.047,2.87,2.89,2026-03-30T00:00:00.000Z,TPR,,,,0.035,observational
AHOLD DELHAIZE,CONVENTIONAL|FOOD,08-40229-30333,Built Puff Cookie Dough Chunk Protein Bar 1.55 Oz,10_20pct,10–20% off,22,0.2419,0.2435,0.0178,0.346,60.0727,51.6,,0.1422,2.68,2.91,2026-04-13T00:00:00.000Z,TPR,,,,0.2419,observational
AHOLD DELHAIZE,CONVENTIONAL|FOOD,08-40229-30333,Built Puff Cookie Dough Chunk Protein Bar 1.55 Oz,20_30pct,20–30% off,3,0.0179,0.0179,0.0125,0.0234,69.5333,,,0.232,2.91,2.93,2026-02-23T00:00:00.000Z,TPR,,,,0.0179,observational
AHOLD DELHAIZE,CONVENTIONAL|FOOD,08-40229-30333,Built Puff Cookie Dough Chunk Protein Bar 1.55 Oz,30pct_plus,≥30% off,3,0.079,0.079,0.0407,0.1173,32.8333,60.1,,0.483,2.73,2.87,2025-12-29T00:00:00.000Z,Unknown,,,,0.079,observational
AHOLD DELHAIZE,CONVENTIONAL|FOOD,08-40229-30333,Built Puff Cookie Dough Chunk Protein Bar 1.55 Oz,no_promo,No price reduction,2,0.0126,0.0126,0.0072,0.0179,,33.2,,0.0,2.99,2.99,2025-12-22T00:00:00.000Z,Display,,,,0.0126,observational
AHOLD DELHAIZE,CONVENTIONAL|FOOD,08-40229-30334,Built Puff Cookie Dough Chunk Protein Bar 1.55 Oz (12 Pk),0_10pct,<10% off,23,0.0557,0.0345,0.0097,0.0736,13.9435,,,0.0606,33.53,33.93,2025-11-03T00:00:00.000Z,TPR,,,,0.0557,observational
AHOLD DELHAIZE,CONVENTIONAL|FOOD,08-40229-30334,Built Puff Cookie Dough Chunk Protein Bar 1.55 Oz (12 Pk),10_20pct,10–20% off,4,,,,,0.0,,,0.1482,30.27,31.39,2026-01-26T00:00:00.000Z,Unknown,,,,,observational
AHOLD DELHAIZE,CONVENTIONAL|FOOD,08-40229-30334,Built Puff Cookie Dough Chunk Protein Bar 1.55 Oz (12 Pk),20_30pct,20–30% off,1,,,,,0.0,,,0.223,28.05,29.5,2026-04-13T00:00:00.000Z,Unknown,,,,,observational
AHOLD DELHAIZE,CONVENTIONAL|FOOD,08-40229-30334,Built Puff Cookie Dough Chunk Protein Bar 1.55 Oz (12 Pk),30pct_plus,≥30% off,1,,,,,0.0,,,0.516,33.94,34.87,2025-12-29T00:00:00.000Z,Unknown,,,,,observational
AHOLD DELHAIZE,CONVENTIONAL|FOOD,08-40229-30362,Built Puff Brownie Batter Protein Bar 1.41 Oz,0_10pct,<10% off,43,0.0939,0.0389,0.0156,0.1143,44.5634,55.9821,,0.0557,2.89,2.93,2026-03-30T00:00:00.000Z,Display,,,,0.0939,observational
AHOLD DELHAIZE,CONVENTIONAL|FOOD,08-40229-30362,Built Puff Brownie Batter Protein Bar 1.41 Oz,10_20pct,10–20% off,38,0.4413,0.4012,0.0282,0.6295,82.6917,118.3167,,0.1422,2.75,3.01,2026-04-13T00:00:00.000Z,TPR,,,,0.4413,observational
AHOLD DELHAIZE,CONVENTIONAL|FOOD,08-40229-30362,Built Puff Brownie Batter Protein Bar 1.41 Oz,20_30pct,20–30% off,7,0.2692,0.3416,0.0852,0.4136,47.9714,99.9,,0.2284,2.5,2.88,2026-01-26T00:00:00.000Z,Display,,,,0.2692,observational
AHOLD DELHAIZE,CONVENTIONAL|FOOD,08-40229-30362,Built Puff Brownie Batter Protein Bar 1.41 Oz,30pct_plus,≥30% off,8,0.0184,0.0047,0.0046,0.0237,146.4375,,,0.5431,2.87,2.91,2025-05-12T00:00:00.000Z,TPR,,,,0.0184,observational
AHOLD DELHAIZE,CONVENTIONAL|FOOD,08-40229-30362,Built Puff Brownie Batter Protein Bar 1.41 Oz,no_promo,No price reduction,3,0.0115,0.0098,0.0078,0.0143,,87.8,,0.0,3.06,3.06,2026-02-02T00:00:00.000Z,Display,,,,0.0115,observational
AHOLD DELHAIZE,CONVENTIONAL|FOOD,08-40229-30363,Built Puff Brownie Batter Protein Bar 1.41 Oz (12 Pk),0_10pct,<10% off,29,0.0576,0.0483,0.0337,0.0841,25.0429,127.3,,0.0711,33.95,34.35,2026-03-30T00:00:00.000Z,TPR,,,,0.0576,observational
AHOLD DELHAIZE,CONVENTIONAL|FOOD,08-40229-30363,Built Puff Brownie Batter Protein Bar 1.41 Oz (12 Pk),10_20pct,10–20% off,7,0.0696,0.0526,0.024,0.0714,14.5167,96.1,,0.1431,32.48,33.7,2026-03-09T00:00:00.000Z,TPR,,,,0.0696,observational
AHOLD DELHAIZE,CONVENTIONAL|FOOD,08-40229-30363,Built Puff Brownie Batter Protein Bar 1.41 Oz (12 Pk),20_30pct,20–30% off,1,,,,,0.7,,,0.204,30.09,30.95,2026-04-13T00:00:00.000Z,TPR,,,,,observational
AHOLD DELHAIZE,CONVENTIONAL|FOOD,08-40229-30380,Built Puff Brownie Batter Protein Bar 1.41 Oz (4 Pk),0_10pct,<10% off,7,0.3926,0.4557,0.2793,0.5661,52.0571,71.2,66.55,0.0873,9.99,10.53,2026-03-09T00:00:00.000Z,TPR,,,,0.3926,observational
AHOLD DELHAIZE,CONVENTIONAL|FOOD,08-40229-30380,Built Puff Brownie Batter Protein Bar 1.41 Oz (4 Pk),10_20pct,10–20% off,1,0.008,0.008,0.008,0.008,119.0,,,0.165,9.97,9.99,2025-11-17T00:00:00.000Z,TPR,,,,0.008,observational
AHOLD DELHAIZE,CONVENTIONAL|FOOD,08-40229-30380,Built Puff Brownie Batter Protein Bar 1.41 Oz (4 Pk),20_30pct,20–30% off,1,0.0097,0.0097,0.0097,0.0097,91.6,,,0.203,10.23,10.28,2025-12-15T00:00:00.000Z,TPR,,,,0.0097,observational
AHOLD DELHAIZE,CONVENTIONAL|FOOD,08-40229-30380,Built Puff Brownie Batter Protein Bar 1.41 Oz (4 Pk),no_promo,No price reduction,3,0.005,0.0012,0.0011,0.007,,82.0667,,0.0,9.99,9.99,2025-12-01T00:00:00.000Z,Display,,,,0.005,observational
AHOLD DELHAIZE,CONVENTIONAL|FOOD,08-40229-30381,Built Puff Coconut Protein Bar 1.41 Oz (4 Pk),0_10pct,<10% off,9,0.2503,0.3661,0.0411,0.4161,29.375,142.9667,89.85,0.0936,10.01,10.4,2026-03-09T00:00:00.000Z,TPR,,,,0.2503,observational
AHOLD DELHAIZE,CONVENTIONAL|FOOD,08-40229-30381,Built Puff Coconut Protein Bar 1.41 Oz (4 Pk),10_20pct,10–20% off,2,0.1701,0.1701,0.1536,0.1865,86.1,104.1,,0.101,10.01,10.33,2026-03-02T00:00:00.000Z,Display,,,,0.1701,observational
AHOLD DELHAIZE,CONVENTIONAL|FOOD,08-40229-30381,Built Puff Coconut Protein Bar 1.41 Oz (4 Pk),20_30pct,20–30% off,1,0.0143,0.0143,0.0143,0.0143,74.4,,,0.207,9.98,10.04,2025-12-08T00:00:00.000Z,TPR,,,,0.0143,observational
AHOLD DELHAIZE,CONVENTIONAL|FOOD,08-40229-30381,Built Puff Coconut Protein Bar 1.41 Oz (4 Pk),30pct_plus,≥30% off,1,,,,,0.0,,,0.333,10.29,10.34,2025-12-15T00:00:00.000Z,Unknown,,,,,observational
AHOLD DELHAIZE,CONVENTIONAL|FOOD,08-40229-30432,Built Puff Mint Chip Protein Bar 1.41 Oz,0_10pct,<10% off,8,0.3466,0.4134,0.1973,0.477,61.4571,117.0,,0.0732,2.98,3.08,2026-04-06T00:00:00.000Z,TPR,,,,0.3466,observational
AHOLD DELHAIZE,CONVENTIONAL|FOOD,08-40229-30432,Built Puff Mint Chip Protein Bar 1.41 Oz,10_20pct,10–20% off,5,0.2717,0.4031,0.0394,0.4204,61.26,,,0.1416,2.49,2.73,2026-04-13T00:00:00.000Z,TPR,,,,0.2717,observational
AHOLD DELHAIZE,CONVENTIONAL|FOOD,08-40229-30432,Built Puff Mint Chip Protein Bar 1.41 Oz,30pct_plus,≥30% off,12,0.6982,0.8225,0.4199,0.9015,108.1667,,,0.4852,1.47,2.51,2025-11-17T00:00:00.000Z,TPR,,,,0.6982,observational
AHOLD DELHAIZE,CONVENTIONAL|FOOD,08-40229-30432,Built Puff Mint Chip Protein Bar 1.41 Oz,no_promo,No price reduction,1,0.0284,0.0284,0.0284,0.0284,,53.4,,0.0,2.99,2.99,2025-06-30T00:00:00.000Z,Display,,,,0.0284,observational
AHOLD DELHAIZE,CONVENTIONAL|FOOD,08-40229-30467,Built Puff Mint Chip Protein Bar 1.41 Oz (12 Pk),10_20pct,10–20% off,1,,,,,0.0,,,0.144,35.52,36.42,2025-09-15T00:00:00.000Z,Unknown,,,,,observational
AHOLD DELHAIZE,CONVENTIONAL|FOOD,08-40229-30467,Built Puff Mint Chip Protein Bar 1.41 Oz (12 Pk),20_30pct,20–30% off,1,,,,,0.5,,,0.221,25.94,27.25,2026-04-13T00:00:00.000Z,TPR,,,,,observational
AHOLD DELHAIZE,CONVENTIONAL|FOOD,08-40229-30467,Built Puff Mint Chip Protein Bar 1.41 Oz (12 Pk),30pct_plus,≥30% off,3,0.3043,0.3043,0.3043,0.3043,194.8,,,0.4833,17.03,21.7,2025-10-27T00:00:00.000Z,TPR,,,,0.3043,observational
AHOLD DELHAIZE,CONVENTIONAL|FOOD,08-40229-30550,Built Puff Cookies N Cream Protein Bar 1.41 Oz,0_10pct,<10% off,14,0.1472,0.075,0.0353,0.2371,137.93,40.2,,0.0574,2.87,2.95,2026-03-30T00:00:00.000Z,TPR,,,,0.1472,observational
AHOLD DELHAIZE,CONVENTIONAL|FOOD,08-40229-30550,Built Puff Cookies N Cream Protein Bar 1.41 Oz,10_20pct,10–20% off,11,0.3282,0.3148,0.1736,0.4646,47.2818,11.85,,0.1255,2.69,2.96,2026-04-13T00:00:00.000Z,TPR,,,,0.3282,observational
AHOLD DELHAIZE,CONVENTIONAL|FOOD,08-40229-30550,Built Puff Cookies N Cream Protein Bar 1.41 Oz,20_30pct,20–30% off,1,0.6574,0.6574,0.6574,0.6574,61.6,105.3,,0.299,2.08,2.93,2026-01-19T00:00:00.000Z,Display,,,,0.6574,observational
AHOLD DELHAIZE,CONVENTIONAL|FOOD,08-40229-30550,Built Puff Cookies N Cream Protein Bar 1.41 Oz,30pct_plus,≥30% off,5,0.4609,0.5597,0.2727,0.7111,68.78,104.075,,0.3498,2.25,2.95,2026-01-26T00:00:00.000Z,Display,,,,0.4609,observational
AHOLD DELHAIZE,CONVENTIONAL|FOOD,08-40229-30550,Built Puff Cookies N Cream Protein Bar 1.41 Oz,no_promo,No price reduction,10,0.0444,0.0337,0.0156,0.0409,,38.72,,0.0,2.99,2.99,2026-03-16T00:00:00.000Z,Display,,,,0.0444,observational
AHOLD DELHAIZE,CONVENTIONAL|FOOD,08-40229-30558,Built Puff Cookie Dough Chunk Protein Bar 1.55 Oz (4 Pk),0_10pct,<10% off,7,0.2695,0.3433,0.1104,0.3993,42.8167,142.25,73.15,0.0933,9.84,10.37,2026-03-02T00:00:00.000Z,TPR,,,,0.2695,observational
AHOLD DELHAIZE,CONVENTIONAL|FOOD,08-40229-30558,Built Puff Cookie Dough Chunk Protein Bar 1.55 Oz (4 Pk),10_20pct,10–20% off,1,0.0035,0.0035,0.0035,0.0035,50.4,,,0.101,10.59,10.6,2026-03-09T00:00:00.000Z,TPR,,,,0.0035,observational
AHOLD DELHAIZE,CONVENTIONAL|FOOD,08-40229-30558,Built Puff Cookie Dough Chunk Protein Bar 1.55 Oz (4 Pk),20_30pct,20–30% off,2,0.0033,0.0033,0.0033,0.0033,51.2,,,0.2435,10.61,10.62,2026-03-30T00:00:00.000Z,TPR,,,,0.0033,observational
AHOLD DELHAIZE,CONVENTIONAL|FOOD,08-40229-30558,Built Puff Cookie Dough Chunk Protein Bar 1.55 Oz (4 Pk),30pct_plus,≥30% off,4,0.0023,0.0023,0.0023,0.0023,11.65,,,0.4735,10.45,10.47,2026-03-16T00:00:00.000Z,Unknown,,,,0.0023,observational
AHOLD DELHAIZE,CONVENTIONAL|FOOD,08-40229-30573,Built Puff Strawberries N Cream Protein Bar 1.41 Oz,0_10pct,<10% off,5,0.0425,0.0326,0.0243,0.0435,34.6,71.26,,0.0212,2.98,2.99,2026-02-09T00:00:00.000Z,Display,,,,0.0425,observational
AHOLD DELHAIZE,CONVENTIONAL|FOOD,08-40229-30573,Built Puff Strawberries N Cream Protein Bar 1.41 Oz,10_20pct,10–20% off,2,0.2348,0.2348,0.2261,0.2436,23.75,24.1,,0.15,2.54,2.99,2026-04-13T00:00:00.000Z,Display,,,,0.2348,observational
AHOLD DELHAIZE,CONVENTIONAL|FOOD,08-40229-30573,Built Puff Strawberries N Cream Protein Bar 1.41 Oz,30pct_plus,≥30% off,5,0.5029,0.539,0.5345,0.546,48.52,68.94,,0.308,2.07,2.98,2026-01-26T00:00:00.000Z,Display,,,,0.5029,observational
AHOLD DELHAIZE,CONVENTIONAL|FOOD,08-40229-30573,Built Puff Strawberries N Cream Protein Bar 1.41 Oz,no_promo,No price reduction,10,0.0486,0.0453,0.0329,0.0627,,72.22,,0.0,2.99,2.99,2026-03-30T00:00:00.000Z,Display,,,,0.0486,observational
AHOLD DELHAIZE,CONVENTIONAL|FOOD,08-40229-30577,Built Puff Salted Caramel Protein Bar 1.41 Oz (4 Pk),0_10pct,<10% off,7,0.2777,0.2888,0.2354,0.3377,41.6167,90.5,,0.0939,9.89,10.43,2026-03-02T00:00:00.000Z,Display,,,,0.2777,observational
AHOLD DELHAIZE,CONVENTIONAL|FOOD,08-40229-30577,Built Puff Salted Caramel Protein Bar 1.41 Oz (4 Pk),10_20pct,10–20% off,2,0.0116,0.0116,0.0097,0.0135,10.25,105.25,,0.135,9.95,10.0,2025-11-24T00:00:00.000Z,Display,,,,0.0116,observational
AHOLD DELHAIZE,CONVENTIONAL|FOOD,08-40229-30577,Built Puff Salted Caramel Protein Bar 1.41 Oz (4 Pk),20_30pct,20–30% off,2,0.0046,0.0046,0.0038,0.0053,110.45,,,0.2505,10.53,10.55,2026-01-05T00:00:00.000Z,TPR,,,,0.0046,observational
AHOLD DELHAIZE,CONVENTIONAL|FOOD,08-40229-30577,Built Puff Salted Caramel Protein Bar 1.41 Oz (4 Pk),30pct_plus,≥30% off,2,0.0013,0.0013,0.0013,0.0013,7.7,,,0.417,10.61,10.64,2026-03-23T00:00:00.000Z,Unknown,,,,0.0013,observational
AHOLD DELHAIZE,CONVENTIONAL|FOOD,08-40229-30578,Built Puff Salted Caramel Protein Bar 1.41 Oz (12 Pk),0_10pct,<10% off,1,0.0366,0.0366,0.0366,0.0366,41.8,,,0.069,33.9,34.19,2026-03-23T00:00:00.000Z,TPR,,,,0.0366,observational
AHOLD DELHAIZE,CONVENTIONAL|FOOD,08-40229-30578,Built Puff Salted Caramel Protein Bar 1.41 Oz (12 Pk),10_20pct,10–20% off,4,,,,,0.0,,,0.1445,30.28,31.25,2026-01-26T00:00:00.000Z,Unknown,,,,,observational
AHOLD DELHAIZE,CONVENTIONAL|FOOD,08-40229-30578,Built Puff Salted Caramel Protein Bar 1.41 Oz (12 Pk),20_30pct,20–30% off,1,0.0244,0.0244,0.0244,0.0244,8.0,,,0.234,28.26,30.84,2026-04-13T00:00:00.000Z,TPR,,,,0.0244,observational
AHOLD DELHAIZE,CONVENTIONAL|FOOD,08-40229-30581,Built Puff Cookies N Cream Protein Bar 1.41 Oz (4 Pk),0_10pct,<10% off,4,0.893,1.1463,0.8684,1.1709,142.275,,,0.0842,10.13,10.89,2026-02-23T00:00:00.000Z,TPR,,,,0.893,observational
AHOLD DELHAIZE,CONVENTIONAL|FOOD,08-40229-30582,Built Puff Cookies N Cream Protein Bar 1.41 Oz (12 Pk),0_10pct,<10% off,3,0.0667,0.0667,0.0667,0.0667,0.0,108.3,,0.0897,36.09,36.59,2026-03-23T00:00:00.000Z,Unknown,,,,0.0667,observational
AHOLD DELHAIZE,CONVENTIONAL|FOOD,08-40229-30582,Built Puff Cookies N Cream Protein Bar 1.41 Oz (12 Pk),10_20pct,10–20% off,4,0.0833,0.0833,0.0833,0.0833,12.125,,,0.1598,36.46,37.42,2025-04-28T00:00:00.000Z,Unknown,,,,0.0833,observational
AHOLD DELHAIZE,CONVENTIONAL|FOOD,08-40229-30642,Built Puff Peanut Butter Protein Bar 1.41 Oz,0_10pct,<10% off,1,0.02,0.02,0.02,0.02,3.9,114.3,,0.064,2.96,2.98,2026-02-02T00:00:00.000Z,Display,,,,0.02,observational
AHOLD DELHAIZE,CONVENTIONAL|FOOD,08-40229-30642,Built Puff Peanut Butter Protein Bar 1.41 Oz,10_20pct,10–20% off,2,0.5556,0.5556,0.5318,0.5795,51.4,71.8,,0.151,2.54,2.98,2026-04-13T00:00:00.000Z,Display,,,,0.5556,observational
AHOLD DELHAIZE,CONVENTIONAL|FOOD,08-40229-30642,Built Puff Peanut Butter Protein Bar 1.41 Oz,30pct_plus,≥30% off,5,0.4441,0.4701,0.3987,0.5144,44.3,51.42,,0.3142,2.05,2.98,2026-01-26T00:00:00.000Z,Display,,,,0.4441,observational
AHOLD DELHAIZE,CONVENTIONAL|FOOD,08-40229-30642,Built Puff Peanut Butter Protein Bar 1.41 Oz,no_promo,No price reduction,9,0.017,0.0073,0.0027,0.0125,,30.6889,,0.0,2.99,2.99,2026-03-30T00:00:00.000Z,Display,,,,0.017,observational
AHOLD DELHAIZE,CONVENTIONAL|FOOD,08-40229-30651,Built Protein Bar Puff Sour Peach 1.45 Oz,10_20pct,10–20% off,1,0.1607,0.1607,0.1607,0.1607,,101.8,,0.1,2.58,2.66,2026-04-13T00:00:00.000Z,Display,,,,0.1607,observational
AHOLD DELHAIZE,CONVENTIONAL|FOOD,08-40229-30653,Built Puff Sour Blu Razz Blast Bar 1.45 Oz,10_20pct,10–20% off,1,0.2056,0.2056,0.2056,0.2056,,103.1,,0.1,2.59,2.68,2026-04-13T00:00:00.000Z,Display,,,,0.2056,observational
AHOLD DELHAIZE,CONVENTIONAL|FOOD,08-40229-30655,Built Puff Sour Green Apple Crush Bar 1.45 Oz,0_10pct,<10% off,1,0.168,0.168,0.168,0.168,,101.9,,0.099,2.56,2.65,2026-04-13T00:00:00.000Z,Display,,,,0.168,observational
ALBERTSONS COMPANIES,CONVENTIONAL|FOOD,08-40229-30034,Built Puff Salted Caramel Protein Bar 1.41 Oz,30pct_plus,≥30% off,67,1.7692,1.5796,1.1015,2.0575,66.7292,73.5592,117.3333,0.5784,2.65,2.93,2026-04-13T00:00:00.000Z,TPR,,,,1.7692,observational
ALBERTSONS COMPANIES,CONVENTIONAL|FOOD,08-40229-30034,Built Puff Salted Caramel Protein Bar 1.41 Oz,no_promo,No price reduction,12,,,,,,,,,2.99,2.99,2025-02-24T00:00:00.000Z,Unknown,,,,,observational
ALBERTSONS COMPANIES,CONVENTIONAL|FOOD,08-40229-30037,Built Puff Coconut Protein Bar 1.41 Oz,30pct_plus,≥30% off,119,1.6482,1.5723,1.1119,2.0001,75.4457,5983.1618,91.8667,0.6037,2.73,3.02,2026-04-13T00:00:00.000Z,TPR,,,,1.6482,observational
ALBERTSONS COMPANIES,CONVENTIONAL|FOOD,08-40229-30037,Built Puff Coconut Protein Bar 1.41 Oz,no_promo,No price reduction,15,,,,,,,,,2.87,2.87,2024-04-22T00:00:00.000Z,Unknown,,,,,observational
ALBERTSONS COMPANIES,CONVENTIONAL|FOOD,08-40229-30050,Built Puff Churro Protein Bar 1.41 Oz,30pct_plus,≥30% off,53,1.8066,1.5899,1.1654,2.4044,142.706,126.2657,84.2,0.6004,2.75,3.01,2026-04-13T00:00:00.000Z,TPR,,,,1.8066,observational
ALBERTSONS COMPANIES,CONVENTIONAL|FOOD,08-40229-30050,Built Puff Churro Protein Bar 1.41 Oz,no_promo,No price reduction,7,1.0925,1.1008,1.087,1.1021,,190.3,,0.0,3.08,3.08,2025-07-14T00:00:00.000Z,Unknown,,,,1.0925,observational
ALBERTSONS COMPANIES,CONVENTIONAL|FOOD,08-40229-30103,Built Coocnut Almond Bar 1.97oz,30pct_plus,≥30% off,3,,,,,32.6667,,,0.743,1.94,3.47,2024-02-26T00:00:00.000Z,Unknown,,,,,observational
ALBERTSONS COMPANIES,CONVENTIONAL|FOOD,08-40229-30103,Built Coocnut Almond Bar 1.97oz,no_promo,No price reduction,23,,,,,,,,,3.71,3.71,2024-02-05T00:00:00.000Z,Unknown,,,,,observational
ALBERTSONS COMPANIES,CONVENTIONAL|FOOD,08-40229-30107,Built Mint Brownie Bar 1.69oz,30pct_plus,≥30% off,18,2.575,2.184,1.3851,3.7232,240.6667,,,0.6839,2.61,3.66,2024-12-30T00:00:00.000Z,TPR,,,,2.575,observational
ALBERTSONS COMPANIES,CONVENTIONAL|FOOD,08-40229-30107,Built Mint Brownie Bar 1.69oz,no_promo,No price reduction,63,1.1277,1.1277,1.1277,1.1277,,30.3,,0.0,3.77,3.77,2025-03-24T00:00:00.000Z,Unknown,,,,1.1277,observational
ALBERTSONS COMPANIES,CONVENTIONAL|FOOD,08-40229-30119,Built Satled Caramel Bar 1.69oz,30pct_plus,≥30% off,60,1.6312,1.4091,1.1477,1.9903,76.045,183.3,,0.6102,2.63,2.97,2025-07-14T00:00:00.000Z,TPR,,,,1.6312,observational
ALBERTSONS COMPANIES,CONVENTIONAL|FOOD,08-40229-30119,Built Satled Caramel Bar 1.69oz,no_promo,No price reduction,45,1.0084,1.0084,1.0084,1.0084,,7.1,,0.0,3.12,3.12,2025-08-18T00:00:00.000Z,Unknown,,,,1.0084,observational
ALBERTSONS COMPANIES,CONVENTIONAL|FOOD,08-40229-30122,Built Raspberry Bar 1.73oz,30pct_plus,≥30% off,8,2.2308,1.963,1.4779,2.2061,174.85,,,0.8033,1.5,2.96,2024-04-01T00:00:00.000Z,TPR,,,,2.2308,observational
ALBERTSONS COMPANIES,CONVENTIONAL|FOOD,08-40229-30122,Built Raspberry Bar 1.73oz,no_promo,No price reduction,32,,,,,,,,,3.74,3.74,2024-05-06T00:00:00.000Z,Unknown,,,,,observational
ALBERTSONS COMPANIES,CONVENTIONAL|FOOD,08-40229-30130,Built Cookies & Cream Bar 1.69oz,30pct_plus,≥30% off,57,1.5588,1.3382,1.104,1.8266,67.0789,171.1182,,0.6198,2.71,3.02,2025-04-28T00:00:00.000Z,TPR,,,,1.5588,observational
ALBERTSONS COMPANIES,CONVENTIONAL|FOOD,08-40229-30130,Built Cookies & Cream Bar 1.69oz,no_promo,No price reduction,44,1.1935,1.1935,1.1935,1.1935,,75.9,,0.0,3.1,3.1,2025-07-21T00:00:00.000Z,Unknown,,,,1.1935,observational
ALBERTSONS COMPANIES,CONVENTIONAL|FOOD,08-40229-30333,Built Puff Cookie Dough Chunk Protein Bar 1.55 Oz,30pct_plus,≥30% off,78,1.6679,1.5523,1.1283,2.0375,72.041,89.9196,40.1333,0.6035,2.8,3.13,2026-04-13T00:00:00.000Z,TPR,,,,1.6679,observational
ALBERTSONS COMPANIES,CONVENTIONAL|FOOD,08-40229-30333,Built Puff Cookie Dough Chunk Protein Bar 1.55 Oz,no_promo,No price reduction,8,,,,,,,,,3.27,3.27,2024-10-28T00:00:00.000Z,Unknown,,,,,observational
ALBERTSONS COMPANIES,CONVENTIONAL|FOOD,08-40229-30362,Built Puff Brownie Batter Protein Bar 1.41 Oz,30pct_plus,≥30% off,118,1.6345,1.5494,1.1061,2.0187,75.2302,115.3716,65.61,0.6,2.74,3.05,2026-04-13T00:00:00.000Z,TPR,,,,1.6345,observational
ALBERTSONS COMPANIES,CONVENTIONAL|FOOD,08-40229-30362,Built Puff Brownie Batter Protein Bar 1.41 Oz,no_promo,No price reduction,16,,,,,,,,,2.9,2.9,2024-07-01T00:00:00.000Z,Unknown,,,,,observational
ALBERTSONS COMPANIES,CONVENTIONAL|FOOD,08-40229-30380,Built Puff Brownie Batter Protein Bar 1.41 Oz (4 Pk),30pct_plus,≥30% off,41,1.5917,1.607,1.343,1.7483,55.91,92.4415,58.45,0.5325,9.47,9.79,2026-04-13T00:00:00.000Z,Display,,,,1.5917,observational
ALBERTSONS COMPANIES,CONVENTIONAL|FOOD,08-40229-30380,Built Puff Brownie Batter Protein Bar 1.41 Oz (4 Pk),no_promo,No price reduction,6,,,,,,,,,10.98,10.98,2025-06-30T00:00:00.000Z,Unknown,,,,,observational
ALBERTSONS COMPANIES,CONVENTIONAL|FOOD,08-40229-30381,Built Puff Coconut Protein Bar 1.41 Oz (4 Pk),30pct_plus,≥30% off,41,1.592,1.5566,1.3758,1.7015,60.865,99.5902,64.2,0.5354,9.43,9.76,2026-04-13T00:00:00.000Z,Display,,,,1.592,observational
ALBERTSONS COMPANIES,CONVENTIONAL|FOOD,08-40229-30381,Built Puff Coconut Protein Bar 1.41 Oz (4 Pk),no_promo,No price reduction,6,,,,,,,,,10.99,10.99,2025-06-30T00:00:00.000Z,Unknown,,,,,observational
ALBERTSONS COMPANIES,CONVENTIONAL|FOOD,08-40229-30394,Built Puff Candy Cane Brownie Protein Bar 1.51 Oz,30pct_plus,≥30% off,18,1.4815,1.5271,1.1684,1.6219,27.11,56.12,,0.5862,1.97,2.31,2026-02-23T00:00:00.000Z,Display,,,,1.4815,observational
ALBERTSONS COMPANIES,CONVENTIONAL|FOOD,08-40229-30394,Built Puff Candy Cane Brownie Protein Bar 1.51 Oz,no_promo,No price reduction,8,1.2192,1.2123,1.0561,1.3754,,25.175,,0.0,2.14,2.14,2026-04-13T00:00:00.000Z,Unknown,,,,1.2192,observational
ALBERTSONS COMPANIES,CONVENTIONAL|FOOD,08-40229-30432,Built Puff Mint Chip Protein Bar 1.41 Oz,30pct_plus,≥30% off,78,1.723,1.6653,1.1477,2.0946,80.0026,86.8627,89.5,0.5981,2.79,3.1,2026-04-13T00:00:00.000Z,TPR,,,,1.723,observational
ALBERTSONS COMPANIES,CONVENTIONAL|FOOD,08-40229-30432,Built Puff Mint Chip Protein Bar 1.41 Oz,no_promo,No price reduction,11,,,,,,,,,3.19,3.19,2024-10-28T00:00:00.000Z,Unknown,,,,,observational
ALBERTSONS COMPANIES,CONVENTIONAL|FOOD,08-40229-30449,Built Peanut Butter Puff 1.41oz,no_promo,No price reduction,1,,,,,,,,,2.5,2.5,2025-05-12T00:00:00.000Z,Unknown,,,,,observational
ALBERTSONS COMPANIES,CONVENTIONAL|FOOD,08-40229-30550,Built Puff Cookies N Cream Protein Bar 1.41 Oz,30pct_plus,≥30% off,65,1.78,1.5958,1.1083,2.1536,68.622,63.2681,100.7667,0.5744,2.65,2.92,2026-04-13T00:00:00.000Z,TPR,,,,1.78,observational
ALBERTSONS COMPANIES,CONVENTIONAL|FOOD,08-40229-30550,Built Puff Cookies N Cream Protein Bar 1.41 Oz,no_promo,No price reduction,14,,,,,,,,,2.99,2.99,2025-02-24T00:00:00.000Z,Unknown,,,,,observational
ALBERTSONS COMPANIES,CONVENTIONAL|FOOD,08-40229-30558,Built Puff Cookie Dough Chunk Protein Bar 1.55 Oz (4 Pk),30pct_plus,≥30% off,42,1.5371,1.5069,1.3195,1.7045,51.2732,86.4171,55.82,0.5332,9.51,9.82,2026-04-13T00:00:00.000Z,Display,,,,1.5371,observational
ALBERTSONS COMPANIES,CONVENTIONAL|FOOD,08-40229-30558,Built Puff Cookie Dough Chunk Protein Bar 1.55 Oz (4 Pk),no_promo,No price reduction,5,,,,,,,,,10.99,10.99,2025-06-23T00:00:00.000Z,Unknown,,,,,observational
ALBERTSONS COMPANIES,CONVENTIONAL|FOOD,08-40229-30569,Built Puff Chocolate Milkshake Protein Bar 1.41 Oz,30pct_plus,≥30% off,30,2.114,2.1727,1.4951,2.7821,61.405,115.4824,55.7,0.5566,2.7,2.92,2026-04-13T00:00:00.000Z,Display,,,,2.114,observational
ALBERTSONS COMPANIES,CONVENTIONAL|FOOD,08-40229-30569,Built Puff Chocolate Milkshake Protein Bar 1.41 Oz,no_promo,No price reduction,12,,,,,,,,,2.99,2.99,2025-12-29T00:00:00.000Z,Unknown,,,,,observational
ALBERTSONS COMPANIES,CONVENTIONAL|FOOD,08-40229-30571,Built Puff Mint Chip Protein Bar 1.41 Oz (4 Pk),30pct_plus,≥30% off,29,1.7336,1.7482,1.477,1.9089,97.8071,101.2483,,0.6116,8.97,10.11,2026-04-13T00:00:00.000Z,Display,,,,1.7336,observational
ALBERTSONS COMPANIES,CONVENTIONAL|FOOD,08-40229-30571,Built Puff Mint Chip Protein Bar 1.41 Oz (4 Pk),no_promo,No price reduction,6,,,,,,,,,9.55,9.55,2025-09-22T00:00:00.000Z,Unknown,,,,,observational
ALBERTSONS COMPANIES,CONVENTIONAL|FOOD,08-40229-30573,Built Puff Strawberries N Cream Protein Bar 1.41 Oz,30pct_plus,≥30% off,24,1.9509,2.1349,1.335,2.3805,52.0,81.1,53.5,0.5349,2.78,2.93,2026-04-13T00:00:00.000Z,Display,,,,1.9509,observational
ALBERTSONS COMPANIES,CONVENTIONAL|FOOD,08-40229-30573,Built Puff Strawberries N Cream Protein Bar 1.41 Oz,no_promo,No price reduction,17,1.0814,1.0814,1.0814,1.0814,,,56.2,0.0,2.45,2.45,2025-12-22T00:00:00.000Z,Unknown,,,,1.0814,observational
ALBERTSONS COMPANIES,CONVENTIONAL|FOOD,08-40229-30577,Built Puff Salted Caramel Protein Bar 1.41 Oz (4 Pk),30pct_plus,≥30% off,24,1.2919,1.1574,1.1173,1.448,43.7625,69.5125,42.675,0.5543,9.54,9.99,2026-04-13T00:00:00.000Z,Display,,,,1.2919,observational
ALBERTSONS COMPANIES,CONVENTIONAL|FOOD,08-40229-30577,Built Puff Salted Caramel Protein Bar 1.41 Oz (4 Pk),no_promo,No price reduction,3,,,,,,,,,9.62,9.62,2025-10-27T00:00:00.000Z,Unknown,,,,,observational
ALBERTSONS COMPANIES,CONVENTIONAL|FOOD,08-40229-30581,Built Puff Cookies N Cream Protein Bar 1.41 Oz (4 Pk),30pct_plus,≥30% off,29,1.6525,1.5996,1.3847,1.8061,80.175,97.8,134.3,0.6089,9.01,10.12,2026-04-13T00:00:00.000Z,Display,,,,1.6525,observational
ALBERTSONS COMPANIES,CONVENTIONAL|FOOD,08-40229-30581,Built Puff Cookies N Cream Protein Bar 1.41 Oz (4 Pk),no_promo,No price reduction,3,,,,,,,,,8.99,8.99,2025-08-25T00:00:00.000Z,Unknown,,,,,observational
ALBERTSONS COMPANIES,CONVENTIONAL|FOOD,08-40229-30614,Built Puff Strawberries N Cream Protein Bars 1.41oz (4pk),no_promo,No price reduction,2,,,,,,,,,9.99,9.99,2026-02-23T00:00:00.000Z,Unknown,,,,,observational
ALBERTSONS COMPANIES,CONVENTIONAL|FOOD,08-40229-30615,Built Puff Chocolatey Hazelnut  1.41oz,30pct_plus,≥30% off,21,3.0793,2.8384,2.119,4.3717,232.2857,191.3286,,0.6328,1.9,2.48,2026-04-06T00:00:00.000Z,Display,,,,3.0793,observational
ALBERTSONS COMPANIES,CONVENTIONAL|FOOD,08-40229-30615,Built Puff Chocolatey Hazelnut  1.41oz,no_promo,No price reduction,5,1.4697,1.4697,1.2461,1.6934,,40.5,,0.0,2.6,2.6,2026-04-13T00:00:00.000Z,Unknown,,,,1.4697,observational
ALBERTSONS COMPANIES,CONVENTIONAL|FOOD,08-40229-30642,Built Puff Peanut Butter Protein Bar 1.41 Oz,30pct_plus,≥30% off,24,1.5955,1.3684,1.0778,1.8432,12.6,53.3444,96.85,0.5449,2.83,2.96,2026-04-13T00:00:00.000Z,Display,,,,1.5955,observational
ALBERTSONS COMPANIES,CONVENTIONAL|FOOD,08-40229-30642,Built Puff Peanut Butter Protein Bar 1.41 Oz,no_promo,No price reduction,6,1.3558,1.3022,1.1761,1.5087,,72.4667,,0.0,2.97,2.97,2025-12-22T00:00:00.000Z,Display,,,,1.3558,observational
ALBERTSONS COMPANIES,CONVENTIONAL|FOOD,08-40229-30646,Built Puff Peanut Butter Cup Protein Bar 1.41 Oz (4 Pk),30pct_plus,≥30% off,14,1.1441,1.0709,1.0,1.1585,21.8091,107.175,30.2,0.5383,10.75,10.95,2026-04-13T00:00:00.000Z,TPR,,,,1.1441,observational
ALBERTSONS COMPANIES,CONVENTIONAL|FOOD,08-40229-30646,Built Puff Peanut Butter Cup Protein Bar 1.41 Oz (4 Pk),no_promo,No price reduction,16,1.0898,1.0898,1.0613,1.1182,,140.65,,0.0,10.96,10.96,2026-04-06T00:00:00.000Z,Unknown,,,,1.0898,observational
ALBERTSONS COMPANIES,CONVENTIONAL|FOOD,08-40229-30651,Built Protein Bar Puff Sour Peach 1.45 Oz,30pct_plus,≥30% off,7,1.331,1.1955,1.0792,1.5942,35.2833,51.575,,0.543,2.73,2.81,2026-04-13T00:00:00.000Z,TPR,,,,1.331,observational
ALBERTSONS COMPANIES,CONVENTIONAL|FOOD,08-40229-30651,Built Protein Bar Puff Sour Peach 1.45 Oz,no_promo,No price reduction,2,,,,,,,,,2.9,2.9,2026-02-23T00:00:00.000Z,Unknown,,,,,observational
ALBERTSONS COMPANIES,CONVENTIONAL|FOOD,08-40229-30653,Built Puff Sour Blu Razz Blast Bar 1.45 Oz,30pct_plus,≥30% off,6,1.678,1.7699,1.5029,1.9438,57.44,127.1,,0.5405,2.69,2.82,2026-04-06T00:00:00.000Z,TPR,,,,1.678,observational
ALBERTSONS COMPANIES,CONVENTIONAL|FOOD,08-40229-30653,Built Puff Sour Blu Razz Blast Bar 1.45 Oz,no_promo,No price reduction,3,,,,,,,,,2.95,2.95,2026-04-13T00:00:00.000Z,Unknown,,,,,observational
ALBERTSONS COMPANIES,CONVENTIONAL|FOOD,08-40229-30655,Built Puff Sour Green Apple Crush Bar 1.45 Oz,30pct_plus,≥30% off,7,1.5189,1.1705,1.142,1.9445,47.7,74.8333,,0.5449,2.71,2.85,2026-04-06T00:00:00.000Z,TPR,,,,1.5189,observational
ALBERTSONS COMPANIES,CONVENTIONAL|FOOD,08-40229-30655,Built Puff Sour Green Apple Crush Bar 1.45 Oz,no_promo,No price reduction,2,,,,,,,,,2.98,2.98,2026-04-13T00:00:00.000Z,Unknown,,,,,observational
ALEX LEE,REGIONAL & INDEP GROCERY,08-40229-30037,Built Puff Coconut Protein Bar 1.41 Oz,10_20pct,10–20% off,26,0.3115,0.2603,0.0444,0.4887,,,,0.1455,2.89,3.13,2026-03-09T00:00:00.000Z,Unknown,,,,0.3115,observational
ALEX LEE,REGIONAL & INDEP GROCERY,08-40229-30037,Built Puff Coconut Protein Bar 1.41 Oz,20_30pct,20–30% off,13,0.6936,0.7006,0.4194,0.8741,,,,0.2511,2.54,3.32,2026-01-12T00:00:00.000Z,Unknown,,,,0.6936,observational
ALEX LEE,REGIONAL & INDEP GROCERY,08-40229-30050,Built Puff Churro Protein Bar 1.41 Oz,10_20pct,10–20% off,30,0.1955,0.0493,0.0137,0.2533,,,,0.1443,2.91,3.12,2026-03-09T00:00:00.000Z,Unknown,,,,0.1955,observational
ALEX LEE,REGIONAL & INDEP GROCERY,08-40229-30050,Built Puff Churro Protein Bar 1.41 Oz,20_30pct,20–30% off,14,0.7997,0.6958,0.4973,0.8292,,,,0.2534,2.56,3.32,2026-01-12T00:00:00.000Z,Unknown,,,,0.7997,observational
ALEX LEE,REGIONAL & INDEP GROCERY,08-40229-30333,Built Puff Cookie Dough Chunk Protein Bar 1.55 Oz,10_20pct,10–20% off,32,0.2133,0.0521,0.0142,0.26,,,,0.1435,2.92,3.06,2026-03-09T00:00:00.000Z,Unknown,,,,0.2133,observational
ALEX LEE,REGIONAL & INDEP GROCERY,08-40229-30333,Built Puff Cookie Dough Chunk Protein Bar 1.55 Oz,20_30pct,20–30% off,16,0.7729,0.8031,0.5017,0.9134,,,,0.2524,2.62,3.32,2026-02-16T00:00:00.000Z,Unknown,,,,0.7729,observational
ALEX LEE,REGIONAL & INDEP GROCERY,08-40229-30362,Built Puff Brownie Batter Protein Bar 1.41 Oz,0_10pct,<10% off,2,0.0078,0.0078,0.0078,0.0078,,,,0.0885,3.0,3.0,2026-02-09T00:00:00.000Z,Unknown,-59.84,ROBUST,1.0,-59.84,causal_robust
ALEX LEE,REGIONAL & INDEP GROCERY,08-40229-30362,Built Puff Brownie Batter Protein Bar 1.41 Oz,10_20pct,10–20% off,30,0.2906,0.1942,0.0084,0.4786,,,,0.1428,2.9,3.09,2026-03-09T00:00:00.000Z,Unknown,-59.84,ROBUST,1.0,-59.84,causal_robust
ALEX LEE,REGIONAL & INDEP GROCERY,08-40229-30362,Built Puff Brownie Batter Protein Bar 1.41 Oz,20_30pct,20–30% off,15,0.7545,0.809,0.7486,0.8287,,,,0.2511,2.61,3.29,2026-02-16T00:00:00.000Z,Unknown,-59.84,ROBUST,1.0,-59.84,causal_robust
ALLEGIANCE RETAIL SERVICES,NATURAL EXPANDED,08-40229-30034,Built Puff Salted Caramel Protein Bar 1.41 Oz,0_10pct,<10% off,1,,,,,,,,0.093,3.62,3.99,2025-04-21T00:00:00.000Z,Unknown,,,,,observational
ALLEGIANCE RETAIL SERVICES,NATURAL EXPANDED,08-40229-30034,Built Puff Salted Caramel Protein Bar 1.41 Oz,10_20pct,10–20% off,8,0.6817,0.1842,0.1628,0.7857,,,,0.1312,3.77,3.99,2026-01-19T00:00:00.000Z,Unknown,,,,0.6817,observational
ALLEGIANCE RETAIL SERVICES,NATURAL EXPANDED,08-40229-30037,Built Puff Coconut Protein Bar 1.41 Oz,0_10pct,<10% off,2,0.0651,0.0651,0.0599,0.0704,,,,0.0835,3.84,3.92,2026-04-13T00:00:00.000Z,Unknown,,,,0.0651,observational
ALLEGIANCE RETAIL SERVICES,NATURAL EXPANDED,08-40229-30037,Built Puff Coconut Protein Bar 1.41 Oz,10_20pct,10–20% off,16,0.1213,0.1022,0.0484,0.1531,,,,0.1426,3.59,3.68,2025-10-13T00:00:00.000Z,Unknown,,,,0.1213,observational
ALLEGIANCE RETAIL SERVICES,NATURAL EXPANDED,08-40229-30037,Built Puff Coconut Protein Bar 1.41 Oz,20_30pct,20–30% off,5,0.086,0.0432,0.0384,0.0908,,,,0.2398,3.46,3.53,2025-11-17T00:00:00.000Z,Unknown,,,,0.086,observational
ALLEGIANCE RETAIL SERVICES,NATURAL EXPANDED,08-40229-30037,Built Puff Coconut Protein Bar 1.41 Oz,30pct_plus,≥30% off,2,0.1325,0.1325,0.1325,0.1325,,,,0.322,3.53,3.63,2025-06-30T00:00:00.000Z,Unknown,,,,0.1325,observational
ALLEGIANCE RETAIL SERVICES,NATURAL EXPANDED,08-40229-30333,Built Puff Cookie Dough Chunk Protein Bar 1.55 Oz,0_10pct,<10% off,1,0.0807,0.0807,0.0807,0.0807,,,,0.094,3.82,3.9,2026-04-13T00:00:00.000Z,Unknown,-40.23,MODERATE,1.0,-40.23,causal_moderate
ALLEGIANCE RETAIL SERVICES,NATURAL EXPANDED,08-40229-30333,Built Puff Cookie Dough Chunk Protein Bar 1.55 Oz,10_20pct,10–20% off,21,0.051,0.0267,0.0098,0.0801,,,,0.1485,3.58,3.62,2026-04-06T00:00:00.000Z,Unknown,-40.23,MODERATE,1.0,-40.23,causal_moderate
ALLEGIANCE RETAIL SERVICES,NATURAL EXPANDED,08-40229-30333,Built Puff Cookie Dough Chunk Protein Bar 1.55 Oz,20_30pct,20–30% off,1,0.2062,0.2062,0.2062,0.2062,,,,0.206,3.54,3.9,2025-06-16T00:00:00.000Z,Unknown,-40.23,MODERATE,1.0,-40.23,causal_moderate
ALLEGIANCE RETAIL SERVICES,NATURAL EXPANDED,08-40229-30362,Built Puff Brownie Batter Protein Bar 1.41 Oz,0_10pct,<10% off,2,0.0231,0.0231,0.0231,0.0231,,,,0.07,3.84,3.9,2026-04-13T00:00:00.000Z,Unknown,,,,0.0231,observational
ALLEGIANCE RETAIL SERVICES,NATURAL EXPANDED,08-40229-30362,Built Puff Brownie Batter Protein Bar 1.41 Oz,10_20pct,10–20% off,16,0.0751,0.0374,0.0272,0.1233,,,,0.1436,3.67,3.74,2026-01-19T00:00:00.000Z,Unknown,,,,0.0751,observational
ALLEGIANCE RETAIL SERVICES,NATURAL EXPANDED,08-40229-30362,Built Puff Brownie Batter Protein Bar 1.41 Oz,20_30pct,20–30% off,6,0.0526,0.0311,0.0076,0.0413,,,,0.2455,3.54,3.62,2025-11-17T00:00:00.000Z,Unknown,,,,0.0526,observational
ALLEGIANCE RETAIL SERVICES,NATURAL EXPANDED,08-40229-30432,Built Puff Mint Chip Protein Bar 1.41 Oz,10_20pct,10–20% off,1,0.2739,0.2739,0.2739,0.2739,,,,0.176,3.75,3.97,2026-01-19T00:00:00.000Z,Unknown,,,,0.2739,observational
ALLEGIANCE RETAIL SERVICES,NATURAL EXPANDED,08-40229-30550,Built Puff Cookies N Cream Protein Bar 1.41 Oz,10_20pct,10–20% off,1,,,,,,,,0.175,3.89,3.94,2026-01-19T00:00:00.000Z,Unknown,,,,,observational
AMERICAS FOOD BASKET,REGIONAL & INDEP GROCERY,08-40229-30362,Built Puff Brownie Batter Protein Bar 1.41 Oz,0_10pct,<10% off,1,,,,,,,,0.094,3.33,3.61,2025-12-15T00:00:00.000Z,Unknown,,,,,observational
AMERICAS FOOD BASKET,REGIONAL & INDEP GROCERY,08-40229-30362,Built Puff Brownie Batter Protein Bar 1.41 Oz,10_20pct,10–20% off,7,,,,,,,,0.1896,3.19,3.6,2026-03-02T00:00:00.000Z,Unknown,,,,,observational
ANDRONICOS COMMUNITY MARKETS,NATURAL EXPANDED,08-40229-30037,Built Puff Coconut Protein Bar 1.41 Oz,0_10pct,<10% off,15,0.9499,0.8911,0.3487,1.3023,,,,0.0774,2.71,2.87,2025-04-14T00:00:00.000Z,Unknown,,,,0.9499,observational
ANDRONICOS COMMUNITY MARKETS,NATURAL EXPANDED,08-40229-30037,Built Puff Coconut Protein Bar 1.41 Oz,10_20pct,10–20% off,9,0.4339,0.3636,0.227,0.5695,,,,0.1482,3.09,3.47,2025-10-06T00:00:00.000Z,Unknown,,,,0.4339,observational
ANDRONICOS COMMUNITY MARKETS,NATURAL EXPANDED,08-40229-30037,Built Puff Coconut Protein Bar 1.41 Oz,20_30pct,20–30% off,9,0.5987,0.5155,0.1492,1.012,,,,0.2608,2.76,3.38,2025-10-13T00:00:00.000Z,Unknown,,,,0.5987,observational
ANDRONICOS COMMUNITY MARKETS,NATURAL EXPANDED,08-40229-30037,Built Puff Coconut Protein Bar 1.41 Oz,30pct_plus,≥30% off,22,0.7941,0.6598,0.4523,1.0765,,,,0.3942,2.37,3.75,2026-01-19T00:00:00.000Z,Unknown,,,,0.7941,observational
ANDRONICOS COMMUNITY MARKETS,NATURAL EXPANDED,08-40229-30119,Built Satled Caramel Bar 1.69oz,0_10pct,<10% off,3,0.4412,0.4412,0.3138,0.5685,,,,0.0703,2.85,2.98,2025-02-24T00:00:00.000Z,Unknown,,,,0.4412,observational
ANDRONICOS COMMUNITY MARKETS,NATURAL EXPANDED,08-40229-30119,Built Satled Caramel Bar 1.69oz,10_20pct,10–20% off,9,0.3074,0.1275,0.0643,0.3792,,,,0.1582,2.54,2.98,2025-03-17T00:00:00.000Z,Unknown,,,,0.3074,observational
ANDRONICOS COMMUNITY MARKETS,NATURAL EXPANDED,08-40229-30119,Built Satled Caramel Bar 1.69oz,20_30pct,20–30% off,7,0.5773,0.5957,0.5957,0.7544,,,,0.2653,2.27,2.99,2025-04-21T00:00:00.000Z,Unknown,,,,0.5773,observational
ANDRONICOS COMMUNITY MARKETS,NATURAL EXPANDED,08-40229-30119,Built Satled Caramel Bar 1.69oz,30pct_plus,≥30% off,9,0.5751,0.6071,0.45,0.7029,,,,0.3287,2.09,2.98,2024-11-04T00:00:00.000Z,Unknown,,,,0.5751,observational
ANDRONICOS COMMUNITY MARKETS,NATURAL EXPANDED,08-40229-30130,Built Cookies & Cream Bar 1.69oz,0_10pct,<10% off,3,0.25,0.25,0.25,0.25,,,,0.0517,2.92,2.96,2025-01-27T00:00:00.000Z,Unknown,,,,0.25,observational
ANDRONICOS COMMUNITY MARKETS,NATURAL EXPANDED,08-40229-30130,Built Cookies & Cream Bar 1.69oz,10_20pct,10–20% off,8,0.5857,0.5781,0.3214,0.8425,,,,0.1564,2.56,2.99,2025-03-17T00:00:00.000Z,Unknown,,,,0.5857,observational
ANDRONICOS COMMUNITY MARKETS,NATURAL EXPANDED,08-40229-30130,Built Cookies & Cream Bar 1.69oz,20_30pct,20–30% off,5,0.3928,0.4103,0.3095,0.5217,,,,0.2596,2.24,2.99,2024-11-04T00:00:00.000Z,Unknown,,,,0.3928,observational
ANDRONICOS COMMUNITY MARKETS,NATURAL EXPANDED,08-40229-30130,Built Cookies & Cream Bar 1.69oz,30pct_plus,≥30% off,10,0.7139,0.7647,0.3115,1.1084,,,,0.3305,2.07,2.99,2024-10-21T00:00:00.000Z,Unknown,,,,0.7139,observational
ANDRONICOS COMMUNITY MARKETS,NATURAL EXPANDED,08-40229-30333,Built Puff Cookie Dough Chunk Protein Bar 1.55 Oz,0_10pct,<10% off,3,0.1458,0.1458,0.1458,0.1458,,,,0.0667,3.73,3.99,2025-10-27T00:00:00.000Z,Unknown,,,,0.1458,observational
ANDRONICOS COMMUNITY MARKETS,NATURAL EXPANDED,08-40229-30333,Built Puff Cookie Dough Chunk Protein Bar 1.55 Oz,10_20pct,10–20% off,1,,,,,,,,0.144,3.42,3.99,2025-10-20T00:00:00.000Z,Unknown,,,,,observational
ANDRONICOS COMMUNITY MARKETS,NATURAL EXPANDED,08-40229-30333,Built Puff Cookie Dough Chunk Protein Bar 1.55 Oz,20_30pct,20–30% off,3,0.4475,0.4475,0.4182,0.4767,,,,0.269,2.82,3.73,2026-03-02T00:00:00.000Z,Unknown,,,,0.4475,observational
ANDRONICOS COMMUNITY MARKETS,NATURAL EXPANDED,08-40229-30333,Built Puff Cookie Dough Chunk Protein Bar 1.55 Oz,30pct_plus,≥30% off,12,1.1286,1.0,0.6667,1.5499,,,,0.4255,2.25,3.91,2025-09-01T00:00:00.000Z,Unknown,,,,1.1286,observational
ANDRONICOS COMMUNITY MARKETS,NATURAL EXPANDED,08-40229-30362,Built Puff Brownie Batter Protein Bar 1.41 Oz,0_10pct,<10% off,8,0.2175,0.2191,0.1406,0.2961,,,,0.0734,3.59,3.74,2025-10-27T00:00:00.000Z,Unknown,,,,0.2175,observational
ANDRONICOS COMMUNITY MARKETS,NATURAL EXPANDED,08-40229-30362,Built Puff Brownie Batter Protein Bar 1.41 Oz,10_20pct,10–20% off,23,0.9226,0.773,0.3586,1.4684,,,,0.1557,2.77,3.17,2025-11-24T00:00:00.000Z,Unknown,,,,0.9226,observational
ANDRONICOS COMMUNITY MARKETS,NATURAL EXPANDED,08-40229-30362,Built Puff Brownie Batter Protein Bar 1.41 Oz,20_30pct,20–30% off,4,0.8079,0.7757,0.7481,0.8355,,,,0.256,2.33,3.1,2025-04-21T00:00:00.000Z,Unknown,,,,0.8079,observational
ANDRONICOS COMMUNITY MARKETS,NATURAL EXPANDED,08-40229-30362,Built Puff Brownie Batter Protein Bar 1.41 Oz,30pct_plus,≥30% off,20,0.8007,0.5324,0.429,1.1823,,,,0.375,2.3,3.7,2025-09-01T00:00:00.000Z,Unknown,,,,0.8007,observational
ANDRONICOS COMMUNITY MARKETS,NATURAL EXPANDED,08-40229-30380,Built Puff Brownie Batter Protein Bar 1.41 Oz (4 Pk),0_10pct,<10% off,5,0.1106,0.0714,0.054,0.1476,,,,0.0762,9.67,9.91,2026-04-06T00:00:00.000Z,Unknown,,,,0.1106,observational
ANDRONICOS COMMUNITY MARKETS,NATURAL EXPANDED,08-40229-30380,Built Puff Brownie Batter Protein Bar 1.41 Oz (4 Pk),10_20pct,10–20% off,3,0.511,0.511,0.3702,0.6517,,,,0.101,8.98,9.99,2026-03-23T00:00:00.000Z,Unknown,,,,0.511,observational
ANDRONICOS COMMUNITY MARKETS,NATURAL EXPANDED,08-40229-30381,Built Puff Coconut Protein Bar 1.41 Oz (4 Pk),0_10pct,<10% off,1,,,,,,,,0.05,9.49,9.99,2026-03-09T00:00:00.000Z,Unknown,,,,,observational
ANDRONICOS COMMUNITY MARKETS,NATURAL EXPANDED,08-40229-30381,Built Puff Coconut Protein Bar 1.41 Oz (4 Pk),10_20pct,10–20% off,1,,,,,,,,0.1,8.99,9.99,2026-03-16T00:00:00.000Z,Unknown,,,,,observational
ANDRONICOS COMMUNITY MARKETS,NATURAL EXPANDED,08-40229-30432,Built Puff Mint Chip Protein Bar 1.41 Oz,0_10pct,<10% off,1,,,,,,,,0.084,3.66,3.99,2025-10-27T00:00:00.000Z,Unknown,,,,,observational
ANDRONICOS COMMUNITY MARKETS,NATURAL EXPANDED,08-40229-30432,Built Puff Mint Chip Protein Bar 1.41 Oz,10_20pct,10–20% off,1,1.1053,1.1053,1.1053,1.1053,,,,0.132,3.46,3.99,2025-03-24T00:00:00.000Z,Unknown,,,,1.1053,observational
ANDRONICOS COMMUNITY MARKETS,NATURAL EXPANDED,08-40229-30432,Built Puff Mint Chip Protein Bar 1.41 Oz,20_30pct,20–30% off,2,0.7105,0.7105,0.557,0.864,,,,0.2645,2.93,3.99,2025-04-21T00:00:00.000Z,Unknown,,,,0.7105,observational
ANDRONICOS COMMUNITY MARKETS,NATURAL EXPANDED,08-40229-30432,Built Puff Mint Chip Protein Bar 1.41 Oz,30pct_plus,≥30% off,12,0.4774,0.3158,0.1635,0.7105,,,,0.4155,2.33,3.99,2025-09-08T00:00:00.000Z,Unknown,,,,0.4774,observational
ANDRONICOS COMMUNITY MARKETS,NATURAL EXPANDED,08-40229-30558,Built Puff Cookie Dough Chunk Protein Bar 1.55 Oz (4 Pk),0_10pct,<10% off,5,0.3323,0.3121,0.2105,0.5385,,,,0.0892,9.29,9.93,2026-03-23T00:00:00.000Z,Unknown,,,,0.3323,observational
ANDRONICOS COMMUNITY MARKETS,NATURAL EXPANDED,08-40229-30558,Built Puff Cookie Dough Chunk Protein Bar 1.55 Oz (4 Pk),10_20pct,10–20% off,5,0.2338,0.2338,0.2338,0.2338,,,,0.1316,8.45,9.03,2026-03-30T00:00:00.000Z,Unknown,,,,0.2338,observational
ANDRONICOS COMMUNITY MARKETS,NATURAL EXPANDED,08-40229-30558,Built Puff Cookie Dough Chunk Protein Bar 1.55 Oz (4 Pk),20_30pct,20–30% off,1,,,,,,,,0.285,9.31,9.88,2025-11-17T00:00:00.000Z,Unknown,,,,,observational
ANDRONICOS COMMUNITY MARKETS,NATURAL EXPANDED,08-40229-30571,Built Puff Mint Chip Protein Bar 1.41 Oz (4 Pk),0_10pct,<10% off,1,,,,,,,,0.093,8.83,9.74,2025-10-20T00:00:00.000Z,Unknown,,,,,observational
ANDRONICOS COMMUNITY MARKETS,NATURAL EXPANDED,08-40229-30571,Built Puff Mint Chip Protein Bar 1.41 Oz (4 Pk),30pct_plus,≥30% off,5,0.4075,0.3208,0.2691,0.5025,,,,0.4876,6.62,9.92,2026-01-26T00:00:00.000Z,Unknown,,,,0.4075,observational
ANDRONICOS COMMUNITY MARKETS,NATURAL EXPANDED,08-40229-30577,Built Puff Salted Caramel Protein Bar 1.41 Oz (4 Pk),0_10pct,<10% off,7,0.343,0.2824,0.2151,0.3704,,,,0.0749,9.38,9.96,2026-03-30T00:00:00.000Z,Unknown,,,,0.343,observational
ANDRONICOS COMMUNITY MARKETS,NATURAL EXPANDED,08-40229-30577,Built Puff Salted Caramel Protein Bar 1.41 Oz (4 Pk),10_20pct,10–20% off,1,,,,,,,,0.1,9.81,9.9,2026-02-16T00:00:00.000Z,Unknown,,,,,observational
ANDRONICOS COMMUNITY MARKETS,NATURAL EXPANDED,08-40229-30581,Built Puff Cookies N Cream Protein Bar 1.41 Oz (4 Pk),0_10pct,<10% off,1,,,,,,,,0.05,9.49,9.99,2025-10-06T00:00:00.000Z,Unknown,,,,,observational
ANDRONICOS COMMUNITY MARKETS,NATURAL EXPANDED,08-40229-30581,Built Puff Cookies N Cream Protein Bar 1.41 Oz (4 Pk),10_20pct,10–20% off,1,,,,,,,,0.116,8.83,9.99,2025-10-20T00:00:00.000Z,Unknown,,,,,observational
ANDRONICOS COMMUNITY MARKETS,NATURAL EXPANDED,08-40229-30581,Built Puff Cookies N Cream Protein Bar 1.41 Oz (4 Pk),30pct_plus,≥30% off,3,2.5385,2.5385,2.5385,2.5385,,,,0.4783,6.99,9.98,2026-01-26T00:00:00.000Z,Unknown,,,,2.5385,observational
ASSOCIATED FOOD STORES,REGIONAL & INDEP GROCERY,08-40229-30034,Built Puff Salted Caramel Protein Bar 1.41 Oz,0_10pct,<10% off,15,0.1039,0.0141,0.0085,0.1703,,,,0.0696,3.09,3.14,2026-01-19T00:00:00.000Z,Unknown,,,,0.1039,observational
ASSOCIATED FOOD STORES,REGIONAL & INDEP GROCERY,08-40229-30034,Built Puff Salted Caramel Protein Bar 1.41 Oz,10_20pct,10–20% off,23,0.2331,0.2122,0.0403,0.4296,,,,0.129,2.92,3.09,2026-04-06T00:00:00.000Z,Unknown,,,,0.2331,observational
ASSOCIATED FOOD STORES,REGIONAL & INDEP GROCERY,08-40229-30034,Built Puff Salted Caramel Protein Bar 1.41 Oz,20_30pct,20–30% off,2,0.6598,0.6598,0.478,0.8415,,,,0.2755,2.06,2.66,2025-07-14T00:00:00.000Z,Unknown,,,,0.6598,observational
ASSOCIATED FOOD STORES,REGIONAL & INDEP GROCERY,08-40229-30034,Built Puff Salted Caramel Protein Bar 1.41 Oz,30pct_plus,≥30% off,22,0.7587,0.8216,0.0828,1.4234,,,,0.3798,2.17,2.84,2026-02-16T00:00:00.000Z,Unknown,,,,0.7587,observational
ASSOCIATED FOOD STORES,REGIONAL & INDEP GROCERY,08-40229-30037,Built Puff Coconut Protein Bar 1.41 Oz,0_10pct,<10% off,36,0.1288,0.0865,0.024,0.1906,,,,0.0734,2.98,3.04,2026-01-26T00:00:00.000Z,Unknown,,,,0.1288,observational
ASSOCIATED FOOD STORES,REGIONAL & INDEP GROCERY,08-40229-30037,Built Puff Coconut Protein Bar 1.41 Oz,10_20pct,10–20% off,52,0.2502,0.0812,0.0165,0.45,,,,0.1404,2.87,3.02,2026-04-13T00:00:00.000Z,Unknown,,,,0.2502,observational
ASSOCIATED FOOD STORES,REGIONAL & INDEP GROCERY,08-40229-30037,Built Puff Coconut Protein Bar 1.41 Oz,20_30pct,20–30% off,14,0.462,0.3891,0.0726,0.5966,,,,0.2513,2.53,2.98,2025-11-24T00:00:00.000Z,Unknown,,,,0.462,observational
ASSOCIATED FOOD STORES,REGIONAL & INDEP GROCERY,08-40229-30037,Built Puff Coconut Protein Bar 1.41 Oz,30pct_plus,≥30% off,29,1.0392,1.1493,0.0586,1.6105,,,,0.3984,2.25,3.06,2026-02-16T00:00:00.000Z,Unknown,,,,1.0392,observational
ASSOCIATED FOOD STORES,REGIONAL & INDEP GROCERY,08-40229-30050,Built Puff Churro Protein Bar 1.41 Oz,0_10pct,<10% off,35,0.0907,0.0351,0.0136,0.1418,,,,0.0664,3.0,3.05,2026-01-19T00:00:00.000Z,Unknown,,,,0.0907,observational
ASSOCIATED FOOD STORES,REGIONAL & INDEP GROCERY,08-40229-30050,Built Puff Churro Protein Bar 1.41 Oz,10_20pct,10–20% off,33,0.3232,0.2564,0.1127,0.5238,,,,0.1383,2.79,3.0,2026-04-06T00:00:00.000Z,Unknown,,,,0.3232,observational
ASSOCIATED FOOD STORES,REGIONAL & INDEP GROCERY,08-40229-30050,Built Puff Churro Protein Bar 1.41 Oz,20_30pct,20–30% off,18,0.4319,0.3382,0.0641,0.6517,,,,0.2461,2.67,3.04,2025-08-25T00:00:00.000Z,Unknown,,,,0.4319,observational
ASSOCIATED FOOD STORES,REGIONAL & INDEP GROCERY,08-40229-30050,Built Puff Churro Protein Bar 1.41 Oz,30pct_plus,≥30% off,26,1.0544,1.0135,0.5314,1.498,,,,0.387,2.13,3.03,2026-02-16T00:00:00.000Z,Unknown,,,,1.0544,observational
ASSOCIATED FOOD STORES,REGIONAL & INDEP GROCERY,08-40229-30053,Built Puff Banana Cream Pie Protein Bar 1.41 Oz,0_10pct,<10% off,1,,,,,,,,0.097,2.84,2.92,2024-01-08T00:00:00.000Z,Unknown,,,,,observational
ASSOCIATED FOOD STORES,REGIONAL & INDEP GROCERY,08-40229-30053,Built Puff Banana Cream Pie Protein Bar 1.41 Oz,10_20pct,10–20% off,3,1.0721,1.0721,1.0721,1.0721,,,,0.1453,2.43,2.74,2024-01-29T00:00:00.000Z,Unknown,,,,1.0721,observational
ASSOCIATED FOOD STORES,REGIONAL & INDEP GROCERY,08-40229-30053,Built Puff Banana Cream Pie Protein Bar 1.41 Oz,20_30pct,20–30% off,2,0.25,0.25,0.25,0.25,,,,0.278,2.68,2.96,2024-07-08T00:00:00.000Z,Unknown,,,,0.25,observational
ASSOCIATED FOOD STORES,REGIONAL & INDEP GROCERY,08-40229-30053,Built Puff Banana Cream Pie Protein Bar 1.41 Oz,30pct_plus,≥30% off,3,0.1622,0.1622,0.1324,0.192,,,,0.3867,2.39,3.09,2026-02-09T00:00:00.000Z,Unknown,,,,0.1622,observational
ASSOCIATED FOOD STORES,REGIONAL & INDEP GROCERY,08-40229-30071,Built Double Chocolate Fudge Bar 1.69oz,0_10pct,<10% off,31,0.1267,0.0762,0.039,0.1863,,,,0.0675,3.03,3.09,2025-03-24T00:00:00.000Z,Unknown,,,,0.1267,observational
ASSOCIATED FOOD STORES,REGIONAL & INDEP GROCERY,08-40229-30071,Built Double Chocolate Fudge Bar 1.69oz,10_20pct,10–20% off,18,0.1804,0.1196,0.0249,0.1987,,,,0.1321,2.88,2.96,2025-03-17T00:00:00.000Z,Unknown,,,,0.1804,observational
ASSOCIATED FOOD STORES,REGIONAL & INDEP GROCERY,08-40229-30071,Built Double Chocolate Fudge Bar 1.69oz,20_30pct,20–30% off,18,0.5564,0.5722,0.4215,0.79,,,,0.2364,2.4,2.92,2025-09-22T00:00:00.000Z,Unknown,,,,0.5564,observational
ASSOCIATED FOOD STORES,REGIONAL & INDEP GROCERY,08-40229-30071,Built Double Chocolate Fudge Bar 1.69oz,30pct_plus,≥30% off,35,0.8754,0.7475,0.1423,1.3087,,,,0.4303,2.08,2.96,2025-11-10T00:00:00.000Z,Unknown,,,,0.8754,observational
ASSOCIATED FOOD STORES,REGIONAL & INDEP GROCERY,08-40229-30099,Built Coconut Bar 1.69oz,0_10pct,<10% off,31,0.0829,0.0459,0.0056,0.0961,,,,0.0699,2.96,3.01,2025-03-24T00:00:00.000Z,Unknown,,,,0.0829,observational
ASSOCIATED FOOD STORES,REGIONAL & INDEP GROCERY,08-40229-30099,Built Coconut Bar 1.69oz,10_20pct,10–20% off,20,0.2477,0.1905,0.0494,0.4493,,,,0.1455,2.79,2.94,2025-02-24T00:00:00.000Z,Unknown,,,,0.2477,observational
ASSOCIATED FOOD STORES,REGIONAL & INDEP GROCERY,08-40229-30099,Built Coconut Bar 1.69oz,20_30pct,20–30% off,11,0.5365,0.5974,0.4935,0.6967,,,,0.2308,2.43,2.92,2025-03-17T00:00:00.000Z,Unknown,,,,0.5365,observational
ASSOCIATED FOOD STORES,REGIONAL & INDEP GROCERY,08-40229-30099,Built Coconut Bar 1.69oz,30pct_plus,≥30% off,37,0.7895,0.69,0.4335,1.3112,,,,0.4125,1.99,2.9,2025-12-08T00:00:00.000Z,Unknown,,,,0.7895,observational
ASSOCIATED FOOD STORES,REGIONAL & INDEP GROCERY,08-40229-30103,Built Coocnut Almond Bar 1.97oz,20_30pct,20–30% off,2,0.7007,0.7007,0.7007,0.7007,,,,0.266,1.89,2.06,2023-11-06T00:00:00.000Z,Unknown,,,,0.7007,observational
ASSOCIATED FOOD STORES,REGIONAL & INDEP GROCERY,08-40229-30103,Built Coocnut Almond Bar 1.97oz,30pct_plus,≥30% off,15,0.3191,0.1612,0.0775,0.4705,,,,0.4255,1.87,2.38,2024-01-22T00:00:00.000Z,Unknown,,,,0.3191,observational
ASSOCIATED FOOD STORES,REGIONAL & INDEP GROCERY,08-40229-30107,Built Mint Brownie Bar 1.69oz,0_10pct,<10% off,28,0.1048,0.0621,0.0159,0.1536,,,,0.0728,2.95,3.0,2024-12-09T00:00:00.000Z,Unknown,,,,0.1048,observational
ASSOCIATED FOOD STORES,REGIONAL & INDEP GROCERY,08-40229-30107,Built Mint Brownie Bar 1.69oz,10_20pct,10–20% off,11,0.283,0.3063,0.0913,0.4155,,,,0.1643,2.66,2.93,2024-10-07T00:00:00.000Z,Unknown,,,,0.283,observational
ASSOCIATED FOOD STORES,REGIONAL & INDEP GROCERY,08-40229-30107,Built Mint Brownie Bar 1.69oz,20_30pct,20–30% off,14,0.4695,0.5198,0.1677,0.6808,,,,0.2394,2.4,2.86,2025-03-24T00:00:00.000Z,Unknown,,,,0.4695,observational
ASSOCIATED FOOD STORES,REGIONAL & INDEP GROCERY,08-40229-30107,Built Mint Brownie Bar 1.69oz,30pct_plus,≥30% off,27,0.6099,0.3776,0.1383,0.9662,,,,0.4392,2.18,2.8,2025-06-09T00:00:00.000Z,Unknown,,,,0.6099,observational
ASSOCIATED FOOD STORES,REGIONAL & INDEP GROCERY,08-40229-30111,Built Cherry Barcia Bar 1.72oz,0_10pct,<10% off,2,,,,,,,,0.085,2.59,2.68,2024-01-29T00:00:00.000Z,Unknown,,,,,observational
ASSOCIATED FOOD STORES,REGIONAL & INDEP GROCERY,08-40229-30111,Built Cherry Barcia Bar 1.72oz,10_20pct,10–20% off,3,0.2857,0.2857,0.2569,0.3145,,,,0.1837,2.07,2.34,2024-01-22T00:00:00.000Z,Unknown,,,,0.2857,observational
ASSOCIATED FOOD STORES,REGIONAL & INDEP GROCERY,08-40229-30111,Built Cherry Barcia Bar 1.72oz,20_30pct,20–30% off,4,0.2591,0.3043,0.1589,0.3819,,,,0.2522,2.12,2.6,2024-01-08T00:00:00.000Z,Unknown,,,,0.2591,observational
ASSOCIATED FOOD STORES,REGIONAL & INDEP GROCERY,08-40229-30111,Built Cherry Barcia Bar 1.72oz,30pct_plus,≥30% off,15,0.8739,0.9602,0.6057,1.2286,,,,0.3335,1.96,2.58,2023-12-18T00:00:00.000Z,Unknown,,,,0.8739,observational
ASSOCIATED FOOD STORES,REGIONAL & INDEP GROCERY,08-40229-30119,Built Satled Caramel Bar 1.69oz,0_10pct,<10% off,19,0.1709,0.0806,0.039,0.3385,,,,0.0681,2.97,3.05,2025-03-24T00:00:00.000Z,Unknown,,,,0.1709,observational
ASSOCIATED FOOD STORES,REGIONAL & INDEP GROCERY,08-40229-30119,Built Satled Caramel Bar 1.69oz,10_20pct,10–20% off,13,0.3199,0.3796,0.0591,0.5655,,,,0.1366,2.75,2.89,2025-02-24T00:00:00.000Z,Unknown,,,,0.3199,observational
ASSOCIATED FOOD STORES,REGIONAL & INDEP GROCERY,08-40229-30119,Built Satled Caramel Bar 1.69oz,20_30pct,20–30% off,17,0.5174,0.577,0.1268,0.7915,,,,0.2374,2.44,2.91,2025-09-01T00:00:00.000Z,Unknown,,,,0.5174,observational
ASSOCIATED FOOD STORES,REGIONAL & INDEP GROCERY,08-40229-30119,Built Satled Caramel Bar 1.69oz,30pct_plus,≥30% off,32,0.8206,0.7529,0.1054,1.3,,,,0.4106,2.01,2.86,2026-01-19T00:00:00.000Z,Unknown,,,,0.8206,observational
ASSOCIATED FOOD STORES,REGIONAL & INDEP GROCERY,08-40229-30122,Built Raspberry Bar 1.73oz,0_10pct,<10% off,7,0.8883,0.8883,0.4455,1.331,,,,0.0787,2.49,2.59,2024-01-22T00:00:00.000Z,Unknown,,,,0.8883,observational
ASSOCIATED FOOD STORES,REGIONAL & INDEP GROCERY,08-40229-30122,Built Raspberry Bar 1.73oz,10_20pct,10–20% off,1,0.5315,0.5315,0.5315,0.5315,,,,0.15,1.92,2.11,2023-11-06T00:00:00.000Z,Unknown,,,,0.5315,observational
ASSOCIATED FOOD STORES,REGIONAL & INDEP GROCERY,08-40229-30122,Built Raspberry Bar 1.73oz,20_30pct,20–30% off,3,0.5748,0.4776,0.4405,0.6605,,,,0.2727,2.08,2.67,2023-10-16T00:00:00.000Z,Unknown,,,,0.5748,observational
ASSOCIATED FOOD STORES,REGIONAL & INDEP GROCERY,08-40229-30122,Built Raspberry Bar 1.73oz,30pct_plus,≥30% off,12,0.6318,0.7037,0.194,0.9679,,,,0.3358,1.98,2.57,2023-12-04T00:00:00.000Z,Unknown,,,,0.6318,observational
ASSOCIATED FOOD STORES,REGIONAL & INDEP GROCERY,08-40229-30130,Built Cookies & Cream Bar 1.69oz,0_10pct,<10% off,20,0.1783,0.0962,0.0458,0.2855,,,,0.0678,2.84,2.92,2025-06-23T00:00:00.000Z,Unknown,,,,0.1783,observational
ASSOCIATED FOOD STORES,REGIONAL & INDEP GROCERY,08-40229-30130,Built Cookies & Cream Bar 1.69oz,10_20pct,10–20% off,15,0.2339,0.3312,0.0139,0.3626,,,,0.1433,2.79,2.93,2024-11-04T00:00:00.000Z,Unknown,,,,0.2339,observational
ASSOCIATED FOOD STORES,REGIONAL & INDEP GROCERY,08-40229-30130,Built Cookies & Cream Bar 1.69oz,20_30pct,20–30% off,16,0.4535,0.562,0.212,0.6097,,,,0.2406,2.43,2.91,2025-03-24T00:00:00.000Z,Unknown,,,,0.4535,observational
ASSOCIATED FOOD STORES,REGIONAL & INDEP GROCERY,08-40229-30130,Built Cookies & Cream Bar 1.69oz,30pct_plus,≥30% off,30,0.4805,0.2157,0.0646,0.6514,,,,0.4001,2.23,2.83,2025-11-24T00:00:00.000Z,Unknown,,,,0.4805,observational
ASSOCIATED FOOD STORES,REGIONAL & INDEP GROCERY,08-40229-30143,Built Bar Peanut Butter Brown Br 2.05oz(18pk),0_10pct,<10% off,2,,,,,,,,0.073,2.06,2.12,2024-01-15T00:00:00.000Z,Unknown,,,,,observational
ASSOCIATED FOOD STORES,REGIONAL & INDEP GROCERY,08-40229-30143,Built Bar Peanut Butter Brown Br 2.05oz(18pk),10_20pct,10–20% off,2,,,,,,,,0.147,2.1,2.28,2024-01-22T00:00:00.000Z,Unknown,,,,,observational
ASSOCIATED FOOD STORES,REGIONAL & INDEP GROCERY,08-40229-30143,Built Bar Peanut Butter Brown Br 2.05oz(18pk),20_30pct,20–30% off,11,0.4243,0.4552,0.3351,0.5697,,,,0.2909,2.01,2.6,2024-04-08T00:00:00.000Z,Unknown,,,,0.4243,observational
ASSOCIATED FOOD STORES,REGIONAL & INDEP GROCERY,08-40229-30143,Built Bar Peanut Butter Brown Br 2.05oz(18pk),30pct_plus,≥30% off,13,0.2609,0.1411,0.0889,0.4384,,,,0.3334,2.06,2.46,2024-02-26T00:00:00.000Z,Unknown,,,,0.2609,observational
ASSOCIATED FOOD STORES,REGIONAL & INDEP GROCERY,08-40229-30209,Built Puff Coconut Protein Bar 1.41 Oz (12 Pk),10_20pct,10–20% off,1,,,,,,,,0.1,26.09,28.99,2025-09-29T00:00:00.000Z,Unknown,,,,,observational
ASSOCIATED FOOD STORES,REGIONAL & INDEP GROCERY,08-40229-30209,Built Puff Coconut Protein Bar 1.41 Oz (12 Pk),30pct_plus,≥30% off,1,,,,,,,,0.31,20.0,28.99,2025-04-28T00:00:00.000Z,Unknown,,,,,observational
ASSOCIATED FOOD STORES,REGIONAL & INDEP GROCERY,08-40229-30249,Built Candy Cane Brownie Bar 1.51oz,0_10pct,<10% off,1,,,,,,,,0.075,2.91,2.93,2023-07-31T00:00:00.000Z,Unknown,,,,,observational
ASSOCIATED FOOD STORES,REGIONAL & INDEP GROCERY,08-40229-30249,Built Candy Cane Brownie Bar 1.51oz,20_30pct,20–30% off,4,,,,,,,,0.297,1.96,2.79,2024-04-29T00:00:00.000Z,Unknown,,,,,observational
ASSOCIATED FOOD STORES,REGIONAL & INDEP GROCERY,08-40229-30249,Built Candy Cane Brownie Bar 1.51oz,30pct_plus,≥30% off,11,0.5289,0.2624,0.0742,1.0093,,,,0.5378,2.11,2.93,2024-01-01T00:00:00.000Z,Unknown,,,,0.5289,observational
ASSOCIATED FOOD STORES,REGIONAL & INDEP GROCERY,08-40229-30333,Built Puff Cookie Dough Chunk Protein Bar 1.55 Oz,0_10pct,<10% off,27,0.1068,0.0182,0.0067,0.1783,,,,0.0744,3.03,3.09,2026-03-30T00:00:00.000Z,Unknown,,,,0.1068,observational
ASSOCIATED FOOD STORES,REGIONAL & INDEP GROCERY,08-40229-30333,Built Puff Cookie Dough Chunk Protein Bar 1.55 Oz,10_20pct,10–20% off,29,0.2739,0.2042,0.033,0.3802,,,,0.1353,2.97,3.12,2026-04-13T00:00:00.000Z,Unknown,,,,0.2739,observational
ASSOCIATED FOOD STORES,REGIONAL & INDEP GROCERY,08-40229-30333,Built Puff Cookie Dough Chunk Protein Bar 1.55 Oz,20_30pct,20–30% off,11,0.3358,0.0421,0.0177,0.7744,,,,0.2425,2.74,3.05,2025-12-15T00:00:00.000Z,Unknown,,,,0.3358,observational
ASSOCIATED FOOD STORES,REGIONAL & INDEP GROCERY,08-40229-30333,Built Puff Cookie Dough Chunk Protein Bar 1.55 Oz,30pct_plus,≥30% off,29,1.207,1.1898,0.5179,1.6771,,,,0.3971,2.25,3.06,2026-02-16T00:00:00.000Z,Unknown,,,,1.207,observational
ASSOCIATED FOOD STORES,REGIONAL & INDEP GROCERY,08-40229-30343,Built Puff Smores Chunk Protein Bar 1.52 Oz,0_10pct,<10% off,7,0.0962,0.0216,0.0121,0.0703,,,,0.0629,3.12,3.16,2026-01-26T00:00:00.000Z,Unknown,,,,0.0962,observational
ASSOCIATED FOOD STORES,REGIONAL & INDEP GROCERY,08-40229-30343,Built Puff Smores Chunk Protein Bar 1.52 Oz,10_20pct,10–20% off,9,0.2893,0.1394,0.0704,0.3526,,,,0.127,2.95,3.12,2026-04-06T00:00:00.000Z,Unknown,,,,0.2893,observational
ASSOCIATED FOOD STORES,REGIONAL & INDEP GROCERY,08-40229-30343,Built Puff Smores Chunk Protein Bar 1.52 Oz,20_30pct,20–30% off,1,1.9361,1.9361,1.9361,1.9361,,,,0.286,2.23,3.12,2026-02-16T00:00:00.000Z,Unknown,,,,1.9361,observational
ASSOCIATED FOOD STORES,REGIONAL & INDEP GROCERY,08-40229-30343,Built Puff Smores Chunk Protein Bar 1.52 Oz,30pct_plus,≥30% off,1,2.1418,2.1418,2.1418,2.1418,,,,0.403,1.88,3.12,2026-02-09T00:00:00.000Z,Unknown,,,,2.1418,observational
ASSOCIATED FOOD STORES,REGIONAL & INDEP GROCERY,08-40229-30345,Built Bar White Choc Peppermint Bar,0_10pct,<10% off,2,0.0474,0.0474,0.0474,0.0474,,,,0.081,2.84,2.88,2023-09-25T00:00:00.000Z,Unknown,,,,0.0474,observational
ASSOCIATED FOOD STORES,REGIONAL & INDEP GROCERY,08-40229-30345,Built Bar White Choc Peppermint Bar,20_30pct,20–30% off,2,,,,,,,,0.2735,2.18,2.76,2023-12-18T00:00:00.000Z,Unknown,,,,,observational
ASSOCIATED FOOD STORES,REGIONAL & INDEP GROCERY,08-40229-30345,Built Bar White Choc Peppermint Bar,30pct_plus,≥30% off,7,0.2729,0.2729,0.1507,0.3952,,,,0.4421,2.42,2.9,2024-02-05T00:00:00.000Z,Unknown,,,,0.2729,observational
ASSOCIATED FOOD STORES,REGIONAL & INDEP GROCERY,08-40229-30354,Built Maple Donut Puff 1.41oz,0_10pct,<10% off,11,0.1274,0.0666,0.029,0.155,,,,0.0705,2.85,2.9,2024-07-01T00:00:00.000Z,Unknown,,,,0.1274,observational
ASSOCIATED FOOD STORES,REGIONAL & INDEP GROCERY,08-40229-30354,Built Maple Donut Puff 1.41oz,10_20pct,10–20% off,3,0.0486,0.0486,0.0301,0.0671,,,,0.126,2.96,3.0,2025-01-20T00:00:00.000Z,Unknown,,,,0.0486,observational
ASSOCIATED FOOD STORES,REGIONAL & INDEP GROCERY,08-40229-30354,Built Maple Donut Puff 1.41oz,20_30pct,20–30% off,2,0.0847,0.0847,0.0847,0.0847,,,,0.2475,2.78,2.89,2025-01-06T00:00:00.000Z,Unknown,,,,0.0847,observational
ASSOCIATED FOOD STORES,REGIONAL & INDEP GROCERY,08-40229-30362,Built Puff Brownie Batter Protein Bar 1.41 Oz,0_10pct,<10% off,46,0.1106,0.0693,0.0096,0.1794,,,,0.0672,3.01,3.06,2026-03-30T00:00:00.000Z,Unknown,,,,0.1106,observational
ASSOCIATED FOOD STORES,REGIONAL & INDEP GROCERY,08-40229-30362,Built Puff Brownie Batter Protein Bar 1.41 Oz,10_20pct,10–20% off,34,0.2484,0.1705,0.0826,0.3934,,,,0.1384,2.86,3.04,2026-04-13T00:00:00.000Z,Unknown,,,,0.2484,observational
ASSOCIATED FOOD STORES,REGIONAL & INDEP GROCERY,08-40229-30362,Built Puff Brownie Batter Protein Bar 1.41 Oz,20_30pct,20–30% off,17,0.3509,0.3118,0.0502,0.545,,,,0.2427,2.61,3.01,2025-11-17T00:00:00.000Z,Unknown,,,,0.3509,observational
ASSOCIATED FOOD STORES,REGIONAL & INDEP GROCERY,08-40229-30362,Built Puff Brownie Batter Protein Bar 1.41 Oz,30pct_plus,≥30% off,28,1.0599,1.2196,0.5033,1.5923,,,,0.4064,2.19,3.06,2026-02-16T00:00:00.000Z,Unknown,,,,1.0599,observational
ASSOCIATED FOOD STORES,REGIONAL & INDEP GROCERY,08-40229-30376,Built Cookies & Cream Bar 1.69oz (4pk),0_10pct,<10% off,4,0.0928,0.0582,0.0455,0.1055,,,,0.0662,10.85,11.01,2024-11-11T00:00:00.000Z,Unknown,,,,0.0928,observational
ASSOCIATED FOOD STORES,REGIONAL & INDEP GROCERY,08-40229-30376,Built Cookies & Cream Bar 1.69oz (4pk),10_20pct,10–20% off,23,0.225,0.1643,0.0696,0.2963,,,,0.1419,9.08,9.63,2024-12-23T00:00:00.000Z,Unknown,,,,0.225,observational
ASSOCIATED FOOD STORES,REGIONAL & INDEP GROCERY,08-40229-30376,Built Cookies & Cream Bar 1.69oz (4pk),20_30pct,20–30% off,47,0.345,0.2664,0.1757,0.4798,,,,0.2345,8.4,10.21,2025-04-14T00:00:00.000Z,Unknown,,,,0.345,observational
ASSOCIATED FOOD STORES,REGIONAL & INDEP GROCERY,08-40229-30376,Built Cookies & Cream Bar 1.69oz (4pk),30pct_plus,≥30% off,4,0.6165,0.6165,0.3136,0.9194,,,,0.3713,8.91,9.78,2025-01-20T00:00:00.000Z,Unknown,,,,0.6165,observational
ASSOCIATED FOOD STORES,REGIONAL & INDEP GROCERY,08-40229-30378,Built Double Chocolate Bar 1.84oz (4pk),0_10pct,<10% off,3,0.0625,0.0625,0.0625,0.0625,,,,0.0687,9.84,9.94,2024-10-21T00:00:00.000Z,Unknown,,,,0.0625,observational
ASSOCIATED FOOD STORES,REGIONAL & INDEP GROCERY,08-40229-30378,Built Double Chocolate Bar 1.84oz (4pk),10_20pct,10–20% off,16,0.2628,0.2555,0.121,0.328,,,,0.1344,8.79,9.42,2025-08-18T00:00:00.000Z,Unknown,,,,0.2628,observational
ASSOCIATED FOOD STORES,REGIONAL & INDEP GROCERY,08-40229-30378,Built Double Chocolate Bar 1.84oz (4pk),20_30pct,20–30% off,54,0.3353,0.2996,0.1504,0.4672,,,,0.2334,8.5,10.18,2025-04-21T00:00:00.000Z,Unknown,,,,0.3353,observational
ASSOCIATED FOOD STORES,REGIONAL & INDEP GROCERY,08-40229-30378,Built Double Chocolate Bar 1.84oz (4pk),30pct_plus,≥30% off,10,0.3946,0.2713,0.0908,0.6318,,,,0.3881,8.43,10.29,2025-06-30T00:00:00.000Z,Unknown,,,,0.3946,observational
ASSOCIATED FOOD STORES,REGIONAL & INDEP GROCERY,08-40229-30380,Built Puff Brownie Batter Protein Bar 1.41 Oz (4 Pk),0_10pct,<10% off,26,0.1292,0.0976,0.014,0.2046,,,,0.0775,10.36,10.72,2026-04-13T00:00:00.000Z,Unknown,,,,0.1292,observational
ASSOCIATED FOOD STORES,REGIONAL & INDEP GROCERY,08-40229-30380,Built Puff Brownie Batter Protein Bar 1.41 Oz (4 Pk),10_20pct,10–20% off,15,0.2007,0.1536,0.0429,0.3114,,,,0.1225,10.08,10.27,2026-03-16T00:00:00.000Z,Unknown,,,,0.2007,observational
ASSOCIATED FOOD STORES,REGIONAL & INDEP GROCERY,08-40229-30380,Built Puff Brownie Batter Protein Bar 1.41 Oz (4 Pk),20_30pct,20–30% off,3,0.7437,0.7429,0.7318,0.7551,,,,0.2253,8.07,10.33,2025-08-25T00:00:00.000Z,Unknown,,,,0.7437,observational
ASSOCIATED FOOD STORES,REGIONAL & INDEP GROCERY,08-40229-30380,Built Puff Brownie Batter Protein Bar 1.41 Oz (4 Pk),30pct_plus,≥30% off,3,0.1889,0.1055,0.0817,0.2544,,,,0.431,10.45,11.32,2025-10-27T00:00:00.000Z,Unknown,,,,0.1889,observational
ASSOCIATED FOOD STORES,REGIONAL & INDEP GROCERY,08-40229-30381,Built Puff Coconut Protein Bar 1.41 Oz (4 Pk),0_10pct,<10% off,38,0.1552,0.139,0.0333,0.2328,,,,0.0755,9.87,10.2,2026-04-06T00:00:00.000Z,Unknown,,,,0.1552,observational
ASSOCIATED FOOD STORES,REGIONAL & INDEP GROCERY,08-40229-30381,Built Puff Coconut Protein Bar 1.41 Oz (4 Pk),10_20pct,10–20% off,39,0.3261,0.2445,0.0228,0.4875,,,,0.1374,9.39,9.81,2026-03-16T00:00:00.000Z,Unknown,,,,0.3261,observational
ASSOCIATED FOOD STORES,REGIONAL & INDEP GROCERY,08-40229-30381,Built Puff Coconut Protein Bar 1.41 Oz (4 Pk),20_30pct,20–30% off,31,0.4255,0.3468,0.147,0.6628,,,,0.2314,9.18,10.86,2025-11-17T00:00:00.000Z,Unknown,,,,0.4255,observational
ASSOCIATED FOOD STORES,REGIONAL & INDEP GROCERY,08-40229-30381,Built Puff Coconut Protein Bar 1.41 Oz (4 Pk),30pct_plus,≥30% off,4,0.0585,0.0331,0.0292,0.0624,,,,0.4558,10.48,10.84,2025-11-03T00:00:00.000Z,Unknown,,,,0.0585,observational
ASSOCIATED FOOD STORES,REGIONAL & INDEP GROCERY,08-40229-30394,Built Puff Candy Cane Brownie Protein Bar 1.51 Oz,0_10pct,<10% off,2,,,,,,,,0.0675,3.16,3.16,2025-11-24T00:00:00.000Z,Unknown,,,,,observational
ASSOCIATED FOOD STORES,REGIONAL & INDEP GROCERY,08-40229-30394,Built Puff Candy Cane Brownie Protein Bar 1.51 Oz,10_20pct,10–20% off,1,,,,,,,,0.1,2.99,3.14,2025-03-24T00:00:00.000Z,Unknown,,,,,observational
ASSOCIATED FOOD STORES,REGIONAL & INDEP GROCERY,08-40229-30394,Built Puff Candy Cane Brownie Protein Bar 1.51 Oz,20_30pct,20–30% off,3,0.2652,0.2652,0.2576,0.2727,,,,0.2597,2.49,2.97,2026-03-09T00:00:00.000Z,Unknown,,,,0.2652,observational
ASSOCIATED FOOD STORES,REGIONAL & INDEP GROCERY,08-40229-30394,Built Puff Candy Cane Brownie Protein Bar 1.51 Oz,30pct_plus,≥30% off,16,0.5372,0.1575,0.0812,0.6939,,,,0.4668,2.04,2.94,2026-03-02T00:00:00.000Z,Unknown,,,,0.5372,observational
ASSOCIATED FOOD STORES,REGIONAL & INDEP GROCERY,08-40229-30432,Built Puff Mint Chip Protein Bar 1.41 Oz,0_10pct,<10% off,19,0.1299,0.0606,0.0129,0.2282,,,,0.0742,3.02,3.1,2026-03-30T00:00:00.000Z,Unknown,,,,0.1299,observational
ASSOCIATED FOOD STORES,REGIONAL & INDEP GROCERY,08-40229-30432,Built Puff Mint Chip Protein Bar 1.41 Oz,10_20pct,10–20% off,32,0.2201,0.19,0.0284,0.3329,,,,0.1437,2.98,3.11,2026-04-13T00:00:00.000Z,Unknown,,,,0.2201,observational
ASSOCIATED FOOD STORES,REGIONAL & INDEP GROCERY,08-40229-30432,Built Puff Mint Chip Protein Bar 1.41 Oz,20_30pct,20–30% off,10,0.292,0.1567,0.0149,0.6345,,,,0.2457,2.71,3.04,2025-12-15T00:00:00.000Z,Unknown,,,,0.292,observational
ASSOCIATED FOOD STORES,REGIONAL & INDEP GROCERY,08-40229-30432,Built Puff Mint Chip Protein Bar 1.41 Oz,30pct_plus,≥30% off,28,1.2113,1.3658,0.4401,1.8356,,,,0.3918,2.22,3.08,2026-02-16T00:00:00.000Z,Unknown,,,,1.2113,observational
ASSOCIATED FOOD STORES,REGIONAL & INDEP GROCERY,08-40229-30449,Built Peanut Butter Puff 1.41oz,0_10pct,<10% off,4,,,,,,,,0.0618,2.9,2.93,2024-09-02T00:00:00.000Z,Unknown,,,,,observational
ASSOCIATED FOOD STORES,REGIONAL & INDEP GROCERY,08-40229-30449,Built Peanut Butter Puff 1.41oz,10_20pct,10–20% off,7,0.0925,0.0525,0.0269,0.0804,,,,0.1613,2.9,2.97,2024-03-18T00:00:00.000Z,Unknown,,,,0.0925,observational
ASSOCIATED FOOD STORES,REGIONAL & INDEP GROCERY,08-40229-30449,Built Peanut Butter Puff 1.41oz,20_30pct,20–30% off,4,0.1396,0.1396,0.105,0.1742,,,,0.2258,2.89,2.98,2025-01-06T00:00:00.000Z,Unknown,,,,0.1396,observational
ASSOCIATED FOOD STORES,REGIONAL & INDEP GROCERY,08-40229-30449,Built Peanut Butter Puff 1.41oz,30pct_plus,≥30% off,2,0.4558,0.4558,0.4534,0.4583,,,,0.425,2.3,2.96,2024-12-23T00:00:00.000Z,Unknown,,,,0.4558,observational
ASSOCIATED FOOD STORES,REGIONAL & INDEP GROCERY,08-40229-30475,Built Puff Mixed Berry Bar 1.41 Oz,0_10pct,<10% off,3,0.2409,0.2409,0.2409,0.2409,,,,0.0723,2.42,2.57,2024-01-29T00:00:00.000Z,Unknown,,,,0.2409,observational
ASSOCIATED FOOD STORES,REGIONAL & INDEP GROCERY,08-40229-30480,Built Animal Cookie Puff 1.41oz,30pct_plus,≥30% off,1,,,,,,,,0.502,1.49,2.99,2024-07-22T00:00:00.000Z,Unknown,,,,,observational
ASSOCIATED FOOD STORES,REGIONAL & INDEP GROCERY,08-40229-30510,Built Puff Pumpkin Cookie Chunk 1.52 Oz,10_20pct,10–20% off,2,,,,,,,,0.122,2.89,3.29,2025-10-20T00:00:00.000Z,Unknown,,,,,observational
ASSOCIATED FOOD STORES,REGIONAL & INDEP GROCERY,08-40229-30510,Built Puff Pumpkin Cookie Chunk 1.52 Oz,30pct_plus,≥30% off,1,,,,,,,,0.493,1.67,3.29,2025-10-06T00:00:00.000Z,Unknown,,,,,observational
ASSOCIATED FOOD STORES,REGIONAL & INDEP GROCERY,08-40229-30514,Built Frozed Sugar Cookie Puff 1.41oz,10_20pct,10–20% off,1,,,,,,,,0.1,2.95,2.99,2023-11-06T00:00:00.000Z,Unknown,,,,,observational
ASSOCIATED FOOD STORES,REGIONAL & INDEP GROCERY,08-40229-30520,Built Smores Chunk Puff 1.5oz,0_10pct,<10% off,1,,,,,,,,0.05,2.84,2.99,2024-03-04T00:00:00.000Z,Unknown,,,,,observational
ASSOCIATED FOOD STORES,REGIONAL & INDEP GROCERY,08-40229-30520,Built Smores Chunk Puff 1.5oz,20_30pct,20–30% off,1,,,,,,,,0.234,2.96,2.99,2024-01-08T00:00:00.000Z,Unknown,,,,,observational
ASSOCIATED FOOD STORES,REGIONAL & INDEP GROCERY,08-40229-30532,Built Red Velvet Creme Puff 1.41oz,10_20pct,10–20% off,1,0.0638,0.0638,0.0638,0.0638,,,,0.157,2.89,2.95,2024-01-01T00:00:00.000Z,Unknown,,,,0.0638,observational
ASSOCIATED FOOD STORES,REGIONAL & INDEP GROCERY,08-40229-30532,Built Red Velvet Creme Puff 1.41oz,20_30pct,20–30% off,1,0.2407,0.2407,0.2407,0.2407,,,,0.24,2.78,2.97,2024-01-08T00:00:00.000Z,Unknown,,,,0.2407,observational
ASSOCIATED FOOD STORES,REGIONAL & INDEP GROCERY,08-40229-30533,Built Cinnamon Roll Puff 1.41oz,10_20pct,10–20% off,5,0.0611,0.0345,0.0297,0.0792,,,,0.1154,2.91,2.95,2024-02-05T00:00:00.000Z,Unknown,,,,0.0611,observational
ASSOCIATED FOOD STORES,REGIONAL & INDEP GROCERY,08-40229-30536,Built Strawberries And Cream Puff 1.41oz,20_30pct,20–30% off,2,,,,,,,,0.234,2.96,2.99,2024-01-08T00:00:00.000Z,Unknown,,,,,observational
ASSOCIATED FOOD STORES,REGIONAL & INDEP GROCERY,08-40229-30550,Built Puff Cookies N Cream Protein Bar 1.41 Oz,0_10pct,<10% off,16,0.0853,0.03,0.0092,0.1193,,,,0.0727,3.07,3.13,2026-01-26T00:00:00.000Z,Unknown,,,,0.0853,observational
ASSOCIATED FOOD STORES,REGIONAL & INDEP GROCERY,08-40229-30550,Built Puff Cookies N Cream Protein Bar 1.41 Oz,10_20pct,10–20% off,20,0.2184,0.1625,0.0985,0.3081,,,,0.1314,2.98,3.14,2026-04-13T00:00:00.000Z,Unknown,,,,0.2184,observational
ASSOCIATED FOOD STORES,REGIONAL & INDEP GROCERY,08-40229-30550,Built Puff Cookies N Cream Protein Bar 1.41 Oz,20_30pct,20–30% off,4,0.1637,0.1436,0.0678,0.2394,,,,0.2535,2.57,2.79,2025-08-25T00:00:00.000Z,Unknown,,,,0.1637,observational
ASSOCIATED FOOD STORES,REGIONAL & INDEP GROCERY,08-40229-30550,Built Puff Cookies N Cream Protein Bar 1.41 Oz,30pct_plus,≥30% off,23,0.8257,0.9467,0.281,1.1507,,,,0.3799,2.14,2.82,2026-02-16T00:00:00.000Z,Unknown,,,,0.8257,observational
ASSOCIATED FOOD STORES,REGIONAL & INDEP GROCERY,08-40229-30558,Built Puff Cookie Dough Chunk Protein Bar 1.55 Oz (4 Pk),0_10pct,<10% off,48,0.1241,0.094,0.0078,0.2269,,,,0.0694,9.54,9.81,2026-04-13T00:00:00.000Z,Unknown,,,,0.1241,observational
ASSOCIATED FOOD STORES,REGIONAL & INDEP GROCERY,08-40229-30558,Built Puff Cookie Dough Chunk Protein Bar 1.55 Oz (4 Pk),10_20pct,10–20% off,16,0.1444,0.0775,0.0065,0.2365,,,,0.1244,10.04,10.27,2026-03-16T00:00:00.000Z,Unknown,,,,0.1444,observational
ASSOCIATED FOOD STORES,REGIONAL & INDEP GROCERY,08-40229-30558,Built Puff Cookie Dough Chunk Protein Bar 1.55 Oz (4 Pk),20_30pct,20–30% off,4,0.6498,0.8215,0.6125,0.8588,,,,0.2475,8.86,10.72,2025-10-27T00:00:00.000Z,Unknown,,,,0.6498,observational
ASSOCIATED FOOD STORES,REGIONAL & INDEP GROCERY,08-40229-30558,Built Puff Cookie Dough Chunk Protein Bar 1.55 Oz (4 Pk),30pct_plus,≥30% off,3,0.1398,0.0514,0.0341,0.2013,,,,0.5147,9.86,10.66,2025-10-20T00:00:00.000Z,Unknown,,,,0.1398,observational
ASSOCIATED FOOD STORES,REGIONAL & INDEP GROCERY,08-40229-30561,Built Bar Puff Peanut Butter Cookie Chunk 1.52 Oz,10_20pct,10–20% off,1,,,,,,,,0.1,2.84,2.99,2025-04-07T00:00:00.000Z,Unknown,,,,,observational
ASSOCIATED FOOD STORES,REGIONAL & INDEP GROCERY,08-40229-30561,Built Bar Puff Peanut Butter Cookie Chunk 1.52 Oz,20_30pct,20–30% off,1,0.4909,0.4909,0.4909,0.4909,,,,0.212,2.63,2.87,2024-07-01T00:00:00.000Z,Unknown,,,,0.4909,observational
ASSOCIATED FOOD STORES,REGIONAL & INDEP GROCERY,08-40229-30561,Built Bar Puff Peanut Butter Cookie Chunk 1.52 Oz,30pct_plus,≥30% off,1,0.037,0.037,0.037,0.037,,,,0.331,2.85,2.99,2024-07-08T00:00:00.000Z,Unknown,,,,0.037,observational
ASSOCIATED FOOD STORES,REGIONAL & INDEP GROCERY,08-40229-30569,Built Puff Chocolate Milkshake Protein Bar 1.41 Oz,0_10pct,<10% off,4,0.3094,0.3094,0.2766,0.3422,,,,0.0772,2.87,2.96,2025-11-17T00:00:00.000Z,Unknown,,,,0.3094,observational
ASSOCIATED FOOD STORES,REGIONAL & INDEP GROCERY,08-40229-30569,Built Puff Chocolate Milkshake Protein Bar 1.41 Oz,10_20pct,10–20% off,4,0.1735,0.1512,0.0861,0.2498,,,,0.1148,2.76,2.93,2026-02-09T00:00:00.000Z,Unknown,,,,0.1735,observational
ASSOCIATED FOOD STORES,REGIONAL & INDEP GROCERY,08-40229-30569,Built Puff Chocolate Milkshake Protein Bar 1.41 Oz,20_30pct,20–30% off,3,0.3657,0.3657,0.3616,0.3697,,,,0.2417,2.71,3.0,2025-09-15T00:00:00.000Z,Unknown,,,,0.3657,observational
ASSOCIATED FOOD STORES,REGIONAL & INDEP GROCERY,08-40229-30569,Built Puff Chocolate Milkshake Protein Bar 1.41 Oz,30pct_plus,≥30% off,14,0.4161,0.324,0.2124,0.5179,,,,0.387,2.44,3.01,2026-01-19T00:00:00.000Z,Unknown,,,,0.4161,observational
ASSOCIATED FOOD STORES,REGIONAL & INDEP GROCERY,08-40229-30571,Built Puff Mint Chip Protein Bar 1.41 Oz (4 Pk),0_10pct,<10% off,24,0.1265,0.0733,0.0289,0.1814,,,,0.0742,10.16,10.47,2026-04-06T00:00:00.000Z,Unknown,,,,0.1265,observational
ASSOCIATED FOOD STORES,REGIONAL & INDEP GROCERY,08-40229-30571,Built Puff Mint Chip Protein Bar 1.41 Oz (4 Pk),10_20pct,10–20% off,11,0.1639,0.125,0.0256,0.2018,,,,0.1168,9.22,9.57,2026-01-19T00:00:00.000Z,Unknown,,,,0.1639,observational
ASSOCIATED FOOD STORES,REGIONAL & INDEP GROCERY,08-40229-30571,Built Puff Mint Chip Protein Bar 1.41 Oz (4 Pk),20_30pct,20–30% off,7,0.3431,0.4804,0.0269,0.5505,,,,0.2361,9.96,10.97,2026-01-12T00:00:00.000Z,Unknown,,,,0.3431,observational
ASSOCIATED FOOD STORES,REGIONAL & INDEP GROCERY,08-40229-30571,Built Puff Mint Chip Protein Bar 1.41 Oz (4 Pk),30pct_plus,≥30% off,2,0.2093,0.2093,0.2093,0.2093,,,,0.3905,10.72,11.16,2025-10-13T00:00:00.000Z,Unknown,,,,0.2093,observational
ASSOCIATED FOOD STORES,REGIONAL & INDEP GROCERY,08-40229-30573,Built Puff Strawberries N Cream Protein Bar 1.41 Oz,0_10pct,<10% off,15,0.1202,0.0445,0.0086,0.2423,,,,0.0662,2.96,3.0,2026-02-23T00:00:00.000Z,Unknown,,,,0.1202,observational
ASSOCIATED FOOD STORES,REGIONAL & INDEP GROCERY,08-40229-30573,Built Puff Strawberries N Cream Protein Bar 1.41 Oz,10_20pct,10–20% off,21,0.1325,0.064,0.0101,0.1466,,,,0.1285,2.93,3.05,2026-04-13T00:00:00.000Z,Unknown,,,,0.1325,observational
ASSOCIATED FOOD STORES,REGIONAL & INDEP GROCERY,08-40229-30573,Built Puff Strawberries N Cream Protein Bar 1.41 Oz,20_30pct,20–30% off,3,0.088,0.088,0.0794,0.0965,,,,0.254,2.62,2.86,2025-08-18T00:00:00.000Z,Unknown,,,,0.088,observational
ASSOCIATED FOOD STORES,REGIONAL & INDEP GROCERY,08-40229-30573,Built Puff Strawberries N Cream Protein Bar 1.41 Oz,30pct_plus,≥30% off,15,0.7073,0.5367,0.2402,0.9868,,,,0.3652,2.57,2.98,2026-02-16T00:00:00.000Z,Unknown,,,,0.7073,observational
ASSOCIATED FOOD STORES,REGIONAL & INDEP GROCERY,08-40229-30615,Built Puff Chocolatey Hazelnut  1.41oz,0_10pct,<10% off,1,,,,,,,,0.094,3.24,3.27,2026-01-05T00:00:00.000Z,Unknown,,,,,observational
ASSOCIATED FOOD STORES,REGIONAL & INDEP GROCERY,08-40229-30615,Built Puff Chocolatey Hazelnut  1.41oz,10_20pct,10–20% off,3,0.0864,0.0864,0.0864,0.0864,,,,0.129,3.09,3.25,2026-02-02T00:00:00.000Z,Unknown,,,,0.0864,observational
ASSOCIATED FOOD STORES,REGIONAL & INDEP GROCERY,08-40229-30615,Built Puff Chocolatey Hazelnut  1.41oz,20_30pct,20–30% off,1,0.6138,0.6138,0.6138,0.6138,,,,0.245,2.48,3.29,2026-02-09T00:00:00.000Z,Unknown,,,,0.6138,observational
ASSOCIATED FOOD STORES,REGIONAL & INDEP GROCERY,08-40229-30615,Built Puff Chocolatey Hazelnut  1.41oz,30pct_plus,≥30% off,11,0.5819,0.6858,0.2447,0.9104,,,,0.4516,2.37,3.26,2026-03-23T00:00:00.000Z,Unknown,,,,0.5819,observational
ASSOCIATED FOOD STORES,REGIONAL & INDEP GROCERY,08-40229-30642,Built Puff Peanut Butter Protein Bar 1.41 Oz,0_10pct,<10% off,10,0.1893,0.0612,0.0092,0.2362,,,,0.0674,3.01,3.08,2026-04-13T00:00:00.000Z,Unknown,,,,0.1893,observational
ASSOCIATED FOOD STORES,REGIONAL & INDEP GROCERY,08-40229-30642,Built Puff Peanut Butter Protein Bar 1.41 Oz,10_20pct,10–20% off,10,0.2119,0.1022,0.0749,0.3025,,,,0.1359,2.86,3.0,2026-04-06T00:00:00.000Z,Unknown,,,,0.2119,observational
ASSOCIATED FOOD STORES,REGIONAL & INDEP GROCERY,08-40229-30642,Built Puff Peanut Butter Protein Bar 1.41 Oz,30pct_plus,≥30% off,4,0.9313,0.9117,0.3252,1.5179,,,,0.3455,2.02,2.91,2026-02-16T00:00:00.000Z,Unknown,,,,0.9313,observational
ASSOCIATED FOOD STORES,REGIONAL & INDEP GROCERY,08-40229-30651,Built Protein Bar Puff Sour Peach 1.45 Oz,0_10pct,<10% off,3,0.3125,0.3698,0.2744,0.3792,,,,0.0867,2.91,3.1,2026-03-30T00:00:00.000Z,Unknown,,,,0.3125,observational
ASSOCIATED FOOD STORES,REGIONAL & INDEP GROCERY,08-40229-30651,Built Protein Bar Puff Sour Peach 1.45 Oz,10_20pct,10–20% off,9,0.1666,0.0942,0.0342,0.1971,,,,0.1206,2.97,3.16,2026-04-13T00:00:00.000Z,Unknown,,,,0.1666,observational
ASSOCIATED FOOD STORES,REGIONAL & INDEP GROCERY,08-40229-30651,Built Protein Bar Puff Sour Peach 1.45 Oz,30pct_plus,≥30% off,3,0.4811,0.4811,0.4804,0.4819,,,,0.3793,1.96,3.1,2026-02-16T00:00:00.000Z,Unknown,,,,0.4811,observational
ASSOCIATED FOOD STORES,REGIONAL & INDEP GROCERY,08-40229-30653,Built Puff Sour Blu Razz Blast Bar 1.45 Oz,0_10pct,<10% off,5,0.2154,0.2067,0.1321,0.2364,,,,0.078,3.0,3.14,2026-03-30T00:00:00.000Z,Unknown,,,,0.2154,observational
ASSOCIATED FOOD STORES,REGIONAL & INDEP GROCERY,08-40229-30653,Built Puff Sour Blu Razz Blast Bar 1.45 Oz,10_20pct,10–20% off,8,0.2258,0.1218,0.0783,0.3164,,,,0.1252,2.95,3.17,2026-04-06T00:00:00.000Z,Unknown,,,,0.2258,observational
ASSOCIATED FOOD STORES,REGIONAL & INDEP GROCERY,08-40229-30653,Built Puff Sour Blu Razz Blast Bar 1.45 Oz,20_30pct,20–30% off,1,1.1493,1.1493,1.1493,1.1493,,,,0.292,2.19,3.05,2026-02-16T00:00:00.000Z,Unknown,,,,1.1493,observational
ASSOCIATED FOOD STORES,REGIONAL & INDEP GROCERY,08-40229-30653,Built Puff Sour Blu Razz Blast Bar 1.45 Oz,30pct_plus,≥30% off,2,0.7969,0.7969,0.7969,0.7969,,,,0.435,1.82,3.18,2026-02-09T00:00:00.000Z,Unknown,,,,0.7969,observational
ASSOCIATED FOOD STORES,REGIONAL & INDEP GROCERY,08-40229-30655,Built Puff Sour Green Apple Crush Bar 1.45 Oz,0_10pct,<10% off,4,0.2573,0.2298,0.18,0.3071,,,,0.0932,2.96,3.09,2026-03-30T00:00:00.000Z,Unknown,,,,0.2573,observational
ASSOCIATED FOOD STORES,REGIONAL & INDEP GROCERY,08-40229-30655,Built Puff Sour Green Apple Crush Bar 1.45 Oz,10_20pct,10–20% off,8,0.2223,0.1547,0.0875,0.2829,,,,0.117,2.94,3.15,2026-04-13T00:00:00.000Z,Unknown,,,,0.2223,observational
ASSOCIATED FOOD STORES,REGIONAL & INDEP GROCERY,08-40229-30655,Built Puff Sour Green Apple Crush Bar 1.45 Oz,20_30pct,20–30% off,1,1.2653,1.2653,1.2653,1.2653,,,,0.267,2.19,2.93,2026-02-16T00:00:00.000Z,Unknown,,,,1.2653,observational
ASSOCIATED FOOD STORES,REGIONAL & INDEP GROCERY,08-40229-30655,Built Puff Sour Green Apple Crush Bar 1.45 Oz,30pct_plus,≥30% off,2,0.6739,0.6739,0.6739,0.6739,,,,0.431,1.82,3.18,2026-02-09T00:00:00.000Z,Unknown,,,,0.6739,observational
ASSOCIATED GROCERS OF NEW ENGLAND,REGIONAL & INDEP GROCERY,08-40229-30037,Built Puff Coconut Protein Bar 1.41 Oz,0_10pct,<10% off,5,,,,,,,,0.0568,2.53,2.65,2026-02-02T00:00:00.000Z,Unknown,,,,,observational
ASSOCIATED GROCERS OF NEW ENGLAND,REGIONAL & INDEP GROCERY,08-40229-30037,Built Puff Coconut Protein Bar 1.41 Oz,10_20pct,10–20% off,3,,,,,,,,0.1273,2.73,2.99,2026-04-13T00:00:00.000Z,Unknown,,,,,observational
ASSOCIATED GROCERS OF NEW ENGLAND,REGIONAL & INDEP GROCERY,08-40229-30333,Built Puff Cookie Dough Chunk Protein Bar 1.55 Oz,0_10pct,<10% off,19,0.6624,0.6667,0.3218,0.8349,,,,0.0701,2.62,2.78,2026-02-09T00:00:00.000Z,Unknown,,,,0.6624,observational
ASSOCIATED GROCERS OF NEW ENGLAND,REGIONAL & INDEP GROCERY,08-40229-30333,Built Puff Cookie Dough Chunk Protein Bar 1.55 Oz,10_20pct,10–20% off,19,0.4715,0.2838,0.1963,0.5972,,,,0.1251,2.54,2.75,2026-01-19T00:00:00.000Z,Unknown,,,,0.4715,observational
ASSOCIATED GROCERS OF NEW ENGLAND,REGIONAL & INDEP GROCERY,08-40229-30333,Built Puff Cookie Dough Chunk Protein Bar 1.55 Oz,20_30pct,20–30% off,3,1.037,1.037,1.037,1.037,,,,0.201,2.58,2.82,2026-03-23T00:00:00.000Z,Unknown,,,,1.037,observational
ASSOCIATED GROCERS OF NEW ENGLAND,REGIONAL & INDEP GROCERY,08-40229-30333,Built Puff Cookie Dough Chunk Protein Bar 1.55 Oz,30pct_plus,≥30% off,1,0.2745,0.2745,0.2745,0.2745,,,,0.388,2.44,2.83,2025-05-19T00:00:00.000Z,Unknown,,,,0.2745,observational
ASSOCIATED GROCERS OF NEW ENGLAND,REGIONAL & INDEP GROCERY,08-40229-30362,Built Puff Brownie Batter Protein Bar 1.41 Oz,0_10pct,<10% off,23,0.3019,0.1337,0.1205,0.2983,,,,0.0715,2.6,2.72,2026-04-13T00:00:00.000Z,Unknown,,,,0.3019,observational
ASSOCIATED GROCERS OF NEW ENGLAND,REGIONAL & INDEP GROCERY,08-40229-30362,Built Puff Brownie Batter Protein Bar 1.41 Oz,10_20pct,10–20% off,23,0.4219,0.3636,0.2714,0.5345,,,,0.119,2.49,2.7,2026-04-06T00:00:00.000Z,Unknown,,,,0.4219,observational
ASSOCIATED GROCERS OF NEW ENGLAND,REGIONAL & INDEP GROCERY,08-40229-30362,Built Puff Brownie Batter Protein Bar 1.41 Oz,20_30pct,20–30% off,2,,,,,,,,0.201,2.45,2.69,2024-10-14T00:00:00.000Z,Unknown,,,,,observational
ASSOCIATED GROCERS OF NEW ENGLAND,REGIONAL & INDEP GROCERY,08-40229-30380,Built Puff Brownie Batter Protein Bar 1.41 Oz (4 Pk),0_10pct,<10% off,1,,,,,,,,0.058,9.79,10.39,2025-04-14T00:00:00.000Z,Unknown,,,,,observational
ASSOCIATED GROCERS OF NEW ENGLAND,REGIONAL & INDEP GROCERY,08-40229-30380,Built Puff Brownie Batter Protein Bar 1.41 Oz (4 Pk),20_30pct,20–30% off,5,,,,,,,,0.2,8.33,10.41,2025-07-14T00:00:00.000Z,Unknown,,,,,observational
ASSOCIATED GROCERS OF NEW ENGLAND,REGIONAL & INDEP GROCERY,08-40229-30381,Built Puff Coconut Protein Bar 1.41 Oz (4 Pk),10_20pct,10–20% off,3,,,,,,,,0.131,9.03,10.39,2025-06-30T00:00:00.000Z,Unknown,,,,,observational
ASSOCIATED GROCERS OF NEW ENGLAND,REGIONAL & INDEP GROCERY,08-40229-30381,Built Puff Coconut Protein Bar 1.41 Oz (4 Pk),20_30pct,20–30% off,4,,,,,,,,0.2,8.33,10.42,2026-01-05T00:00:00.000Z,Unknown,,,,,observational
ASSOCIATED GROCERS OF NEW ENGLAND,REGIONAL & INDEP GROCERY,08-40229-30432,Built Puff Mint Chip Protein Bar 1.41 Oz,0_10pct,<10% off,1,,,,,,,,0.069,2.33,2.5,2025-05-26T00:00:00.000Z,Unknown,,,,,observational
ASSOCIATED GROCERS OF NEW ENGLAND,REGIONAL & INDEP GROCERY,08-40229-30432,Built Puff Mint Chip Protein Bar 1.41 Oz,10_20pct,10–20% off,1,,,,,,,,0.172,2.07,2.5,2025-06-09T00:00:00.000Z,Unknown,,,,,observational
ASSOCIATED GROCERS OF NEW ENGLAND,REGIONAL & INDEP GROCERY,08-40229-30569,Built Puff Chocolate Milkshake Protein Bar 1.41 Oz,0_10pct,<10% off,1,,,,,,,,0.066,2.42,2.59,2025-05-26T00:00:00.000Z,Unknown,,,,,observational
ASSOCIATED GROCERS OF NEW ENGLAND,REGIONAL & INDEP GROCERY,08-40229-30569,Built Puff Chocolate Milkshake Protein Bar 1.41 Oz,10_20pct,10–20% off,1,,,,,,,,0.12,2.54,2.69,2025-07-28T00:00:00.000Z,Unknown,,,,,observational
ASSOCIATED GROCERS OF NEW ENGLAND,REGIONAL & INDEP GROCERY,08-40229-30569,Built Puff Chocolate Milkshake Protein Bar 1.41 Oz,20_30pct,20–30% off,1,,,,,,,,0.201,2.07,2.59,2025-06-16T00:00:00.000Z,Unknown,,,,,observational
ASSOCIATED GROCERS OF NEW ENGLAND,REGIONAL & INDEP GROCERY,08-40229-30573,Built Puff Strawberries N Cream Protein Bar 1.41 Oz,0_10pct,<10% off,1,,,,,,,,0.063,2.33,2.49,2025-05-26T00:00:00.000Z,Unknown,,,,,observational
ASSOCIATED WHOLESALE GROCERS,CONVENTIONAL|FOOD,08-40229-30034,Built Puff Salted Caramel Protein Bar 1.41 Oz,0_10pct,<10% off,13,0.1751,0.1436,0.1111,0.2181,70.2077,52.775,23.52,0.073,2.88,2.96,2026-04-13T00:00:00.000Z,Display,-62.07,ROBUST,1.0,-62.07,causal_robust
ASSOCIATED WHOLESALE GROCERS,CONVENTIONAL|FOOD,08-40229-30034,Built Puff Salted Caramel Protein Bar 1.41 Oz,10_20pct,10–20% off,40,0.2564,0.2409,0.1184,0.2995,3071.7175,84.0314,170.0643,0.1498,2.74,2.92,2026-03-30T00:00:00.000Z,TPR,-62.07,ROBUST,1.0,-62.07,causal_robust
ASSOCIATED WHOLESALE GROCERS,CONVENTIONAL|FOOD,08-40229-30034,Built Puff Salted Caramel Protein Bar 1.41 Oz,20_30pct,20–30% off,9,0.544,0.5659,0.2689,0.747,72.3444,153.15,227.86,0.2258,2.41,2.82,2026-01-19T00:00:00.000Z,Feature,-62.07,ROBUST,1.0,-62.07,causal_robust
ASSOCIATED WHOLESALE GROCERS,CONVENTIONAL|FOOD,08-40229-30034,Built Puff Salted Caramel Protein Bar 1.41 Oz,30pct_plus,≥30% off,4,0.4198,0.3278,0.2331,0.5145,55.325,312.3,89.0,0.367,2.24,2.88,2025-08-18T00:00:00.000Z,TPR,-62.07,ROBUST,1.0,-62.07,causal_robust
ASSOCIATED WHOLESALE GROCERS,CONVENTIONAL|FOOD,08-40229-30034,Built Puff Salted Caramel Protein Bar 1.41 Oz,no_promo,No price reduction,1,0.0172,0.0172,0.0172,0.0172,,56.9,,0.0,2.94,2.94,2025-03-03T00:00:00.000Z,Display,-62.07,ROBUST,1.0,-62.07,causal_robust
ASSOCIATED WHOLESALE GROCERS,CONVENTIONAL|FOOD,08-40229-30037,Built Puff Coconut Protein Bar 1.41 Oz,0_10pct,<10% off,49,0.2032,0.1587,0.0694,0.3132,57.9333,91.9704,70.0308,0.0731,2.85,2.93,2026-03-30T00:00:00.000Z,TPR,,,,0.2032,observational
ASSOCIATED WHOLESALE GROCERS,CONVENTIONAL|FOOD,08-40229-30037,Built Puff Coconut Protein Bar 1.41 Oz,10_20pct,10–20% off,43,0.3825,0.3544,0.1938,0.5495,70.9805,117.46,217.9056,0.1407,2.72,2.94,2026-04-13T00:00:00.000Z,TPR,,,,0.3825,observational
ASSOCIATED WHOLESALE GROCERS,CONVENTIONAL|FOOD,08-40229-30037,Built Puff Coconut Protein Bar 1.41 Oz,20_30pct,20–30% off,6,0.4619,0.4196,0.3709,0.4934,90.55,124.4,118.4,0.2427,2.67,3.04,2025-06-16T00:00:00.000Z,Display,,,,0.4619,observational
ASSOCIATED WHOLESALE GROCERS,CONVENTIONAL|FOOD,08-40229-30037,Built Puff Coconut Protein Bar 1.41 Oz,30pct_plus,≥30% off,8,1.9497,1.255,0.5422,3.5141,242.4333,507.1,,0.3641,2.55,3.34,2025-08-18T00:00:00.000Z,TPR,,,,1.9497,observational
ASSOCIATED WHOLESALE GROCERS,CONVENTIONAL|FOOD,08-40229-30037,Built Puff Coconut Protein Bar 1.41 Oz,no_promo,No price reduction,5,0.6338,0.5304,0.3816,0.7584,,271.16,,0.0,3.38,3.38,2024-03-11T00:00:00.000Z,Display,,,,0.6338,observational
ASSOCIATED WHOLESALE GROCERS,CONVENTIONAL|FOOD,08-40229-30050,Built Puff Churro Protein Bar 1.41 Oz,0_10pct,<10% off,27,0.0924,0.0626,0.0336,0.1104,41.8346,106.6455,81.2667,0.0744,2.85,2.9,2026-04-13T00:00:00.000Z,TPR,,,,0.0924,observational
ASSOCIATED WHOLESALE GROCERS,CONVENTIONAL|FOOD,08-40229-30050,Built Puff Churro Protein Bar 1.41 Oz,10_20pct,10–20% off,48,0.3365,0.2536,0.1163,0.5196,66.9174,111.5,140.2857,0.1402,2.73,2.92,2026-03-23T00:00:00.000Z,TPR,,,,0.3365,observational
ASSOCIATED WHOLESALE GROCERS,CONVENTIONAL|FOOD,08-40229-30050,Built Puff Churro Protein Bar 1.41 Oz,20_30pct,20–30% off,17,0.2183,0.1274,0.0433,0.4291,74.3471,144.4,93.2333,0.2552,2.58,2.87,2026-04-06T00:00:00.000Z,TPR,,,,0.2183,observational
ASSOCIATED WHOLESALE GROCERS,CONVENTIONAL|FOOD,08-40229-30050,Built Puff Churro Protein Bar 1.41 Oz,30pct_plus,≥30% off,14,0.3387,0.119,0.0328,0.6503,97.0,,,0.4054,2.41,2.87,2025-03-03T00:00:00.000Z,TPR,,,,0.3387,observational
ASSOCIATED WHOLESALE GROCERS,CONVENTIONAL|FOOD,08-40229-30050,Built Puff Churro Protein Bar 1.41 Oz,no_promo,No price reduction,1,0.1334,0.1334,0.1334,0.1334,,71.0,,0.0,2.91,2.91,2024-11-04T00:00:00.000Z,Display,,,,0.1334,observational
ASSOCIATED WHOLESALE GROCERS,CONVENTIONAL|FOOD,08-40229-30071,Built Double Chocolate Fudge Bar 1.69oz,0_10pct,<10% off,16,0.6041,0.3277,0.2305,0.5558,135.1267,,0.0,0.0709,2.75,2.89,2025-04-14T00:00:00.000Z,TPR,,,,0.6041,observational
ASSOCIATED WHOLESALE GROCERS,CONVENTIONAL|FOOD,08-40229-30071,Built Double Chocolate Fudge Bar 1.69oz,10_20pct,10–20% off,10,0.4784,0.3379,0.1146,0.7216,184.52,,,0.1062,2.48,2.63,2025-06-02T00:00:00.000Z,TPR,,,,0.4784,observational
ASSOCIATED WHOLESALE GROCERS,CONVENTIONAL|FOOD,08-40229-30071,Built Double Chocolate Fudge Bar 1.69oz,20_30pct,20–30% off,3,0.2112,0.2247,0.1393,0.2898,56.9333,,,0.2193,2.45,2.84,2025-04-07T00:00:00.000Z,TPR,,,,0.2112,observational
ASSOCIATED WHOLESALE GROCERS,CONVENTIONAL|FOOD,08-40229-30071,Built Double Chocolate Fudge Bar 1.69oz,30pct_plus,≥30% off,8,2.052,0.7377,0.2738,4.0256,249.2,,,0.5968,1.15,2.25,2025-07-07T00:00:00.000Z,TPR,,,,2.052,observational
ASSOCIATED WHOLESALE GROCERS,CONVENTIONAL|FOOD,08-40229-30099,Built Coconut Bar 1.69oz,0_10pct,<10% off,13,0.0907,0.0708,0.0084,0.0995,65.6077,348.0,,0.0794,2.84,2.87,2024-10-28T00:00:00.000Z,TPR,,,,0.0907,observational
ASSOCIATED WHOLESALE GROCERS,CONVENTIONAL|FOOD,08-40229-30099,Built Coconut Bar 1.69oz,10_20pct,10–20% off,20,0.7101,0.495,0.3402,1.2968,75.64,296.4,,0.1484,2.51,2.8,2024-10-14T00:00:00.000Z,TPR,,,,0.7101,observational
ASSOCIATED WHOLESALE GROCERS,CONVENTIONAL|FOOD,08-40229-30099,Built Coconut Bar 1.69oz,20_30pct,20–30% off,15,0.7022,0.6822,0.1685,1.0145,77.5333,,,0.2403,2.47,2.87,2024-12-02T00:00:00.000Z,TPR,,,,0.7022,observational
ASSOCIATED WHOLESALE GROCERS,CONVENTIONAL|FOOD,08-40229-30099,Built Coconut Bar 1.69oz,30pct_plus,≥30% off,8,1.6896,1.5931,1.4189,1.6454,262.0625,,,0.6024,1.18,2.52,2025-01-13T00:00:00.000Z,TPR,,,,1.6896,observational
ASSOCIATED WHOLESALE GROCERS,CONVENTIONAL|FOOD,08-40229-30119,Built Satled Caramel Bar 1.69oz,0_10pct,<10% off,13,0.1146,0.0516,0.0087,0.1184,25.0769,160.6,,0.0752,2.82,2.86,2025-03-17T00:00:00.000Z,TPR,,,,0.1146,observational
ASSOCIATED WHOLESALE GROCERS,CONVENTIONAL|FOOD,08-40229-30119,Built Satled Caramel Bar 1.69oz,10_20pct,10–20% off,47,0.2623,0.2278,0.0255,0.472,58.4723,123.8,28.8,0.1421,2.7,2.88,2025-04-21T00:00:00.000Z,TPR,,,,0.2623,observational
ASSOCIATED WHOLESALE GROCERS,CONVENTIONAL|FOOD,08-40229-30119,Built Satled Caramel Bar 1.69oz,20_30pct,20–30% off,14,0.2713,0.1936,0.0653,0.4844,108.4,,82.05,0.2733,2.64,2.98,2025-05-05T00:00:00.000Z,TPR,,,,0.2713,observational
ASSOCIATED WHOLESALE GROCERS,CONVENTIONAL|FOOD,08-40229-30119,Built Satled Caramel Bar 1.69oz,30pct_plus,≥30% off,13,0.4692,0.4794,0.2213,0.6125,316.0769,1105.0,,0.4515,2.23,2.88,2025-07-14T00:00:00.000Z,TPR,,,,0.4692,observational
ASSOCIATED WHOLESALE GROCERS,CONVENTIONAL|FOOD,08-40229-30119,Built Satled Caramel Bar 1.69oz,no_promo,No price reduction,2,0.012,0.012,0.0119,0.0121,,48.5,,0.0,2.87,2.87,2023-08-14T00:00:00.000Z,Display,,,,0.012,observational
ASSOCIATED WHOLESALE GROCERS,CONVENTIONAL|FOOD,08-40229-30130,Built Cookies & Cream Bar 1.69oz,0_10pct,<10% off,21,0.1554,0.1188,0.0441,0.1928,54.13,,0.0,0.0756,2.96,3.03,2025-02-24T00:00:00.000Z,TPR,,,,0.1554,observational
ASSOCIATED WHOLESALE GROCERS,CONVENTIONAL|FOOD,08-40229-30130,Built Cookies & Cream Bar 1.69oz,10_20pct,10–20% off,27,0.4342,0.2216,0.0852,0.7327,82.9407,,0.0,0.1451,2.78,2.97,2025-05-12T00:00:00.000Z,TPR,,,,0.4342,observational
ASSOCIATED WHOLESALE GROCERS,CONVENTIONAL|FOOD,08-40229-30130,Built Cookies & Cream Bar 1.69oz,20_30pct,20–30% off,12,0.7163,0.5991,0.2599,0.9801,118.6833,,,0.2608,2.37,2.88,2025-06-02T00:00:00.000Z,TPR,,,,0.7163,observational
ASSOCIATED WHOLESALE GROCERS,CONVENTIONAL|FOOD,08-40229-30130,Built Cookies & Cream Bar 1.69oz,30pct_plus,≥30% off,14,0.8894,0.4895,0.084,0.9834,292.8714,,,0.5666,2.04,2.98,2025-06-30T00:00:00.000Z,TPR,,,,0.8894,observational
ASSOCIATED WHOLESALE GROCERS,CONVENTIONAL|FOOD,08-40229-30333,Built Puff Cookie Dough Chunk Protein Bar 1.55 Oz,0_10pct,<10% off,40,0.118,0.0901,0.0322,0.163,84.3231,76.3154,29.8714,0.0631,2.85,2.89,2025-12-22T00:00:00.000Z,TPR,,,,0.118,observational
ASSOCIATED WHOLESALE GROCERS,CONVENTIONAL|FOOD,08-40229-30333,Built Puff Cookie Dough Chunk Protein Bar 1.55 Oz,10_20pct,10–20% off,44,0.3975,0.367,0.1239,0.5327,79.1409,97.4571,82.4429,0.1504,2.66,2.9,2026-04-13T00:00:00.000Z,Display,,,,0.3975,observational
ASSOCIATED WHOLESALE GROCERS,CONVENTIONAL|FOOD,08-40229-30333,Built Puff Cookie Dough Chunk Protein Bar 1.55 Oz,20_30pct,20–30% off,23,0.4992,0.4784,0.2318,0.6453,122.0739,131.7421,223.2571,0.2503,2.42,2.86,2026-03-16T00:00:00.000Z,TPR,,,,0.4992,observational
ASSOCIATED WHOLESALE GROCERS,CONVENTIONAL|FOOD,08-40229-30333,Built Puff Cookie Dough Chunk Protein Bar 1.55 Oz,30pct_plus,≥30% off,6,0.3029,0.1855,0.053,0.4914,90.7833,126.375,103.0,0.3533,2.55,2.94,2026-03-23T00:00:00.000Z,TPR,,,,0.3029,observational
ASSOCIATED WHOLESALE GROCERS,CONVENTIONAL|FOOD,08-40229-30333,Built Puff Cookie Dough Chunk Protein Bar 1.55 Oz,no_promo,No price reduction,3,0.0339,0.0354,0.0257,0.0428,,57.7,,0.0,2.8,2.8,2024-03-25T00:00:00.000Z,Display,,,,0.0339,observational
ASSOCIATED WHOLESALE GROCERS,CONVENTIONAL|FOOD,08-40229-30362,Built Puff Brownie Batter Protein Bar 1.41 Oz,0_10pct,<10% off,39,0.1953,0.1327,0.0615,0.2744,48.9077,77.1143,73.5231,0.0712,2.83,2.89,2026-03-30T00:00:00.000Z,TPR,,,,0.1953,observational
ASSOCIATED WHOLESALE GROCERS,CONVENTIONAL|FOOD,08-40229-30362,Built Puff Brownie Batter Protein Bar 1.41 Oz,10_20pct,10–20% off,83,0.2537,0.1886,0.0616,0.4009,58.8938,120.0559,157.4737,0.141,2.74,2.9,2026-04-13T00:00:00.000Z,TPR,,,,0.2537,observational
ASSOCIATED WHOLESALE GROCERS,CONVENTIONAL|FOOD,08-40229-30362,Built Puff Brownie Batter Protein Bar 1.41 Oz,20_30pct,20–30% off,16,0.2532,0.2929,0.0367,0.3956,73.7062,98.725,121.2,0.2584,2.59,2.92,2025-06-16T00:00:00.000Z,TPR,,,,0.2532,observational
ASSOCIATED WHOLESALE GROCERS,CONVENTIONAL|FOOD,08-40229-30362,Built Puff Brownie Batter Protein Bar 1.41 Oz,30pct_plus,≥30% off,4,0.2135,0.1659,0.0597,0.3197,136.725,158.8,,0.5728,2.52,2.88,2025-08-18T00:00:00.000Z,TPR,,,,0.2135,observational
ASSOCIATED WHOLESALE GROCERS,CONVENTIONAL|FOOD,08-40229-30376,Built Cookies & Cream Bar 1.69oz (4pk),0_10pct,<10% off,23,0.1636,0.1017,0.0403,0.2166,27.5,,,0.0796,10.35,10.74,2024-10-21T00:00:00.000Z,TPR,,,,0.1636,observational
ASSOCIATED WHOLESALE GROCERS,CONVENTIONAL|FOOD,08-40229-30376,Built Cookies & Cream Bar 1.69oz (4pk),10_20pct,10–20% off,13,0.2342,0.2714,0.0747,0.3455,29.9385,,,0.1335,9.32,10.31,2024-11-04T00:00:00.000Z,TPR,,,,0.2342,observational
ASSOCIATED WHOLESALE GROCERS,CONVENTIONAL|FOOD,08-40229-30376,Built Cookies & Cream Bar 1.69oz (4pk),20_30pct,20–30% off,7,0.3971,0.463,0.1958,0.5261,80.0429,,,0.2376,8.86,10.34,2024-12-02T00:00:00.000Z,TPR,,,,0.3971,observational
ASSOCIATED WHOLESALE GROCERS,CONVENTIONAL|FOOD,08-40229-30376,Built Cookies & Cream Bar 1.69oz (4pk),30pct_plus,≥30% off,7,0.5564,0.5213,0.2612,0.8165,110.3857,,,0.7436,4.67,9.06,2024-12-30T00:00:00.000Z,TPR,,,,0.5564,observational
ASSOCIATED WHOLESALE GROCERS,CONVENTIONAL|FOOD,08-40229-30378,Built Double Chocolate Bar 1.84oz (4pk),0_10pct,<10% off,18,0.2639,0.1947,0.1243,0.3448,42.8278,,,0.0841,9.65,10.17,2024-09-16T00:00:00.000Z,TPR,,,,0.2639,observational
ASSOCIATED WHOLESALE GROCERS,CONVENTIONAL|FOOD,08-40229-30378,Built Double Chocolate Bar 1.84oz (4pk),10_20pct,10–20% off,10,0.2737,0.3159,0.1936,0.3522,33.01,,,0.1309,9.5,10.33,2024-07-15T00:00:00.000Z,TPR,,,,0.2737,observational
ASSOCIATED WHOLESALE GROCERS,CONVENTIONAL|FOOD,08-40229-30378,Built Double Chocolate Bar 1.84oz (4pk),20_30pct,20–30% off,5,1.0882,1.2,0.5714,1.2785,182.58,,,0.2428,8.2,10.43,2024-12-02T00:00:00.000Z,TPR,,,,1.0882,observational
ASSOCIATED WHOLESALE GROCERS,CONVENTIONAL|FOOD,08-40229-30378,Built Double Chocolate Bar 1.84oz (4pk),30pct_plus,≥30% off,7,0.5071,0.2,0.1116,0.7491,105.3143,,,0.6269,4.46,7.45,2025-01-06T00:00:00.000Z,TPR,,,,0.5071,observational
ASSOCIATED WHOLESALE GROCERS,CONVENTIONAL|FOOD,08-40229-30380,Built Puff Brownie Batter Protein Bar 1.41 Oz (4 Pk),0_10pct,<10% off,53,0.1295,0.0857,0.0264,0.1854,46.0538,63.4594,82.175,0.0686,10.31,10.57,2026-04-13T00:00:00.000Z,TPR,,,,0.1295,observational
ASSOCIATED WHOLESALE GROCERS,CONVENTIONAL|FOOD,08-40229-30380,Built Puff Brownie Batter Protein Bar 1.41 Oz (4 Pk),10_20pct,10–20% off,38,0.4836,0.3193,0.0568,0.5027,107.2553,71.4688,66.76,0.1401,9.9,10.73,2026-04-06T00:00:00.000Z,TPR,,,,0.4836,observational
ASSOCIATED WHOLESALE GROCERS,CONVENTIONAL|FOOD,08-40229-30380,Built Puff Brownie Batter Protein Bar 1.41 Oz (4 Pk),20_30pct,20–30% off,2,0.0095,0.0095,0.0058,0.0133,1.05,112.8,,0.2075,10.36,10.52,2024-10-07T00:00:00.000Z,Display,,,,0.0095,observational
ASSOCIATED WHOLESALE GROCERS,CONVENTIONAL|FOOD,08-40229-30380,Built Puff Brownie Batter Protein Bar 1.41 Oz (4 Pk),30pct_plus,≥30% off,7,0.0152,0.0159,0.0114,0.0194,15.7857,156.4,,0.596,10.6,10.79,2025-07-28T00:00:00.000Z,Unknown,,,,0.0152,observational
ASSOCIATED WHOLESALE GROCERS,CONVENTIONAL|FOOD,08-40229-30380,Built Puff Brownie Batter Protein Bar 1.41 Oz (4 Pk),no_promo,No price reduction,5,0.0226,0.0191,0.0104,0.0231,,72.1,,0.0,10.33,10.33,2025-04-14T00:00:00.000Z,Display,,,,0.0226,observational
ASSOCIATED WHOLESALE GROCERS,CONVENTIONAL|FOOD,08-40229-30381,Built Puff Coconut Protein Bar 1.41 Oz (4 Pk),0_10pct,<10% off,47,0.131,0.0792,0.027,0.1808,59.7591,43.8585,27.5,0.0608,10.43,10.65,2026-04-13T00:00:00.000Z,TPR,,,,0.131,observational
ASSOCIATED WHOLESALE GROCERS,CONVENTIONAL|FOOD,08-40229-30381,Built Puff Coconut Protein Bar 1.41 Oz (4 Pk),10_20pct,10–20% off,43,0.3108,0.3337,0.0869,0.4707,66.6146,165.9471,49.925,0.1357,9.85,10.64,2026-04-06T00:00:00.000Z,TPR,,,,0.3108,observational
ASSOCIATED WHOLESALE GROCERS,CONVENTIONAL|FOOD,08-40229-30381,Built Puff Coconut Protein Bar 1.41 Oz (4 Pk),20_30pct,20–30% off,5,0.0753,0.0501,0.0415,0.0839,111.28,77.4,,0.2334,10.45,10.78,2026-01-12T00:00:00.000Z,TPR,,,,0.0753,observational
ASSOCIATED WHOLESALE GROCERS,CONVENTIONAL|FOOD,08-40229-30381,Built Puff Coconut Protein Bar 1.41 Oz (4 Pk),30pct_plus,≥30% off,2,0.0855,0.0855,0.0842,0.0868,90.0,,,0.4455,9.65,10.52,2024-12-23T00:00:00.000Z,TPR,,,,0.0855,observational
ASSOCIATED WHOLESALE GROCERS,CONVENTIONAL|FOOD,08-40229-30381,Built Puff Coconut Protein Bar 1.41 Oz (4 Pk),no_promo,No price reduction,9,0.0229,0.0207,0.0066,0.0354,,83.8,,0.0,10.13,10.13,2025-04-28T00:00:00.000Z,Display,,,,0.0229,observational
ASSOCIATED WHOLESALE GROCERS,CONVENTIONAL|FOOD,08-40229-30394,Built Puff Candy Cane Brownie Protein Bar 1.51 Oz,0_10pct,<10% off,16,0.1994,0.1161,0.0731,0.3506,48.4583,122.7062,126.8333,0.0494,2.64,2.67,2025-12-15T00:00:00.000Z,Display,,,,0.1994,observational
ASSOCIATED WHOLESALE GROCERS,CONVENTIONAL|FOOD,08-40229-30394,Built Puff Candy Cane Brownie Protein Bar 1.51 Oz,10_20pct,10–20% off,1,0.019,0.019,0.019,0.019,49.4,,,0.114,2.77,2.79,2024-11-11T00:00:00.000Z,TPR,,,,0.019,observational
ASSOCIATED WHOLESALE GROCERS,CONVENTIONAL|FOOD,08-40229-30394,Built Puff Candy Cane Brownie Protein Bar 1.51 Oz,20_30pct,20–30% off,9,0.4054,0.403,0.1899,0.6357,98.2444,156.8429,66.3,0.2481,2.26,2.61,2025-12-29T00:00:00.000Z,TPR,,,,0.4054,observational
ASSOCIATED WHOLESALE GROCERS,CONVENTIONAL|FOOD,08-40229-30394,Built Puff Candy Cane Brownie Protein Bar 1.51 Oz,30pct_plus,≥30% off,10,0.2657,0.2935,0.1784,0.3466,26.9,168.2667,4.3,0.4689,1.99,2.7,2026-02-23T00:00:00.000Z,TPR,,,,0.2657,observational
ASSOCIATED WHOLESALE GROCERS,CONVENTIONAL|FOOD,08-40229-30394,Built Puff Candy Cane Brownie Protein Bar 1.51 Oz,no_promo,No price reduction,4,0.1616,0.037,0.0164,0.1821,,60.05,0.0,0.0,2.62,2.62,2026-03-30T00:00:00.000Z,Display,,,,0.1616,observational
ASSOCIATED WHOLESALE GROCERS,CONVENTIONAL|FOOD,08-40229-30432,Built Puff Mint Chip Protein Bar 1.41 Oz,0_10pct,<10% off,19,0.2989,0.2398,0.1385,0.3932,118.9333,78.5706,63.6125,0.0681,2.79,2.88,2026-04-13T00:00:00.000Z,Display,,,,0.2989,observational
ASSOCIATED WHOLESALE GROCERS,CONVENTIONAL|FOOD,08-40229-30432,Built Puff Mint Chip Protein Bar 1.41 Oz,10_20pct,10–20% off,37,0.4595,0.2597,0.1524,0.5692,110.5059,78.9417,70.2538,0.1388,2.66,2.93,2026-04-06T00:00:00.000Z,TPR,,,,0.4595,observational
ASSOCIATED WHOLESALE GROCERS,CONVENTIONAL|FOOD,08-40229-30432,Built Puff Mint Chip Protein Bar 1.41 Oz,20_30pct,20–30% off,5,0.4039,0.3665,0.3296,0.5738,42.0,115.06,168.9667,0.2244,2.61,2.94,2026-02-16T00:00:00.000Z,Feature,,,,0.4039,observational
ASSOCIATED WHOLESALE GROCERS,CONVENTIONAL|FOOD,08-40229-30432,Built Puff Mint Chip Protein Bar 1.41 Oz,30pct_plus,≥30% off,3,0.7822,0.9144,0.5314,1.099,58.9333,266.7,,0.376,1.88,2.88,2025-08-18T00:00:00.000Z,TPR,,,,0.7822,observational
ASSOCIATED WHOLESALE GROCERS,CONVENTIONAL|FOOD,08-40229-30449,Built Peanut Butter Puff 1.41oz,0_10pct,<10% off,17,0.2407,0.1754,0.1082,0.2844,49.4941,,,0.0796,2.93,3.04,2025-03-17T00:00:00.000Z,TPR,,,,0.2407,observational
ASSOCIATED WHOLESALE GROCERS,CONVENTIONAL|FOOD,08-40229-30449,Built Peanut Butter Puff 1.41oz,10_20pct,10–20% off,12,0.3199,0.2078,0.0794,0.3948,123.4583,,,0.1554,2.97,3.17,2025-04-14T00:00:00.000Z,TPR,,,,0.3199,observational
ASSOCIATED WHOLESALE GROCERS,CONVENTIONAL|FOOD,08-40229-30449,Built Peanut Butter Puff 1.41oz,20_30pct,20–30% off,2,0.6932,0.6932,0.6932,0.6932,52.8,,,0.261,2.9,3.23,2025-03-03T00:00:00.000Z,TPR,,,,0.6932,observational
ASSOCIATED WHOLESALE GROCERS,CONVENTIONAL|FOOD,08-40229-30550,Built Puff Cookies N Cream Protein Bar 1.41 Oz,0_10pct,<10% off,14,0.1799,0.149,0.0638,0.2586,35.6846,76.45,70.3667,0.0685,2.86,2.93,2026-02-23T00:00:00.000Z,Display,,,,0.1799,observational
ASSOCIATED WHOLESALE GROCERS,CONVENTIONAL|FOOD,08-40229-30550,Built Puff Cookies N Cream Protein Bar 1.41 Oz,10_20pct,10–20% off,39,0.3734,0.2255,0.1622,0.4539,83.6829,89.0,90.5176,0.1397,2.73,2.94,2026-04-13T00:00:00.000Z,TPR,,,,0.3734,observational
ASSOCIATED WHOLESALE GROCERS,CONVENTIONAL|FOOD,08-40229-30550,Built Puff Cookies N Cream Protein Bar 1.41 Oz,20_30pct,20–30% off,6,0.5595,0.3751,0.3171,0.8518,112.1833,124.45,118.68,0.2342,2.52,2.91,2026-03-23T00:00:00.000Z,Feature,,,,0.5595,observational
ASSOCIATED WHOLESALE GROCERS,CONVENTIONAL|FOOD,08-40229-30550,Built Puff Cookies N Cream Protein Bar 1.41 Oz,30pct_plus,≥30% off,2,0.9664,0.9664,0.8985,1.0343,139.0,280.3,78.3,0.398,2.07,2.97,2025-08-18T00:00:00.000Z,TPR,,,,0.9664,observational
ASSOCIATED WHOLESALE GROCERS,CONVENTIONAL|FOOD,08-40229-30550,Built Puff Cookies N Cream Protein Bar 1.41 Oz,no_promo,No price reduction,1,0.0119,0.0119,0.0119,0.0119,,267.6,,0.0,3.24,3.24,2025-06-30T00:00:00.000Z,Display,,,,0.0119,observational
ASSOCIATED WHOLESALE GROCERS,CONVENTIONAL|FOOD,08-40229-30558,Built Puff Cookie Dough Chunk Protein Bar 1.55 Oz (4 Pk),0_10pct,<10% off,26,0.626,0.1235,0.0275,0.1943,213.5308,52.05,106.925,0.0526,10.37,10.63,2026-03-16T00:00:00.000Z,TPR,,,,0.626,observational
ASSOCIATED WHOLESALE GROCERS,CONVENTIONAL|FOOD,08-40229-30558,Built Puff Cookie Dough Chunk Protein Bar 1.55 Oz (4 Pk),10_20pct,10–20% off,25,0.3188,0.4093,0.0636,0.4872,53.992,63.6409,48.0,0.1478,9.72,10.71,2026-04-13T00:00:00.000Z,TPR,,,,0.3188,observational
ASSOCIATED WHOLESALE GROCERS,CONVENTIONAL|FOOD,08-40229-30558,Built Puff Cookie Dough Chunk Protein Bar 1.55 Oz (4 Pk),20_30pct,20–30% off,4,0.0349,0.0228,0.0063,0.0514,48.325,23.4,,0.2442,10.37,10.71,2025-12-08T00:00:00.000Z,TPR,,,,0.0349,observational
ASSOCIATED WHOLESALE GROCERS,CONVENTIONAL|FOOD,08-40229-30558,Built Puff Cookie Dough Chunk Protein Bar 1.55 Oz (4 Pk),30pct_plus,≥30% off,3,0.0147,0.0147,0.0128,0.0167,31.8,106.2,,0.647,10.54,10.82,2025-05-05T00:00:00.000Z,Display,,,,0.0147,observational
ASSOCIATED WHOLESALE GROCERS,CONVENTIONAL|FOOD,08-40229-30558,Built Puff Cookie Dough Chunk Protein Bar 1.55 Oz (4 Pk),no_promo,No price reduction,4,0.0302,0.0297,0.019,0.0409,,47.75,,0.0,10.95,10.95,2025-09-15T00:00:00.000Z,Display,,,,0.0302,observational
ASSOCIATED WHOLESALE GROCERS,CONVENTIONAL|FOOD,08-40229-30569,Built Puff Chocolate Milkshake Protein Bar 1.41 Oz,0_10pct,<10% off,14,0.3646,0.3212,0.1595,0.4768,27.95,94.8077,106.38,0.0686,2.72,2.85,2026-04-13T00:00:00.000Z,Display,,,,0.3646,observational
ASSOCIATED WHOLESALE GROCERS,CONVENTIONAL|FOOD,08-40229-30569,Built Puff Chocolate Milkshake Protein Bar 1.41 Oz,10_20pct,10–20% off,9,0.3571,0.2705,0.1727,0.5076,35.8714,154.54,91.0333,0.1214,2.62,2.8,2026-01-12T00:00:00.000Z,TPR,,,,0.3571,observational
ASSOCIATED WHOLESALE GROCERS,CONVENTIONAL|FOOD,08-40229-30569,Built Puff Chocolate Milkshake Protein Bar 1.41 Oz,30pct_plus,≥30% off,2,0.108,0.108,0.108,0.108,12.0,51.5,0.0,0.3585,2.58,2.91,2025-09-01T00:00:00.000Z,Display,,,,0.108,observational
ASSOCIATED WHOLESALE GROCERS,CONVENTIONAL|FOOD,08-40229-30569,Built Puff Chocolate Milkshake Protein Bar 1.41 Oz,no_promo,No price reduction,6,0.3466,0.314,0.1747,0.5667,,87.3833,29.1,0.0,2.98,2.98,2026-03-30T00:00:00.000Z,Display,,,,0.3466,observational
ASSOCIATED WHOLESALE GROCERS,CONVENTIONAL|FOOD,08-40229-30571,Built Puff Mint Chip Protein Bar 1.41 Oz (4 Pk),0_10pct,<10% off,20,0.4885,0.1069,0.0628,0.1821,163.9333,78.0636,,0.0513,10.28,10.54,2026-03-23T00:00:00.000Z,TPR,,,,0.4885,observational
ASSOCIATED WHOLESALE GROCERS,CONVENTIONAL|FOOD,08-40229-30571,Built Puff Mint Chip Protein Bar 1.41 Oz (4 Pk),10_20pct,10–20% off,24,0.3825,0.3197,0.2,0.5097,41.4435,97.6429,,0.1453,9.53,10.71,2026-04-13T00:00:00.000Z,TPR,,,,0.3825,observational
ASSOCIATED WHOLESALE GROCERS,CONVENTIONAL|FOOD,08-40229-30571,Built Puff Mint Chip Protein Bar 1.41 Oz (4 Pk),30pct_plus,≥30% off,1,,,,,0.0,,,0.499,10.71,10.79,2025-07-14T00:00:00.000Z,Unknown,,,,,observational
ASSOCIATED WHOLESALE GROCERS,CONVENTIONAL|FOOD,08-40229-30571,Built Puff Mint Chip Protein Bar 1.41 Oz (4 Pk),no_promo,No price reduction,3,0.1332,0.1369,0.0995,0.1688,,73.1,,0.0,10.53,10.53,2026-03-02T00:00:00.000Z,Display,,,,0.1332,observational
ASSOCIATED WHOLESALE GROCERS,CONVENTIONAL|FOOD,08-40229-30573,Built Puff Strawberries N Cream Protein Bar 1.41 Oz,0_10pct,<10% off,13,0.2682,0.1166,0.0615,0.4363,39.46,95.89,199.65,0.0528,2.71,2.77,2026-04-06T00:00:00.000Z,Display,,,,0.2682,observational
ASSOCIATED WHOLESALE GROCERS,CONVENTIONAL|FOOD,08-40229-30573,Built Puff Strawberries N Cream Protein Bar 1.41 Oz,10_20pct,10–20% off,9,0.2561,0.3007,0.0383,0.4001,71.2714,80.075,,0.114,2.61,2.75,2026-04-13T00:00:00.000Z,Display,,,,0.2561,observational
ASSOCIATED WHOLESALE GROCERS,CONVENTIONAL|FOOD,08-40229-30573,Built Puff Strawberries N Cream Protein Bar 1.41 Oz,20_30pct,20–30% off,5,1.2641,1.3452,1.0063,1.6029,211.05,114.6,164.3,0.248,2.29,2.9,2026-01-19T00:00:00.000Z,TPR,,,,1.2641,observational
ASSOCIATED WHOLESALE GROCERS,CONVENTIONAL|FOOD,08-40229-30577,Built Puff Salted Caramel Protein Bar 1.41 Oz (4 Pk),0_10pct,<10% off,7,0.1655,0.1644,0.0731,0.2205,35.55,52.4167,,0.0583,10.17,10.47,2026-04-13T00:00:00.000Z,Display,,,,0.1655,observational
ASSOCIATED WHOLESALE GROCERS,CONVENTIONAL|FOOD,08-40229-30577,Built Puff Salted Caramel Protein Bar 1.41 Oz (4 Pk),10_20pct,10–20% off,3,0.4605,0.5094,0.4038,0.5417,56.6,72.7333,,0.1337,9.43,10.58,2026-04-06T00:00:00.000Z,Display,,,,0.4605,observational
ASSOCIATED WHOLESALE GROCERS,CONVENTIONAL|FOOD,08-40229-30577,Built Puff Salted Caramel Protein Bar 1.41 Oz (4 Pk),no_promo,No price reduction,8,0.146,0.1108,0.0796,0.1812,,56.4875,,-0.003,10.35,10.34,2026-03-23T00:00:00.000Z,Display,,,,0.146,observational
ASSOCIATED WHOLESALE GROCERS,CONVENTIONAL|FOOD,08-40229-30581,Built Puff Cookies N Cream Protein Bar 1.41 Oz (4 Pk),0_10pct,<10% off,28,0.1681,0.1609,0.0717,0.2106,25.7429,50.2739,,0.0435,10.42,10.66,2026-04-13T00:00:00.000Z,Display,,,,0.1681,observational
ASSOCIATED WHOLESALE GROCERS,CONVENTIONAL|FOOD,08-40229-30581,Built Puff Cookies N Cream Protein Bar 1.41 Oz (4 Pk),10_20pct,10–20% off,19,0.6316,0.3937,0.23,0.5916,109.9882,52.4429,,0.1446,9.35,10.71,2026-04-06T00:00:00.000Z,TPR,,,,0.6316,observational
ASSOCIATED WHOLESALE GROCERS,CONVENTIONAL|FOOD,08-40229-30581,Built Puff Cookies N Cream Protein Bar 1.41 Oz (4 Pk),20_30pct,20–30% off,1,0.0212,0.0212,0.0212,0.0212,21.8,92.3,,0.295,10.49,10.8,2025-01-27T00:00:00.000Z,Display,,,,0.0212,observational
ASSOCIATED WHOLESALE GROCERS,CONVENTIONAL|FOOD,08-40229-30581,Built Puff Cookies N Cream Protein Bar 1.41 Oz (4 Pk),no_promo,No price reduction,7,0.0388,0.0161,0.0118,0.019,,99.5,,0.0,10.76,10.76,2026-03-09T00:00:00.000Z,Display,,,,0.0388,observational
ASSOCIATED WHOLESALE GROCERS,CONVENTIONAL|FOOD,08-40229-30614,Built Puff Strawberries N Cream Protein Bars 1.41oz (4pk),0_10pct,<10% off,1,0.0358,0.0358,0.0358,0.0358,122.0,,,0.073,10.37,10.42,2026-02-16T00:00:00.000Z,TPR,,,,0.0358,observational
ASSOCIATED WHOLESALE GROCERS,CONVENTIONAL|FOOD,08-40229-30614,Built Puff Strawberries N Cream Protein Bars 1.41oz (4pk),10_20pct,10–20% off,5,0.3082,0.2935,0.2267,0.4031,43.12,65.075,,0.1402,9.51,10.64,2026-04-13T00:00:00.000Z,Display,,,,0.3082,observational
ASSOCIATED WHOLESALE GROCERS,CONVENTIONAL|FOOD,08-40229-30614,Built Puff Strawberries N Cream Protein Bars 1.41oz (4pk),30pct_plus,≥30% off,1,,,,,0.0,,,0.438,10.69,10.77,2026-03-16T00:00:00.000Z,Unknown,,,,,observational
ASSOCIATED WHOLESALE GROCERS,CONVENTIONAL|FOOD,08-40229-30614,Built Puff Strawberries N Cream Protein Bars 1.41oz (4pk),no_promo,No price reduction,1,0.0464,0.0464,0.0464,0.0464,,51.2,,0.0,10.79,10.79,2026-01-19T00:00:00.000Z,Display,,,,0.0464,observational
ASSOCIATED WHOLESALE GROCERS,CONVENTIONAL|FOOD,08-40229-30615,Built Puff Chocolatey Hazelnut  1.41oz,0_10pct,<10% off,6,0.1916,0.181,0.079,0.2612,44.0,169.25,,0.0558,2.75,2.81,2025-12-15T00:00:00.000Z,Display,,,,0.1916,observational
ASSOCIATED WHOLESALE GROCERS,CONVENTIONAL|FOOD,08-40229-30615,Built Puff Chocolatey Hazelnut  1.41oz,10_20pct,10–20% off,4,0.0734,0.0526,0.0496,0.0867,30.3,134.9,,0.1155,2.8,2.87,2026-04-13T00:00:00.000Z,TPR,,,,0.0734,observational
ASSOCIATED WHOLESALE GROCERS,CONVENTIONAL|FOOD,08-40229-30615,Built Puff Chocolatey Hazelnut  1.41oz,20_30pct,20–30% off,3,0.2675,0.2994,0.2374,0.3135,517.7,96.5,,0.2537,2.14,2.47,2026-02-09T00:00:00.000Z,TPR,,,,0.2675,observational
ASSOCIATED WHOLESALE GROCERS,CONVENTIONAL|FOOD,08-40229-30615,Built Puff Chocolatey Hazelnut  1.41oz,30pct_plus,≥30% off,7,0.3843,0.2486,0.171,0.609,70.8571,47.4571,66.0,0.4191,1.88,2.66,2026-02-16T00:00:00.000Z,TPR,,,,0.3843,observational
ASSOCIATED WHOLESALE GROCERS,CONVENTIONAL|FOOD,08-40229-30642,Built Puff Peanut Butter Protein Bar 1.41 Oz,0_10pct,<10% off,2,0.0076,0.0076,0.0047,0.0106,9.75,400.0,,0.0755,3.03,3.04,2025-12-15T00:00:00.000Z,Display,,,,0.0076,observational
ASSOCIATED WHOLESALE GROCERS,CONVENTIONAL|FOOD,08-40229-30642,Built Puff Peanut Butter Protein Bar 1.41 Oz,10_20pct,10–20% off,16,0.1599,0.1421,0.0805,0.1733,51.6062,63.7867,84.85,0.1382,2.8,2.96,2026-04-13T00:00:00.000Z,TPR,,,,0.1599,observational
ASSOCIATED WHOLESALE GROCERS,CONVENTIONAL|FOOD,08-40229-30642,Built Puff Peanut Butter Protein Bar 1.41 Oz,20_30pct,20–30% off,7,0.5699,0.582,0.2401,0.8396,92.8,109.0333,112.78,0.2313,2.45,2.9,2026-03-23T00:00:00.000Z,TPR,,,,0.5699,observational
ASSOCIATED WHOLESALE GROCERS,CONVENTIONAL|FOOD,08-40229-30646,Built Puff Peanut Butter Cup Protein Bar 1.41 Oz (4 Pk),0_10pct,<10% off,7,0.0728,0.0278,0.0069,0.0576,23.8714,21.9,32.5,0.0456,10.44,10.57,2026-04-13T00:00:00.000Z,TPR,,,,0.0728,observational
ASSOCIATED WHOLESALE GROCERS,CONVENTIONAL|FOOD,08-40229-30646,Built Puff Peanut Butter Cup Protein Bar 1.41 Oz (4 Pk),10_20pct,10–20% off,6,0.2629,0.2065,0.0857,0.3767,63.6333,75.0833,0.0,0.1475,9.87,10.65,2026-04-06T00:00:00.000Z,TPR,,,,0.2629,observational
ASSOCIATED WHOLESALE GROCERS,CONVENTIONAL|FOOD,08-40229-30651,Built Protein Bar Puff Sour Peach 1.45 Oz,0_10pct,<10% off,3,0.1205,0.1393,0.1092,0.1413,53.6333,98.2333,,0.0607,2.79,2.83,2026-03-30T00:00:00.000Z,Display,,,,0.1205,observational
ASSOCIATED WHOLESALE GROCERS,CONVENTIONAL|FOOD,08-40229-30651,Built Protein Bar Puff Sour Peach 1.45 Oz,10_20pct,10–20% off,6,0.1081,0.0528,0.0248,0.177,28.4,94.45,,0.1235,2.65,2.76,2026-04-13T00:00:00.000Z,Display,,,,0.1081,observational
ASSOCIATED WHOLESALE GROCERS,CONVENTIONAL|FOOD,08-40229-30651,Built Protein Bar Puff Sour Peach 1.45 Oz,20_30pct,20–30% off,2,0.2082,0.2082,0.1418,0.2746,57.85,35.2,,0.225,2.55,2.84,2026-03-23T00:00:00.000Z,TPR,,,,0.2082,observational
ASSOCIATED WHOLESALE GROCERS,CONVENTIONAL|FOOD,08-40229-30651,Built Protein Bar Puff Sour Peach 1.45 Oz,no_promo,No price reduction,1,0.0424,0.0424,0.0424,0.0424,,176.5,,0.0,2.63,2.63,2026-02-16T00:00:00.000Z,Display,,,,0.0424,observational
ASSOCIATED WHOLESALE GROCERS,CONVENTIONAL|FOOD,08-40229-30653,Built Puff Sour Blu Razz Blast Bar 1.45 Oz,0_10pct,<10% off,3,0.0847,0.0564,0.0415,0.1138,59.0667,105.9333,,0.065,2.78,2.82,2026-03-30T00:00:00.000Z,Display,,,,0.0847,observational
ASSOCIATED WHOLESALE GROCERS,CONVENTIONAL|FOOD,08-40229-30653,Built Puff Sour Blu Razz Blast Bar 1.45 Oz,10_20pct,10–20% off,6,0.076,0.0534,0.0444,0.1168,54.5,104.62,,0.1302,2.71,2.8,2026-04-13T00:00:00.000Z,Display,,,,0.076,observational
ASSOCIATED WHOLESALE GROCERS,CONVENTIONAL|FOOD,08-40229-30653,Built Puff Sour Blu Razz Blast Bar 1.45 Oz,20_30pct,20–30% off,3,0.2382,0.2399,0.2206,0.2567,91.1667,92.1333,,0.235,2.51,2.8,2026-03-23T00:00:00.000Z,Display,,,,0.2382,observational
ASSOCIATED WHOLESALE GROCERS,CONVENTIONAL|FOOD,08-40229-30655,Built Puff Sour Green Apple Crush Bar 1.45 Oz,0_10pct,<10% off,4,0.04,0.0443,0.0346,0.0497,44.825,43.5,,0.059,2.66,2.68,2026-04-06T00:00:00.000Z,TPR,,,,0.04,observational
ASSOCIATED WHOLESALE GROCERS,CONVENTIONAL|FOOD,08-40229-30655,Built Puff Sour Green Apple Crush Bar 1.45 Oz,10_20pct,10–20% off,4,0.2014,0.27,0.1411,0.2961,10552.975,40.3,,0.1365,2.62,2.68,2026-04-13T00:00:00.000Z,TPR,,,,0.2014,observational
B AND R STORES,REGIONAL & INDEP GROCERY,08-40229-30034,Built Puff Salted Caramel Protein Bar 1.41 Oz,0_10pct,<10% off,12,0.2156,0.1722,0.0466,0.3958,,,,0.0782,2.41,2.52,2026-03-16T00:00:00.000Z,Unknown,,,,0.2156,observational
B AND R STORES,REGIONAL & INDEP GROCERY,08-40229-30034,Built Puff Salted Caramel Protein Bar 1.41 Oz,10_20pct,10–20% off,1,,,,,,,,0.132,2.24,2.36,2025-11-24T00:00:00.000Z,Unknown,,,,,observational
B AND R STORES,REGIONAL & INDEP GROCERY,08-40229-30037,Built Puff Coconut Protein Bar 1.41 Oz,0_10pct,<10% off,17,0.2396,0.2182,0.0942,0.3403,,,,0.0767,2.38,2.53,2026-03-16T00:00:00.000Z,Unknown,,,,0.2396,observational
B AND R STORES,REGIONAL & INDEP GROCERY,08-40229-30037,Built Puff Coconut Protein Bar 1.41 Oz,10_20pct,10–20% off,3,0.4352,0.295,0.1888,0.6115,,,,0.13,2.22,2.52,2025-11-17T00:00:00.000Z,Unknown,,,,0.4352,observational
B AND R STORES,REGIONAL & INDEP GROCERY,08-40229-30050,Built Puff Churro Protein Bar 1.41 Oz,0_10pct,<10% off,8,0.4756,0.3797,0.2232,0.6321,,,,0.0752,2.44,2.63,2026-03-16T00:00:00.000Z,Unknown,,,,0.4756,observational
B AND R STORES,REGIONAL & INDEP GROCERY,08-40229-30333,Built Puff Cookie Dough Chunk Protein Bar 1.55 Oz,0_10pct,<10% off,13,0.41,0.3487,0.3019,0.594,,,,0.0753,2.37,2.47,2026-03-16T00:00:00.000Z,Unknown,,,,0.41,observational
B AND R STORES,REGIONAL & INDEP GROCERY,08-40229-30362,Built Puff Brownie Batter Protein Bar 1.41 Oz,0_10pct,<10% off,19,0.3784,0.3849,0.2621,0.6038,,,,0.0769,2.39,2.53,2026-03-16T00:00:00.000Z,Unknown,112.45,ROBUST,1.0,112.45,causal_robust
B AND R STORES,REGIONAL & INDEP GROCERY,08-40229-30362,Built Puff Brownie Batter Protein Bar 1.41 Oz,10_20pct,10–20% off,4,0.2914,0.3321,0.2832,0.3404,,,,0.1205,2.33,2.61,2025-11-24T00:00:00.000Z,Unknown,112.45,ROBUST,1.0,112.45,causal_robust
B AND R STORES,REGIONAL & INDEP GROCERY,08-40229-30432,Built Puff Mint Chip Protein Bar 1.41 Oz,0_10pct,<10% off,7,0.4603,0.4603,0.3968,0.5238,,,,0.0809,2.28,2.48,2026-03-16T00:00:00.000Z,Unknown,,,,0.4603,observational
B AND R STORES,REGIONAL & INDEP GROCERY,08-40229-30432,Built Puff Mint Chip Protein Bar 1.41 Oz,10_20pct,10–20% off,3,0.3147,0.3147,0.2028,0.4266,,,,0.132,2.26,2.33,2025-12-01T00:00:00.000Z,Unknown,,,,0.3147,observational
B AND R STORES,REGIONAL & INDEP GROCERY,08-40229-30550,Built Puff Cookies N Cream Protein Bar 1.41 Oz,0_10pct,<10% off,13,0.2131,0.1224,0.1111,0.2698,,,,0.0766,2.28,2.44,2026-03-16T00:00:00.000Z,Unknown,,,,0.2131,observational
B AND R STORES,REGIONAL & INDEP GROCERY,08-40229-30642,Built Puff Peanut Butter Protein Bar 1.41 Oz,0_10pct,<10% off,6,0.3336,0.1586,0.0821,0.4101,,,,0.0795,2.28,2.48,2026-03-16T00:00:00.000Z,Unknown,,,,0.3336,observational
B AND R STORES,REGIONAL & INDEP GROCERY,08-40229-30655,Built Puff Sour Green Apple Crush Bar 1.45 Oz,0_10pct,<10% off,2,0.2727,0.2727,0.1818,0.3636,,,,0.081,2.28,2.48,2026-03-16T00:00:00.000Z,Unknown,,,,0.2727,observational
BALLS FOODS,REGIONAL & INDEP GROCERY,08-40229-30034,Built Puff Salted Caramel Protein Bar 1.41 Oz,10_20pct,10–20% off,5,0.2952,0.4103,0.2128,0.4352,,,,0.1678,2.85,3.08,2026-04-13T00:00:00.000Z,Unknown,,,,0.2952,observational
BALLS FOODS,REGIONAL & INDEP GROCERY,08-40229-30034,Built Puff Salted Caramel Protein Bar 1.41 Oz,30pct_plus,≥30% off,3,0.4623,0.674,0.351,0.6794,,,,0.3843,2.71,3.6,2026-03-30T00:00:00.000Z,Unknown,,,,0.4623,observational
BALLS FOODS,REGIONAL & INDEP GROCERY,08-40229-30037,Built Puff Coconut Protein Bar 1.41 Oz,0_10pct,<10% off,24,0.1868,0.1626,0.1056,0.2053,,,,0.0604,3.57,3.63,2026-02-09T00:00:00.000Z,Unknown,,,,0.1868,observational
BALLS FOODS,REGIONAL & INDEP GROCERY,08-40229-30037,Built Puff Coconut Protein Bar 1.41 Oz,10_20pct,10–20% off,3,0.635,0.4655,0.3928,0.7924,,,,0.13,3.34,3.68,2026-04-13T00:00:00.000Z,Unknown,,,,0.635,observational
BALLS FOODS,REGIONAL & INDEP GROCERY,08-40229-30037,Built Puff Coconut Protein Bar 1.41 Oz,20_30pct,20–30% off,5,0.1758,0.193,0.1314,0.2288,,,,0.2438,3.3,3.55,2026-03-16T00:00:00.000Z,Unknown,,,,0.1758,observational
BALLS FOODS,REGIONAL & INDEP GROCERY,08-40229-30037,Built Puff Coconut Protein Bar 1.41 Oz,30pct_plus,≥30% off,14,0.219,0.207,0.093,0.3326,,,,0.4031,2.98,3.58,2026-03-30T00:00:00.000Z,Unknown,,,,0.219,observational
BALLS FOODS,REGIONAL & INDEP GROCERY,08-40229-30071,Built Double Chocolate Fudge Bar 1.69oz,0_10pct,<10% off,2,,,,,,,,0.054,3.49,3.69,2025-03-31T00:00:00.000Z,Unknown,,,,,observational
BALLS FOODS,REGIONAL & INDEP GROCERY,08-40229-30119,Built Satled Caramel Bar 1.69oz,0_10pct,<10% off,13,0.1959,0.1867,0.1166,0.287,,,,0.0557,3.52,3.61,2025-04-21T00:00:00.000Z,Unknown,,,,0.1959,observational
BALLS FOODS,REGIONAL & INDEP GROCERY,08-40229-30119,Built Satled Caramel Bar 1.69oz,20_30pct,20–30% off,1,0.7722,0.7722,0.7722,0.7722,,,,0.229,3.14,3.61,2024-09-23T00:00:00.000Z,Unknown,,,,0.7722,observational
BALLS FOODS,REGIONAL & INDEP GROCERY,08-40229-30119,Built Satled Caramel Bar 1.69oz,30pct_plus,≥30% off,6,0.6845,0.6393,0.5452,0.8013,,,,0.4995,2.41,3.53,2025-06-09T00:00:00.000Z,Unknown,,,,0.6845,observational
BALLS FOODS,REGIONAL & INDEP GROCERY,08-40229-30130,Built Cookies & Cream Bar 1.69oz,0_10pct,<10% off,13,0.1567,0.1111,0.0465,0.1787,,,,0.054,3.52,3.63,2025-04-14T00:00:00.000Z,Unknown,,,,0.1567,observational
BALLS FOODS,REGIONAL & INDEP GROCERY,08-40229-30130,Built Cookies & Cream Bar 1.69oz,10_20pct,10–20% off,1,,,,,,,,0.192,2.95,3.65,2025-06-09T00:00:00.000Z,Unknown,,,,,observational
BALLS FOODS,REGIONAL & INDEP GROCERY,08-40229-30130,Built Cookies & Cream Bar 1.69oz,20_30pct,20–30% off,2,0.2069,0.2069,0.2069,0.2069,,,,0.2355,3.02,3.66,2025-06-02T00:00:00.000Z,Unknown,,,,0.2069,observational
BALLS FOODS,REGIONAL & INDEP GROCERY,08-40229-30130,Built Cookies & Cream Bar 1.69oz,30pct_plus,≥30% off,8,0.6357,0.3072,0.1671,0.94,,,,0.5315,2.76,3.67,2025-07-14T00:00:00.000Z,Unknown,,,,0.6357,observational
BALLS FOODS,REGIONAL & INDEP GROCERY,08-40229-30333,Built Puff Cookie Dough Chunk Protein Bar 1.55 Oz,0_10pct,<10% off,4,0.0598,0.0598,0.0361,0.0835,,,,0.074,3.67,3.68,2026-03-02T00:00:00.000Z,Unknown,,,,0.0598,observational
BALLS FOODS,REGIONAL & INDEP GROCERY,08-40229-30333,Built Puff Cookie Dough Chunk Protein Bar 1.55 Oz,10_20pct,10–20% off,4,0.512,0.5457,0.2782,0.7626,,,,0.141,3.47,3.67,2026-04-13T00:00:00.000Z,Unknown,,,,0.512,observational
BALLS FOODS,REGIONAL & INDEP GROCERY,08-40229-30333,Built Puff Cookie Dough Chunk Protein Bar 1.55 Oz,20_30pct,20–30% off,3,0.1992,0.1744,0.1008,0.2851,,,,0.2497,3.08,3.67,2026-03-30T00:00:00.000Z,Unknown,,,,0.1992,observational
BALLS FOODS,REGIONAL & INDEP GROCERY,08-40229-30333,Built Puff Cookie Dough Chunk Protein Bar 1.55 Oz,30pct_plus,≥30% off,14,0.5817,0.5457,0.4478,0.7908,,,,0.392,2.78,3.59,2026-03-23T00:00:00.000Z,Unknown,,,,0.5817,observational
BALLS FOODS,REGIONAL & INDEP GROCERY,08-40229-30362,Built Puff Brownie Batter Protein Bar 1.41 Oz,0_10pct,<10% off,23,0.1998,0.1991,0.0964,0.2996,,,,0.0569,3.58,3.65,2026-04-13T00:00:00.000Z,Unknown,,,,0.1998,observational
BALLS FOODS,REGIONAL & INDEP GROCERY,08-40229-30362,Built Puff Brownie Batter Protein Bar 1.41 Oz,10_20pct,10–20% off,5,0.1201,0.0475,0.0318,0.1357,,,,0.152,3.49,3.67,2026-04-06T00:00:00.000Z,Unknown,,,,0.1201,observational
BALLS FOODS,REGIONAL & INDEP GROCERY,08-40229-30362,Built Puff Brownie Batter Protein Bar 1.41 Oz,20_30pct,20–30% off,2,0.8706,0.8706,0.8706,0.8706,,,,0.2635,3.3,3.66,2026-03-30T00:00:00.000Z,Unknown,,,,0.8706,observational
BALLS FOODS,REGIONAL & INDEP GROCERY,08-40229-30362,Built Puff Brownie Batter Protein Bar 1.41 Oz,30pct_plus,≥30% off,16,0.4539,0.4233,0.2944,0.7064,,,,0.4161,2.81,3.61,2026-03-23T00:00:00.000Z,Unknown,,,,0.4539,observational
BALLS FOODS,REGIONAL & INDEP GROCERY,08-40229-30380,Built Puff Brownie Batter Protein Bar 1.41 Oz (4 Pk),0_10pct,<10% off,4,0.1486,0.125,0.125,0.1603,,,,0.0568,12.15,12.32,2026-04-06T00:00:00.000Z,Unknown,,,,0.1486,observational
BALLS FOODS,REGIONAL & INDEP GROCERY,08-40229-30380,Built Puff Brownie Batter Protein Bar 1.41 Oz (4 Pk),20_30pct,20–30% off,5,0.1958,0.2222,0.1825,0.2222,,,,0.2578,10.27,11.74,2026-04-13T00:00:00.000Z,Unknown,,,,0.1958,observational
BALLS FOODS,REGIONAL & INDEP GROCERY,08-40229-30432,Built Puff Mint Chip Protein Bar 1.41 Oz,10_20pct,10–20% off,2,0.5954,0.5954,0.5243,0.6664,,,,0.1475,3.24,3.6,2026-04-13T00:00:00.000Z,Unknown,,,,0.5954,observational
BALLS FOODS,REGIONAL & INDEP GROCERY,08-40229-30432,Built Puff Mint Chip Protein Bar 1.41 Oz,20_30pct,20–30% off,1,0.3018,0.3018,0.3018,0.3018,,,,0.256,3.02,3.63,2026-03-30T00:00:00.000Z,Unknown,,,,0.3018,observational
BALLS FOODS,REGIONAL & INDEP GROCERY,08-40229-30432,Built Puff Mint Chip Protein Bar 1.41 Oz,30pct_plus,≥30% off,7,0.6792,0.7073,0.5206,0.9126,,,,0.4009,2.62,3.65,2026-03-23T00:00:00.000Z,Unknown,,,,0.6792,observational
BALLS FOODS,REGIONAL & INDEP GROCERY,08-40229-30449,Built Peanut Butter Puff 1.41oz,0_10pct,<10% off,7,0.039,0.039,0.039,0.039,,,,0.0541,3.5,3.66,2025-04-14T00:00:00.000Z,Unknown,,,,0.039,observational
BALLS FOODS,REGIONAL & INDEP GROCERY,08-40229-30550,Built Puff Cookies N Cream Protein Bar 1.41 Oz,10_20pct,10–20% off,3,0.3626,0.3626,0.2522,0.473,,,,0.1257,3.35,3.55,2026-04-13T00:00:00.000Z,Unknown,,,,0.3626,observational
BALLS FOODS,REGIONAL & INDEP GROCERY,08-40229-30550,Built Puff Cookies N Cream Protein Bar 1.41 Oz,20_30pct,20–30% off,3,0.5874,0.5874,0.4007,0.7741,,,,0.262,2.8,3.26,2026-03-30T00:00:00.000Z,Unknown,,,,0.5874,observational
BALLS FOODS,REGIONAL & INDEP GROCERY,08-40229-30550,Built Puff Cookies N Cream Protein Bar 1.41 Oz,30pct_plus,≥30% off,1,0.7479,0.7479,0.7479,0.7479,,,,0.306,2.56,3.61,2026-03-23T00:00:00.000Z,Unknown,,,,0.7479,observational
BALLS FOODS,REGIONAL & INDEP GROCERY,08-40229-30558,Built Puff Cookie Dough Chunk Protein Bar 1.55 Oz (4 Pk),0_10pct,<10% off,4,0.0394,0.037,0.0296,0.0479,,,,0.08,12.31,12.61,2026-04-06T00:00:00.000Z,Unknown,,,,0.0394,observational
BALLS FOODS,REGIONAL & INDEP GROCERY,08-40229-30558,Built Puff Cookie Dough Chunk Protein Bar 1.55 Oz (4 Pk),10_20pct,10–20% off,5,,,,,,,,0.1718,11.01,11.76,2026-03-23T00:00:00.000Z,Unknown,,,,,observational
BALLS FOODS,REGIONAL & INDEP GROCERY,08-40229-30558,Built Puff Cookie Dough Chunk Protein Bar 1.55 Oz (4 Pk),20_30pct,20–30% off,3,0.1429,0.1429,0.1429,0.1429,,,,0.2343,10.75,11.75,2026-04-13T00:00:00.000Z,Unknown,,,,0.1429,observational
BALLS FOODS,REGIONAL & INDEP GROCERY,08-40229-30642,Built Puff Peanut Butter Protein Bar 1.41 Oz,0_10pct,<10% off,2,0.0781,0.0781,0.0781,0.0781,,,,0.0635,3.55,3.64,2026-03-30T00:00:00.000Z,Unknown,,,,0.0781,observational
BALLS FOODS,REGIONAL & INDEP GROCERY,08-40229-30642,Built Puff Peanut Butter Protein Bar 1.41 Oz,10_20pct,10–20% off,2,0.2001,0.2001,0.1657,0.2346,,,,0.1635,3.3,3.6,2026-04-13T00:00:00.000Z,Unknown,,,,0.2001,observational
BALLS FOODS,REGIONAL & INDEP GROCERY,08-40229-30642,Built Puff Peanut Butter Protein Bar 1.41 Oz,30pct_plus,≥30% off,7,0.3408,0.3277,0.2208,0.3629,,,,0.4154,2.74,3.46,2026-03-23T00:00:00.000Z,Unknown,,,,0.3408,observational
BIG Y,CONVENTIONAL|FOOD,08-40229-30037,Built Puff Coconut Protein Bar 1.41 Oz,0_10pct,<10% off,10,0.159,0.1255,0.0636,0.2632,61.2875,206.025,,0.0681,3.25,3.31,2026-04-06T00:00:00.000Z,Display,,,,0.159,observational
BIG Y,CONVENTIONAL|FOOD,08-40229-30037,Built Puff Coconut Protein Bar 1.41 Oz,10_20pct,10–20% off,34,0.6143,0.399,0.2886,0.6246,94.0,126.2069,,0.1485,2.9,3.32,2026-03-02T00:00:00.000Z,Display,,,,0.6143,observational
BIG Y,CONVENTIONAL|FOOD,08-40229-30037,Built Puff Coconut Protein Bar 1.41 Oz,20_30pct,20–30% off,13,1.2488,0.7894,0.6843,2.1824,137.1538,136.6583,,0.2432,2.47,3.15,2026-02-09T00:00:00.000Z,TPR,,,,1.2488,observational
BIG Y,CONVENTIONAL|FOOD,08-40229-30037,Built Puff Coconut Protein Bar 1.41 Oz,30pct_plus,≥30% off,10,1.2097,1.1675,0.9218,1.5228,124.5333,146.66,127.7,0.3487,2.24,3.41,2025-11-24T00:00:00.000Z,Display,,,,1.2097,observational
BIG Y,CONVENTIONAL|FOOD,08-40229-30037,Built Puff Coconut Protein Bar 1.41 Oz,no_promo,No price reduction,15,0.2209,0.0509,0.0148,0.1269,,156.4333,,0.0,3.3,3.3,2025-10-06T00:00:00.000Z,Display,,,,0.2209,observational
BIG Y,CONVENTIONAL|FOOD,08-40229-30333,Built Puff Cookie Dough Chunk Protein Bar 1.55 Oz,0_10pct,<10% off,13,0.238,0.0914,0.0387,0.2848,36.3571,74.8111,,0.0284,3.09,3.11,2026-04-13T00:00:00.000Z,Display,,,,0.238,observational
BIG Y,CONVENTIONAL|FOOD,08-40229-30333,Built Puff Cookie Dough Chunk Protein Bar 1.55 Oz,10_20pct,10–20% off,36,0.6318,0.4446,0.1939,0.8072,75.525,180.3818,,0.1478,2.76,3.14,2026-03-09T00:00:00.000Z,TPR,,,,0.6318,observational
BIG Y,CONVENTIONAL|FOOD,08-40229-30333,Built Puff Cookie Dough Chunk Protein Bar 1.55 Oz,20_30pct,20–30% off,1,0.3148,0.3148,0.3148,0.3148,30.6,238.2,,0.241,2.8,3.48,2024-09-02T00:00:00.000Z,Display,,,,0.3148,observational
BIG Y,CONVENTIONAL|FOOD,08-40229-30333,Built Puff Cookie Dough Chunk Protein Bar 1.55 Oz,30pct_plus,≥30% off,16,0.9645,1.0036,0.5853,1.2515,116.7062,127.2643,118.9,0.3184,2.16,3.15,2026-02-09T00:00:00.000Z,TPR,,,,0.9645,observational
BIG Y,CONVENTIONAL|FOOD,08-40229-30333,Built Puff Cookie Dough Chunk Protein Bar 1.55 Oz,no_promo,No price reduction,18,0.0712,0.0387,0.01,0.101,,139.0056,,0.0,3.34,3.34,2025-10-13T00:00:00.000Z,Display,,,,0.0712,observational
BIG Y,CONVENTIONAL|FOOD,08-40229-30362,Built Puff Brownie Batter Protein Bar 1.41 Oz,0_10pct,<10% off,15,0.1924,0.0538,0.0052,0.1017,34.4917,130.2286,,0.0631,2.9,2.93,2026-04-13T00:00:00.000Z,Display,,,,0.1924,observational
BIG Y,CONVENTIONAL|FOOD,08-40229-30362,Built Puff Brownie Batter Protein Bar 1.41 Oz,10_20pct,10–20% off,30,0.6316,0.4424,0.3387,0.8489,71.9552,95.1889,,0.1557,2.76,3.21,2026-02-16T00:00:00.000Z,TPR,,,,0.6316,observational
BIG Y,CONVENTIONAL|FOOD,08-40229-30362,Built Puff Brownie Batter Protein Bar 1.41 Oz,20_30pct,20–30% off,6,0.8384,0.8774,0.7256,0.9503,81.2667,75.5,,0.276,2.06,2.82,2026-02-09T00:00:00.000Z,TPR,,,,0.8384,observational
BIG Y,CONVENTIONAL|FOOD,08-40229-30362,Built Puff Brownie Batter Protein Bar 1.41 Oz,30pct_plus,≥30% off,10,1.1172,1.0756,0.668,1.5885,113.7,127.19,123.7,0.3244,2.22,3.21,2025-11-24T00:00:00.000Z,TPR,,,,1.1172,observational
BIG Y,CONVENTIONAL|FOOD,08-40229-30362,Built Puff Brownie Batter Protein Bar 1.41 Oz,no_promo,No price reduction,24,0.1186,0.0928,0.012,0.1351,,124.9667,,0.0,3.35,3.35,2025-10-13T00:00:00.000Z,Display,,,,0.1186,observational
BIG Y,CONVENTIONAL|FOOD,08-40229-30432,Built Puff Mint Chip Protein Bar 1.41 Oz,0_10pct,<10% off,10,0.3586,0.2334,0.0908,0.3686,8.075,165.02,,0.0405,2.94,2.96,2026-04-13T00:00:00.000Z,Display,,,,0.3586,observational
BIG Y,CONVENTIONAL|FOOD,08-40229-30432,Built Puff Mint Chip Protein Bar 1.41 Oz,10_20pct,10–20% off,36,0.7182,0.4821,0.2488,0.8845,156.2417,234.5182,,0.1479,2.75,3.11,2026-03-09T00:00:00.000Z,TPR,,,,0.7182,observational
BIG Y,CONVENTIONAL|FOOD,08-40229-30432,Built Puff Mint Chip Protein Bar 1.41 Oz,20_30pct,20–30% off,6,1.5572,2.0594,0.7754,2.1691,220.0667,270.325,,0.2615,2.35,3.07,2025-11-17T00:00:00.000Z,TPR,,,,1.5572,observational
BIG Y,CONVENTIONAL|FOOD,08-40229-30432,Built Puff Mint Chip Protein Bar 1.41 Oz,30pct_plus,≥30% off,12,1.0577,0.9979,0.6526,1.438,113.275,142.55,,0.3182,2.2,3.18,2026-02-09T00:00:00.000Z,TPR,,,,1.0577,observational
BIG Y,CONVENTIONAL|FOOD,08-40229-30432,Built Puff Mint Chip Protein Bar 1.41 Oz,no_promo,No price reduction,10,0.0622,0.0471,0.0167,0.0751,,110.51,,0.0,3.44,3.44,2025-09-29T00:00:00.000Z,Display,,,,0.0622,observational
BJS,CONVENTIONAL|CLUB,08-40229-30663,Built Puff Variety Pack Protein Bar 18.3 Oz,0_10pct,<10% off,12,0.1238,0.082,0.0272,0.1134,157.7909,71.7417,,0.0288,21.54,21.82,2026-04-13T00:00:00.000Z,Display,,,,0.1238,observational
BJS,CONVENTIONAL|CLUB,08-40229-30663,Built Puff Variety Pack Protein Bar 18.3 Oz,10_20pct,10–20% off,11,0.8235,0.8315,0.4231,1.2326,76.3364,84.0143,,0.1252,19.34,21.81,2026-03-09T00:00:00.000Z,Display,,,,0.8235,observational
BJS,CONVENTIONAL|CLUB,08-40229-30663,Built Puff Variety Pack Protein Bar 18.3 Oz,no_promo,No price reduction,9,0.0497,0.0617,0.0099,0.0734,0.0,34.9778,,0.0,21.97,21.97,2026-03-30T00:00:00.000Z,Display,,,,0.0497,observational
BJS,CONVENTIONAL|CLUB,08-40229-30734,Built Puff Cookies N Cream & Cookie Dough Chunk Protein Bars 19.2 Oz,0_10pct,<10% off,6,0.3034,0.3116,0.1978,0.4289,46.1667,79.0833,,0.018,21.97,22.21,2026-04-13T00:00:00.000Z,Display,,,,0.3034,observational
BJS,CONVENTIONAL|CLUB,08-40229-30734,Built Puff Cookies N Cream & Cookie Dough Chunk Protein Bars 19.2 Oz,no_promo,No price reduction,1,0.0937,0.0937,0.0937,0.0937,,49.1,,0.0,21.95,21.95,2026-04-06T00:00:00.000Z,Display,,,,0.0937,observational
BP,CONVENTIONAL|CONVENIENCE,08-40229-30034,Built Puff Salted Caramel Protein Bar 1.41 Oz,30pct_plus,≥30% off,18,,,,,,,,1.0,3.57,3.63,2026-03-16T00:00:00.000Z,Unknown,,,,,observational
BP,CONVENTIONAL|CONVENIENCE,08-40229-30034,Built Puff Salted Caramel Protein Bar 1.41 Oz,no_promo,No price reduction,53,,,,,,,,,3.49,3.49,2026-04-13T00:00:00.000Z,Unknown,,,,,observational
BP,CONVENTIONAL|CONVENIENCE,08-40229-30037,Built Puff Coconut Protein Bar 1.41 Oz,30pct_plus,≥30% off,40,,,,,,,,1.0,3.46,3.51,2026-04-13T00:00:00.000Z,Unknown,,,,,observational
BP,CONVENTIONAL|CONVENIENCE,08-40229-30037,Built Puff Coconut Protein Bar 1.41 Oz,no_promo,No price reduction,103,,,,,,,,,3.46,3.46,2026-03-02T00:00:00.000Z,Unknown,,,,,observational
BP,CONVENTIONAL|CONVENIENCE,08-40229-30050,Built Puff Churro Protein Bar 1.41 Oz,30pct_plus,≥30% off,4,,,,,,,,1.0,2.95,3.49,2024-12-09T00:00:00.000Z,Unknown,,,,,observational
BP,CONVENTIONAL|CONVENIENCE,08-40229-30050,Built Puff Churro Protein Bar 1.41 Oz,no_promo,No price reduction,93,,,,,,,,,3.51,3.51,2026-04-13T00:00:00.000Z,Unknown,,,,,observational
BP,CONVENTIONAL|CONVENIENCE,08-40229-30053,Built Puff Banana Cream Pie Protein Bar 1.41 Oz,no_promo,No price reduction,6,,,,,,,,,3.76,3.76,2025-11-10T00:00:00.000Z,Unknown,,,,,observational
BP,CONVENTIONAL|CONVENIENCE,08-40229-30071,Built Double Chocolate Fudge Bar 1.69oz,30pct_plus,≥30% off,2,,,,,,,,1.0,3.4,4.16,2024-09-02T00:00:00.000Z,Unknown,,,,,observational
BP,CONVENTIONAL|CONVENIENCE,08-40229-30071,Built Double Chocolate Fudge Bar 1.69oz,no_promo,No price reduction,80,,,,,,,,,3.8,3.8,2025-11-24T00:00:00.000Z,Unknown,,,,,observational
BP,CONVENTIONAL|CONVENIENCE,08-40229-30103,Built Coocnut Almond Bar 1.97oz,no_promo,No price reduction,18,,,,,,,,,3.99,3.99,2024-12-02T00:00:00.000Z,Unknown,,,,,observational
BP,CONVENTIONAL|CONVENIENCE,08-40229-30115,Built Peanut Butter Bar 1.69oz,no_promo,No price reduction,35,,,,,,,,,3.73,3.73,2025-08-11T00:00:00.000Z,Unknown,,,,,observational
BP,CONVENTIONAL|CONVENIENCE,08-40229-30119,Built Satled Caramel Bar 1.69oz,no_promo,No price reduction,53,,,,,,,,,3.5,3.5,2025-06-09T00:00:00.000Z,Unknown,,,,,observational
BP,CONVENTIONAL|CONVENIENCE,08-40229-30130,Built Cookies & Cream Bar 1.69oz,30pct_plus,≥30% off,6,,,,,,,,1.0,3.3,3.77,2025-03-31T00:00:00.000Z,Unknown,,,,,observational
BP,CONVENTIONAL|CONVENIENCE,08-40229-30130,Built Cookies & Cream Bar 1.69oz,no_promo,No price reduction,100,,,,,,,,,3.62,3.62,2025-12-29T00:00:00.000Z,Unknown,,,,,observational
BP,CONVENTIONAL|CONVENIENCE,08-40229-30221,Built Brownie Batter Puff 1.41oz,no_promo,No price reduction,1,,,,,,,,,2.99,2.99,2023-07-24T00:00:00.000Z,Unknown,,,,,observational
BP,CONVENTIONAL|CONVENIENCE,08-40229-30333,Built Puff Cookie Dough Chunk Protein Bar 1.55 Oz,30pct_plus,≥30% off,31,,,,,,,,1.0,3.58,3.65,2026-04-13T00:00:00.000Z,Unknown,,,,,observational
BP,CONVENTIONAL|CONVENIENCE,08-40229-30333,Built Puff Cookie Dough Chunk Protein Bar 1.55 Oz,no_promo,No price reduction,70,,,,,,,,,3.33,3.33,2026-01-19T00:00:00.000Z,Unknown,,,,,observational
BP,CONVENTIONAL|CONVENIENCE,08-40229-30343,Built Puff Smores Chunk Protein Bar 1.52 Oz,no_promo,No price reduction,12,,,,,,,,,3.04,3.04,2026-04-13T00:00:00.000Z,Unknown,,,,,observational
BP,CONVENTIONAL|CONVENIENCE,08-40229-30362,Built Puff Brownie Batter Protein Bar 1.41 Oz,30pct_plus,≥30% off,32,,,,,,,,1.0,3.56,3.6,2026-04-13T00:00:00.000Z,Unknown,,,,,observational
BP,CONVENTIONAL|CONVENIENCE,08-40229-30362,Built Puff Brownie Batter Protein Bar 1.41 Oz,no_promo,No price reduction,105,,,,,,,,,3.38,3.38,2026-02-23T00:00:00.000Z,Unknown,,,,,observational
BP,CONVENTIONAL|CONVENIENCE,08-40229-30432,Built Puff Mint Chip Protein Bar 1.41 Oz,no_promo,No price reduction,37,,,,,,,,,3.57,3.57,2026-04-13T00:00:00.000Z,Unknown,,,,,observational
BP,CONVENTIONAL|CONVENIENCE,08-40229-30449,Built Peanut Butter Puff 1.41oz,30pct_plus,≥30% off,4,,,,,,,,1.0,2.99,3.33,2025-06-09T00:00:00.000Z,Unknown,,,,,observational
BP,CONVENTIONAL|CONVENIENCE,08-40229-30449,Built Peanut Butter Puff 1.41oz,no_promo,No price reduction,32,,,,,,,,,3.58,3.58,2025-08-11T00:00:00.000Z,Unknown,,,,,observational
BP,CONVENTIONAL|CONVENIENCE,08-40229-30550,Built Puff Cookies N Cream Protein Bar 1.41 Oz,30pct_plus,≥30% off,15,,,,,,,,1.0,3.54,3.57,2026-03-09T00:00:00.000Z,Unknown,,,,,observational
BP,CONVENTIONAL|CONVENIENCE,08-40229-30550,Built Puff Cookies N Cream Protein Bar 1.41 Oz,no_promo,No price reduction,31,,,,,,,,,3.54,3.54,2026-04-13T00:00:00.000Z,Unknown,,,,,observational
BP,CONVENTIONAL|CONVENIENCE,08-40229-30569,Built Puff Chocolate Milkshake Protein Bar 1.41 Oz,no_promo,No price reduction,22,,,,,,,,,3.92,3.92,2026-03-23T00:00:00.000Z,Unknown,,,,,observational
BP,CONVENTIONAL|CONVENIENCE,08-40229-30573,Built Puff Strawberries N Cream Protein Bar 1.41 Oz,no_promo,No price reduction,30,,,,,,,,,3.95,3.95,2026-04-13T00:00:00.000Z,Unknown,,,,,observational
BP,CONVENTIONAL|CONVENIENCE,08-40229-30642,Built Puff Peanut Butter Protein Bar 1.41 Oz,30pct_plus,≥30% off,9,,,,,,,,1.0,3.5,3.55,2026-03-23T00:00:00.000Z,Unknown,,,,,observational
BP,CONVENTIONAL|CONVENIENCE,08-40229-30642,Built Puff Peanut Butter Protein Bar 1.41 Oz,no_promo,No price reduction,28,,,,,,,,,3.5,3.5,2026-04-13T00:00:00.000Z,Unknown,,,,,observational
BP,CONVENTIONAL|CONVENIENCE,08-40229-30651,Built Protein Bar Puff Sour Peach 1.45 Oz,no_promo,No price reduction,4,,,,,,,,,3.86,3.86,2026-04-13T00:00:00.000Z,Unknown,,,,,observational
BP,CONVENTIONAL|CONVENIENCE,08-40229-30653,Built Puff Sour Blu Razz Blast Bar 1.45 Oz,no_promo,No price reduction,8,,,,,,,,,3.91,3.91,2026-04-13T00:00:00.000Z,Unknown,,,,,observational
BROOKSHIRE BROTHERS,REGIONAL & INDEP GROCERY,08-40229-30034,Built Puff Salted Caramel Protein Bar 1.41 Oz,10_20pct,10–20% off,3,0.1379,0.1644,0.1186,0.1704,,,,0.1143,2.69,2.89,2026-02-02T00:00:00.000Z,Unknown,,,,0.1379,observational
BROOKSHIRE BROTHERS,REGIONAL & INDEP GROCERY,08-40229-30037,Built Puff Coconut Protein Bar 1.41 Oz,0_10pct,<10% off,1,,,,,,,,0.069,2.9,2.9,2026-03-23T00:00:00.000Z,Unknown,,,,,observational
BROOKSHIRE BROTHERS,REGIONAL & INDEP GROCERY,08-40229-30037,Built Puff Coconut Protein Bar 1.41 Oz,10_20pct,10–20% off,1,0.0777,0.0777,0.0777,0.0777,,,,0.157,2.72,2.89,2025-09-08T00:00:00.000Z,Unknown,,,,0.0777,observational
BROOKSHIRE BROTHERS,REGIONAL & INDEP GROCERY,08-40229-30037,Built Puff Coconut Protein Bar 1.41 Oz,30pct_plus,≥30% off,12,0.4268,0.501,0.1598,0.5966,,,,0.3081,2.0,2.62,2025-12-01T00:00:00.000Z,Unknown,,,,0.4268,observational
BROOKSHIRE BROTHERS,REGIONAL & INDEP GROCERY,08-40229-30333,Built Puff Cookie Dough Chunk Protein Bar 1.55 Oz,0_10pct,<10% off,1,0.0128,0.0128,0.0128,0.0128,,,,0.05,2.0,2.0,2025-12-08T00:00:00.000Z,Unknown,,,,0.0128,observational
BROOKSHIRE BROTHERS,REGIONAL & INDEP GROCERY,08-40229-30333,Built Puff Cookie Dough Chunk Protein Bar 1.55 Oz,10_20pct,10–20% off,1,0.057,0.057,0.057,0.057,,,,0.154,2.78,2.87,2025-09-08T00:00:00.000Z,Unknown,,,,0.057,observational
BROOKSHIRE BROTHERS,REGIONAL & INDEP GROCERY,08-40229-30333,Built Puff Cookie Dough Chunk Protein Bar 1.55 Oz,30pct_plus,≥30% off,12,0.3486,0.3492,0.1424,0.5702,,,,0.308,2.0,2.6,2025-12-01T00:00:00.000Z,Unknown,,,,0.3486,observational
BROOKSHIRE BROTHERS,REGIONAL & INDEP GROCERY,08-40229-30362,Built Puff Brownie Batter Protein Bar 1.41 Oz,0_10pct,<10% off,1,,,,,,,,0.048,2.78,2.78,2026-02-09T00:00:00.000Z,Unknown,,,,,observational
BROOKSHIRE BROTHERS,REGIONAL & INDEP GROCERY,08-40229-30362,Built Puff Brownie Batter Protein Bar 1.41 Oz,10_20pct,10–20% off,1,0.0607,0.0607,0.0607,0.0607,,,,0.136,2.73,2.89,2025-09-08T00:00:00.000Z,Unknown,,,,0.0607,observational
BROOKSHIRE BROTHERS,REGIONAL & INDEP GROCERY,08-40229-30362,Built Puff Brownie Batter Protein Bar 1.41 Oz,30pct_plus,≥30% off,12,0.4652,0.5844,0.2305,0.668,,,,0.308,2.0,2.64,2025-12-01T00:00:00.000Z,Unknown,,,,0.4652,observational
BROOKSHIRE BROTHERS,REGIONAL & INDEP GROCERY,08-40229-30432,Built Puff Mint Chip Protein Bar 1.41 Oz,0_10pct,<10% off,5,0.057,0.057,0.0417,0.0724,,,,0.0986,2.18,2.2,2026-04-06T00:00:00.000Z,Unknown,,,,0.057,observational
BROOKSHIRE BROTHERS,REGIONAL & INDEP GROCERY,08-40229-30569,Built Puff Chocolate Milkshake Protein Bar 1.41 Oz,0_10pct,<10% off,1,0.0391,0.0391,0.0391,0.0391,,,,0.089,2.17,2.2,2026-02-16T00:00:00.000Z,Unknown,,,,0.0391,observational
BROOKSHIRE BROTHERS,REGIONAL & INDEP GROCERY,08-40229-30569,Built Puff Chocolate Milkshake Protein Bar 1.41 Oz,10_20pct,10–20% off,7,0.0307,0.0258,0.0229,0.0336,,,,0.1467,2.18,2.2,2026-03-30T00:00:00.000Z,Unknown,,,,0.0307,observational
BROOKSHIRE BROTHERS,REGIONAL & INDEP GROCERY,08-40229-30573,Built Puff Strawberries N Cream Protein Bar 1.41 Oz,10_20pct,10–20% off,5,0.0174,0.0176,0.0107,0.0244,,,,0.1516,2.18,2.21,2026-03-02T00:00:00.000Z,Unknown,,,,0.0174,observational
BROOKSHIRE GROCERY,REGIONAL & INDEP GROCERY,08-40229-30034,Built Puff Salted Caramel Protein Bar 1.41 Oz,0_10pct,<10% off,5,0.4683,0.5455,0.4189,0.6196,,,,0.0938,2.76,2.98,2026-02-16T00:00:00.000Z,Unknown,,,,0.4683,observational
BROOKSHIRE GROCERY,REGIONAL & INDEP GROCERY,08-40229-30037,Built Puff Coconut Protein Bar 1.41 Oz,10_20pct,10–20% off,3,0.1581,0.1581,0.1283,0.188,,,,0.1667,2.46,2.65,2026-03-30T00:00:00.000Z,Unknown,,,,0.1581,observational
BROOKSHIRE GROCERY,REGIONAL & INDEP GROCERY,08-40229-30037,Built Puff Coconut Protein Bar 1.41 Oz,20_30pct,20–30% off,22,0.3128,0.3059,0.0837,0.5268,,,,0.246,2.32,2.75,2026-04-13T00:00:00.000Z,Unknown,,,,0.3128,observational
BROOKSHIRE GROCERY,REGIONAL & INDEP GROCERY,08-40229-30037,Built Puff Coconut Protein Bar 1.41 Oz,30pct_plus,≥30% off,5,0.1793,0.0403,0.0259,0.2863,,,,0.3556,2.48,2.73,2026-01-12T00:00:00.000Z,Unknown,,,,0.1793,observational
BROOKSHIRE GROCERY,REGIONAL & INDEP GROCERY,08-40229-30333,Built Puff Cookie Dough Chunk Protein Bar 1.55 Oz,0_10pct,<10% off,1,0.1875,0.1875,0.1875,0.1875,,,,0.094,2.52,2.75,2025-08-18T00:00:00.000Z,Unknown,,,,0.1875,observational
BROOKSHIRE GROCERY,REGIONAL & INDEP GROCERY,08-40229-30333,Built Puff Cookie Dough Chunk Protein Bar 1.55 Oz,10_20pct,10–20% off,1,0.157,0.157,0.157,0.157,,,,0.163,2.67,2.95,2026-01-19T00:00:00.000Z,Unknown,,,,0.157,observational
BROOKSHIRE GROCERY,REGIONAL & INDEP GROCERY,08-40229-30333,Built Puff Cookie Dough Chunk Protein Bar 1.55 Oz,20_30pct,20–30% off,12,0.3634,0.3807,0.2963,0.5269,,,,0.2469,2.33,2.79,2026-04-13T00:00:00.000Z,Unknown,,,,0.3634,observational
BROOKSHIRE GROCERY,REGIONAL & INDEP GROCERY,08-40229-30333,Built Puff Cookie Dough Chunk Protein Bar 1.55 Oz,30pct_plus,≥30% off,14,0.2063,0.0864,0.0255,0.191,,,,0.4016,1.7,1.94,2026-01-12T00:00:00.000Z,Unknown,,,,0.2063,observational
BROOKSHIRE GROCERY,REGIONAL & INDEP GROCERY,08-40229-30362,Built Puff Brownie Batter Protein Bar 1.41 Oz,10_20pct,10–20% off,2,0.0929,0.0929,0.078,0.1077,,,,0.156,2.66,2.88,2026-01-19T00:00:00.000Z,Unknown,,,,0.0929,observational
BROOKSHIRE GROCERY,REGIONAL & INDEP GROCERY,08-40229-30362,Built Puff Brownie Batter Protein Bar 1.41 Oz,20_30pct,20–30% off,19,0.3584,0.3648,0.25,0.4586,,,,0.2477,2.27,2.74,2026-04-06T00:00:00.000Z,Unknown,,,,0.3584,observational
BROOKSHIRE GROCERY,REGIONAL & INDEP GROCERY,08-40229-30362,Built Puff Brownie Batter Protein Bar 1.41 Oz,30pct_plus,≥30% off,8,0.267,0.1128,0.0484,0.3211,,,,0.4691,2.41,2.81,2026-01-12T00:00:00.000Z,Unknown,,,,0.267,observational
BROOKSHIRE GROCERY,REGIONAL & INDEP GROCERY,08-40229-30380,Built Puff Brownie Batter Protein Bar 1.41 Oz (4 Pk),0_10pct,<10% off,5,0.1983,0.1979,0.1755,0.2195,,,,0.0802,10.7,11.29,2026-02-16T00:00:00.000Z,Unknown,,,,0.1983,observational
BROOKSHIRE GROCERY,REGIONAL & INDEP GROCERY,08-40229-30380,Built Puff Brownie Batter Protein Bar 1.41 Oz (4 Pk),30pct_plus,≥30% off,1,,,,,,,,0.519,11.28,11.49,2025-12-08T00:00:00.000Z,Unknown,,,,,observational
BROOKSHIRE GROCERY,REGIONAL & INDEP GROCERY,08-40229-30381,Built Puff Coconut Protein Bar 1.41 Oz (4 Pk),0_10pct,<10% off,4,0.2637,0.2603,0.1929,0.3311,,,,0.0842,10.56,11.3,2026-02-16T00:00:00.000Z,Unknown,,,,0.2637,observational
BROOKSHIRE GROCERY,REGIONAL & INDEP GROCERY,08-40229-30381,Built Puff Coconut Protein Bar 1.41 Oz (4 Pk),10_20pct,10–20% off,1,0.0378,0.0378,0.0378,0.0378,,,,0.19,11.04,11.43,2026-01-19T00:00:00.000Z,Unknown,,,,0.0378,observational
BROOKSHIRE GROCERY,REGIONAL & INDEP GROCERY,08-40229-30550,Built Puff Cookies N Cream Protein Bar 1.41 Oz,0_10pct,<10% off,5,0.4426,0.4416,0.3426,0.5205,,,,0.0876,2.76,2.99,2026-02-16T00:00:00.000Z,Unknown,,,,0.4426,observational
BUEHLERS,REGIONAL & INDEP GROCERY,08-40229-30034,Built Puff Salted Caramel Protein Bar 1.41 Oz,0_10pct,<10% off,1,,,,,,,,0.052,2.69,2.69,2025-08-18T00:00:00.000Z,Unknown,,,,,observational
BUEHLERS,REGIONAL & INDEP GROCERY,08-40229-30034,Built Puff Salted Caramel Protein Bar 1.41 Oz,10_20pct,10–20% off,4,0.3236,0.2,0.1113,0.4741,,,,0.1117,2.5,2.65,2026-02-02T00:00:00.000Z,Unknown,,,,0.3236,observational
BUEHLERS,REGIONAL & INDEP GROCERY,08-40229-30034,Built Puff Salted Caramel Protein Bar 1.41 Oz,20_30pct,20–30% off,2,0.5812,0.5812,0.3341,0.8283,,,,0.2235,2.09,2.69,2026-01-05T00:00:00.000Z,Unknown,,,,0.5812,observational
BUEHLERS,REGIONAL & INDEP GROCERY,08-40229-30333,Built Puff Cookie Dough Chunk Protein Bar 1.55 Oz,0_10pct,<10% off,1,0.0031,0.0031,0.0031,0.0031,,,,0.092,2.66,2.69,2025-09-15T00:00:00.000Z,Unknown,,,,0.0031,observational
BUEHLERS,REGIONAL & INDEP GROCERY,08-40229-30333,Built Puff Cookie Dough Chunk Protein Bar 1.55 Oz,10_20pct,10–20% off,5,0.2064,0.1215,0.1029,0.1814,,,,0.1322,2.36,2.66,2026-01-26T00:00:00.000Z,Unknown,,,,0.2064,observational
BUEHLERS,REGIONAL & INDEP GROCERY,08-40229-30362,Built Puff Brownie Batter Protein Bar 1.41 Oz,0_10pct,<10% off,1,,,,,,,,0.071,2.61,2.66,2025-12-22T00:00:00.000Z,Unknown,,,,,observational
BUEHLERS,REGIONAL & INDEP GROCERY,08-40229-30362,Built Puff Brownie Batter Protein Bar 1.41 Oz,10_20pct,10–20% off,5,0.307,0.3454,0.1835,0.4689,,,,0.1218,2.46,2.68,2026-02-02T00:00:00.000Z,Unknown,,,,0.307,observational
BUEHLERS,REGIONAL & INDEP GROCERY,08-40229-30362,Built Puff Brownie Batter Protein Bar 1.41 Oz,20_30pct,20–30% off,1,0.435,0.435,0.435,0.435,,,,0.218,2.09,2.6,2026-01-05T00:00:00.000Z,Unknown,,,,0.435,observational
BUEHLERS,REGIONAL & INDEP GROCERY,08-40229-30550,Built Puff Cookies N Cream Protein Bar 1.41 Oz,0_10pct,<10% off,1,0.039,0.039,0.039,0.039,,,,0.067,2.63,2.66,2026-02-02T00:00:00.000Z,Unknown,,,,0.039,observational
BUEHLERS,REGIONAL & INDEP GROCERY,08-40229-30550,Built Puff Cookies N Cream Protein Bar 1.41 Oz,10_20pct,10–20% off,5,0.1655,0.2245,0.068,0.2435,,,,0.1374,2.36,2.68,2026-01-26T00:00:00.000Z,Unknown,,,,0.1655,observational
C AND K MARKET,REGIONAL & INDEP GROCERY,08-40229-30333,Built Puff Cookie Dough Chunk Protein Bar 1.55 Oz,10_20pct,10–20% off,1,,,,,,,,0.1,2.98,2.99,2026-01-19T00:00:00.000Z,Unknown,,,,,observational
C AND K MARKET,REGIONAL & INDEP GROCERY,08-40229-30333,Built Puff Cookie Dough Chunk Protein Bar 1.55 Oz,20_30pct,20–30% off,1,0.0238,0.0238,0.0238,0.0238,,,,0.251,2.94,2.99,2026-01-26T00:00:00.000Z,Unknown,,,,0.0238,observational
C AND K MARKET,REGIONAL & INDEP GROCERY,08-40229-30333,Built Puff Cookie Dough Chunk Protein Bar 1.55 Oz,30pct_plus,≥30% off,1,0.1282,0.1282,0.1282,0.1282,,,,0.5,2.75,2.99,2026-02-02T00:00:00.000Z,Unknown,,,,0.1282,observational
CIRCLE K,CONVENTIONAL|CONVENIENCE,08-40229-30037,Built Puff Coconut Protein Bar 1.41 Oz,0_10pct,<10% off,16,0.1526,0.1911,0.0251,0.2419,72.1844,48.38,39.52,0.0837,3.39,3.49,2026-02-16T00:00:00.000Z,TPR,,,,0.1526,observational
CIRCLE K,CONVENTIONAL|CONVENIENCE,08-40229-30037,Built Puff Coconut Protein Bar 1.41 Oz,10_20pct,10–20% off,40,0.1612,0.1598,0.023,0.2805,59.2149,73.5833,,0.1376,3.33,3.48,2026-03-02T00:00:00.000Z,TPR,,,,0.1612,observational
CIRCLE K,CONVENTIONAL|CONVENIENCE,08-40229-30037,Built Puff Coconut Protein Bar 1.41 Oz,20_30pct,20–30% off,24,0.1992,0.1479,0.0154,0.3639,83.7917,71.6542,,0.2319,3.22,3.51,2026-04-13T00:00:00.000Z,TPR,,,,0.1992,observational
CIRCLE K,CONVENTIONAL|CONVENIENCE,08-40229-30037,Built Puff Coconut Protein Bar 1.41 Oz,30pct_plus,≥30% off,50,0.0403,0.0312,0.0164,0.0545,167.172,36.8421,,0.5245,3.3,3.41,2026-02-02T00:00:00.000Z,TPR,,,,0.0403,observational
CIRCLE K,CONVENTIONAL|CONVENIENCE,08-40229-30333,Built Puff Cookie Dough Chunk Protein Bar 1.55 Oz,0_10pct,<10% off,7,0.0468,0.0442,0.0033,0.0693,38.3667,82.7333,,0.0847,3.46,3.49,2026-01-26T00:00:00.000Z,Display,,,,0.0468,observational
CIRCLE K,CONVENTIONAL|CONVENIENCE,08-40229-30333,Built Puff Cookie Dough Chunk Protein Bar 1.55 Oz,10_20pct,10–20% off,3,0.3304,0.3455,0.3061,0.3622,67.6333,54.95,,0.162,2.95,3.29,2024-08-26T00:00:00.000Z,TPR,,,,0.3304,observational
CIRCLE K,CONVENTIONAL|CONVENIENCE,08-40229-30333,Built Puff Cookie Dough Chunk Protein Bar 1.55 Oz,20_30pct,20–30% off,15,0.2379,0.2687,0.1484,0.3034,72.6767,80.7571,,0.2311,3.02,3.38,2026-04-13T00:00:00.000Z,TPR,,,,0.2379,observational
CIRCLE K,CONVENTIONAL|CONVENIENCE,08-40229-30333,Built Puff Cookie Dough Chunk Protein Bar 1.55 Oz,30pct_plus,≥30% off,23,0.2602,0.1745,0.0208,0.4124,109.1304,138.9286,,0.5689,2.71,3.22,2026-02-23T00:00:00.000Z,TPR,,,,0.2602,observational
CIRCLE K,CONVENTIONAL|CONVENIENCE,08-40229-30333,Built Puff Cookie Dough Chunk Protein Bar 1.55 Oz,no_promo,No price reduction,2,0.0169,0.0169,0.0169,0.0169,,28.1,,0.0,3.5,3.5,2025-09-22T00:00:00.000Z,Display,,,,0.0169,observational
CIRCLE K,CONVENTIONAL|CONVENIENCE,08-40229-30362,Built Puff Brownie Batter Protein Bar 1.41 Oz,0_10pct,<10% off,19,0.1321,0.1627,0.0494,0.2056,62.3306,58.8176,28.5143,0.0767,3.41,3.49,2025-12-15T00:00:00.000Z,TPR,86.37,ROBUST,1.0,86.37,causal_robust
CIRCLE K,CONVENTIONAL|CONVENIENCE,08-40229-30362,Built Puff Brownie Batter Protein Bar 1.41 Oz,10_20pct,10–20% off,34,0.1099,0.0526,0.0206,0.1925,55.5621,68.5483,,0.1357,3.39,3.5,2026-03-02T00:00:00.000Z,TPR,86.37,ROBUST,1.0,86.37,causal_robust
CIRCLE K,CONVENTIONAL|CONVENIENCE,08-40229-30362,Built Puff Brownie Batter Protein Bar 1.41 Oz,20_30pct,20–30% off,31,0.1359,0.0676,0.0233,0.1657,82.4758,66.7893,57.3,0.2333,3.3,3.53,2026-04-13T00:00:00.000Z,TPR,86.37,ROBUST,1.0,86.37,causal_robust
CIRCLE K,CONVENTIONAL|CONVENIENCE,08-40229-30362,Built Puff Brownie Batter Protein Bar 1.41 Oz,30pct_plus,≥30% off,48,0.0569,0.0374,0.0111,0.0895,114.9917,64.4529,,0.5356,3.3,3.46,2026-01-19T00:00:00.000Z,TPR,86.37,ROBUST,1.0,86.37,causal_robust
CIRCLE K,CONVENTIONAL|CONVENIENCE,08-40229-30449,Built Peanut Butter Puff 1.41oz,0_10pct,<10% off,1,0.1504,0.1504,0.1504,0.1504,,23.2,,0.025,3.49,3.55,2025-06-09T00:00:00.000Z,Display,,,,0.1504,observational
CIRCLE K,CONVENTIONAL|CONVENIENCE,08-40229-30449,Built Peanut Butter Puff 1.41oz,10_20pct,10–20% off,4,0.2091,0.052,0.038,0.2231,54.05,96.7,,0.1572,3.24,3.38,2026-04-13T00:00:00.000Z,TPR,,,,0.2091,observational
CIRCLE K,CONVENTIONAL|CONVENIENCE,08-40229-30449,Built Peanut Butter Puff 1.41oz,20_30pct,20–30% off,12,0.0697,0.0588,0.0405,0.0782,38.3417,41.3,,0.2605,3.06,3.26,2026-04-06T00:00:00.000Z,TPR,,,,0.0697,observational
CIRCLE K,CONVENTIONAL|CONVENIENCE,08-40229-30449,Built Peanut Butter Puff 1.41oz,30pct_plus,≥30% off,24,0.3282,0.2079,0.0958,0.5696,145.825,328.6,,0.5881,2.58,3.13,2025-11-10T00:00:00.000Z,TPR,,,,0.3282,observational
CIRCLE K,CONVENTIONAL|CONVENIENCE,08-40229-30550,Built Puff Cookies N Cream Protein Bar 1.41 Oz,10_20pct,10–20% off,3,0.0368,0.0265,0.0183,0.0502,38.95,122.2,,0.133,3.32,3.39,2026-03-23T00:00:00.000Z,TPR,,,,0.0368,observational
CIRCLE K,CONVENTIONAL|CONVENIENCE,08-40229-30550,Built Puff Cookies N Cream Protein Bar 1.41 Oz,20_30pct,20–30% off,6,0.0756,0.0888,0.0461,0.1019,34.8917,122.2,,0.2117,2.87,3.07,2026-04-13T00:00:00.000Z,TPR,,,,0.0756,observational
CIRCLE K,CONVENTIONAL|CONVENIENCE,08-40229-30550,Built Puff Cookies N Cream Protein Bar 1.41 Oz,30pct_plus,≥30% off,1,0.2068,0.2068,0.2068,0.2068,82.9,96.1,,0.616,2.69,3.51,2026-02-02T00:00:00.000Z,Display,,,,0.2068,observational
CIRCLE K,CONVENTIONAL|CONVENIENCE,08-40229-30642,Built Puff Peanut Butter Protein Bar 1.41 Oz,10_20pct,10–20% off,2,0.1733,0.1733,0.1692,0.1774,50.55,5.0,,0.1935,2.98,3.28,2026-04-13T00:00:00.000Z,TPR,,,,0.1733,observational
CIRCLE K,CONVENTIONAL|CONVENIENCE,08-40229-30642,Built Puff Peanut Butter Protein Bar 1.41 Oz,20_30pct,20–30% off,6,0.2487,0.2701,0.2243,0.3376,58.8917,62.0833,,0.2237,2.91,3.29,2026-04-06T00:00:00.000Z,Display,,,,0.2487,observational
CIRCLE K,CONVENTIONAL|CONVENIENCE,08-40229-30642,Built Puff Peanut Butter Protein Bar 1.41 Oz,30pct_plus,≥30% off,1,0.0078,0.0078,0.0078,0.0078,95.3,,,0.751,3.45,3.49,2026-02-02T00:00:00.000Z,TPR,,,,0.0078,observational
CIRCLE K,CONVENTIONAL|CONVENIENCE,08-40229-30651,Built Protein Bar Puff Sour Peach 1.45 Oz,10_20pct,10–20% off,7,0.2375,0.1919,0.1729,0.301,44.3643,97.0714,,0.1433,3.0,3.22,2026-04-13T00:00:00.000Z,Display,,,,0.2375,observational
CIRCLE K,CONVENTIONAL|CONVENIENCE,08-40229-30653,Built Puff Sour Blu Razz Blast Bar 1.45 Oz,10_20pct,10–20% off,7,0.1889,0.1577,0.1467,0.2567,37.9214,94.0286,,0.1393,3.06,3.26,2026-04-13T00:00:00.000Z,Display,,,,0.1889,observational
CIRCLE K,CONVENTIONAL|CONVENIENCE,08-40229-30655,Built Puff Sour Green Apple Crush Bar 1.45 Oz,10_20pct,10–20% off,7,0.2031,0.1847,0.1619,0.241,38.2143,97.1286,,0.1467,2.92,3.12,2026-04-13T00:00:00.000Z,Display,,,,0.2031,observational
CLARKS MARKET,NATURAL EXPANDED,08-40229-30034,Built Puff Salted Caramel Protein Bar 1.41 Oz,0_10pct,<10% off,2,,,,,,,,0.051,2.74,2.89,2025-03-03T00:00:00.000Z,Unknown,,,,,observational
CLARKS MARKET,NATURAL EXPANDED,08-40229-30034,Built Puff Salted Caramel Protein Bar 1.41 Oz,30pct_plus,≥30% off,1,,,,,,,,0.377,1.8,2.89,2025-10-06T00:00:00.000Z,Unknown,,,,,observational
CLARKS MARKET,NATURAL EXPANDED,08-40229-30037,Built Puff Coconut Protein Bar 1.41 Oz,0_10pct,<10% off,39,0.1995,0.0734,0.0417,0.2275,,,,0.0691,2.8,2.91,2026-04-06T00:00:00.000Z,Unknown,,,,0.1995,observational
CLARKS MARKET,NATURAL EXPANDED,08-40229-30037,Built Puff Coconut Protein Bar 1.41 Oz,10_20pct,10–20% off,9,0.7181,0.7513,0.4656,1.0038,,,,0.1142,2.7,2.92,2026-02-02T00:00:00.000Z,Unknown,,,,0.7181,observational
CLARKS MARKET,NATURAL EXPANDED,08-40229-30037,Built Puff Coconut Protein Bar 1.41 Oz,20_30pct,20–30% off,6,0.1832,0.1864,0.0714,0.2953,,,,0.2478,2.36,2.94,2025-10-13T00:00:00.000Z,Unknown,,,,0.1832,observational
CLARKS MARKET,NATURAL EXPANDED,08-40229-30037,Built Puff Coconut Protein Bar 1.41 Oz,30pct_plus,≥30% off,4,0.7592,0.9403,0.4786,1.1304,,,,0.3157,2.22,2.96,2026-02-16T00:00:00.000Z,Unknown,,,,0.7592,observational
CLARKS MARKET,NATURAL EXPANDED,08-40229-30050,Built Puff Churro Protein Bar 1.41 Oz,0_10pct,<10% off,25,0.3482,0.3037,0.0662,0.4994,,,,0.0699,2.81,2.93,2026-04-06T00:00:00.000Z,Unknown,,,,0.3482,observational
CLARKS MARKET,NATURAL EXPANDED,08-40229-30050,Built Puff Churro Protein Bar 1.41 Oz,10_20pct,10–20% off,17,0.6964,0.6424,0.3903,0.9371,,,,0.1165,2.72,2.92,2026-03-23T00:00:00.000Z,Unknown,,,,0.6964,observational
CLARKS MARKET,NATURAL EXPANDED,08-40229-30050,Built Puff Churro Protein Bar 1.41 Oz,20_30pct,20–30% off,2,0.216,0.216,0.1913,0.2406,,,,0.2615,2.38,2.94,2025-10-13T00:00:00.000Z,Unknown,,,,0.216,observational
CLARKS MARKET,NATURAL EXPANDED,08-40229-30050,Built Puff Churro Protein Bar 1.41 Oz,30pct_plus,≥30% off,5,1.1875,1.1875,1.0312,1.3438,,,,0.3254,1.97,2.92,2026-02-09T00:00:00.000Z,Unknown,,,,1.1875,observational
CLARKS MARKET,NATURAL EXPANDED,08-40229-30071,Built Double Chocolate Fudge Bar 1.69oz,0_10pct,<10% off,9,0.7895,0.7895,0.7895,0.7895,,,,0.0639,2.81,2.98,2025-03-24T00:00:00.000Z,Unknown,,,,0.7895,observational
CLARKS MARKET,NATURAL EXPANDED,08-40229-30071,Built Double Chocolate Fudge Bar 1.69oz,10_20pct,10–20% off,8,,,,,,,,0.1169,2.64,2.99,2025-04-07T00:00:00.000Z,Unknown,,,,,observational
CLARKS MARKET,NATURAL EXPANDED,08-40229-30071,Built Double Chocolate Fudge Bar 1.69oz,20_30pct,20–30% off,2,,,,,,,,0.2845,2.36,2.99,2024-09-16T00:00:00.000Z,Unknown,,,,,observational
CLARKS MARKET,NATURAL EXPANDED,08-40229-30071,Built Double Chocolate Fudge Bar 1.69oz,30pct_plus,≥30% off,1,,,,,,,,0.322,2.0,2.95,2024-07-08T00:00:00.000Z,Unknown,,,,,observational
CLARKS MARKET,NATURAL EXPANDED,08-40229-30099,Built Coconut Bar 1.69oz,0_10pct,<10% off,7,0.6949,0.6949,0.6949,0.6949,,,,0.0637,2.8,2.99,2025-03-24T00:00:00.000Z,Unknown,,,,0.6949,observational
CLARKS MARKET,NATURAL EXPANDED,08-40229-30099,Built Coconut Bar 1.69oz,10_20pct,10–20% off,9,0.0169,0.0169,0.0169,0.0169,,,,0.115,2.67,2.97,2025-04-07T00:00:00.000Z,Unknown,,,,0.0169,observational
CLARKS MARKET,NATURAL EXPANDED,08-40229-30099,Built Coconut Bar 1.69oz,30pct_plus,≥30% off,3,,,,,,,,0.3207,2.0,2.94,2024-09-23T00:00:00.000Z,Unknown,,,,,observational
CLARKS MARKET,NATURAL EXPANDED,08-40229-30107,Built Mint Brownie Bar 1.69oz,0_10pct,<10% off,5,,,,,,,,0.0656,2.8,2.99,2024-12-09T00:00:00.000Z,Unknown,,,,,observational
CLARKS MARKET,NATURAL EXPANDED,08-40229-30107,Built Mint Brownie Bar 1.69oz,10_20pct,10–20% off,2,,,,,,,,0.104,2.68,2.99,2024-02-26T00:00:00.000Z,Unknown,,,,,observational
CLARKS MARKET,NATURAL EXPANDED,08-40229-30107,Built Mint Brownie Bar 1.69oz,20_30pct,20–30% off,1,,,,,,,,0.234,2.29,2.99,2024-07-15T00:00:00.000Z,Unknown,,,,,observational
CLARKS MARKET,NATURAL EXPANDED,08-40229-30107,Built Mint Brownie Bar 1.69oz,30pct_plus,≥30% off,2,,,,,,,,0.326,2.0,2.96,2024-09-16T00:00:00.000Z,Unknown,,,,,observational
CLARKS MARKET,NATURAL EXPANDED,08-40229-30119,Built Satled Caramel Bar 1.69oz,0_10pct,<10% off,5,,,,,,,,0.0694,2.79,2.99,2025-03-24T00:00:00.000Z,Unknown,,,,,observational
CLARKS MARKET,NATURAL EXPANDED,08-40229-30119,Built Satled Caramel Bar 1.69oz,10_20pct,10–20% off,4,,,,,,,,0.1145,2.65,2.99,2025-04-28T00:00:00.000Z,Unknown,,,,,observational
CLARKS MARKET,NATURAL EXPANDED,08-40229-30119,Built Satled Caramel Bar 1.69oz,30pct_plus,≥30% off,2,,,,,,,,0.3035,2.0,2.87,2024-09-16T00:00:00.000Z,Unknown,,,,,observational
CLARKS MARKET,NATURAL EXPANDED,08-40229-30122,Built Raspberry Bar 1.73oz,0_10pct,<10% off,2,,,,,,,,0.051,2.84,2.99,2023-10-23T00:00:00.000Z,Unknown,,,,,observational
CLARKS MARKET,NATURAL EXPANDED,08-40229-30122,Built Raspberry Bar 1.73oz,10_20pct,10–20% off,1,,,,,,,,0.1,2.69,2.99,2023-12-11T00:00:00.000Z,Unknown,,,,,observational
CLARKS MARKET,NATURAL EXPANDED,08-40229-30130,Built Cookies & Cream Bar 1.69oz,0_10pct,<10% off,6,,,,,,,,0.0693,2.51,2.68,2024-12-09T00:00:00.000Z,Unknown,,,,,observational
CLARKS MARKET,NATURAL EXPANDED,08-40229-30130,Built Cookies & Cream Bar 1.69oz,10_20pct,10–20% off,2,,,,,,,,0.1335,2.59,2.99,2024-12-16T00:00:00.000Z,Unknown,,,,,observational
CLARKS MARKET,NATURAL EXPANDED,08-40229-30130,Built Cookies & Cream Bar 1.69oz,20_30pct,20–30% off,1,,,,,,,,0.266,2.15,2.92,2024-07-01T00:00:00.000Z,Unknown,,,,,observational
CLARKS MARKET,NATURAL EXPANDED,08-40229-30130,Built Cookies & Cream Bar 1.69oz,30pct_plus,≥30% off,2,2.6207,2.6207,2.6207,2.6207,,,,0.3295,2.0,2.98,2024-09-16T00:00:00.000Z,Unknown,,,,2.6207,observational
CLARKS MARKET,NATURAL EXPANDED,08-40229-30249,Built Candy Cane Brownie Bar 1.51oz,30pct_plus,≥30% off,2,,,,,,,,0.398,1.8,2.59,2023-07-31T00:00:00.000Z,Unknown,,,,,observational
CLARKS MARKET,NATURAL EXPANDED,08-40229-30333,Built Puff Cookie Dough Chunk Protein Bar 1.55 Oz,0_10pct,<10% off,23,0.3914,0.19,0.0856,0.506,,,,0.0732,2.78,2.91,2026-04-06T00:00:00.000Z,Unknown,,,,0.3914,observational
CLARKS MARKET,NATURAL EXPANDED,08-40229-30333,Built Puff Cookie Dough Chunk Protein Bar 1.55 Oz,10_20pct,10–20% off,10,0.5259,0.1215,0.1024,0.7472,,,,0.1174,2.66,2.87,2025-07-21T00:00:00.000Z,Unknown,,,,0.5259,observational
CLARKS MARKET,NATURAL EXPANDED,08-40229-30333,Built Puff Cookie Dough Chunk Protein Bar 1.55 Oz,20_30pct,20–30% off,5,0.5521,0.6514,0.3725,0.7347,,,,0.26,2.23,2.93,2026-02-16T00:00:00.000Z,Unknown,,,,0.5521,observational
CLARKS MARKET,NATURAL EXPANDED,08-40229-30333,Built Puff Cookie Dough Chunk Protein Bar 1.55 Oz,30pct_plus,≥30% off,4,0.9019,0.9019,0.8788,0.925,,,,0.3242,2.02,2.84,2025-10-13T00:00:00.000Z,Unknown,,,,0.9019,observational
CLARKS MARKET,NATURAL EXPANDED,08-40229-30343,Built Puff Smores Chunk Protein Bar 1.52 Oz,30pct_plus,≥30% off,1,,,,,,,,0.308,2.0,2.89,2026-02-09T00:00:00.000Z,Unknown,,,,,observational
CLARKS MARKET,NATURAL EXPANDED,08-40229-30362,Built Puff Brownie Batter Protein Bar 1.41 Oz,0_10pct,<10% off,28,0.4288,0.35,0.1771,0.5,,,,0.0733,2.78,2.93,2026-04-06T00:00:00.000Z,Unknown,,,,0.4288,observational
CLARKS MARKET,NATURAL EXPANDED,08-40229-30362,Built Puff Brownie Batter Protein Bar 1.41 Oz,10_20pct,10–20% off,7,0.5528,0.6544,0.3669,0.6964,,,,0.1294,2.62,2.95,2026-02-16T00:00:00.000Z,Unknown,,,,0.5528,observational
CLARKS MARKET,NATURAL EXPANDED,08-40229-30362,Built Puff Brownie Batter Protein Bar 1.41 Oz,20_30pct,20–30% off,4,0.8889,0.8889,0.8452,0.9326,,,,0.273,2.39,2.91,2026-02-09T00:00:00.000Z,Unknown,,,,0.8889,observational
CLARKS MARKET,NATURAL EXPANDED,08-40229-30362,Built Puff Brownie Batter Protein Bar 1.41 Oz,30pct_plus,≥30% off,4,0.068,0.068,0.068,0.068,,,,0.3305,2.12,2.98,2024-09-23T00:00:00.000Z,Unknown,,,,0.068,observational
CLARKS MARKET,NATURAL EXPANDED,08-40229-30380,Built Puff Brownie Batter Protein Bar 1.41 Oz (4 Pk),0_10pct,<10% off,1,,,,,,,,0.05,9.68,10.19,2026-01-12T00:00:00.000Z,Unknown,,,,,observational
CLARKS MARKET,NATURAL EXPANDED,08-40229-30380,Built Puff Brownie Batter Protein Bar 1.41 Oz (4 Pk),10_20pct,10–20% off,1,,,,,,,,0.1,9.17,10.19,2026-01-19T00:00:00.000Z,Unknown,,,,,observational
CLARKS MARKET,NATURAL EXPANDED,08-40229-30432,Built Puff Mint Chip Protein Bar 1.41 Oz,0_10pct,<10% off,7,0.064,0.064,0.0405,0.0876,,,,0.0717,2.76,2.9,2026-04-06T00:00:00.000Z,Unknown,,,,0.064,observational
CLARKS MARKET,NATURAL EXPANDED,08-40229-30432,Built Puff Mint Chip Protein Bar 1.41 Oz,10_20pct,10–20% off,3,0.6046,0.6046,0.5245,0.6846,,,,0.1463,2.44,2.86,2026-02-09T00:00:00.000Z,Unknown,,,,0.6046,observational
CLARKS MARKET,NATURAL EXPANDED,08-40229-30432,Built Puff Mint Chip Protein Bar 1.41 Oz,20_30pct,20–30% off,1,,,,,,,,0.21,2.26,2.86,2025-10-13T00:00:00.000Z,Unknown,,,,,observational
CLARKS MARKET,NATURAL EXPANDED,08-40229-30432,Built Puff Mint Chip Protein Bar 1.41 Oz,30pct_plus,≥30% off,3,0.7808,0.7808,0.7808,0.7808,,,,0.3647,1.89,2.97,2026-02-16T00:00:00.000Z,Unknown,,,,0.7808,observational
CLARKS MARKET,NATURAL EXPANDED,08-40229-30550,Built Puff Cookies N Cream Protein Bar 1.41 Oz,0_10pct,<10% off,3,,,,,,,,0.069,2.69,2.89,2026-02-16T00:00:00.000Z,Unknown,,,,,observational
CLARKS MARKET,NATURAL EXPANDED,08-40229-30550,Built Puff Cookies N Cream Protein Bar 1.41 Oz,30pct_plus,≥30% off,1,,,,,,,,0.422,1.67,2.89,2026-02-09T00:00:00.000Z,Unknown,,,,,observational
CLARKS MARKET,NATURAL EXPANDED,08-40229-30558,Built Puff Cookie Dough Chunk Protein Bar 1.55 Oz (4 Pk),0_10pct,<10% off,14,,,,,,,,0.0703,9.73,10.4,2026-03-02T00:00:00.000Z,Unknown,,,,,observational
CLARKS MARKET,NATURAL EXPANDED,08-40229-30558,Built Puff Cookie Dough Chunk Protein Bar 1.55 Oz (4 Pk),10_20pct,10–20% off,2,,,,,,,,0.1415,9.19,10.23,2025-09-01T00:00:00.000Z,Unknown,,,,,observational
CLARKS MARKET,NATURAL EXPANDED,08-40229-30558,Built Puff Cookie Dough Chunk Protein Bar 1.55 Oz (4 Pk),30pct_plus,≥30% off,1,,,,,,,,0.376,6.55,10.49,2024-10-21T00:00:00.000Z,Unknown,,,,,observational
CLARKS MARKET,NATURAL EXPANDED,08-40229-30573,Built Puff Strawberries N Cream Protein Bar 1.41 Oz,0_10pct,<10% off,1,,,,,,,,0.083,2.65,2.89,2026-01-26T00:00:00.000Z,Unknown,,,,,observational
CLARKS MARKET,NATURAL EXPANDED,08-40229-30573,Built Puff Strawberries N Cream Protein Bar 1.41 Oz,10_20pct,10–20% off,3,,,,,,,,0.15,2.48,2.92,2026-03-30T00:00:00.000Z,Unknown,,,,,observational
CLARKS MARKET,NATURAL EXPANDED,08-40229-30573,Built Puff Strawberries N Cream Protein Bar 1.41 Oz,30pct_plus,≥30% off,1,,,,,,,,0.356,1.86,2.89,2026-02-09T00:00:00.000Z,Unknown,,,,,observational
CLARKS MARKET,NATURAL EXPANDED,08-40229-30642,Built Puff Peanut Butter Protein Bar 1.41 Oz,10_20pct,10–20% off,1,,,,,,,,0.174,2.47,2.99,2026-04-06T00:00:00.000Z,Unknown,,,,,observational
CLARKS MARKET,NATURAL EXPANDED,08-40229-30651,Built Protein Bar Puff Sour Peach 1.45 Oz,0_10pct,<10% off,4,,,,,,,,0.077,2.58,2.79,2026-02-23T00:00:00.000Z,Unknown,,,,,observational
CLARKS MARKET,NATURAL EXPANDED,08-40229-30651,Built Protein Bar Puff Sour Peach 1.45 Oz,30pct_plus,≥30% off,1,,,,,,,,0.349,1.82,2.79,2026-02-09T00:00:00.000Z,Unknown,,,,,observational
CLARKS MARKET,NATURAL EXPANDED,08-40229-30653,Built Puff Sour Blu Razz Blast Bar 1.45 Oz,0_10pct,<10% off,2,,,,,,,,0.086,2.55,2.79,2026-02-16T00:00:00.000Z,Unknown,,,,,observational
CLARKS MARKET,NATURAL EXPANDED,08-40229-30653,Built Puff Sour Blu Razz Blast Bar 1.45 Oz,30pct_plus,≥30% off,1,,,,,,,,0.417,1.63,2.79,2026-02-09T00:00:00.000Z,Unknown,,,,,observational
CLARKS MARKET,NATURAL EXPANDED,08-40229-30655,Built Puff Sour Green Apple Crush Bar 1.45 Oz,0_10pct,<10% off,4,,,,,,,,0.0845,2.6,2.84,2026-04-06T00:00:00.000Z,Unknown,,,,,observational
CLARKS MARKET,NATURAL EXPANDED,08-40229-30655,Built Puff Sour Green Apple Crush Bar 1.45 Oz,30pct_plus,≥30% off,1,,,,,,,,0.401,1.67,2.79,2026-02-09T00:00:00.000Z,Unknown,,,,,observational
COAST GUARD,CONVENTIONAL|MILITARY,08-40229-30037,Built Puff Coconut Protein Bar 1.41 Oz,30pct_plus,≥30% off,54,,,,,,,,0.9688,2.74,2.78,2026-04-13T00:00:00.000Z,Unknown,,,,,observational
COAST GUARD,CONVENTIONAL|MILITARY,08-40229-30037,Built Puff Coconut Protein Bar 1.41 Oz,no_promo,No price reduction,53,,,,,,,,,2.78,2.78,2026-03-23T00:00:00.000Z,Unknown,,,,,observational
COAST GUARD,CONVENTIONAL|MILITARY,08-40229-30050,Built Puff Churro Protein Bar 1.41 Oz,no_promo,No price reduction,3,,,,,,,,,2.99,2.99,2025-12-01T00:00:00.000Z,Unknown,,,,,observational
COAST GUARD,CONVENTIONAL|MILITARY,08-40229-30362,Built Puff Brownie Batter Protein Bar 1.41 Oz,30pct_plus,≥30% off,12,,,,,,,,0.9628,2.42,2.47,2026-04-13T00:00:00.000Z,Unknown,,,,,observational
COAST GUARD,CONVENTIONAL|MILITARY,08-40229-30362,Built Puff Brownie Batter Protein Bar 1.41 Oz,no_promo,No price reduction,42,,,,,,,,,2.51,2.51,2026-04-06T00:00:00.000Z,Unknown,,,,,observational
COAST GUARD,CONVENTIONAL|MILITARY,08-40229-30573,Built Puff Strawberries N Cream Protein Bar 1.41 Oz,no_promo,No price reduction,8,,,,,,,,,2.98,2.98,2025-12-08T00:00:00.000Z,Unknown,,,,,observational
COAST GUARD,CONVENTIONAL|MILITARY,08-40229-30642,Built Puff Peanut Butter Protein Bar 1.41 Oz,30pct_plus,≥30% off,1,,,,,,,,1.0,2.84,2.99,2026-03-30T00:00:00.000Z,Unknown,,,,,observational
COAST GUARD,CONVENTIONAL|MILITARY,08-40229-30642,Built Puff Peanut Butter Protein Bar 1.41 Oz,no_promo,No price reduction,14,,,,,,,,,2.99,2.99,2026-03-23T00:00:00.000Z,Unknown,,,,,observational
COBORNS,REGIONAL & INDEP GROCERY,08-40229-30034,Built Puff Salted Caramel Protein Bar 1.41 Oz,0_10pct,<10% off,2,0.0617,0.0617,0.0617,0.0617,,,,0.071,2.98,3.02,2026-02-02T00:00:00.000Z,Unknown,,,,0.0617,observational
COBORNS,REGIONAL & INDEP GROCERY,08-40229-30034,Built Puff Salted Caramel Protein Bar 1.41 Oz,10_20pct,10–20% off,9,0.262,0.3197,0.2452,0.3365,,,,0.1424,2.6,2.81,2026-04-13T00:00:00.000Z,Unknown,,,,0.262,observational
COBORNS,REGIONAL & INDEP GROCERY,08-40229-30034,Built Puff Salted Caramel Protein Bar 1.41 Oz,20_30pct,20–30% off,2,0.2441,0.2441,0.1319,0.3563,,,,0.218,2.34,2.7,2026-03-09T00:00:00.000Z,Unknown,,,,0.2441,observational
COBORNS,REGIONAL & INDEP GROCERY,08-40229-30034,Built Puff Salted Caramel Protein Bar 1.41 Oz,30pct_plus,≥30% off,7,0.2964,0.1915,0.1429,0.4124,,,,0.4104,2.25,2.69,2026-03-30T00:00:00.000Z,Unknown,,,,0.2964,observational
COBORNS,REGIONAL & INDEP GROCERY,08-40229-30037,Built Puff Coconut Protein Bar 1.41 Oz,0_10pct,<10% off,18,0.0973,0.0348,0.0111,0.0619,,,,0.0723,2.9,2.95,2026-01-26T00:00:00.000Z,Unknown,,,,0.0973,observational
COBORNS,REGIONAL & INDEP GROCERY,08-40229-30037,Built Puff Coconut Protein Bar 1.41 Oz,10_20pct,10–20% off,33,0.2856,0.0806,0.0292,0.5839,,,,0.1437,2.78,2.97,2026-04-13T00:00:00.000Z,Unknown,,,,0.2856,observational
COBORNS,REGIONAL & INDEP GROCERY,08-40229-30037,Built Puff Coconut Protein Bar 1.41 Oz,20_30pct,20–30% off,6,0.7781,0.7579,0.1972,0.9284,,,,0.242,2.44,2.93,2026-03-23T00:00:00.000Z,Unknown,,,,0.7781,observational
COBORNS,REGIONAL & INDEP GROCERY,08-40229-30037,Built Puff Coconut Protein Bar 1.41 Oz,30pct_plus,≥30% off,5,1.1576,1.1701,1.1436,1.2047,,,,0.3222,2.02,2.91,2026-03-16T00:00:00.000Z,Unknown,,,,1.1576,observational
COBORNS,REGIONAL & INDEP GROCERY,08-40229-30050,Built Puff Churro Protein Bar 1.41 Oz,0_10pct,<10% off,6,,,,,,,,0.0667,2.8,2.9,2026-03-30T00:00:00.000Z,Unknown,,,,,observational
COBORNS,REGIONAL & INDEP GROCERY,08-40229-30050,Built Puff Churro Protein Bar 1.41 Oz,10_20pct,10–20% off,3,0.0066,0.0066,0.0052,0.0081,,,,0.1373,2.49,2.67,2026-04-13T00:00:00.000Z,Unknown,,,,0.0066,observational
COBORNS,REGIONAL & INDEP GROCERY,08-40229-30050,Built Puff Churro Protein Bar 1.41 Oz,20_30pct,20–30% off,1,,,,,,,,0.222,2.4,2.91,2025-12-29T00:00:00.000Z,Unknown,,,,,observational
COBORNS,REGIONAL & INDEP GROCERY,08-40229-30333,Built Puff Cookie Dough Chunk Protein Bar 1.55 Oz,0_10pct,<10% off,12,0.0322,0.0356,0.0154,0.0484,,,,0.0763,2.87,2.9,2026-02-16T00:00:00.000Z,Unknown,,,,0.0322,observational
COBORNS,REGIONAL & INDEP GROCERY,08-40229-30333,Built Puff Cookie Dough Chunk Protein Bar 1.55 Oz,10_20pct,10–20% off,15,0.4514,0.4616,0.1707,0.697,,,,0.1649,2.6,2.93,2026-04-13T00:00:00.000Z,Unknown,,,,0.4514,observational
COBORNS,REGIONAL & INDEP GROCERY,08-40229-30333,Built Puff Cookie Dough Chunk Protein Bar 1.55 Oz,20_30pct,20–30% off,11,0.4092,0.3467,0.0492,0.5827,,,,0.2373,2.5,2.79,2026-03-02T00:00:00.000Z,Unknown,,,,0.4092,observational
COBORNS,REGIONAL & INDEP GROCERY,08-40229-30333,Built Puff Cookie Dough Chunk Protein Bar 1.55 Oz,30pct_plus,≥30% off,5,1.3199,1.4654,0.8767,1.9085,,,,0.321,2.39,2.93,2026-03-23T00:00:00.000Z,Unknown,,,,1.3199,observational
COBORNS,REGIONAL & INDEP GROCERY,08-40229-30362,Built Puff Brownie Batter Protein Bar 1.41 Oz,0_10pct,<10% off,24,0.0692,0.0204,0.0127,0.0479,,,,0.0693,2.93,2.96,2026-02-02T00:00:00.000Z,Unknown,,,,0.0692,observational
COBORNS,REGIONAL & INDEP GROCERY,08-40229-30362,Built Puff Brownie Batter Protein Bar 1.41 Oz,10_20pct,10–20% off,24,0.3387,0.2294,0.0297,0.5573,,,,0.1561,2.73,2.97,2026-04-13T00:00:00.000Z,Unknown,,,,0.3387,observational
COBORNS,REGIONAL & INDEP GROCERY,08-40229-30362,Built Puff Brownie Batter Protein Bar 1.41 Oz,20_30pct,20–30% off,4,0.5954,0.6742,0.3512,0.9184,,,,0.2485,2.43,2.93,2026-03-02T00:00:00.000Z,Unknown,,,,0.5954,observational
COBORNS,REGIONAL & INDEP GROCERY,08-40229-30362,Built Puff Brownie Batter Protein Bar 1.41 Oz,30pct_plus,≥30% off,7,1.095,0.9951,0.8232,1.3463,,,,0.3224,2.16,2.91,2026-03-23T00:00:00.000Z,Unknown,,,,1.095,observational
COBORNS,REGIONAL & INDEP GROCERY,08-40229-30380,Built Puff Brownie Batter Protein Bar 1.41 Oz (4 Pk),0_10pct,<10% off,16,0.0198,0.0147,0.0126,0.0227,,,,0.0685,9.96,9.99,2026-04-06T00:00:00.000Z,Unknown,,,,0.0198,observational
COBORNS,REGIONAL & INDEP GROCERY,08-40229-30380,Built Puff Brownie Batter Protein Bar 1.41 Oz (4 Pk),10_20pct,10–20% off,11,0.1633,0.2245,0.0408,0.2308,,,,0.1029,9.69,9.99,2026-04-13T00:00:00.000Z,Unknown,,,,0.1633,observational
COBORNS,REGIONAL & INDEP GROCERY,08-40229-30380,Built Puff Brownie Batter Protein Bar 1.41 Oz (4 Pk),30pct_plus,≥30% off,1,0.0035,0.0035,0.0035,0.0035,,,,0.572,9.82,10.0,2025-11-03T00:00:00.000Z,Unknown,,,,0.0035,observational
COBORNS,REGIONAL & INDEP GROCERY,08-40229-30381,Built Puff Coconut Protein Bar 1.41 Oz (4 Pk),0_10pct,<10% off,2,0.0357,0.0357,0.0357,0.0357,,,,0.0645,9.91,9.96,2025-11-03T00:00:00.000Z,Unknown,,,,0.0357,observational
COBORNS,REGIONAL & INDEP GROCERY,08-40229-30381,Built Puff Coconut Protein Bar 1.41 Oz (4 Pk),10_20pct,10–20% off,11,0.2928,0.2923,0.2782,0.3072,,,,0.1092,9.63,10.0,2026-03-16T00:00:00.000Z,Unknown,,,,0.2928,observational
COBORNS,REGIONAL & INDEP GROCERY,08-40229-30381,Built Puff Coconut Protein Bar 1.41 Oz (4 Pk),30pct_plus,≥30% off,4,0.1954,0.1752,0.0977,0.273,,,,0.4465,8.64,9.79,2026-04-13T00:00:00.000Z,Unknown,,,,0.1954,observational
COBORNS,REGIONAL & INDEP GROCERY,08-40229-30432,Built Puff Mint Chip Protein Bar 1.41 Oz,0_10pct,<10% off,1,,,,,,,,0.05,3.06,3.07,2026-02-09T00:00:00.000Z,Unknown,,,,,observational
COBORNS,REGIONAL & INDEP GROCERY,08-40229-30432,Built Puff Mint Chip Protein Bar 1.41 Oz,10_20pct,10–20% off,13,0.3621,0.3603,0.317,0.4047,,,,0.1377,2.77,2.96,2026-04-13T00:00:00.000Z,Unknown,,,,0.3621,observational
COBORNS,REGIONAL & INDEP GROCERY,08-40229-30432,Built Puff Mint Chip Protein Bar 1.41 Oz,20_30pct,20–30% off,1,0.0112,0.0112,0.0112,0.0112,,,,0.2,2.49,2.52,2026-03-09T00:00:00.000Z,Unknown,,,,0.0112,observational
COBORNS,REGIONAL & INDEP GROCERY,08-40229-30432,Built Puff Mint Chip Protein Bar 1.41 Oz,30pct_plus,≥30% off,3,0.355,0.278,0.264,0.4075,,,,0.4113,2.11,2.71,2026-03-30T00:00:00.000Z,Unknown,,,,0.355,observational
COBORNS,REGIONAL & INDEP GROCERY,08-40229-30550,Built Puff Cookies N Cream Protein Bar 1.41 Oz,0_10pct,<10% off,8,0.0304,0.0345,0.0207,0.0421,,,,0.0678,3.14,3.27,2026-02-02T00:00:00.000Z,Unknown,,,,0.0304,observational
COBORNS,REGIONAL & INDEP GROCERY,08-40229-30550,Built Puff Cookies N Cream Protein Bar 1.41 Oz,10_20pct,10–20% off,16,0.3103,0.3776,0.0955,0.4622,,,,0.1582,2.66,2.95,2026-04-13T00:00:00.000Z,Unknown,,,,0.3103,observational
COBORNS,REGIONAL & INDEP GROCERY,08-40229-30550,Built Puff Cookies N Cream Protein Bar 1.41 Oz,20_30pct,20–30% off,2,0.9208,0.9208,0.8738,0.9677,,,,0.2435,2.2,2.86,2026-03-02T00:00:00.000Z,Unknown,,,,0.9208,observational
COBORNS,REGIONAL & INDEP GROCERY,08-40229-30550,Built Puff Cookies N Cream Protein Bar 1.41 Oz,30pct_plus,≥30% off,3,0.9818,0.9299,0.8623,1.0754,,,,0.315,2.02,2.84,2026-03-23T00:00:00.000Z,Unknown,,,,0.9818,observational
COBORNS,REGIONAL & INDEP GROCERY,08-40229-30558,Built Puff Cookie Dough Chunk Protein Bar 1.55 Oz (4 Pk),0_10pct,<10% off,4,0.0787,0.0679,0.0321,0.1145,,,,0.066,9.71,9.95,2026-03-09T00:00:00.000Z,Unknown,,,,0.0787,observational
COBORNS,REGIONAL & INDEP GROCERY,08-40229-30558,Built Puff Cookie Dough Chunk Protein Bar 1.55 Oz (4 Pk),10_20pct,10–20% off,4,0.2616,0.2616,0.1498,0.3734,,,,0.1092,9.66,10.0,2026-03-16T00:00:00.000Z,Unknown,,,,0.2616,observational
COBORNS,REGIONAL & INDEP GROCERY,08-40229-30558,Built Puff Cookie Dough Chunk Protein Bar 1.55 Oz (4 Pk),30pct_plus,≥30% off,4,0.122,0.0873,0.0579,0.1686,,,,0.4845,9.38,10.07,2026-04-13T00:00:00.000Z,Unknown,,,,0.122,observational
COBORNS,REGIONAL & INDEP GROCERY,08-40229-30642,Built Puff Peanut Butter Protein Bar 1.41 Oz,0_10pct,<10% off,4,0.0055,0.0055,0.0043,0.0068,,,,0.0732,2.97,2.98,2026-02-16T00:00:00.000Z,Unknown,,,,0.0055,observational
COBORNS,REGIONAL & INDEP GROCERY,08-40229-30642,Built Puff Peanut Butter Protein Bar 1.41 Oz,10_20pct,10–20% off,13,0.2396,0.256,0.1564,0.3339,,,,0.1513,2.6,2.83,2026-04-13T00:00:00.000Z,Unknown,,,,0.2396,observational
COBORNS,REGIONAL & INDEP GROCERY,08-40229-30642,Built Puff Peanut Butter Protein Bar 1.41 Oz,20_30pct,20–30% off,4,0.5199,0.4825,0.457,0.5454,,,,0.262,2.23,2.84,2026-03-09T00:00:00.000Z,Unknown,,,,0.5199,observational
COBORNS,REGIONAL & INDEP GROCERY,08-40229-30642,Built Puff Peanut Butter Protein Bar 1.41 Oz,30pct_plus,≥30% off,2,0.6183,0.6183,0.6024,0.6342,,,,0.3055,2.06,2.86,2026-03-23T00:00:00.000Z,Unknown,,,,0.6183,observational
COBORNS,REGIONAL & INDEP GROCERY,08-40229-30651,Built Protein Bar Puff Sour Peach 1.45 Oz,0_10pct,<10% off,1,0.0159,0.0159,0.0159,0.0159,,,,0.06,2.93,2.93,2026-02-09T00:00:00.000Z,Unknown,,,,0.0159,observational
COBORNS,REGIONAL & INDEP GROCERY,08-40229-30651,Built Protein Bar Puff Sour Peach 1.45 Oz,10_20pct,10–20% off,3,0.1619,0.1826,0.1478,0.1863,,,,0.1543,2.5,2.9,2026-04-13T00:00:00.000Z,Unknown,,,,0.1619,observational
COBORNS,REGIONAL & INDEP GROCERY,08-40229-30651,Built Protein Bar Puff Sour Peach 1.45 Oz,20_30pct,20–30% off,2,0.4307,0.4307,0.3851,0.4762,,,,0.263,2.12,2.74,2026-03-16T00:00:00.000Z,Unknown,,,,0.4307,observational
COBORNS,REGIONAL & INDEP GROCERY,08-40229-30651,Built Protein Bar Puff Sour Peach 1.45 Oz,30pct_plus,≥30% off,2,0.3803,0.3803,0.3257,0.4348,,,,0.307,2.16,2.81,2026-03-23T00:00:00.000Z,Unknown,,,,0.3803,observational
COBORNS,REGIONAL & INDEP GROCERY,08-40229-30653,Built Puff Sour Blu Razz Blast Bar 1.45 Oz,0_10pct,<10% off,1,,,,,,,,0.063,2.96,2.96,2026-02-16T00:00:00.000Z,Unknown,,,,,observational
COBORNS,REGIONAL & INDEP GROCERY,08-40229-30653,Built Puff Sour Blu Razz Blast Bar 1.45 Oz,10_20pct,10–20% off,3,0.2851,0.2655,0.2141,0.3462,,,,0.1557,2.49,2.88,2026-04-13T00:00:00.000Z,Unknown,,,,0.2851,observational
COBORNS,REGIONAL & INDEP GROCERY,08-40229-30653,Built Puff Sour Blu Razz Blast Bar 1.45 Oz,20_30pct,20–30% off,1,0.1543,0.1543,0.1543,0.1543,,,,0.289,2.23,2.84,2026-03-02T00:00:00.000Z,Unknown,,,,0.1543,observational
COBORNS,REGIONAL & INDEP GROCERY,08-40229-30653,Built Puff Sour Blu Razz Blast Bar 1.45 Oz,30pct_plus,≥30% off,3,0.4671,0.4512,0.4364,0.4899,,,,0.3307,2.13,2.84,2026-03-23T00:00:00.000Z,Unknown,,,,0.4671,observational
COBORNS,REGIONAL & INDEP GROCERY,08-40229-30655,Built Puff Sour Green Apple Crush Bar 1.45 Oz,0_10pct,<10% off,1,,,,,,,,0.05,2.07,2.07,2026-03-09T00:00:00.000Z,Unknown,,,,,observational
COBORNS,REGIONAL & INDEP GROCERY,08-40229-30655,Built Puff Sour Green Apple Crush Bar 1.45 Oz,10_20pct,10–20% off,4,0.1154,0.1111,0.086,0.1427,,,,0.1615,2.35,2.46,2026-04-13T00:00:00.000Z,Unknown,,,,0.1154,observational
COBORNS,REGIONAL & INDEP GROCERY,08-40229-30655,Built Puff Sour Green Apple Crush Bar 1.45 Oz,30pct_plus,≥30% off,1,0.0181,0.0181,0.0181,0.0181,,,,0.462,2.03,2.1,2026-03-16T00:00:00.000Z,Unknown,,,,0.0181,observational
COHN WHOLESALE,REGIONAL & INDEP GROCERY,08-40229-30037,Built Puff Coconut Protein Bar 1.41 Oz,30pct_plus,≥30% off,8,,,,,,,,0.325,2.49,3.69,2024-01-22T00:00:00.000Z,Unknown,,,,,observational
COHN WHOLESALE,REGIONAL & INDEP GROCERY,08-40229-30119,Built Satled Caramel Bar 1.69oz,20_30pct,20–30% off,1,,,,,,,,0.206,3.01,3.79,2023-11-27T00:00:00.000Z,Unknown,,,,,observational
COHN WHOLESALE,REGIONAL & INDEP GROCERY,08-40229-30119,Built Satled Caramel Bar 1.69oz,30pct_plus,≥30% off,7,,,,,,,,0.343,2.49,3.79,2024-01-15T00:00:00.000Z,Unknown,,,,,observational
COSENTINOS,REGIONAL & INDEP GROCERY,08-40229-30034,Built Puff Salted Caramel Protein Bar 1.41 Oz,0_10pct,<10% off,4,0.1333,0.0731,0.0386,0.1678,,,,0.0762,2.72,2.82,2026-02-16T00:00:00.000Z,Unknown,,,,0.1333,observational
COSENTINOS,REGIONAL & INDEP GROCERY,08-40229-30034,Built Puff Salted Caramel Protein Bar 1.41 Oz,10_20pct,10–20% off,10,0.3373,0.3472,0.1648,0.5736,,,,0.1241,2.48,2.66,2026-03-23T00:00:00.000Z,Unknown,,,,0.3373,observational
COSENTINOS,REGIONAL & INDEP GROCERY,08-40229-30034,Built Puff Salted Caramel Protein Bar 1.41 Oz,20_30pct,20–30% off,11,0.3305,0.1993,0.1321,0.4297,,,,0.2325,2.32,2.63,2026-04-13T00:00:00.000Z,Unknown,,,,0.3305,observational
COSENTINOS,REGIONAL & INDEP GROCERY,08-40229-30037,Built Puff Coconut Protein Bar 1.41 Oz,0_10pct,<10% off,12,0.3276,0.3208,0.2381,0.3514,,,,0.077,2.59,2.73,2026-02-16T00:00:00.000Z,Unknown,,,,0.3276,observational
COSENTINOS,REGIONAL & INDEP GROCERY,08-40229-30037,Built Puff Coconut Protein Bar 1.41 Oz,10_20pct,10–20% off,28,0.4494,0.4968,0.21,0.6152,,,,0.1122,2.52,2.76,2026-03-30T00:00:00.000Z,Unknown,,,,0.4494,observational
COSENTINOS,REGIONAL & INDEP GROCERY,08-40229-30037,Built Puff Coconut Protein Bar 1.41 Oz,20_30pct,20–30% off,16,0.5194,0.5597,0.0551,0.7193,,,,0.2539,2.35,2.73,2026-04-13T00:00:00.000Z,Unknown,,,,0.5194,observational
COSENTINOS,REGIONAL & INDEP GROCERY,08-40229-30050,Built Puff Churro Protein Bar 1.41 Oz,0_10pct,<10% off,3,0.2727,0.2727,0.2727,0.2727,,,,0.0687,2.75,2.81,2025-12-22T00:00:00.000Z,Unknown,,,,0.2727,observational
COSENTINOS,REGIONAL & INDEP GROCERY,08-40229-30050,Built Puff Churro Protein Bar 1.41 Oz,10_20pct,10–20% off,5,0.2809,0.3333,0.2396,0.3485,,,,0.1138,2.51,2.79,2026-03-09T00:00:00.000Z,Unknown,,,,0.2809,observational
COSENTINOS,REGIONAL & INDEP GROCERY,08-40229-30050,Built Puff Churro Protein Bar 1.41 Oz,20_30pct,20–30% off,5,0.4152,0.4,0.3739,0.4489,,,,0.2346,2.26,2.74,2026-03-23T00:00:00.000Z,Unknown,,,,0.4152,observational
COSENTINOS,REGIONAL & INDEP GROCERY,08-40229-30071,Built Double Chocolate Fudge Bar 1.69oz,0_10pct,<10% off,7,0.8293,0.8293,0.8293,0.8293,,,,0.0767,2.59,2.79,2025-03-17T00:00:00.000Z,Unknown,,,,0.8293,observational
COSENTINOS,REGIONAL & INDEP GROCERY,08-40229-30071,Built Double Chocolate Fudge Bar 1.69oz,10_20pct,10–20% off,22,0.6669,0.717,0.3699,0.8627,,,,0.1039,2.5,2.78,2025-04-14T00:00:00.000Z,Unknown,,,,0.6669,observational
COSENTINOS,REGIONAL & INDEP GROCERY,08-40229-30119,Built Satled Caramel Bar 1.69oz,0_10pct,<10% off,8,0.1677,0.1704,0.0677,0.2572,,,,0.0775,2.62,2.78,2025-03-17T00:00:00.000Z,Unknown,,,,0.1677,observational
COSENTINOS,REGIONAL & INDEP GROCERY,08-40229-30119,Built Satled Caramel Bar 1.69oz,10_20pct,10–20% off,21,0.5487,0.4625,0.3043,0.7411,,,,0.104,2.51,2.78,2025-04-14T00:00:00.000Z,Unknown,,,,0.5487,observational
COSENTINOS,REGIONAL & INDEP GROCERY,08-40229-30119,Built Satled Caramel Bar 1.69oz,20_30pct,20–30% off,4,0.4286,0.4286,0.4286,0.4286,,,,0.269,2.04,2.79,2025-06-16T00:00:00.000Z,Unknown,,,,0.4286,observational
COSENTINOS,REGIONAL & INDEP GROCERY,08-40229-30130,Built Cookies & Cream Bar 1.69oz,0_10pct,<10% off,9,0.2616,0.2251,0.1863,0.341,,,,0.0773,2.6,2.78,2025-03-17T00:00:00.000Z,Unknown,,,,0.2616,observational
COSENTINOS,REGIONAL & INDEP GROCERY,08-40229-30130,Built Cookies & Cream Bar 1.69oz,10_20pct,10–20% off,20,0.6695,0.5635,0.2941,0.8458,,,,0.104,2.5,2.79,2025-04-14T00:00:00.000Z,Unknown,,,,0.6695,observational
COSENTINOS,REGIONAL & INDEP GROCERY,08-40229-30130,Built Cookies & Cream Bar 1.69oz,20_30pct,20–30% off,7,0.8749,0.5748,0.4916,1.1082,,,,0.2626,2.07,2.79,2025-06-30T00:00:00.000Z,Unknown,,,,0.8749,observational
COSENTINOS,REGIONAL & INDEP GROCERY,08-40229-30333,Built Puff Cookie Dough Chunk Protein Bar 1.55 Oz,0_10pct,<10% off,4,0.1279,0.1503,0.0885,0.1784,,,,0.0743,2.64,2.7,2026-02-16T00:00:00.000Z,Unknown,,,,0.1279,observational
COSENTINOS,REGIONAL & INDEP GROCERY,08-40229-30333,Built Puff Cookie Dough Chunk Protein Bar 1.55 Oz,10_20pct,10–20% off,5,0.4604,0.5073,0.3595,0.527,,,,0.1184,2.5,2.74,2026-03-23T00:00:00.000Z,Unknown,,,,0.4604,observational
COSENTINOS,REGIONAL & INDEP GROCERY,08-40229-30333,Built Puff Cookie Dough Chunk Protein Bar 1.55 Oz,20_30pct,20–30% off,13,0.5349,0.5165,0.2317,0.7192,,,,0.2312,2.22,2.61,2026-03-16T00:00:00.000Z,Unknown,,,,0.5349,observational
COSENTINOS,REGIONAL & INDEP GROCERY,08-40229-30362,Built Puff Brownie Batter Protein Bar 1.41 Oz,0_10pct,<10% off,14,0.4072,0.3645,0.2169,0.6207,,,,0.0754,2.63,2.77,2026-02-16T00:00:00.000Z,Unknown,,,,0.4072,observational
COSENTINOS,REGIONAL & INDEP GROCERY,08-40229-30362,Built Puff Brownie Batter Protein Bar 1.41 Oz,10_20pct,10–20% off,30,0.4817,0.5077,0.3307,0.6302,,,,0.1125,2.51,2.77,2026-03-30T00:00:00.000Z,Unknown,,,,0.4817,observational
COSENTINOS,REGIONAL & INDEP GROCERY,08-40229-30362,Built Puff Brownie Batter Protein Bar 1.41 Oz,20_30pct,20–30% off,17,0.4993,0.5771,0.0311,0.7746,,,,0.2526,2.42,2.74,2026-04-13T00:00:00.000Z,Unknown,,,,0.4993,observational
COSENTINOS,REGIONAL & INDEP GROCERY,08-40229-30380,Built Puff Brownie Batter Protein Bar 1.41 Oz (4 Pk),0_10pct,<10% off,7,0.3316,0.25,0.1154,0.4928,,,,0.0714,9.41,9.94,2026-04-13T00:00:00.000Z,Unknown,,,,0.3316,observational
COSENTINOS,REGIONAL & INDEP GROCERY,08-40229-30380,Built Puff Brownie Batter Protein Bar 1.41 Oz (4 Pk),10_20pct,10–20% off,4,0.3789,0.4481,0.3066,0.5204,,,,0.1,8.99,9.81,2025-12-22T00:00:00.000Z,Unknown,,,,0.3789,observational
COSENTINOS,REGIONAL & INDEP GROCERY,08-40229-30380,Built Puff Brownie Batter Protein Bar 1.41 Oz (4 Pk),30pct_plus,≥30% off,1,0.1429,0.1429,0.1429,0.1429,,,,0.35,9.46,9.99,2026-01-26T00:00:00.000Z,Unknown,,,,0.1429,observational
COSENTINOS,REGIONAL & INDEP GROCERY,08-40229-30381,Built Puff Coconut Protein Bar 1.41 Oz (4 Pk),0_10pct,<10% off,7,0.1726,0.1579,0.084,0.2259,,,,0.071,9.31,9.85,2026-04-13T00:00:00.000Z,Unknown,,,,0.1726,observational
COSENTINOS,REGIONAL & INDEP GROCERY,08-40229-30381,Built Puff Coconut Protein Bar 1.41 Oz (4 Pk),10_20pct,10–20% off,4,0.3436,0.3414,0.2649,0.4201,,,,0.1,8.99,9.8,2025-12-22T00:00:00.000Z,Unknown,,,,0.3436,observational
COSENTINOS,REGIONAL & INDEP GROCERY,08-40229-30394,Built Puff Candy Cane Brownie Protein Bar 1.51 Oz,10_20pct,10–20% off,3,,,,,,,,0.1193,2.5,2.84,2026-01-19T00:00:00.000Z,Unknown,,,,,observational
COSENTINOS,REGIONAL & INDEP GROCERY,08-40229-30432,Built Puff Mint Chip Protein Bar 1.41 Oz,0_10pct,<10% off,4,0.4976,0.3981,0.3466,0.5491,,,,0.079,2.64,2.82,2026-03-09T00:00:00.000Z,Unknown,,,,0.4976,observational
COSENTINOS,REGIONAL & INDEP GROCERY,08-40229-30432,Built Puff Mint Chip Protein Bar 1.41 Oz,10_20pct,10–20% off,6,0.2317,0.1421,0.0651,0.3153,,,,0.1388,2.51,2.74,2026-03-23T00:00:00.000Z,Unknown,,,,0.2317,observational
COSENTINOS,REGIONAL & INDEP GROCERY,08-40229-30432,Built Puff Mint Chip Protein Bar 1.41 Oz,20_30pct,20–30% off,4,1.0319,0.8638,0.4568,1.4389,,,,0.2615,2.26,2.86,2026-01-19T00:00:00.000Z,Unknown,,,,1.0319,observational
COSENTINOS,REGIONAL & INDEP GROCERY,08-40229-30432,Built Puff Mint Chip Protein Bar 1.41 Oz,30pct_plus,≥30% off,2,1.1146,1.1146,0.5625,1.6667,,,,0.318,2.44,2.93,2026-01-05T00:00:00.000Z,Unknown,,,,1.1146,observational
COSENTINOS,REGIONAL & INDEP GROCERY,08-40229-30449,Built Peanut Butter Puff 1.41oz,0_10pct,<10% off,3,0.3492,0.2092,0.1534,0.4751,,,,0.0777,2.63,2.77,2025-03-17T00:00:00.000Z,Unknown,,,,0.3492,observational
COSENTINOS,REGIONAL & INDEP GROCERY,08-40229-30449,Built Peanut Butter Puff 1.41oz,10_20pct,10–20% off,15,0.4865,0.3757,0.2856,0.6824,,,,0.104,2.5,2.78,2025-04-14T00:00:00.000Z,Unknown,,,,0.4865,observational
COSENTINOS,REGIONAL & INDEP GROCERY,08-40229-30449,Built Peanut Butter Puff 1.41oz,20_30pct,20–30% off,1,,,,,,,,0.269,2.04,2.79,2025-06-23T00:00:00.000Z,Unknown,,,,,observational
COSENTINOS,REGIONAL & INDEP GROCERY,08-40229-30550,Built Puff Cookies N Cream Protein Bar 1.41 Oz,0_10pct,<10% off,3,0.1154,0.0912,0.0564,0.1623,,,,0.0773,2.76,2.82,2026-02-09T00:00:00.000Z,Unknown,,,,0.1154,observational
COSENTINOS,REGIONAL & INDEP GROCERY,08-40229-30550,Built Puff Cookies N Cream Protein Bar 1.41 Oz,10_20pct,10–20% off,11,0.1988,0.18,0.0354,0.3195,,,,0.1299,2.54,2.66,2026-03-30T00:00:00.000Z,Unknown,,,,0.1988,observational
COSENTINOS,REGIONAL & INDEP GROCERY,08-40229-30550,Built Puff Cookies N Cream Protein Bar 1.41 Oz,20_30pct,20–30% off,7,0.364,0.3557,0.2394,0.5344,,,,0.2249,2.31,2.57,2026-04-13T00:00:00.000Z,Unknown,,,,0.364,observational
COSENTINOS,REGIONAL & INDEP GROCERY,08-40229-30550,Built Puff Cookies N Cream Protein Bar 1.41 Oz,30pct_plus,≥30% off,4,0.0819,0.0383,0.0245,0.1174,,,,0.331,2.09,2.28,2025-11-24T00:00:00.000Z,Unknown,,,,0.0819,observational
COSENTINOS,REGIONAL & INDEP GROCERY,08-40229-30558,Built Puff Cookie Dough Chunk Protein Bar 1.55 Oz (4 Pk),0_10pct,<10% off,6,0.7314,0.5665,0.1925,1.2755,,,,0.0683,9.38,9.95,2026-04-13T00:00:00.000Z,Unknown,,,,0.7314,observational
COSENTINOS,REGIONAL & INDEP GROCERY,08-40229-30615,Built Puff Chocolatey Hazelnut  1.41oz,10_20pct,10–20% off,4,0.8182,0.8182,0.8182,0.8182,,,,0.12,2.62,2.86,2026-01-19T00:00:00.000Z,Unknown,,,,0.8182,observational
COSENTINOS,REGIONAL & INDEP GROCERY,08-40229-30642,Built Puff Peanut Butter Protein Bar 1.41 Oz,0_10pct,<10% off,5,0.2831,0.2578,0.157,0.384,,,,0.0764,2.78,2.89,2026-03-09T00:00:00.000Z,Unknown,,,,0.2831,observational
COSENTINOS,REGIONAL & INDEP GROCERY,08-40229-30642,Built Puff Peanut Butter Protein Bar 1.41 Oz,10_20pct,10–20% off,7,0.1617,0.1273,0.0633,0.2427,,,,0.1313,2.58,2.75,2026-03-30T00:00:00.000Z,Unknown,,,,0.1617,observational
COSENTINOS,REGIONAL & INDEP GROCERY,08-40229-30642,Built Puff Peanut Butter Protein Bar 1.41 Oz,20_30pct,20–30% off,7,0.5498,0.6248,0.2901,0.7831,,,,0.2437,2.29,2.73,2026-04-13T00:00:00.000Z,Unknown,,,,0.5498,observational
COSENTINOS,REGIONAL & INDEP GROCERY,08-40229-30646,Built Puff Peanut Butter Cup Protein Bar 1.41 Oz (4 Pk),0_10pct,<10% off,6,0.4848,0.3115,0.1111,0.3636,,,,0.0735,9.37,9.97,2026-04-13T00:00:00.000Z,Unknown,,,,0.4848,observational
CVS,CONVENTIONAL|DRUG,08-40229-30034,Built Puff Salted Caramel Protein Bar 1.41 Oz,30pct_plus,≥30% off,3,1.9572,1.5403,1.4323,2.2736,37.3,124.05,113.2,0.5496,3.5,3.71,2026-04-13T00:00:00.000Z,Display,,,,1.9572,observational
CVS,CONVENTIONAL|DRUG,08-40229-30037,Built Puff Coconut Protein Bar 1.41 Oz,30pct_plus,≥30% off,130,1.4537,1.0374,1.0184,1.8006,85.3081,106.1103,79.7708,0.5857,3.3,3.49,2026-04-13T00:00:00.000Z,TPR,,,,1.4537,observational
CVS,CONVENTIONAL|DRUG,08-40229-30037,Built Puff Coconut Protein Bar 1.41 Oz,no_promo,No price reduction,8,1.0058,1.0058,1.0036,1.008,,150.0,,0.0,3.54,3.54,2024-02-05T00:00:00.000Z,Unknown,,,,1.0058,observational
CVS,CONVENTIONAL|DRUG,08-40229-30209,Built Puff Coconut Protein Bar 1.41 Oz (12 Pk),no_promo,No price reduction,1,,,,,,,,,6.99,6.99,2025-08-04T00:00:00.000Z,Unknown,,,,,observational
CVS,CONVENTIONAL|DRUG,08-40229-30333,Built Puff Cookie Dough Chunk Protein Bar 1.55 Oz,30pct_plus,≥30% off,4,1.9269,1.5055,1.3649,2.2782,33.0,124.35,118.8,0.5487,3.53,3.78,2026-04-13T00:00:00.000Z,Feature,,,,1.9269,observational
CVS,CONVENTIONAL|DRUG,08-40229-30333,Built Puff Cookie Dough Chunk Protein Bar 1.55 Oz,no_promo,No price reduction,1,,,,,,,,,3.39,3.39,2026-03-23T00:00:00.000Z,Unknown,,,,,observational
CVS,CONVENTIONAL|DRUG,08-40229-30362,Built Puff Brownie Batter Protein Bar 1.41 Oz,30pct_plus,≥30% off,130,1.4684,1.0336,1.016,1.8748,67.7103,69.9889,86.4,0.5913,3.31,3.49,2026-04-13T00:00:00.000Z,TPR,,,,1.4684,observational
CVS,CONVENTIONAL|DRUG,08-40229-30362,Built Puff Brownie Batter Protein Bar 1.41 Oz,no_promo,No price reduction,8,,,,,,,,,3.54,3.54,2023-12-18T00:00:00.000Z,Unknown,,,,,observational
CVS,CONVENTIONAL|DRUG,08-40229-30363,Built Puff Brownie Batter Protein Bar 1.41 Oz (12 Pk),no_promo,No price reduction,2,,,,,,,,,4.0,4.0,2025-02-03T00:00:00.000Z,Unknown,,,,,observational
CVS,CONVENTIONAL|DRUG,08-40229-30380,Built Puff Brownie Batter Protein Bar 1.41 Oz (4 Pk),30pct_plus,≥30% off,44,1.389,1.0322,1.006,1.6218,28.9676,,50.7,0.5818,10.75,11.1,2026-04-13T00:00:00.000Z,TPR,,,,1.389,observational
CVS,CONVENTIONAL|DRUG,08-40229-30380,Built Puff Brownie Batter Protein Bar 1.41 Oz (4 Pk),no_promo,No price reduction,4,,,,,,,,,11.05,11.05,2026-02-02T00:00:00.000Z,Unknown,,,,,observational
CVS,CONVENTIONAL|DRUG,08-40229-30381,Built Puff Coconut Protein Bar 1.41 Oz (4 Pk),30pct_plus,≥30% off,44,1.3572,1.0312,1.0045,1.6462,38.7094,,54.1467,0.5726,10.72,11.08,2026-04-13T00:00:00.000Z,TPR,,,,1.3572,observational
CVS,CONVENTIONAL|DRUG,08-40229-30381,Built Puff Coconut Protein Bar 1.41 Oz (4 Pk),no_promo,No price reduction,4,,,,,,,,,11.04,11.04,2025-12-08T00:00:00.000Z,Unknown,,,,,observational
CVS,CONVENTIONAL|DRUG,08-40229-30413,Built Bar Puff Brownie Batter 1.41 Oz,30pct_plus,≥30% off,5,1.116,1.1477,1.1,1.1638,33.25,177.8,,0.619,2.83,3.16,2025-08-18T00:00:00.000Z,TPR,,,,1.116,observational
CVS,CONVENTIONAL|DRUG,08-40229-30413,Built Bar Puff Brownie Batter 1.41 Oz,no_promo,No price reduction,19,,,,,,,,,3.01,3.01,2025-11-10T00:00:00.000Z,Unknown,,,,,observational
CVS,CONVENTIONAL|DRUG,08-40229-30550,Built Puff Cookies N Cream Protein Bar 1.41 Oz,30pct_plus,≥30% off,4,1.9432,1.448,1.4165,2.2224,37.25,125.85,108.95,0.5486,3.52,3.76,2026-04-13T00:00:00.000Z,Feature,,,,1.9432,observational
CVS,CONVENTIONAL|DRUG,08-40229-30550,Built Puff Cookies N Cream Protein Bar 1.41 Oz,no_promo,No price reduction,1,,,,,,,,,3.52,3.52,2026-03-23T00:00:00.000Z,Unknown,,,,,observational
CVS,CONVENTIONAL|DRUG,08-40229-30581,Built Puff Cookies N Cream Protein Bar 1.41 Oz (4 Pk),no_promo,No price reduction,4,,,,,,,,,11.03,11.03,2026-04-13T00:00:00.000Z,Unknown,,,,,observational
DECA,CONVENTIONAL|MILITARY,08-40229-30037,Built Puff Coconut Protein Bar 1.41 Oz,30pct_plus,≥30% off,9,1.5058,1.3688,1.2047,1.6094,29.36,90.4667,,0.5351,2.49,2.57,2026-04-13T00:00:00.000Z,Display,,,,1.5058,observational
DECA,CONVENTIONAL|MILITARY,08-40229-30037,Built Puff Coconut Protein Bar 1.41 Oz,no_promo,No price reduction,7,1.3237,1.1296,1.1154,1.4349,,179.1667,,0.0,2.55,2.55,2026-03-23T00:00:00.000Z,Unknown,,,,1.3237,observational
DECA,CONVENTIONAL|MILITARY,08-40229-30249,Built Candy Cane Brownie Bar 1.51oz,no_promo,No price reduction,8,2.1522,2.1522,2.1522,2.1522,,194.7,,0.0,2.15,2.15,2024-12-16T00:00:00.000Z,Unknown,,,,2.1522,observational
DECA,CONVENTIONAL|MILITARY,08-40229-30333,Built Puff Cookie Dough Chunk Protein Bar 1.55 Oz,30pct_plus,≥30% off,17,1.6849,1.6272,1.396,1.7848,45.2667,106.3353,,0.5557,2.06,2.21,2026-02-02T00:00:00.000Z,Display,,,,1.6849,observational
DECA,CONVENTIONAL|MILITARY,08-40229-30333,Built Puff Cookie Dough Chunk Protein Bar 1.55 Oz,no_promo,No price reduction,26,1.1449,1.0851,1.0533,1.2065,,66.7667,,0.0,2.26,2.26,2026-04-13T00:00:00.000Z,Unknown,,,,1.1449,observational
DECA,CONVENTIONAL|MILITARY,08-40229-30362,Built Puff Brownie Batter Protein Bar 1.41 Oz,30pct_plus,≥30% off,8,1.5802,1.5418,1.3381,1.8639,77.1333,78.5667,,0.5434,2.47,2.56,2026-04-13T00:00:00.000Z,Display,,,,1.5802,observational
DECA,CONVENTIONAL|MILITARY,08-40229-30362,Built Puff Brownie Batter Protein Bar 1.41 Oz,no_promo,No price reduction,7,1.2944,1.3196,1.139,1.475,,76.125,,0.0,2.63,2.63,2026-03-30T00:00:00.000Z,Display,,,,1.2944,observational
DECA,CONVENTIONAL|MILITARY,08-40229-30376,Built Cookies & Cream Bar 1.69oz (4pk),30pct_plus,≥30% off,6,2.553,2.3786,1.8738,2.8781,64.7833,,,0.754,4.83,7.64,2024-12-30T00:00:00.000Z,TPR,,,,2.553,observational
DECA,CONVENTIONAL|MILITARY,08-40229-30376,Built Cookies & Cream Bar 1.69oz (4pk),no_promo,No price reduction,56,,,,,,,,,7.61,7.61,2025-05-05T00:00:00.000Z,Unknown,,,,,observational
DECA,CONVENTIONAL|MILITARY,08-40229-30380,Built Puff Brownie Batter Protein Bar 1.41 Oz (4 Pk),no_promo,No price reduction,113,1.1152,1.1152,1.1152,1.1152,,8.8,,0.0,7.65,7.65,2026-04-13T00:00:00.000Z,Unknown,,,,1.1152,observational
DECA,CONVENTIONAL|MILITARY,08-40229-30381,Built Puff Coconut Protein Bar 1.41 Oz (4 Pk),30pct_plus,≥30% off,2,1.0939,1.0939,1.0885,1.0992,,63.3,,0.5337,7.52,7.52,2024-08-19T00:00:00.000Z,Display,,,,1.0939,observational
DECA,CONVENTIONAL|MILITARY,08-40229-30381,Built Puff Coconut Protein Bar 1.41 Oz (4 Pk),no_promo,No price reduction,111,1.0993,1.1039,1.0832,1.1122,,84.7632,,0.0,7.64,7.64,2026-04-13T00:00:00.000Z,Unknown,,,,1.0993,observational
DECA,CONVENTIONAL|MILITARY,08-40229-30394,Built Puff Candy Cane Brownie Protein Bar 1.51 Oz,30pct_plus,≥30% off,10,1.4294,1.2718,1.1821,1.5984,31.6333,107.59,,0.5797,1.93,2.15,2025-01-06T00:00:00.000Z,Display,,,,1.4294,observational
DECA,CONVENTIONAL|MILITARY,08-40229-30394,Built Puff Candy Cane Brownie Protein Bar 1.51 Oz,no_promo,No price reduction,13,,,,,,,,,2.18,2.18,2025-08-11T00:00:00.000Z,Unknown,,,,,observational
DECA,CONVENTIONAL|MILITARY,08-40229-30432,Built Puff Mint Chip Protein Bar 1.41 Oz,no_promo,No price reduction,2,,,,,,,,,2.19,2.19,2026-04-13T00:00:00.000Z,Unknown,,,,,observational
DECA,CONVENTIONAL|MILITARY,08-40229-30558,Built Puff Cookie Dough Chunk Protein Bar 1.55 Oz (4 Pk),no_promo,No price reduction,54,1.1507,1.1507,1.1507,1.1507,,82.2,,0.0,7.65,7.65,2026-04-13T00:00:00.000Z,Unknown,,,,1.1507,observational
DECA,CONVENTIONAL|MILITARY,08-40229-30577,Built Puff Salted Caramel Protein Bar 1.41 Oz (4 Pk),no_promo,No price reduction,2,,,,,,,,,7.5,7.5,2026-04-13T00:00:00.000Z,Unknown,,,,,observational
DECA,CONVENTIONAL|MILITARY,08-40229-30642,Built Puff Peanut Butter Protein Bar 1.41 Oz,no_promo,No price reduction,2,,,,,,,,,2.19,2.19,2026-04-13T00:00:00.000Z,Unknown,,,,,observational
DECA,CONVENTIONAL|MILITARY,08-40229-30646,Built Puff Peanut Butter Cup Protein Bar 1.41 Oz (4 Pk),no_promo,No price reduction,2,,,,,,,,,7.5,7.5,2026-04-13T00:00:00.000Z,Unknown,,,,,observational
DECICCO AND SONS,NATURAL EXPANDED,08-40229-30034,Built Puff Salted Caramel Protein Bar 1.41 Oz,0_10pct,<10% off,1,,,,,,,,0.05,2.77,2.79,2026-04-06T00:00:00.000Z,Unknown,,,,,observational
DECICCO AND SONS,NATURAL EXPANDED,08-40229-30034,Built Puff Salted Caramel Protein Bar 1.41 Oz,10_20pct,10–20% off,4,0.775,0.775,0.6625,0.8875,,,,0.105,2.52,2.7,2025-10-27T00:00:00.000Z,Unknown,,,,0.775,observational
DECICCO AND SONS,NATURAL EXPANDED,08-40229-30034,Built Puff Salted Caramel Protein Bar 1.41 Oz,20_30pct,20–30% off,1,0.1679,0.1679,0.1679,0.1679,,,,0.223,2.25,2.72,2025-10-06T00:00:00.000Z,Unknown,,,,0.1679,observational
DECICCO AND SONS,NATURAL EXPANDED,08-40229-30037,Built Puff Coconut Protein Bar 1.41 Oz,0_10pct,<10% off,12,0.0523,0.0266,0.011,0.064,,,,0.0682,2.69,2.74,2026-03-23T00:00:00.000Z,Unknown,,,,0.0523,observational
DECICCO AND SONS,NATURAL EXPANDED,08-40229-30037,Built Puff Coconut Protein Bar 1.41 Oz,10_20pct,10–20% off,4,0.1308,0.1308,0.0665,0.195,,,,0.1202,2.55,2.68,2026-02-02T00:00:00.000Z,Unknown,,,,0.1308,observational
DECICCO AND SONS,NATURAL EXPANDED,08-40229-30037,Built Puff Coconut Protein Bar 1.41 Oz,20_30pct,20–30% off,1,0.5182,0.5182,0.5182,0.5182,,,,0.232,2.11,2.65,2025-10-06T00:00:00.000Z,Unknown,,,,0.5182,observational
DECICCO AND SONS,NATURAL EXPANDED,08-40229-30333,Built Puff Cookie Dough Chunk Protein Bar 1.55 Oz,0_10pct,<10% off,7,0.1073,0.0638,0.0336,0.1592,,,,0.0623,2.68,2.73,2026-02-02T00:00:00.000Z,Unknown,,,,0.1073,observational
DECICCO AND SONS,NATURAL EXPANDED,08-40229-30333,Built Puff Cookie Dough Chunk Protein Bar 1.55 Oz,10_20pct,10–20% off,14,0.1794,0.0726,0.023,0.2636,,,,0.1207,2.59,2.69,2026-04-06T00:00:00.000Z,Unknown,,,,0.1794,observational
DECICCO AND SONS,NATURAL EXPANDED,08-40229-30333,Built Puff Cookie Dough Chunk Protein Bar 1.55 Oz,20_30pct,20–30% off,1,0.4569,0.4569,0.4569,0.4569,,,,0.208,2.13,2.69,2025-10-06T00:00:00.000Z,Unknown,,,,0.4569,observational
DECICCO AND SONS,NATURAL EXPANDED,08-40229-30362,Built Puff Brownie Batter Protein Bar 1.41 Oz,0_10pct,<10% off,12,0.1853,0.1027,0.067,0.2192,,,,0.0745,2.63,2.74,2026-03-16T00:00:00.000Z,Unknown,,,,0.1853,observational
DECICCO AND SONS,NATURAL EXPANDED,08-40229-30362,Built Puff Brownie Batter Protein Bar 1.41 Oz,10_20pct,10–20% off,11,0.4753,0.104,0.0714,0.3333,,,,0.1319,2.53,2.67,2026-02-02T00:00:00.000Z,Unknown,,,,0.4753,observational
DECICCO AND SONS,NATURAL EXPANDED,08-40229-30362,Built Puff Brownie Batter Protein Bar 1.41 Oz,20_30pct,20–30% off,1,0.5789,0.5789,0.5789,0.5789,,,,0.209,2.11,2.6,2025-08-11T00:00:00.000Z,Unknown,,,,0.5789,observational
DECICCO AND SONS,NATURAL EXPANDED,08-40229-30432,Built Puff Mint Chip Protein Bar 1.41 Oz,0_10pct,<10% off,5,0.2391,0.2391,0.2065,0.2717,,,,0.073,2.65,2.77,2026-03-30T00:00:00.000Z,Unknown,,,,0.2391,observational
DECICCO AND SONS,NATURAL EXPANDED,08-40229-30432,Built Puff Mint Chip Protein Bar 1.41 Oz,10_20pct,10–20% off,9,0.4257,0.266,0.0857,0.606,,,,0.1314,2.47,2.73,2025-10-20T00:00:00.000Z,Unknown,,,,0.4257,observational
DECICCO AND SONS,NATURAL EXPANDED,08-40229-30432,Built Puff Mint Chip Protein Bar 1.41 Oz,20_30pct,20–30% off,1,0.0674,0.0674,0.0674,0.0674,,,,0.217,2.18,2.79,2025-10-06T00:00:00.000Z,Unknown,,,,0.0674,observational
DECICCO AND SONS,NATURAL EXPANDED,08-40229-30550,Built Puff Cookies N Cream Protein Bar 1.41 Oz,0_10pct,<10% off,4,0.3846,0.3846,0.3846,0.3846,,,,0.0678,2.59,2.65,2025-12-15T00:00:00.000Z,Unknown,,,,0.3846,observational
DECICCO AND SONS,NATURAL EXPANDED,08-40229-30550,Built Puff Cookies N Cream Protein Bar 1.41 Oz,10_20pct,10–20% off,5,1.0507,1.0507,0.5375,1.5638,,,,0.1284,2.45,2.57,2026-01-19T00:00:00.000Z,Unknown,,,,1.0507,observational
DECICCO AND SONS,NATURAL EXPANDED,08-40229-30550,Built Puff Cookies N Cream Protein Bar 1.41 Oz,20_30pct,20–30% off,1,0.0214,0.0214,0.0214,0.0214,,,,0.204,2.17,2.34,2025-10-06T00:00:00.000Z,Unknown,,,,0.0214,observational
DECICCO AND SONS,NATURAL EXPANDED,08-40229-30642,Built Puff Peanut Butter Protein Bar 1.41 Oz,0_10pct,<10% off,2,0.0448,0.0448,0.0448,0.0448,,,,0.05,2.96,2.99,2026-02-23T00:00:00.000Z,Unknown,,,,0.0448,observational
DECICCO AND SONS,NATURAL EXPANDED,08-40229-30642,Built Puff Peanut Butter Protein Bar 1.41 Oz,10_20pct,10–20% off,2,,,,,,,,0.151,2.96,2.98,2026-03-02T00:00:00.000Z,Unknown,,,,,observational
DEMOULAS,CONVENTIONAL|FOOD,08-40229-30034,Built Puff Salted Caramel Protein Bar 1.41 Oz,no_promo,No price reduction,5,0.0209,0.0292,0.002,0.0296,,33.5,,0.0,2.5,2.5,2026-03-23T00:00:00.000Z,Display,,,,0.0209,observational
DEMOULAS,CONVENTIONAL|FOOD,08-40229-30037,Built Puff Coconut Protein Bar 1.41 Oz,0_10pct,<10% off,3,0.2392,0.167,0.1152,0.327,44.3,78.8,,0.0663,2.49,2.58,2025-02-17T00:00:00.000Z,Display,,,,0.2392,observational
DEMOULAS,CONVENTIONAL|FOOD,08-40229-30037,Built Puff Coconut Protein Bar 1.41 Oz,10_20pct,10–20% off,2,0.0991,0.0991,0.0505,0.1477,34.0,105.75,,0.1,2.5,2.55,2026-02-23T00:00:00.000Z,Display,,,,0.0991,observational
DEMOULAS,CONVENTIONAL|FOOD,08-40229-30037,Built Puff Coconut Protein Bar 1.41 Oz,no_promo,No price reduction,27,0.1401,0.0626,0.0067,0.1478,,55.6593,,0.0,2.5,2.5,2026-03-23T00:00:00.000Z,Display,,,,0.1401,observational
DEMOULAS,CONVENTIONAL|FOOD,08-40229-30050,Built Puff Churro Protein Bar 1.41 Oz,no_promo,No price reduction,11,0.0133,0.0101,0.0078,0.0201,,80.5091,,0.0,2.5,2.5,2026-03-23T00:00:00.000Z,Display,,,,0.0133,observational
DEMOULAS,CONVENTIONAL|FOOD,08-40229-30333,Built Puff Cookie Dough Chunk Protein Bar 1.55 Oz,0_10pct,<10% off,3,0.2272,0.1349,0.0903,0.3179,35.7,73.2667,,0.0687,2.49,2.58,2025-02-17T00:00:00.000Z,Display,,,,0.2272,observational
DEMOULAS,CONVENTIONAL|FOOD,08-40229-30333,Built Puff Cookie Dough Chunk Protein Bar 1.55 Oz,no_promo,No price reduction,23,0.1053,0.0382,0.0074,0.072,,40.0913,,0.0,2.5,2.5,2026-04-13T00:00:00.000Z,Display,,,,0.1053,observational
DEMOULAS,CONVENTIONAL|FOOD,08-40229-30362,Built Puff Brownie Batter Protein Bar 1.41 Oz,0_10pct,<10% off,3,0.2866,0.1837,0.1779,0.3438,38.3,113.0667,,0.062,2.48,2.58,2025-02-17T00:00:00.000Z,Display,,,,0.2866,observational
DEMOULAS,CONVENTIONAL|FOOD,08-40229-30362,Built Puff Brownie Batter Protein Bar 1.41 Oz,10_20pct,10–20% off,2,0.079,0.079,0.0402,0.1178,7.7,107.45,,0.1,2.5,2.54,2026-02-23T00:00:00.000Z,Display,,,,0.079,observational
DEMOULAS,CONVENTIONAL|FOOD,08-40229-30362,Built Puff Brownie Batter Protein Bar 1.41 Oz,no_promo,No price reduction,30,0.0853,0.0204,0.0022,0.0768,,37.8333,,0.0,2.5,2.5,2026-04-13T00:00:00.000Z,Display,,,,0.0853,observational
DEMOULAS,CONVENTIONAL|FOOD,08-40229-30380,Built Puff Brownie Batter Protein Bar 1.41 Oz (4 Pk),0_10pct,<10% off,3,0.5826,0.5598,0.5463,0.6075,49.2,112.4333,,0.0747,8.99,9.53,2026-04-13T00:00:00.000Z,Display,,,,0.5826,observational
DEMOULAS,CONVENTIONAL|FOOD,08-40229-30432,Built Puff Mint Chip Protein Bar 1.41 Oz,no_promo,No price reduction,12,0.0354,0.0179,0.0049,0.063,,74.8417,,0.0,2.5,2.5,2026-03-23T00:00:00.000Z,Display,,,,0.0354,observational
DEMOULAS,CONVENTIONAL|FOOD,08-40229-30550,Built Puff Cookies N Cream Protein Bar 1.41 Oz,0_10pct,<10% off,1,0.1133,0.1133,0.1133,0.1133,,101.8,,0.001,2.5,2.5,2025-05-05T00:00:00.000Z,Display,,,,0.1133,observational
DEMOULAS,CONVENTIONAL|FOOD,08-40229-30550,Built Puff Cookies N Cream Protein Bar 1.41 Oz,10_20pct,10–20% off,1,0.0033,0.0033,0.0033,0.0033,68.0,,,0.1,2.5,2.5,2025-05-12T00:00:00.000Z,TPR,,,,0.0033,observational
DEMOULAS,CONVENTIONAL|FOOD,08-40229-30550,Built Puff Cookies N Cream Protein Bar 1.41 Oz,no_promo,No price reduction,20,0.0086,0.0038,0.001,0.0147,,50.175,,0.0,2.5,2.5,2026-03-23T00:00:00.000Z,Display,,,,0.0086,observational
DEMOULAS,CONVENTIONAL|FOOD,08-40229-30558,Built Puff Cookie Dough Chunk Protein Bar 1.55 Oz (4 Pk),0_10pct,<10% off,2,0.6255,0.6255,0.6131,0.638,46.7,124.55,,0.0655,8.99,9.48,2026-04-13T00:00:00.000Z,Display,,,,0.6255,observational
DEMOULAS,CONVENTIONAL|FOOD,08-40229-30558,Built Puff Cookie Dough Chunk Protein Bar 1.55 Oz (4 Pk),10_20pct,10–20% off,1,0.5763,0.5763,0.5763,0.5763,,115.8,,0.1,8.99,9.67,2026-03-30T00:00:00.000Z,Display,,,,0.5763,observational
DEMOULAS,CONVENTIONAL|FOOD,08-40229-30615,Built Puff Chocolatey Hazelnut  1.41oz,10_20pct,10–20% off,4,0.0848,0.0787,0.0742,0.0893,75.0,107.4,,0.1,2.5,2.54,2026-03-02T00:00:00.000Z,Display,,,,0.0848,observational
DEMOULAS,CONVENTIONAL|FOOD,08-40229-30615,Built Puff Chocolatey Hazelnut  1.41oz,no_promo,No price reduction,7,0.0667,0.0288,0.0255,0.0381,,126.5857,,0.0,2.5,2.5,2026-03-16T00:00:00.000Z,Display,,,,0.0667,observational
DEMOULAS,CONVENTIONAL|FOOD,08-40229-30642,Built Puff Peanut Butter Protein Bar 1.41 Oz,0_10pct,<10% off,2,0.0175,0.0175,0.0174,0.0177,48.1,40.0,,0.0235,2.5,2.5,2026-01-12T00:00:00.000Z,Display,,,,0.0175,observational
DEMOULAS,CONVENTIONAL|FOOD,08-40229-30642,Built Puff Peanut Butter Protein Bar 1.41 Oz,no_promo,No price reduction,3,0.0027,0.0024,0.0014,0.0039,,41.3667,,0.0,2.5,2.5,2026-02-09T00:00:00.000Z,Display,,,,0.0027,observational
DEMOULAS,CONVENTIONAL|FOOD,08-40229-30646,Built Puff Peanut Butter Cup Protein Bar 1.41 Oz (4 Pk),0_10pct,<10% off,1,0.4417,0.4417,0.4417,0.4417,,109.9,,0.096,8.99,9.55,2026-04-13T00:00:00.000Z,Display,,,,0.4417,observational
DEMOULAS,CONVENTIONAL|FOOD,08-40229-30646,Built Puff Peanut Butter Cup Protein Bar 1.41 Oz (4 Pk),10_20pct,10–20% off,1,0.491,0.491,0.491,0.491,,116.0,,0.1,8.99,9.6,2026-04-06T00:00:00.000Z,Display,,,,0.491,observational
DIERBERGS,CONVENTIONAL|FOOD,08-40229-30034,Built Puff Salted Caramel Protein Bar 1.41 Oz,0_10pct,<10% off,7,0.1161,0.0457,0.0306,0.078,39.6833,55.1333,,0.0421,2.85,2.87,2026-03-23T00:00:00.000Z,TPR,,,,0.1161,observational
DIERBERGS,CONVENTIONAL|FOOD,08-40229-30034,Built Puff Salted Caramel Protein Bar 1.41 Oz,10_20pct,10–20% off,15,0.4067,0.4306,0.3423,0.4555,27.8667,103.8714,,0.1253,2.6,2.87,2026-04-13T00:00:00.000Z,TPR,,,,0.4067,observational
DIERBERGS,CONVENTIONAL|FOOD,08-40229-30034,Built Puff Salted Caramel Protein Bar 1.41 Oz,20_30pct,20–30% off,3,0.3757,0.3973,0.342,0.4202,60.6,31.9667,,0.2043,2.28,2.87,2026-01-19T00:00:00.000Z,TPR,,,,0.3757,observational
DIERBERGS,CONVENTIONAL|FOOD,08-40229-30034,Built Puff Salted Caramel Protein Bar 1.41 Oz,30pct_plus,≥30% off,2,0.6041,0.6041,0.6041,0.6041,0.0,66.8,60.5,0.3665,2.42,2.86,2026-02-02T00:00:00.000Z,Display,,,,0.6041,observational
DIERBERGS,CONVENTIONAL|FOOD,08-40229-30034,Built Puff Salted Caramel Protein Bar 1.41 Oz,no_promo,No price reduction,5,0.3036,0.3691,0.2811,0.3986,,71.84,,0.0,2.87,2.87,2026-01-26T00:00:00.000Z,Display,,,,0.3036,observational
DIERBERGS,CONVENTIONAL|FOOD,08-40229-30037,Built Puff Coconut Protein Bar 1.41 Oz,0_10pct,<10% off,18,0.0988,0.022,0.0156,0.1525,31.95,47.6,,0.0512,2.86,2.88,2026-03-23T00:00:00.000Z,TPR,,,,0.0988,observational
DIERBERGS,CONVENTIONAL|FOOD,08-40229-30037,Built Puff Coconut Protein Bar 1.41 Oz,10_20pct,10–20% off,35,0.4649,0.5696,0.2516,0.6941,49.4171,105.5667,,0.143,2.59,2.88,2026-04-13T00:00:00.000Z,TPR,,,,0.4649,observational
DIERBERGS,CONVENTIONAL|FOOD,08-40229-30037,Built Puff Coconut Protein Bar 1.41 Oz,20_30pct,20–30% off,4,1.0121,1.0298,0.8736,1.1595,44.1333,152.0667,129.0,0.233,2.34,2.84,2026-02-02T00:00:00.000Z,Display,,,,1.0121,observational
DIERBERGS,CONVENTIONAL|FOOD,08-40229-30037,Built Puff Coconut Protein Bar 1.41 Oz,30pct_plus,≥30% off,2,,,,,0.0,,,0.365,2.9,2.96,2024-08-05T00:00:00.000Z,Unknown,,,,,observational
DIERBERGS,CONVENTIONAL|FOOD,08-40229-30037,Built Puff Coconut Protein Bar 1.41 Oz,no_promo,No price reduction,6,0.0417,0.0283,0.0118,0.0424,,16.8833,,0.0,2.87,2.87,2025-07-28T00:00:00.000Z,Display,,,,0.0417,observational
DIERBERGS,CONVENTIONAL|FOOD,08-40229-30050,Built Puff Churro Protein Bar 1.41 Oz,0_10pct,<10% off,4,0.1499,0.1499,0.0772,0.2227,3.725,33.5,,0.055,2.86,2.87,2026-02-02T00:00:00.000Z,Unknown,,,,0.1499,observational
DIERBERGS,CONVENTIONAL|FOOD,08-40229-30050,Built Puff Churro Protein Bar 1.41 Oz,10_20pct,10–20% off,9,0.4819,0.4792,0.3693,0.6168,45.4,113.6,,0.1179,2.58,2.83,2026-04-13T00:00:00.000Z,TPR,,,,0.4819,observational
DIERBERGS,CONVENTIONAL|FOOD,08-40229-30050,Built Puff Churro Protein Bar 1.41 Oz,20_30pct,20–30% off,3,0.376,0.3719,0.3704,0.3796,43.8333,35.0,,0.2083,2.28,2.88,2026-01-19T00:00:00.000Z,TPR,,,,0.376,observational
DIERBERGS,CONVENTIONAL|FOOD,08-40229-30050,Built Puff Churro Protein Bar 1.41 Oz,30pct_plus,≥30% off,1,0.7415,0.7415,0.7415,0.7415,,65.1,74.1,0.309,1.99,2.88,2026-01-12T00:00:00.000Z,Feature,,,,0.7415,observational
DIERBERGS,CONVENTIONAL|FOOD,08-40229-30050,Built Puff Churro Protein Bar 1.41 Oz,no_promo,No price reduction,1,0.0375,0.0375,0.0375,0.0375,,5.4,,0.0,2.88,2.88,2026-01-26T00:00:00.000Z,Display,,,,0.0375,observational
DIERBERGS,CONVENTIONAL|FOOD,08-40229-30333,Built Puff Cookie Dough Chunk Protein Bar 1.55 Oz,0_10pct,<10% off,22,0.05,0.0223,0.0109,0.0619,15.5048,18.05,,0.06,2.87,2.88,2026-03-23T00:00:00.000Z,Unknown,,,,0.05,observational
DIERBERGS,CONVENTIONAL|FOOD,08-40229-30333,Built Puff Cookie Dough Chunk Protein Bar 1.55 Oz,10_20pct,10–20% off,28,0.3083,0.25,0.1544,0.5189,42.0571,22.3875,,0.1392,2.55,2.89,2026-04-13T00:00:00.000Z,TPR,,,,0.3083,observational
DIERBERGS,CONVENTIONAL|FOOD,08-40229-30333,Built Puff Cookie Dough Chunk Protein Bar 1.55 Oz,20_30pct,20–30% off,4,0.5194,0.4912,0.4885,0.5362,66.85,43.2,,0.2128,2.42,2.87,2026-01-19T00:00:00.000Z,TPR,,,,0.5194,observational
DIERBERGS,CONVENTIONAL|FOOD,08-40229-30333,Built Puff Cookie Dough Chunk Protein Bar 1.55 Oz,30pct_plus,≥30% off,1,0.8475,0.8475,0.8475,0.8475,,,84.7,0.31,1.98,2.87,2026-01-12T00:00:00.000Z,Feature,,,,0.8475,observational
DIERBERGS,CONVENTIONAL|FOOD,08-40229-30333,Built Puff Cookie Dough Chunk Protein Bar 1.55 Oz,no_promo,No price reduction,6,0.0415,0.0205,0.009,0.0629,,20.3333,,0.0,2.87,2.87,2025-12-22T00:00:00.000Z,Display,,,,0.0415,observational
DIERBERGS,CONVENTIONAL|FOOD,08-40229-30334,Built Puff Cookie Dough Chunk Protein Bar 1.55 Oz (12 Pk),0_10pct,<10% off,1,,,,,3.1,,,0.092,29.99,33.02,2025-10-13T00:00:00.000Z,TPR,,,,,observational
DIERBERGS,CONVENTIONAL|FOOD,08-40229-30362,Built Puff Brownie Batter Protein Bar 1.41 Oz,0_10pct,<10% off,11,0.1019,0.028,0.0095,0.162,54.7,81.5,,0.0584,2.86,2.88,2026-03-23T00:00:00.000Z,TPR,,,,0.1019,observational
DIERBERGS,CONVENTIONAL|FOOD,08-40229-30362,Built Puff Brownie Batter Protein Bar 1.41 Oz,10_20pct,10–20% off,31,0.4563,0.4696,0.1854,0.6476,61.0065,60.0231,,0.1438,2.54,2.87,2026-04-13T00:00:00.000Z,TPR,,,,0.4563,observational
DIERBERGS,CONVENTIONAL|FOOD,08-40229-30362,Built Puff Brownie Batter Protein Bar 1.41 Oz,20_30pct,20–30% off,1,0.7955,0.7955,0.7955,0.7955,40.3,124.6,,0.2,2.27,2.84,2026-01-05T00:00:00.000Z,Display,,,,0.7955,observational
DIERBERGS,CONVENTIONAL|FOOD,08-40229-30362,Built Puff Brownie Batter Protein Bar 1.41 Oz,30pct_plus,≥30% off,1,1.5042,1.5042,1.5042,1.5042,,289.2,150.4,0.302,1.98,2.84,2026-01-12T00:00:00.000Z,Display,,,,1.5042,observational
DIERBERGS,CONVENTIONAL|FOOD,08-40229-30362,Built Puff Brownie Batter Protein Bar 1.41 Oz,no_promo,No price reduction,9,0.0931,0.0613,0.0088,0.1022,,22.1111,,0.0,2.87,2.87,2025-12-22T00:00:00.000Z,Display,,,,0.0931,observational
DIERBERGS,CONVENTIONAL|FOOD,08-40229-30363,Built Puff Brownie Batter Protein Bar 1.41 Oz (12 Pk),0_10pct,<10% off,1,,,,,9.9,,,0.087,29.99,32.86,2025-10-20T00:00:00.000Z,TPR,,,,,observational
DIERBERGS,CONVENTIONAL|FOOD,08-40229-30380,Built Puff Brownie Batter Protein Bar 1.41 Oz (4 Pk),0_10pct,<10% off,14,0.3978,0.3977,0.1009,0.5931,20.2667,102.4,,0.0473,10.49,10.84,2026-03-23T00:00:00.000Z,Display,,,,0.3978,observational
DIERBERGS,CONVENTIONAL|FOOD,08-40229-30380,Built Puff Brownie Batter Protein Bar 1.41 Oz (4 Pk),no_promo,No price reduction,6,0.292,0.1268,0.0473,0.1988,,61.5167,,0.0,10.75,10.75,2026-04-06T00:00:00.000Z,Display,,,,0.292,observational
DIERBERGS,CONVENTIONAL|FOOD,08-40229-30381,Built Puff Coconut Protein Bar 1.41 Oz (4 Pk),0_10pct,<10% off,13,0.3925,0.2676,0.2134,0.4469,23.9333,77.6308,,0.0425,10.44,10.8,2026-03-02T00:00:00.000Z,Display,,,,0.3925,observational
DIERBERGS,CONVENTIONAL|FOOD,08-40229-30381,Built Puff Coconut Protein Bar 1.41 Oz (4 Pk),10_20pct,10–20% off,4,0.0472,0.0472,0.0334,0.061,12.325,108.3,,0.1648,10.6,10.76,2026-03-23T00:00:00.000Z,Unknown,,,,0.0472,observational
DIERBERGS,CONVENTIONAL|FOOD,08-40229-30381,Built Puff Coconut Protein Bar 1.41 Oz (4 Pk),no_promo,No price reduction,7,0.2015,0.0897,0.0282,0.3265,,57.8429,,0.0,10.75,10.75,2026-04-13T00:00:00.000Z,Display,,,,0.2015,observational
DIERBERGS,CONVENTIONAL|FOOD,08-40229-30432,Built Puff Mint Chip Protein Bar 1.41 Oz,0_10pct,<10% off,10,0.0477,0.0146,0.0055,0.0601,32.3,,,0.0689,2.84,2.87,2026-03-16T00:00:00.000Z,TPR,,,,0.0477,observational
DIERBERGS,CONVENTIONAL|FOOD,08-40229-30432,Built Puff Mint Chip Protein Bar 1.41 Oz,10_20pct,10–20% off,13,0.4089,0.4169,0.2692,0.5942,34.3846,74.9143,,0.1308,2.58,2.87,2026-04-13T00:00:00.000Z,TPR,,,,0.4089,observational
DIERBERGS,CONVENTIONAL|FOOD,08-40229-30432,Built Puff Mint Chip Protein Bar 1.41 Oz,20_30pct,20–30% off,3,0.4015,0.3602,0.3017,0.4807,79.9667,24.9,,0.2087,2.28,2.88,2026-01-19T00:00:00.000Z,TPR,,,,0.4015,observational
DIERBERGS,CONVENTIONAL|FOOD,08-40229-30432,Built Puff Mint Chip Protein Bar 1.41 Oz,30pct_plus,≥30% off,2,0.3917,0.3917,0.2119,0.5714,68.8,71.6,75.1,0.3095,2.4,2.88,2026-01-12T00:00:00.000Z,TPR,,,,0.3917,observational
DIERBERGS,CONVENTIONAL|FOOD,08-40229-30432,Built Puff Mint Chip Protein Bar 1.41 Oz,no_promo,No price reduction,3,0.1135,0.1313,0.0891,0.1468,,43.8333,,0.0,2.87,2.87,2026-01-26T00:00:00.000Z,Display,,,,0.1135,observational
DIERBERGS,CONVENTIONAL|FOOD,08-40229-30550,Built Puff Cookies N Cream Protein Bar 1.41 Oz,0_10pct,<10% off,7,0.3966,0.4914,0.2007,0.5618,9.7,90.22,,0.0477,2.83,2.9,2026-02-09T00:00:00.000Z,Display,,,,0.3966,observational
DIERBERGS,CONVENTIONAL|FOOD,08-40229-30550,Built Puff Cookies N Cream Protein Bar 1.41 Oz,10_20pct,10–20% off,11,0.4061,0.3511,0.2939,0.5617,38.7,41.9667,,0.1337,2.52,2.87,2026-04-13T00:00:00.000Z,Display,,,,0.4061,observational
DIERBERGS,CONVENTIONAL|FOOD,08-40229-30550,Built Puff Cookies N Cream Protein Bar 1.41 Oz,20_30pct,20–30% off,4,0.3466,0.2668,0.2352,0.4181,34.525,31.1667,,0.2168,2.42,2.88,2026-01-19T00:00:00.000Z,TPR,,,,0.3466,observational
DIERBERGS,CONVENTIONAL|FOOD,08-40229-30550,Built Puff Cookies N Cream Protein Bar 1.41 Oz,30pct_plus,≥30% off,1,0.6644,0.6644,0.6644,0.6644,,61.5,66.4,0.314,1.98,2.88,2026-01-12T00:00:00.000Z,Feature,,,,0.6644,observational
DIERBERGS,CONVENTIONAL|FOOD,08-40229-30550,Built Puff Cookies N Cream Protein Bar 1.41 Oz,no_promo,No price reduction,4,0.3098,0.2025,0.0326,0.4796,,62.325,,0.0,2.88,2.88,2026-01-26T00:00:00.000Z,Display,,,,0.3098,observational
DIERBERGS,CONVENTIONAL|FOOD,08-40229-30558,Built Puff Cookie Dough Chunk Protein Bar 1.55 Oz (4 Pk),0_10pct,<10% off,15,0.4254,0.3873,0.0931,0.6647,33.2727,75.0,,0.0475,10.49,10.85,2026-04-13T00:00:00.000Z,Display,,,,0.4254,observational
DIERBERGS,CONVENTIONAL|FOOD,08-40229-30558,Built Puff Cookie Dough Chunk Protein Bar 1.55 Oz (4 Pk),no_promo,No price reduction,4,0.4222,0.4799,0.2715,0.6306,,66.6,,0.0,10.74,10.74,2026-03-30T00:00:00.000Z,Display,,,,0.4222,observational
DIERBERGS,CONVENTIONAL|FOOD,08-40229-30573,Built Puff Strawberries N Cream Protein Bar 1.41 Oz,0_10pct,<10% off,3,0.4006,0.4006,0.3036,0.4975,31.95,77.15,,0.0503,2.78,2.84,2026-02-16T00:00:00.000Z,Display,,,,0.4006,observational
DIERBERGS,CONVENTIONAL|FOOD,08-40229-30573,Built Puff Strawberries N Cream Protein Bar 1.41 Oz,10_20pct,10–20% off,7,0.3972,0.4059,0.2704,0.5839,32.4286,121.0667,,0.133,2.53,2.8,2026-04-13T00:00:00.000Z,Display,,,,0.3972,observational
DIERBERGS,CONVENTIONAL|FOOD,08-40229-30573,Built Puff Strawberries N Cream Protein Bar 1.41 Oz,20_30pct,20–30% off,3,0.3866,0.3919,0.3752,0.4007,83.1,19.8667,,0.2073,2.27,2.86,2026-01-19T00:00:00.000Z,TPR,,,,0.3866,observational
DIERBERGS,CONVENTIONAL|FOOD,08-40229-30573,Built Puff Strawberries N Cream Protein Bar 1.41 Oz,30pct_plus,≥30% off,1,0.5236,0.5236,0.5236,0.5236,,54.9,52.4,0.305,1.99,2.86,2026-01-12T00:00:00.000Z,Display,,,,0.5236,observational
DIERBERGS,CONVENTIONAL|FOOD,08-40229-30573,Built Puff Strawberries N Cream Protein Bar 1.41 Oz,no_promo,No price reduction,2,0.1028,0.1028,0.0517,0.1539,,15.7,,0.0,2.88,2.88,2025-12-22T00:00:00.000Z,Display,,,,0.1028,observational
DIERBERGS,CONVENTIONAL|FOOD,08-40229-30581,Built Puff Cookies N Cream Protein Bar 1.41 Oz (4 Pk),0_10pct,<10% off,16,0.381,0.3433,0.1454,0.6128,25.7857,77.85,,0.0376,10.5,10.81,2026-04-13T00:00:00.000Z,Display,,,,0.381,observational
DIERBERGS,CONVENTIONAL|FOOD,08-40229-30581,Built Puff Cookies N Cream Protein Bar 1.41 Oz (4 Pk),10_20pct,10–20% off,1,0.0456,0.0456,0.0456,0.0456,49.7,,,0.103,10.78,10.94,2025-12-08T00:00:00.000Z,TPR,,,,0.0456,observational
DIERBERGS,CONVENTIONAL|FOOD,08-40229-30581,Built Puff Cookies N Cream Protein Bar 1.41 Oz (4 Pk),no_promo,No price reduction,5,0.254,0.2955,0.125,0.3004,,52.34,,0.0,10.75,10.75,2026-04-06T00:00:00.000Z,Display,,,,0.254,observational
DIERBERGS,CONVENTIONAL|FOOD,08-40229-30642,Built Puff Peanut Butter Protein Bar 1.41 Oz,0_10pct,<10% off,4,0.2956,0.2956,0.1881,0.403,120.525,72.7,,0.0678,2.79,2.86,2026-03-23T00:00:00.000Z,Unknown,,,,0.2956,observational
DIERBERGS,CONVENTIONAL|FOOD,08-40229-30642,Built Puff Peanut Butter Protein Bar 1.41 Oz,10_20pct,10–20% off,7,0.3337,0.3104,0.2931,0.3372,25.7714,114.0,,0.1317,2.54,2.83,2026-04-13T00:00:00.000Z,Display,,,,0.3337,observational
DIERBERGS,CONVENTIONAL|FOOD,08-40229-30642,Built Puff Peanut Butter Protein Bar 1.41 Oz,20_30pct,20–30% off,4,0.3551,0.4336,0.3156,0.4339,17.5,48.0,,0.2132,2.42,2.86,2026-01-19T00:00:00.000Z,Display,,,,0.3551,observational
DIERBERGS,CONVENTIONAL|FOOD,08-40229-30642,Built Puff Peanut Butter Protein Bar 1.41 Oz,30pct_plus,≥30% off,1,0.558,0.558,0.558,0.558,,55.2,55.8,0.305,1.99,2.87,2026-01-12T00:00:00.000Z,Feature,,,,0.558,observational
DIERBERGS,CONVENTIONAL|FOOD,08-40229-30642,Built Puff Peanut Butter Protein Bar 1.41 Oz,no_promo,No price reduction,2,0.095,0.095,0.0833,0.1067,,19.25,,0.0,2.88,2.88,2026-01-26T00:00:00.000Z,Display,,,,0.095,observational
DIERBERGS,CONVENTIONAL|FOOD,08-40229-30646,Built Puff Peanut Butter Cup Protein Bar 1.41 Oz (4 Pk),0_10pct,<10% off,15,0.3616,0.25,0.0753,0.6017,32.5455,54.8154,,0.0485,10.48,10.75,2026-04-13T00:00:00.000Z,Display,,,,0.3616,observational
DIERBERGS,CONVENTIONAL|FOOD,08-40229-30646,Built Puff Peanut Butter Cup Protein Bar 1.41 Oz (4 Pk),10_20pct,10–20% off,2,0.1138,0.1138,0.1138,0.1138,50.4,0.0,,0.132,10.7,10.92,2026-04-06T00:00:00.000Z,TPR,,,,0.1138,observational
DIERBERGS,CONVENTIONAL|FOOD,08-40229-30646,Built Puff Peanut Butter Cup Protein Bar 1.41 Oz (4 Pk),no_promo,No price reduction,4,0.2084,0.1047,0.0481,0.265,,67.45,,0.0,10.71,10.71,2026-03-30T00:00:00.000Z,Display,,,,0.2084,observational
DIERBERGS,CONVENTIONAL|FOOD,08-40229-30651,Built Protein Bar Puff Sour Peach 1.45 Oz,0_10pct,<10% off,3,0.0631,0.0631,0.0561,0.0701,0.0,99.95,,0.031,2.86,2.87,2026-03-16T00:00:00.000Z,Display,,,,0.0631,observational
DIERBERGS,CONVENTIONAL|FOOD,08-40229-30651,Built Protein Bar Puff Sour Peach 1.45 Oz,10_20pct,10–20% off,3,0.5782,0.5693,0.5528,0.5991,84.6,52.1,,0.126,2.5,2.86,2026-04-13T00:00:00.000Z,TPR,,,,0.5782,observational
DIERBERGS,CONVENTIONAL|FOOD,08-40229-30651,Built Protein Bar Puff Sour Peach 1.45 Oz,no_promo,No price reduction,1,0.0584,0.0584,0.0584,0.0584,,48.4,,0.0,2.87,2.87,2026-03-23T00:00:00.000Z,Display,,,,0.0584,observational
DIERBERGS,CONVENTIONAL|FOOD,08-40229-30652,Built Sweet Peach Punch Sour Puff 1.45 Oz (4pk),0_10pct,<10% off,3,0.5195,0.5,0.3702,0.6591,38.9,89.6333,,0.016,10.75,10.85,2026-04-06T00:00:00.000Z,Display,,,,0.5195,observational
DIERBERGS,CONVENTIONAL|FOOD,08-40229-30652,Built Sweet Peach Punch Sour Puff 1.45 Oz (4pk),no_promo,No price reduction,3,0.7534,0.8391,0.5364,1.0133,159.7,121.1,,0.0,10.76,10.77,2026-04-13T00:00:00.000Z,Display,,,,0.7534,observational
DIERBERGS,CONVENTIONAL|FOOD,08-40229-30653,Built Puff Sour Blu Razz Blast Bar 1.45 Oz,0_10pct,<10% off,1,0.1831,0.1831,0.1831,0.1831,,18.3,,0.004,2.87,2.88,2026-03-23T00:00:00.000Z,Display,,,,0.1831,observational
DIERBERGS,CONVENTIONAL|FOOD,08-40229-30653,Built Puff Sour Blu Razz Blast Bar 1.45 Oz,10_20pct,10–20% off,3,0.5073,0.4862,0.4487,0.5553,54.9667,51.5667,,0.1303,2.49,2.87,2026-04-13T00:00:00.000Z,Display,,,,0.5073,observational
DIERBERGS,CONVENTIONAL|FOOD,08-40229-30653,Built Puff Sour Blu Razz Blast Bar 1.45 Oz,no_promo,No price reduction,3,0.076,0.059,0.0409,0.1026,,65.3333,,0.0,2.87,2.87,2026-03-16T00:00:00.000Z,Display,,,,0.076,observational
DIERBERGS,CONVENTIONAL|FOOD,08-40229-30654,Built Sweet Sour Puff Blue Raz Blast 1.45 Oz (4pk),0_10pct,<10% off,2,0.5849,0.5849,0.576,0.5937,8.3,75.25,,0.0085,10.68,10.76,2026-03-23T00:00:00.000Z,Display,,,,0.5849,observational
DIERBERGS,CONVENTIONAL|FOOD,08-40229-30654,Built Sweet Sour Puff Blue Raz Blast 1.45 Oz (4pk),no_promo,No price reduction,4,0.4254,0.4231,0.302,0.5465,,62.575,,0.0,10.71,10.71,2026-04-13T00:00:00.000Z,Display,,,,0.4254,observational
DIERBERGS,CONVENTIONAL|FOOD,08-40229-30655,Built Puff Sour Green Apple Crush Bar 1.45 Oz,0_10pct,<10% off,4,0.1193,0.1234,0.0294,0.2133,,43.075,,0.0132,2.86,2.87,2026-03-23T00:00:00.000Z,Display,,,,0.1193,observational
DIERBERGS,CONVENTIONAL|FOOD,08-40229-30655,Built Puff Sour Green Apple Crush Bar 1.45 Oz,10_20pct,10–20% off,3,0.5407,0.5911,0.4968,0.6098,61.4,52.2667,,0.128,2.49,2.86,2026-04-13T00:00:00.000Z,TPR,,,,0.5407,observational
DIERBERGS,CONVENTIONAL|FOOD,08-40229-30656,Built Green Apple Crush Sour Puff 1.45 Oz (4pk),0_10pct,<10% off,2,0.452,0.452,0.4403,0.4637,,98.75,,0.0155,10.76,10.85,2026-04-06T00:00:00.000Z,Display,,,,0.452,observational
DIERBERGS,CONVENTIONAL|FOOD,08-40229-30656,Built Green Apple Crush Sour Puff 1.45 Oz (4pk),no_promo,No price reduction,4,0.3904,0.3279,0.2825,0.4359,24.5,63.075,,-0.0018,10.74,10.72,2026-04-13T00:00:00.000Z,Display,,,,0.3904,observational
EG GROUP,CONVENTIONAL|CONVENIENCE,08-40229-30037,Built Puff Coconut Protein Bar 1.41 Oz,0_10pct,<10% off,6,0.0716,0.0434,0.0213,0.1037,34.0833,76.75,,0.0655,3.46,3.5,2026-04-13T00:00:00.000Z,Display,,,,0.0716,observational
EG GROUP,CONVENTIONAL|CONVENIENCE,08-40229-30037,Built Puff Coconut Protein Bar 1.41 Oz,10_20pct,10–20% off,10,0.1433,0.1009,0.0488,0.2508,46.3111,88.43,,0.137,3.2,3.35,2026-04-06T00:00:00.000Z,Display,,,,0.1433,observational
EG GROUP,CONVENTIONAL|CONVENIENCE,08-40229-30333,Built Puff Cookie Dough Chunk Protein Bar 1.55 Oz,0_10pct,<10% off,7,0.0393,0.0156,0.009,0.0377,45.7429,46.6286,,0.0733,3.47,3.49,2026-04-13T00:00:00.000Z,TPR,,,,0.0393,observational
EG GROUP,CONVENTIONAL|CONVENIENCE,08-40229-30333,Built Puff Cookie Dough Chunk Protein Bar 1.55 Oz,10_20pct,10–20% off,9,0.1827,0.1761,0.0658,0.2814,52.2375,82.9889,,0.1429,3.14,3.32,2026-04-06T00:00:00.000Z,Display,,,,0.1827,observational
EG GROUP,CONVENTIONAL|CONVENIENCE,08-40229-30362,Built Puff Brownie Batter Protein Bar 1.41 Oz,0_10pct,<10% off,8,0.0485,0.0341,0.0253,0.0436,38.075,61.025,,0.0505,3.46,3.49,2026-04-13T00:00:00.000Z,Display,,,,0.0485,observational
EG GROUP,CONVENTIONAL|CONVENIENCE,08-40229-30362,Built Puff Brownie Batter Protein Bar 1.41 Oz,10_20pct,10–20% off,8,0.1788,0.1892,0.068,0.2407,46.5429,86.35,,0.1531,2.98,3.18,2026-02-16T00:00:00.000Z,Display,,,,0.1788,observational
ENGLEFIELD OIL,CONVENTIONAL|CONVENIENCE,08-40229-30037,Built Puff Coconut Protein Bar 1.41 Oz,30pct_plus,≥30% off,40,,,,,,,,1.0,2.94,3.12,2026-02-23T00:00:00.000Z,Unknown,,,,,observational
ENGLEFIELD OIL,CONVENTIONAL|CONVENIENCE,08-40229-30037,Built Puff Coconut Protein Bar 1.41 Oz,no_promo,No price reduction,71,,,,,,,,,3.18,3.18,2026-04-13T00:00:00.000Z,Unknown,,,,,observational
ENGLEFIELD OIL,CONVENTIONAL|CONVENIENCE,08-40229-30333,Built Puff Cookie Dough Chunk Protein Bar 1.55 Oz,no_promo,No price reduction,10,,,,,,,,,3.27,3.27,2026-04-13T00:00:00.000Z,Unknown,,,,,observational
ENGLEFIELD OIL,CONVENTIONAL|CONVENIENCE,08-40229-30362,Built Puff Brownie Batter Protein Bar 1.41 Oz,30pct_plus,≥30% off,36,,,,,,,,1.0,2.91,3.09,2025-12-29T00:00:00.000Z,Unknown,,,,,observational
ENGLEFIELD OIL,CONVENTIONAL|CONVENIENCE,08-40229-30362,Built Puff Brownie Batter Protein Bar 1.41 Oz,no_promo,No price reduction,75,,,,,,,,,3.19,3.19,2026-04-13T00:00:00.000Z,Unknown,,,,,observational
ENGLEFIELD OIL,CONVENTIONAL|CONVENIENCE,08-40229-30550,Built Puff Cookies N Cream Protein Bar 1.41 Oz,no_promo,No price reduction,5,,,,,,,,,3.19,3.19,2026-04-13T00:00:00.000Z,Unknown,,,,,observational
EXTRAMILE,CONVENTIONAL|CONVENIENCE,08-40229-30037,Built Puff Coconut Protein Bar 1.41 Oz,10_20pct,10–20% off,7,0.3458,0.3816,0.309,0.3935,54.7857,90.25,,0.1806,3.3,3.8,2026-04-13T00:00:00.000Z,TPR,,,,0.3458,observational
EXTRAMILE,CONVENTIONAL|CONVENIENCE,08-40229-30037,Built Puff Coconut Protein Bar 1.41 Oz,30pct_plus,≥30% off,4,0.0003,0.0003,0.0003,0.0003,43.725,,,0.487,2.31,3.81,2026-01-26T00:00:00.000Z,Unknown,,,,0.0003,observational
EXTRAMILE,CONVENTIONAL|CONVENIENCE,08-40229-30333,Built Puff Cookie Dough Chunk Protein Bar 1.55 Oz,10_20pct,10–20% off,8,0.3212,0.352,0.2959,0.4101,51.1,45.75,,0.1706,3.38,3.82,2026-04-13T00:00:00.000Z,TPR,,,,0.3212,observational
EXTRAMILE,CONVENTIONAL|CONVENIENCE,08-40229-30333,Built Puff Cookie Dough Chunk Protein Bar 1.55 Oz,30pct_plus,≥30% off,6,0.0071,0.0059,0.0041,0.009,173.0667,4.2,,0.4715,3.83,3.84,2026-01-12T00:00:00.000Z,TPR,,,,0.0071,observational
EXTRAMILE,CONVENTIONAL|CONVENIENCE,08-40229-30362,Built Puff Brownie Batter Protein Bar 1.41 Oz,10_20pct,10–20% off,7,0.3469,0.3482,0.3016,0.387,55.9857,79.24,,0.1753,3.31,3.79,2026-04-13T00:00:00.000Z,Display,,,,0.3469,observational
EXTRAMILE,CONVENTIONAL|CONVENIENCE,08-40229-30362,Built Puff Brownie Batter Protein Bar 1.41 Oz,30pct_plus,≥30% off,7,0.0047,0.0047,0.0047,0.0047,42.0143,,,0.498,2.38,3.8,2026-02-16T00:00:00.000Z,TPR,,,,0.0047,observational
EXTRAMILE,CONVENTIONAL|CONVENIENCE,08-40229-30550,Built Puff Cookies N Cream Protein Bar 1.41 Oz,0_10pct,<10% off,1,0.092,0.092,0.092,0.092,27.0,,,0.065,3.28,3.37,2026-03-30T00:00:00.000Z,TPR,,,,0.092,observational
EXTRAMILE,CONVENTIONAL|CONVENIENCE,08-40229-30550,Built Puff Cookies N Cream Protein Bar 1.41 Oz,10_20pct,10–20% off,1,0.025,0.025,0.025,0.025,14.0,,,0.192,3.21,3.35,2026-04-13T00:00:00.000Z,TPR,,,,0.025,observational
EXTRAMILE,CONVENTIONAL|CONVENIENCE,08-40229-30550,Built Puff Cookies N Cream Protein Bar 1.41 Oz,20_30pct,20–30% off,1,0.0489,0.0489,0.0489,0.0489,27.3,,,0.252,3.26,3.46,2026-04-06T00:00:00.000Z,TPR,,,,0.0489,observational
EXTRAMILE,CONVENTIONAL|CONVENIENCE,08-40229-30642,Built Puff Peanut Butter Protein Bar 1.41 Oz,0_10pct,<10% off,1,,,,,0.0,,,0.078,3.13,3.21,2026-03-23T00:00:00.000Z,Unknown,,,,,observational
EXTRAMILE,CONVENTIONAL|CONVENIENCE,08-40229-30642,Built Puff Peanut Butter Protein Bar 1.41 Oz,10_20pct,10–20% off,2,0.1185,0.1185,0.0756,0.1614,28.4,,,0.1415,3.18,3.36,2026-04-06T00:00:00.000Z,TPR,,,,0.1185,observational
EXTRAMILE,CONVENTIONAL|CONVENIENCE,08-40229-30642,Built Puff Peanut Butter Protein Bar 1.41 Oz,20_30pct,20–30% off,1,0.1085,0.1085,0.1085,0.1085,55.6,,,0.259,3.0,3.28,2026-04-13T00:00:00.000Z,TPR,,,,0.1085,observational
EXTRAMILE,CONVENTIONAL|CONVENIENCE,08-40229-30651,Built Protein Bar Puff Sour Peach 1.45 Oz,10_20pct,10–20% off,1,,,,,0.0,,,0.132,3.33,3.41,2026-04-13T00:00:00.000Z,Unknown,,,,,observational
EXTRAMILE,CONVENTIONAL|CONVENIENCE,08-40229-30651,Built Protein Bar Puff Sour Peach 1.45 Oz,20_30pct,20–30% off,1,0.0345,0.0345,0.0345,0.0345,18.6,,,0.263,3.0,3.2,2026-04-06T00:00:00.000Z,TPR,,,,0.0345,observational
EXTRAMILE,CONVENTIONAL|CONVENIENCE,08-40229-30653,Built Puff Sour Blu Razz Blast Bar 1.45 Oz,10_20pct,10–20% off,2,0.5714,0.5714,0.5714,0.5714,33.2,,,0.109,3.11,3.36,2026-04-13T00:00:00.000Z,Unknown,,,,0.5714,observational
EXTRAMILE,CONVENTIONAL|CONVENIENCE,08-40229-30655,Built Puff Sour Green Apple Crush Bar 1.45 Oz,0_10pct,<10% off,1,,,,,0.0,,,0.056,3.27,3.31,2026-04-06T00:00:00.000Z,Unknown,,,,,observational
EXTRAMILE,CONVENTIONAL|CONVENIENCE,08-40229-30655,Built Puff Sour Green Apple Crush Bar 1.45 Oz,20_30pct,20–30% off,1,0.0505,0.0505,0.0505,0.0505,31.6,,,0.257,3.22,3.42,2026-04-13T00:00:00.000Z,TPR,,,,0.0505,observational
FAREWAY,REGIONAL & INDEP GROCERY,08-40229-30380,Built Puff Brownie Batter Protein Bar 1.41 Oz (4 Pk),0_10pct,<10% off,13,0.116,0.0754,0.0165,0.2226,,,,0.0864,9.11,9.46,2026-01-26T00:00:00.000Z,Unknown,,,,0.116,observational
FAREWAY,REGIONAL & INDEP GROCERY,08-40229-30380,Built Puff Brownie Batter Protein Bar 1.41 Oz (4 Pk),10_20pct,10–20% off,45,0.1058,0.0275,0.0152,0.213,,,,0.1049,9.02,9.31,2026-02-23T00:00:00.000Z,Unknown,,,,0.1058,observational
FAREWAY,REGIONAL & INDEP GROCERY,08-40229-30380,Built Puff Brownie Batter Protein Bar 1.41 Oz (4 Pk),20_30pct,20–30% off,2,0.0084,0.0084,0.007,0.0097,,,,0.2265,9.39,9.46,2025-03-03T00:00:00.000Z,Unknown,,,,0.0084,observational
FAREWAY,REGIONAL & INDEP GROCERY,08-40229-30380,Built Puff Brownie Batter Protein Bar 1.41 Oz (4 Pk),30pct_plus,≥30% off,2,0.06,0.06,0.0582,0.0619,,,,0.358,8.73,8.99,2026-01-12T00:00:00.000Z,Unknown,,,,0.06,observational
FAREWAY,REGIONAL & INDEP GROCERY,08-40229-30381,Built Puff Coconut Protein Bar 1.41 Oz (4 Pk),0_10pct,<10% off,5,0.0303,0.0238,0.0102,0.0495,,,,0.0892,9.16,9.31,2026-02-23T00:00:00.000Z,Unknown,,,,0.0303,observational
FAREWAY,REGIONAL & INDEP GROCERY,08-40229-30381,Built Puff Coconut Protein Bar 1.41 Oz (4 Pk),10_20pct,10–20% off,46,0.1049,0.0707,0.0226,0.1654,,,,0.1082,8.99,9.28,2026-02-16T00:00:00.000Z,Unknown,,,,0.1049,observational
FAREWAY,REGIONAL & INDEP GROCERY,08-40229-30381,Built Puff Coconut Protein Bar 1.41 Oz (4 Pk),20_30pct,20–30% off,3,0.0243,0.0169,0.0113,0.0336,,,,0.2533,9.22,9.34,2026-01-12T00:00:00.000Z,Unknown,,,,0.0243,observational
FAREWAY,REGIONAL & INDEP GROCERY,08-40229-30558,Built Puff Cookie Dough Chunk Protein Bar 1.55 Oz (4 Pk),0_10pct,<10% off,10,0.055,0.02,0.0044,0.0488,,,,0.0903,9.06,9.24,2026-03-16T00:00:00.000Z,Unknown,,,,0.055,observational
FAREWAY,REGIONAL & INDEP GROCERY,08-40229-30558,Built Puff Cookie Dough Chunk Protein Bar 1.55 Oz (4 Pk),10_20pct,10–20% off,49,0.1158,0.0316,0.0155,0.215,,,,0.1017,9.02,9.33,2026-02-23T00:00:00.000Z,Unknown,,,,0.1158,observational
FAREWAY,REGIONAL & INDEP GROCERY,08-40229-30558,Built Puff Cookie Dough Chunk Protein Bar 1.55 Oz (4 Pk),20_30pct,20–30% off,3,0.0077,0.0077,0.0077,0.0077,,,,0.244,9.28,9.3,2025-03-10T00:00:00.000Z,Unknown,,,,0.0077,observational
FAREWAY,REGIONAL & INDEP GROCERY,08-40229-30558,Built Puff Cookie Dough Chunk Protein Bar 1.55 Oz (4 Pk),30pct_plus,≥30% off,1,0.0087,0.0087,0.0087,0.0087,,,,0.333,9.85,9.95,2025-03-03T00:00:00.000Z,Unknown,,,,0.0087,observational
FIVESTAR,CONVENTIONAL|CONVENIENCE,08-40229-30037,Built Puff Coconut Protein Bar 1.41 Oz,30pct_plus,≥30% off,2,,,,,,,,1.0,2.97,3.05,2026-03-02T00:00:00.000Z,Unknown,,,,,observational
FIVESTAR,CONVENTIONAL|CONVENIENCE,08-40229-30037,Built Puff Coconut Protein Bar 1.41 Oz,no_promo,No price reduction,7,,,,,,,,,2.97,2.97,2026-04-13T00:00:00.000Z,Unknown,,,,,observational
FIVESTAR,CONVENTIONAL|CONVENIENCE,08-40229-30362,Built Puff Brownie Batter Protein Bar 1.41 Oz,30pct_plus,≥30% off,2,,,,,,,,1.0,2.97,3.3,2026-02-23T00:00:00.000Z,Unknown,,,,,observational
FIVESTAR,CONVENTIONAL|CONVENIENCE,08-40229-30362,Built Puff Brownie Batter Protein Bar 1.41 Oz,no_promo,No price reduction,7,,,,,,,,,2.97,2.97,2026-04-13T00:00:00.000Z,Unknown,,,,,observational
FOOD CITY MARKET,REGIONAL & INDEP GROCERY,08-40229-30362,Built Puff Brownie Batter Protein Bar 1.41 Oz,30pct_plus,≥30% off,1,,,,,,,,0.752,2.62,3.29,2025-05-19T00:00:00.000Z,Unknown,,,,,observational
FOOD CITY MARKET,REGIONAL & INDEP GROCERY,08-40229-30432,Built Puff Mint Chip Protein Bar 1.41 Oz,10_20pct,10–20% off,2,,,,,,,,0.139,3.14,3.59,2025-05-19T00:00:00.000Z,Unknown,,,,,observational
FRESH THYME,NATURAL EXPANDED,08-40229-30034,Built Puff Salted Caramel Protein Bar 1.41 Oz,0_10pct,<10% off,8,0.0391,0.0171,0.014,0.031,,,,0.0739,2.96,2.98,2026-03-16T00:00:00.000Z,Unknown,,,,0.0391,observational
FRESH THYME,NATURAL EXPANDED,08-40229-30034,Built Puff Salted Caramel Protein Bar 1.41 Oz,10_20pct,10–20% off,13,0.3731,0.4456,0.2532,0.5227,,,,0.1613,2.65,2.97,2026-04-06T00:00:00.000Z,Unknown,,,,0.3731,observational
FRESH THYME,NATURAL EXPANDED,08-40229-30034,Built Puff Salted Caramel Protein Bar 1.41 Oz,20_30pct,20–30% off,1,,,,,,,,0.221,2.98,2.99,2026-03-23T00:00:00.000Z,Unknown,,,,,observational
FRESH THYME,NATURAL EXPANDED,08-40229-30034,Built Puff Salted Caramel Protein Bar 1.41 Oz,30pct_plus,≥30% off,1,0.0135,0.0135,0.0135,0.0135,,,,0.356,2.91,2.99,2025-12-22T00:00:00.000Z,Unknown,,,,0.0135,observational
FRESH THYME,NATURAL EXPANDED,08-40229-30037,Built Puff Coconut Protein Bar 1.41 Oz,0_10pct,<10% off,8,0.0113,0.0059,0.0018,0.011,,,,0.0795,2.98,2.99,2026-03-23T00:00:00.000Z,Unknown,,,,0.0113,observational
FRESH THYME,NATURAL EXPANDED,08-40229-30037,Built Puff Coconut Protein Bar 1.41 Oz,10_20pct,10–20% off,24,0.2787,0.2905,0.0045,0.4964,,,,0.1348,2.8,2.98,2026-04-13T00:00:00.000Z,Unknown,,,,0.2787,observational
FRESH THYME,NATURAL EXPANDED,08-40229-30037,Built Puff Coconut Protein Bar 1.41 Oz,30pct_plus,≥30% off,1,,,,,,,,0.441,2.97,2.98,2025-10-20T00:00:00.000Z,Unknown,,,,,observational
FRESH THYME,NATURAL EXPANDED,08-40229-30333,Built Puff Cookie Dough Chunk Protein Bar 1.55 Oz,0_10pct,<10% off,16,0.0212,0.0074,0.0033,0.0158,,,,0.0699,2.97,2.98,2026-03-23T00:00:00.000Z,Unknown,,,,0.0212,observational
FRESH THYME,NATURAL EXPANDED,08-40229-30333,Built Puff Cookie Dough Chunk Protein Bar 1.55 Oz,10_20pct,10–20% off,16,0.4556,0.5577,0.3483,0.6116,,,,0.1444,2.72,2.98,2026-04-13T00:00:00.000Z,Unknown,,,,0.4556,observational
FRESH THYME,NATURAL EXPANDED,08-40229-30333,Built Puff Cookie Dough Chunk Protein Bar 1.55 Oz,20_30pct,20–30% off,1,,,,,,,,0.201,2.98,2.99,2025-10-20T00:00:00.000Z,Unknown,,,,,observational
FRESH THYME,NATURAL EXPANDED,08-40229-30333,Built Puff Cookie Dough Chunk Protein Bar 1.55 Oz,30pct_plus,≥30% off,1,,,,,,,,0.301,2.98,2.99,2025-11-17T00:00:00.000Z,Unknown,,,,,observational
FRESH THYME,NATURAL EXPANDED,08-40229-30362,Built Puff Brownie Batter Protein Bar 1.41 Oz,0_10pct,<10% off,13,0.0161,0.0107,0.0063,0.0266,,,,0.0665,2.98,2.99,2026-03-30T00:00:00.000Z,Unknown,,,,0.0161,observational
FRESH THYME,NATURAL EXPANDED,08-40229-30362,Built Puff Brownie Batter Protein Bar 1.41 Oz,10_20pct,10–20% off,22,0.3856,0.4737,0.0072,0.6081,,,,0.1387,2.78,2.98,2026-04-06T00:00:00.000Z,Unknown,,,,0.3856,observational
FRESH THYME,NATURAL EXPANDED,08-40229-30550,Built Puff Cookies N Cream Protein Bar 1.41 Oz,0_10pct,<10% off,12,0.0248,0.0136,0.007,0.0199,,,,0.0769,2.96,2.98,2026-03-16T00:00:00.000Z,Unknown,,,,0.0248,observational
FRESH THYME,NATURAL EXPANDED,08-40229-30550,Built Puff Cookies N Cream Protein Bar 1.41 Oz,10_20pct,10–20% off,16,0.2921,0.2417,0.0415,0.5009,,,,0.1454,2.72,2.97,2026-04-06T00:00:00.000Z,Unknown,,,,0.2921,observational
FRESH THYME,NATURAL EXPANDED,08-40229-30550,Built Puff Cookies N Cream Protein Bar 1.41 Oz,20_30pct,20–30% off,1,0.0139,0.0139,0.0139,0.0139,,,,0.221,2.95,2.98,2025-07-28T00:00:00.000Z,Unknown,,,,0.0139,observational
GEISSLERS SUPERMARKETS,REGIONAL & INDEP GROCERY,08-40229-30034,Built Puff Salted Caramel Protein Bar 1.41 Oz,20_30pct,20–30% off,1,,,,,,,,0.251,2.39,3.19,2025-11-17T00:00:00.000Z,Unknown,,,,,observational
GEISSLERS SUPERMARKETS,REGIONAL & INDEP GROCERY,08-40229-30333,Built Puff Cookie Dough Chunk Protein Bar 1.55 Oz,10_20pct,10–20% off,1,,,,,,,,0.188,2.79,3.19,2025-11-10T00:00:00.000Z,Unknown,,,,,observational
GEISSLERS SUPERMARKETS,REGIONAL & INDEP GROCERY,08-40229-30333,Built Puff Cookie Dough Chunk Protein Bar 1.55 Oz,30pct_plus,≥30% off,3,,,,,,,,0.376,1.99,3.19,2025-12-01T00:00:00.000Z,Unknown,,,,,observational
GEISSLERS SUPERMARKETS,REGIONAL & INDEP GROCERY,08-40229-30362,Built Puff Brownie Batter Protein Bar 1.41 Oz,30pct_plus,≥30% off,3,,,,,,,,0.3753,1.99,3.19,2025-11-24T00:00:00.000Z,Unknown,,,,,observational
GEISSLERS SUPERMARKETS,REGIONAL & INDEP GROCERY,08-40229-30550,Built Puff Cookies N Cream Protein Bar 1.41 Oz,10_20pct,10–20% off,1,,,,,,,,0.125,2.79,3.19,2025-11-10T00:00:00.000Z,Unknown,,,,,observational
GEISSLERS SUPERMARKETS,REGIONAL & INDEP GROCERY,08-40229-30550,Built Puff Cookies N Cream Protein Bar 1.41 Oz,30pct_plus,≥30% off,2,,,,,,,,0.3385,2.09,3.09,2025-12-01T00:00:00.000Z,Unknown,,,,,observational
GELSONS MARKET,NATURAL EXPANDED,08-40229-30034,Built Puff Salted Caramel Protein Bar 1.41 Oz,0_10pct,<10% off,1,0.0638,0.0638,0.0638,0.0638,,,,0.082,3.29,3.4,2025-06-23T00:00:00.000Z,Unknown,,,,0.0638,observational
GELSONS MARKET,NATURAL EXPANDED,08-40229-30034,Built Puff Salted Caramel Protein Bar 1.41 Oz,10_20pct,10–20% off,9,0.3288,0.3505,0.2621,0.3908,,,,0.1521,2.98,3.41,2026-04-13T00:00:00.000Z,Unknown,,,,0.3288,observational
GELSONS MARKET,NATURAL EXPANDED,08-40229-30034,Built Puff Salted Caramel Protein Bar 1.41 Oz,20_30pct,20–30% off,11,0.4473,0.4238,0.4137,0.4857,,,,0.2693,2.81,3.48,2026-03-16T00:00:00.000Z,Unknown,,,,0.4473,observational
GELSONS MARKET,NATURAL EXPANDED,08-40229-30037,Built Puff Coconut Protein Bar 1.41 Oz,0_10pct,<10% off,2,0.235,0.235,0.203,0.2669,,,,0.096,3.22,3.47,2025-06-23T00:00:00.000Z,Unknown,,,,0.235,observational
GELSONS MARKET,NATURAL EXPANDED,08-40229-30037,Built Puff Coconut Protein Bar 1.41 Oz,10_20pct,10–20% off,20,0.5136,0.4909,0.3793,0.6961,,,,0.1494,2.8,3.21,2026-04-13T00:00:00.000Z,Unknown,,,,0.5136,observational
GELSONS MARKET,NATURAL EXPANDED,08-40229-30037,Built Puff Coconut Protein Bar 1.41 Oz,20_30pct,20–30% off,12,0.3846,0.405,0.2817,0.4782,,,,0.2707,2.79,3.48,2026-03-16T00:00:00.000Z,Unknown,,,,0.3846,observational
GELSONS MARKET,NATURAL EXPANDED,08-40229-30037,Built Puff Coconut Protein Bar 1.41 Oz,30pct_plus,≥30% off,3,0.9775,0.944,0.8826,1.0557,,,,0.3233,2.02,2.99,2024-06-24T00:00:00.000Z,Unknown,,,,0.9775,observational
GELSONS MARKET,NATURAL EXPANDED,08-40229-30333,Built Puff Cookie Dough Chunk Protein Bar 1.55 Oz,0_10pct,<10% off,1,0.0146,0.0146,0.0146,0.0146,,,,0.081,3.29,3.41,2025-06-23T00:00:00.000Z,Unknown,,,,0.0146,observational
GELSONS MARKET,NATURAL EXPANDED,08-40229-30333,Built Puff Cookie Dough Chunk Protein Bar 1.55 Oz,10_20pct,10–20% off,26,0.5023,0.3383,0.1934,0.6222,,,,0.1569,2.72,3.12,2026-04-13T00:00:00.000Z,Unknown,,,,0.5023,observational
GELSONS MARKET,NATURAL EXPANDED,08-40229-30333,Built Puff Cookie Dough Chunk Protein Bar 1.55 Oz,20_30pct,20–30% off,12,0.5975,0.552,0.3278,0.8031,,,,0.2711,2.73,3.44,2026-03-16T00:00:00.000Z,Unknown,,,,0.5975,observational
GELSONS MARKET,NATURAL EXPANDED,08-40229-30333,Built Puff Cookie Dough Chunk Protein Bar 1.55 Oz,30pct_plus,≥30% off,2,1.0729,1.0729,1.0486,1.0972,,,,0.331,2.0,2.99,2024-06-24T00:00:00.000Z,Unknown,,,,1.0729,observational
GELSONS MARKET,NATURAL EXPANDED,08-40229-30362,Built Puff Brownie Batter Protein Bar 1.41 Oz,0_10pct,<10% off,1,0.0479,0.0479,0.0479,0.0479,,,,0.079,3.3,3.43,2025-06-23T00:00:00.000Z,Unknown,,,,0.0479,observational
GELSONS MARKET,NATURAL EXPANDED,08-40229-30362,Built Puff Brownie Batter Protein Bar 1.41 Oz,10_20pct,10–20% off,19,0.5033,0.3935,0.2701,0.6829,,,,0.1463,2.82,3.2,2026-04-13T00:00:00.000Z,Unknown,,,,0.5033,observational
GELSONS MARKET,NATURAL EXPANDED,08-40229-30362,Built Puff Brownie Batter Protein Bar 1.41 Oz,20_30pct,20–30% off,14,0.5024,0.4529,0.2681,0.7463,,,,0.2587,2.76,3.44,2026-03-16T00:00:00.000Z,Unknown,,,,0.5024,observational
GELSONS MARKET,NATURAL EXPANDED,08-40229-30362,Built Puff Brownie Batter Protein Bar 1.41 Oz,30pct_plus,≥30% off,3,1.0567,0.9208,0.8507,1.1946,,,,0.3243,2.02,2.99,2024-06-24T00:00:00.000Z,Unknown,,,,1.0567,observational
GELSONS MARKET,NATURAL EXPANDED,08-40229-30380,Built Puff Brownie Batter Protein Bar 1.41 Oz (4 Pk),10_20pct,10–20% off,7,0.4076,0.3788,0.3265,0.4714,,,,0.1576,9.81,11.54,2025-11-10T00:00:00.000Z,Unknown,,,,0.4076,observational
GELSONS MARKET,NATURAL EXPANDED,08-40229-30380,Built Puff Brownie Batter Protein Bar 1.41 Oz (4 Pk),20_30pct,20–30% off,4,0.7093,0.7332,0.6851,0.7574,,,,0.2422,9.09,11.98,2025-08-25T00:00:00.000Z,Unknown,,,,0.7093,observational
GELSONS MARKET,NATURAL EXPANDED,08-40229-30381,Built Puff Coconut Protein Bar 1.41 Oz (4 Pk),10_20pct,10–20% off,7,0.3724,0.3131,0.2152,0.5151,,,,0.159,9.82,11.52,2025-11-10T00:00:00.000Z,Unknown,,,,0.3724,observational
GELSONS MARKET,NATURAL EXPANDED,08-40229-30381,Built Puff Coconut Protein Bar 1.41 Oz (4 Pk),20_30pct,20–30% off,4,0.66,0.6506,0.6456,0.6649,,,,0.2422,9.1,11.93,2025-08-25T00:00:00.000Z,Unknown,,,,0.66,observational
GELSONS MARKET,NATURAL EXPANDED,08-40229-30432,Built Puff Mint Chip Protein Bar 1.41 Oz,0_10pct,<10% off,1,0.0219,0.0219,0.0219,0.0219,,,,0.078,3.34,3.38,2025-06-23T00:00:00.000Z,Unknown,,,,0.0219,observational
GELSONS MARKET,NATURAL EXPANDED,08-40229-30432,Built Puff Mint Chip Protein Bar 1.41 Oz,10_20pct,10–20% off,23,0.4407,0.4409,0.1395,0.6494,,,,0.146,2.83,3.16,2026-04-13T00:00:00.000Z,Unknown,,,,0.4407,observational
GELSONS MARKET,NATURAL EXPANDED,08-40229-30432,Built Puff Mint Chip Protein Bar 1.41 Oz,20_30pct,20–30% off,11,0.5525,0.6507,0.4596,0.7512,,,,0.2709,2.75,3.44,2026-03-16T00:00:00.000Z,Unknown,,,,0.5525,observational
GELSONS MARKET,NATURAL EXPANDED,08-40229-30432,Built Puff Mint Chip Protein Bar 1.41 Oz,30pct_plus,≥30% off,3,0.8363,0.751,0.6946,0.9353,,,,0.3227,2.04,2.99,2024-06-24T00:00:00.000Z,Unknown,,,,0.8363,observational
GELSONS MARKET,NATURAL EXPANDED,08-40229-30550,Built Puff Cookies N Cream Protein Bar 1.41 Oz,0_10pct,<10% off,1,0.0342,0.0342,0.0342,0.0342,,,,0.081,3.31,3.38,2025-06-23T00:00:00.000Z,Unknown,,,,0.0342,observational
GELSONS MARKET,NATURAL EXPANDED,08-40229-30550,Built Puff Cookies N Cream Protein Bar 1.41 Oz,10_20pct,10–20% off,9,0.2344,0.2549,0.0884,0.3496,,,,0.1436,2.99,3.39,2026-04-13T00:00:00.000Z,Unknown,,,,0.2344,observational
GELSONS MARKET,NATURAL EXPANDED,08-40229-30550,Built Puff Cookies N Cream Protein Bar 1.41 Oz,20_30pct,20–30% off,11,0.3157,0.3287,0.1357,0.444,,,,0.2716,2.81,3.49,2026-03-16T00:00:00.000Z,Unknown,,,,0.3157,observational
GELSONS MARKET,NATURAL EXPANDED,08-40229-30558,Built Puff Cookie Dough Chunk Protein Bar 1.55 Oz (4 Pk),10_20pct,10–20% off,7,0.3973,0.3527,0.2526,0.5932,,,,0.1484,9.88,11.51,2025-11-10T00:00:00.000Z,Unknown,,,,0.3973,observational
GELSONS MARKET,NATURAL EXPANDED,08-40229-30558,Built Puff Cookie Dough Chunk Protein Bar 1.55 Oz (4 Pk),20_30pct,20–30% off,4,0.877,0.8901,0.7926,0.9744,,,,0.2422,9.09,11.95,2025-08-25T00:00:00.000Z,Unknown,,,,0.877,observational
GELSONS MARKET,NATURAL EXPANDED,08-40229-30642,Built Puff Peanut Butter Protein Bar 1.41 Oz,10_20pct,10–20% off,4,0.2903,0.2863,0.2629,0.3137,,,,0.1455,3.02,3.46,2026-04-13T00:00:00.000Z,Unknown,,,,0.2903,observational
GELSONS MARKET,NATURAL EXPANDED,08-40229-30642,Built Puff Peanut Butter Protein Bar 1.41 Oz,20_30pct,20–30% off,5,0.3156,0.2754,0.0553,0.5358,,,,0.2734,3.07,3.49,2026-03-16T00:00:00.000Z,Unknown,,,,0.3156,observational
GIANT EAGLE,CONVENTIONAL|CONVENIENCE,08-40229-30034,Built Puff Salted Caramel Protein Bar 1.41 Oz,10_20pct,10–20% off,5,0.2264,0.2575,0.0236,0.353,70.18,,,0.1848,3.15,3.43,2026-03-16T00:00:00.000Z,TPR,,,,0.2264,observational
GIANT EAGLE,CONVENTIONAL|CONVENIENCE,08-40229-30034,Built Puff Salted Caramel Protein Bar 1.41 Oz,20_30pct,20–30% off,10,0.3609,0.3536,0.3236,0.3959,59.8,,,0.222,2.84,3.39,2026-04-13T00:00:00.000Z,TPR,,,,0.3609,observational
GIANT EAGLE,CONVENTIONAL|CONVENIENCE,08-40229-30034,Built Puff Salted Caramel Protein Bar 1.41 Oz,30pct_plus,≥30% off,6,0.1237,0.1116,0.0567,0.1789,87.2833,,,0.4997,2.99,3.46,2026-01-19T00:00:00.000Z,TPR,,,,0.1237,observational
GIANT EAGLE,CONVENTIONAL|CONVENIENCE,08-40229-30037,Built Puff Coconut Protein Bar 1.41 Oz,10_20pct,10–20% off,19,0.3458,0.3583,0.2312,0.4304,63.9222,75.6,,0.1772,3.06,3.46,2026-04-13T00:00:00.000Z,TPR,,,,0.3458,observational
GIANT EAGLE,CONVENTIONAL|CONVENIENCE,08-40229-30037,Built Puff Coconut Protein Bar 1.41 Oz,20_30pct,20–30% off,7,0.3835,0.42,0.3005,0.4327,64.1857,,,0.2083,2.94,3.45,2026-03-30T00:00:00.000Z,TPR,,,,0.3835,observational
GIANT EAGLE,CONVENTIONAL|CONVENIENCE,08-40229-30333,Built Puff Cookie Dough Chunk Protein Bar 1.55 Oz,10_20pct,10–20% off,22,0.4288,0.4374,0.3804,0.4965,65.9773,134.1667,,0.1708,3.02,3.47,2026-04-13T00:00:00.000Z,TPR,,,,0.4288,observational
GIANT EAGLE,CONVENTIONAL|CONVENIENCE,08-40229-30333,Built Puff Cookie Dough Chunk Protein Bar 1.55 Oz,20_30pct,20–30% off,4,0.6877,0.6701,0.6049,0.7617,63.25,,,0.213,3.0,3.47,2025-06-30T00:00:00.000Z,TPR,,,,0.6877,observational
GIANT EAGLE,CONVENTIONAL|CONVENIENCE,08-40229-30333,Built Puff Cookie Dough Chunk Protein Bar 1.55 Oz,no_promo,No price reduction,2,0.0007,0.0007,0.0006,0.0009,,24.1,,0.0,3.49,3.49,2025-12-01T00:00:00.000Z,Display,,,,0.0007,observational
GIANT EAGLE,CONVENTIONAL|CONVENIENCE,08-40229-30362,Built Puff Brownie Batter Protein Bar 1.41 Oz,0_10pct,<10% off,2,0.2945,0.2945,0.1652,0.4238,45.8,70.1,,0.0655,3.49,3.56,2024-10-21T00:00:00.000Z,Display,,,,0.2945,observational
GIANT EAGLE,CONVENTIONAL|CONVENIENCE,08-40229-30362,Built Puff Brownie Batter Protein Bar 1.41 Oz,10_20pct,10–20% off,24,0.4045,0.4216,0.2947,0.52,67.5083,,,0.1733,3.03,3.46,2026-04-13T00:00:00.000Z,TPR,,,,0.4045,observational
GIANT EAGLE,CONVENTIONAL|CONVENIENCE,08-40229-30362,Built Puff Brownie Batter Protein Bar 1.41 Oz,20_30pct,20–30% off,2,0.4656,0.4656,0.4656,0.4656,35.25,,,0.244,3.2,3.48,2025-03-24T00:00:00.000Z,TPR,,,,0.4656,observational
GIANT EAGLE,CONVENTIONAL|CONVENIENCE,08-40229-30413,Built Bar Puff Brownie Batter 1.41 Oz,10_20pct,10–20% off,2,0.0503,0.0503,0.047,0.0536,31.4,,,0.1625,3.06,3.2,2025-05-12T00:00:00.000Z,TPR,,,,0.0503,observational
GIANT EAGLE,CONVENTIONAL|CONVENIENCE,08-40229-30413,Built Bar Puff Brownie Batter 1.41 Oz,20_30pct,20–30% off,2,0.1321,0.1321,0.1321,0.1321,29.15,,,0.2545,3.04,3.4,2025-10-06T00:00:00.000Z,TPR,,,,0.1321,observational
GIANT EAGLE,CONVENTIONAL|CONVENIENCE,08-40229-30550,Built Puff Cookies N Cream Protein Bar 1.41 Oz,0_10pct,<10% off,1,0.0024,0.0024,0.0024,0.0024,65.3,,,0.098,3.49,3.49,2025-05-26T00:00:00.000Z,TPR,,,,0.0024,observational
GIANT EAGLE,CONVENTIONAL|CONVENIENCE,08-40229-30550,Built Puff Cookies N Cream Protein Bar 1.41 Oz,10_20pct,10–20% off,12,0.3444,0.3614,0.2249,0.4166,58.0818,138.1,,0.1658,3.06,3.47,2026-04-13T00:00:00.000Z,TPR,,,,0.3444,observational
GIANT EAGLE,CONVENTIONAL|CONVENIENCE,08-40229-30550,Built Puff Cookies N Cream Protein Bar 1.41 Oz,20_30pct,20–30% off,4,0.1875,0.1757,0.0138,0.3494,67.025,,,0.233,3.22,3.48,2026-04-06T00:00:00.000Z,TPR,,,,0.1875,observational
GIANT EAGLE,CONVENTIONAL|CONVENIENCE,08-40229-30550,Built Puff Cookies N Cream Protein Bar 1.41 Oz,30pct_plus,≥30% off,4,0.0164,0.0163,0.0102,0.0225,166.95,,,0.4988,3.46,3.49,2026-02-16T00:00:00.000Z,TPR,,,,0.0164,observational
GIANT EAGLE,CONVENTIONAL|CONVENIENCE,08-40229-30642,Built Puff Peanut Butter Protein Bar 1.41 Oz,10_20pct,10–20% off,10,0.3361,0.3671,0.3002,0.3994,55.84,,,0.1773,3.04,3.47,2026-04-13T00:00:00.000Z,TPR,,,,0.3361,observational
GIANT EAGLE,CONVENTIONAL|CONVENIENCE,08-40229-30642,Built Puff Peanut Butter Protein Bar 1.41 Oz,20_30pct,20–30% off,3,0.2956,0.294,0.2793,0.3111,48.8,,,0.2123,2.96,3.48,2026-03-09T00:00:00.000Z,TPR,,,,0.2956,observational
GIANT EAGLE,CONVENTIONAL|CONVENIENCE,08-40229-30651,Built Protein Bar Puff Sour Peach 1.45 Oz,10_20pct,10–20% off,6,0.137,0.1361,0.1049,0.1717,44.7,,,0.1638,2.93,3.13,2026-04-13T00:00:00.000Z,TPR,,,,0.137,observational
GIANT EAGLE,CONVENTIONAL|CONVENIENCE,08-40229-30651,Built Protein Bar Puff Sour Peach 1.45 Oz,20_30pct,20–30% off,1,,,,,0.0,,,0.286,3.05,3.05,2026-03-02T00:00:00.000Z,Unknown,,,,,observational
GIANT EAGLE,CONVENTIONAL|CONVENIENCE,08-40229-30653,Built Puff Sour Blu Razz Blast Bar 1.45 Oz,0_10pct,<10% off,1,0.4783,0.4783,0.4783,0.4783,19.0,57.7,,0.094,2.9,3.19,2026-03-09T00:00:00.000Z,Display,,,,0.4783,observational
GIANT EAGLE,CONVENTIONAL|CONVENIENCE,08-40229-30653,Built Puff Sour Blu Razz Blast Bar 1.45 Oz,10_20pct,10–20% off,5,0.1041,0.125,0.067,0.1252,34.32,74.0,,0.1602,2.97,3.16,2026-04-13T00:00:00.000Z,TPR,,,,0.1041,observational
GIANT EAGLE,CONVENTIONAL|CONVENIENCE,08-40229-30653,Built Puff Sour Blu Razz Blast Bar 1.45 Oz,20_30pct,20–30% off,1,0.0849,0.0849,0.0849,0.0849,32.5,,,0.204,3.06,3.28,2026-03-30T00:00:00.000Z,TPR,,,,0.0849,observational
GIANT EAGLE,CONVENTIONAL|CONVENIENCE,08-40229-30655,Built Puff Sour Green Apple Crush Bar 1.45 Oz,10_20pct,10–20% off,7,0.0952,0.1128,0.0545,0.1384,40.2571,,,0.1784,2.89,3.07,2026-04-13T00:00:00.000Z,TPR,,,,0.0952,observational
GIANT EAGLE,CONVENTIONAL|FOOD,08-40229-30037,Built Puff Coconut Protein Bar 1.41 Oz,0_10pct,<10% off,15,0.3471,0.3731,0.2076,0.4859,41.1333,,,0.0841,2.63,2.76,2026-03-02T00:00:00.000Z,TPR,,,,0.3471,observational
GIANT EAGLE,CONVENTIONAL|FOOD,08-40229-30037,Built Puff Coconut Protein Bar 1.41 Oz,10_20pct,10–20% off,11,0.166,0.0931,0.0782,0.2525,25.8727,0.0,,0.156,2.7,2.93,2026-04-13T00:00:00.000Z,TPR,,,,0.166,observational
GIANT EAGLE,CONVENTIONAL|FOOD,08-40229-30037,Built Puff Coconut Protein Bar 1.41 Oz,20_30pct,20–30% off,12,0.8256,0.7741,0.6915,0.8925,89.5583,151.5833,,0.2715,2.03,2.76,2026-02-16T00:00:00.000Z,TPR,,,,0.8256,observational
GIANT EAGLE,CONVENTIONAL|FOOD,08-40229-30037,Built Puff Coconut Protein Bar 1.41 Oz,30pct_plus,≥30% off,2,0.0177,0.0177,0.0177,0.0177,41.3,,,0.4475,2.76,2.79,2025-07-14T00:00:00.000Z,TPR,,,,0.0177,observational
GIANT EAGLE,CONVENTIONAL|FOOD,08-40229-30333,Built Puff Cookie Dough Chunk Protein Bar 1.55 Oz,0_10pct,<10% off,16,0.2941,0.1562,0.0131,0.555,57.52,69.4909,,0.0745,2.65,2.76,2026-03-23T00:00:00.000Z,TPR,,,,0.2941,observational
GIANT EAGLE,CONVENTIONAL|FOOD,08-40229-30333,Built Puff Cookie Dough Chunk Protein Bar 1.55 Oz,10_20pct,10–20% off,11,0.2682,0.014,0.0062,0.453,50.9636,73.375,,0.1258,2.71,2.83,2026-04-13T00:00:00.000Z,TPR,,,,0.2682,observational
GIANT EAGLE,CONVENTIONAL|FOOD,08-40229-30333,Built Puff Cookie Dough Chunk Protein Bar 1.55 Oz,20_30pct,20–30% off,16,0.7872,0.7613,0.5769,0.9981,85.2875,77.1167,,0.2626,2.15,2.78,2026-02-23T00:00:00.000Z,TPR,,,,0.7872,observational
GIANT EAGLE,CONVENTIONAL|FOOD,08-40229-30333,Built Puff Cookie Dough Chunk Protein Bar 1.55 Oz,30pct_plus,≥30% off,1,,,,,0.0,,,0.498,2.79,2.79,2024-12-02T00:00:00.000Z,Unknown,,,,,observational
GIANT EAGLE,CONVENTIONAL|FOOD,08-40229-30333,Built Puff Cookie Dough Chunk Protein Bar 1.55 Oz,no_promo,No price reduction,6,0.0024,0.0012,0.0008,0.002,,64.6833,,0.0,2.79,2.79,2026-01-05T00:00:00.000Z,Display,,,,0.0024,observational
GIANT EAGLE,CONVENTIONAL|FOOD,08-40229-30362,Built Puff Brownie Batter Protein Bar 1.41 Oz,0_10pct,<10% off,18,0.2308,0.1905,0.0091,0.3077,56.2529,92.275,,0.0778,2.62,2.73,2026-02-23T00:00:00.000Z,TPR,,,,0.2308,observational
GIANT EAGLE,CONVENTIONAL|FOOD,08-40229-30362,Built Puff Brownie Batter Protein Bar 1.41 Oz,10_20pct,10–20% off,8,0.2195,0.0584,0.0512,0.1568,32.5286,85.04,,0.1371,2.68,2.93,2026-04-13T00:00:00.000Z,TPR,,,,0.2195,observational
GIANT EAGLE,CONVENTIONAL|FOOD,08-40229-30362,Built Puff Brownie Batter Protein Bar 1.41 Oz,20_30pct,20–30% off,17,0.7789,0.7266,0.3828,1.081,148.3353,110.4417,,0.2556,2.23,2.78,2026-02-16T00:00:00.000Z,TPR,,,,0.7789,observational
GIANT EAGLE,CONVENTIONAL|FOOD,08-40229-30362,Built Puff Brownie Batter Protein Bar 1.41 Oz,30pct_plus,≥30% off,1,0.0038,0.0038,0.0038,0.0038,21.5,,,0.498,2.76,2.79,2024-12-02T00:00:00.000Z,TPR,,,,0.0038,observational
GIANT EAGLE,CONVENTIONAL|FOOD,08-40229-30362,Built Puff Brownie Batter Protein Bar 1.41 Oz,no_promo,No price reduction,4,0.0026,0.0027,0.0025,0.0028,,89.325,,0.0,2.96,2.96,2026-03-02T00:00:00.000Z,Display,,,,0.0026,observational
GIANT EAGLE,CONVENTIONAL|FOOD,08-40229-30380,Built Puff Brownie Batter Protein Bar 1.41 Oz (4 Pk),10_20pct,10–20% off,4,0.6422,0.6096,0.5104,0.7413,77.075,,,0.1705,8.37,9.91,2026-04-06T00:00:00.000Z,TPR,,,,0.6422,observational
GIANT EAGLE,CONVENTIONAL|FOOD,08-40229-30380,Built Puff Brownie Batter Protein Bar 1.41 Oz (4 Pk),20_30pct,20–30% off,2,0.8762,0.8762,0.8654,0.887,93.65,,,0.203,7.94,9.88,2026-03-30T00:00:00.000Z,TPR,,,,0.8762,observational
GIANT EAGLE,CONVENTIONAL|FOOD,08-40229-30394,Built Puff Candy Cane Brownie Protein Bar 1.51 Oz,0_10pct,<10% off,3,0.152,0.1877,0.1022,0.2196,29.8333,79.3667,,0.0667,2.25,2.3,2025-12-22T00:00:00.000Z,Display,,,,0.152,observational
GIANT EAGLE,CONVENTIONAL|FOOD,08-40229-30394,Built Puff Candy Cane Brownie Protein Bar 1.51 Oz,10_20pct,10–20% off,7,0.1982,0.0704,0.0533,0.2792,9.35,151.4,,0.1379,2.3,2.39,2026-04-13T00:00:00.000Z,Unknown,,,,0.1982,observational
GIANT EAGLE,CONVENTIONAL|FOOD,08-40229-30394,Built Puff Candy Cane Brownie Protein Bar 1.51 Oz,20_30pct,20–30% off,3,0.129,0.129,0.129,0.129,6.6333,,,0.284,2.13,2.47,2026-02-23T00:00:00.000Z,Unknown,,,,0.129,observational
GIANT EAGLE,CONVENTIONAL|FOOD,08-40229-30394,Built Puff Candy Cane Brownie Protein Bar 1.51 Oz,30pct_plus,≥30% off,7,1.006,0.7848,0.1376,1.4335,145.4571,94.3333,,0.4584,1.68,2.58,2026-02-02T00:00:00.000Z,TPR,,,,1.006,observational
GIANT EAGLE,CONVENTIONAL|FOOD,08-40229-30394,Built Puff Candy Cane Brownie Protein Bar 1.51 Oz,no_promo,No price reduction,1,0.0403,0.0403,0.0403,0.0403,,29.4,,0.0,2.81,2.81,2025-12-15T00:00:00.000Z,Display,,,,0.0403,observational
GIANT EAGLE,CONVENTIONAL|FOOD,08-40229-30432,Built Puff Mint Chip Protein Bar 1.41 Oz,0_10pct,<10% off,13,0.237,0.1929,0.1244,0.4115,65.2385,108.9,,0.0858,2.58,2.69,2025-07-07T00:00:00.000Z,TPR,,,,0.237,observational
GIANT EAGLE,CONVENTIONAL|FOOD,08-40229-30432,Built Puff Mint Chip Protein Bar 1.41 Oz,10_20pct,10–20% off,10,0.1166,0.0062,0.0041,0.2816,21.5,42.7,,0.1612,2.66,2.8,2026-04-13T00:00:00.000Z,TPR,,,,0.1166,observational
GIANT EAGLE,CONVENTIONAL|FOOD,08-40229-30432,Built Puff Mint Chip Protein Bar 1.41 Oz,20_30pct,20–30% off,13,1.2434,1.251,0.9301,1.6482,130.5154,147.1,,0.2641,2.06,2.77,2026-02-16T00:00:00.000Z,TPR,,,,1.2434,observational
GIANT EAGLE,CONVENTIONAL|FOOD,08-40229-30432,Built Puff Mint Chip Protein Bar 1.41 Oz,30pct_plus,≥30% off,2,0.0097,0.0097,0.0097,0.0097,176.0,7.8,,0.406,2.78,2.79,2025-01-13T00:00:00.000Z,Unknown,,,,0.0097,observational
GIANT EAGLE,CONVENTIONAL|FOOD,08-40229-30432,Built Puff Mint Chip Protein Bar 1.41 Oz,no_promo,No price reduction,3,0.0099,0.0111,0.0061,0.0144,,93.9333,,0.0,2.79,2.79,2026-01-19T00:00:00.000Z,Display,,,,0.0099,observational
GIANT EAGLE,CONVENTIONAL|FOOD,08-40229-30550,Built Puff Cookies N Cream Protein Bar 1.41 Oz,0_10pct,<10% off,3,0.0463,0.0463,0.0367,0.0559,103.15,12.05,,0.039,3.02,3.02,2026-03-02T00:00:00.000Z,TPR,,,,0.0463,observational
GIANT EAGLE,CONVENTIONAL|FOOD,08-40229-30550,Built Puff Cookies N Cream Protein Bar 1.41 Oz,10_20pct,10–20% off,7,0.0793,0.0176,0.0164,0.0437,44.2,4.1,,0.1657,2.71,2.81,2026-04-06T00:00:00.000Z,TPR,,,,0.0793,observational
GIANT EAGLE,CONVENTIONAL|FOOD,08-40229-30550,Built Puff Cookies N Cream Protein Bar 1.41 Oz,20_30pct,20–30% off,6,0.5543,0.5987,0.5545,0.6398,56.4833,74.5,,0.2572,2.3,2.77,2026-04-13T00:00:00.000Z,TPR,,,,0.5543,observational
GIANT EAGLE,CONVENTIONAL|FOOD,08-40229-30550,Built Puff Cookies N Cream Protein Bar 1.41 Oz,30pct_plus,≥30% off,1,0.0048,0.0048,0.0048,0.0048,34.2,0.0,,0.308,3.19,3.21,2026-03-09T00:00:00.000Z,TPR,,,,0.0048,observational
GIANT EAGLE,CONVENTIONAL|FOOD,08-40229-30558,Built Puff Cookie Dough Chunk Protein Bar 1.55 Oz (4 Pk),10_20pct,10–20% off,4,0.3772,0.3853,0.2563,0.5062,57.575,,,0.153,8.85,9.96,2026-04-06T00:00:00.000Z,TPR,,,,0.3772,observational
GIANT EAGLE,CONVENTIONAL|FOOD,08-40229-30558,Built Puff Cookie Dough Chunk Protein Bar 1.55 Oz (4 Pk),20_30pct,20–30% off,3,0.7973,0.7904,0.7838,0.8073,83.4,,,0.2013,7.95,9.92,2026-03-30T00:00:00.000Z,TPR,,,,0.7973,observational
GIANT EAGLE,CONVENTIONAL|FOOD,08-40229-30642,Built Puff Peanut Butter Protein Bar 1.41 Oz,0_10pct,<10% off,1,0.0509,0.0509,0.0509,0.0509,30.7,59.5,,0.087,2.78,2.82,2026-03-16T00:00:00.000Z,Display,,,,0.0509,observational
GIANT EAGLE,CONVENTIONAL|FOOD,08-40229-30642,Built Puff Peanut Butter Protein Bar 1.41 Oz,10_20pct,10–20% off,8,0.0679,0.0101,0.0058,0.0208,51.1875,19.3286,,0.1478,2.84,2.94,2026-04-13T00:00:00.000Z,TPR,,,,0.0679,observational
GIANT EAGLE,CONVENTIONAL|FOOD,08-40229-30642,Built Puff Peanut Butter Protein Bar 1.41 Oz,20_30pct,20–30% off,4,0.6878,0.6161,0.5159,0.7881,76.375,59.325,,0.2605,2.07,2.76,2026-02-23T00:00:00.000Z,TPR,,,,0.6878,observational
GIANT EAGLE,CONVENTIONAL|FOOD,08-40229-30642,Built Puff Peanut Butter Protein Bar 1.41 Oz,no_promo,No price reduction,1,0.0657,0.0657,0.0657,0.0657,,30.1,,0.0,2.79,2.79,2026-01-19T00:00:00.000Z,Display,,,,0.0657,observational
GOOD FOOD HOLDINGS,NATURAL EXPANDED,08-40229-30034,Built Puff Salted Caramel Protein Bar 1.41 Oz,10_20pct,10–20% off,4,0.211,0.2064,0.1445,0.2729,,,,0.1442,3.22,3.58,2026-04-13T00:00:00.000Z,Unknown,,,,0.211,observational
GOOD FOOD HOLDINGS,NATURAL EXPANDED,08-40229-30034,Built Puff Salted Caramel Protein Bar 1.41 Oz,20_30pct,20–30% off,13,0.6218,0.6101,0.2897,0.7512,,,,0.2693,2.62,3.23,2026-01-19T00:00:00.000Z,Unknown,,,,0.6218,observational
GOOD FOOD HOLDINGS,NATURAL EXPANDED,08-40229-30034,Built Puff Salted Caramel Protein Bar 1.41 Oz,30pct_plus,≥30% off,3,0.3065,0.1719,0.1432,0.4024,,,,0.4367,2.73,3.52,2026-03-23T00:00:00.000Z,Unknown,,,,0.3065,observational
GOOD FOOD HOLDINGS,NATURAL EXPANDED,08-40229-30037,Built Puff Coconut Protein Bar 1.41 Oz,0_10pct,<10% off,16,0.1517,0.117,0.0589,0.169,,,,0.0842,3.26,3.4,2026-04-13T00:00:00.000Z,Unknown,,,,0.1517,observational
GOOD FOOD HOLDINGS,NATURAL EXPANDED,08-40229-30037,Built Puff Coconut Protein Bar 1.41 Oz,10_20pct,10–20% off,16,0.6321,0.6695,0.3607,0.8915,,,,0.1409,2.93,3.35,2026-01-26T00:00:00.000Z,Unknown,,,,0.6321,observational
GOOD FOOD HOLDINGS,NATURAL EXPANDED,08-40229-30037,Built Puff Coconut Protein Bar 1.41 Oz,20_30pct,20–30% off,20,0.8195,0.6942,0.3739,1.1671,,,,0.2646,2.58,3.39,2026-02-23T00:00:00.000Z,Unknown,,,,0.8195,observational
GOOD FOOD HOLDINGS,NATURAL EXPANDED,08-40229-30037,Built Puff Coconut Protein Bar 1.41 Oz,30pct_plus,≥30% off,4,1.2277,1.2299,0.763,1.6947,,,,0.363,2.24,3.19,2026-03-23T00:00:00.000Z,Unknown,,,,1.2277,observational
GOOD FOOD HOLDINGS,NATURAL EXPANDED,08-40229-30050,Built Puff Churro Protein Bar 1.41 Oz,10_20pct,10–20% off,4,0.3323,0.2146,0.1597,0.3872,,,,0.1662,3.16,3.46,2026-04-13T00:00:00.000Z,Unknown,,,,0.3323,observational
GOOD FOOD HOLDINGS,NATURAL EXPANDED,08-40229-30050,Built Puff Churro Protein Bar 1.41 Oz,20_30pct,20–30% off,14,0.2208,0.1861,0.1107,0.3066,,,,0.2636,2.64,3.27,2026-03-09T00:00:00.000Z,Unknown,,,,0.2208,observational
GOOD FOOD HOLDINGS,NATURAL EXPANDED,08-40229-30050,Built Puff Churro Protein Bar 1.41 Oz,30pct_plus,≥30% off,2,0.5385,0.5385,0.2974,0.7796,,,,0.47,2.31,3.54,2026-03-23T00:00:00.000Z,Unknown,,,,0.5385,observational
GOOD FOOD HOLDINGS,NATURAL EXPANDED,08-40229-30071,Built Double Chocolate Fudge Bar 1.69oz,10_20pct,10–20% off,2,0.0917,0.0917,0.0917,0.0917,,,,0.152,2.97,3.25,2025-01-27T00:00:00.000Z,Unknown,,,,0.0917,observational
GOOD FOOD HOLDINGS,NATURAL EXPANDED,08-40229-30071,Built Double Chocolate Fudge Bar 1.69oz,20_30pct,20–30% off,2,,,,,,,,0.2835,2.5,3.02,2025-01-20T00:00:00.000Z,Unknown,,,,,observational
GOOD FOOD HOLDINGS,NATURAL EXPANDED,08-40229-30099,Built Coconut Bar 1.69oz,0_10pct,<10% off,2,0.8009,0.8009,0.7734,0.8283,,,,0.09,3.16,3.44,2024-07-01T00:00:00.000Z,Unknown,,,,0.8009,observational
GOOD FOOD HOLDINGS,NATURAL EXPANDED,08-40229-30099,Built Coconut Bar 1.69oz,10_20pct,10–20% off,12,0.574,0.5789,0.1336,0.9461,,,,0.1487,3.02,3.44,2025-01-27T00:00:00.000Z,Unknown,,,,0.574,observational
GOOD FOOD HOLDINGS,NATURAL EXPANDED,08-40229-30099,Built Coconut Bar 1.69oz,20_30pct,20–30% off,8,0.6408,0.6667,0.3826,0.8933,,,,0.2838,2.5,3.42,2025-01-20T00:00:00.000Z,Unknown,,,,0.6408,observational
GOOD FOOD HOLDINGS,NATURAL EXPANDED,08-40229-30119,Built Satled Caramel Bar 1.69oz,0_10pct,<10% off,1,0.2745,0.2745,0.2745,0.2745,,,,0.08,3.26,3.41,2024-07-01T00:00:00.000Z,Unknown,,,,0.2745,observational
GOOD FOOD HOLDINGS,NATURAL EXPANDED,08-40229-30119,Built Satled Caramel Bar 1.69oz,10_20pct,10–20% off,11,0.931,0.7241,0.5238,1.1429,,,,0.1402,3.06,3.48,2025-01-27T00:00:00.000Z,Unknown,,,,0.931,observational
GOOD FOOD HOLDINGS,NATURAL EXPANDED,08-40229-30119,Built Satled Caramel Bar 1.69oz,20_30pct,20–30% off,10,0.6167,0.5794,0.4668,0.7701,,,,0.2792,2.64,3.46,2025-01-20T00:00:00.000Z,Unknown,,,,0.6167,observational
GOOD FOOD HOLDINGS,NATURAL EXPANDED,08-40229-30130,Built Cookies & Cream Bar 1.69oz,10_20pct,10–20% off,14,0.5113,0.359,0.2699,0.7915,,,,0.143,3.09,3.45,2025-01-27T00:00:00.000Z,Unknown,,,,0.5113,observational
GOOD FOOD HOLDINGS,NATURAL EXPANDED,08-40229-30130,Built Cookies & Cream Bar 1.69oz,20_30pct,20–30% off,8,0.7939,0.5245,0.4303,1.0447,,,,0.284,2.5,3.49,2025-01-20T00:00:00.000Z,Unknown,,,,0.7939,observational
GOOD FOOD HOLDINGS,NATURAL EXPANDED,08-40229-30333,Built Puff Cookie Dough Chunk Protein Bar 1.55 Oz,0_10pct,<10% off,14,0.1387,0.1141,0.092,0.2259,,,,0.086,3.25,3.38,2026-04-13T00:00:00.000Z,Unknown,,,,0.1387,observational
GOOD FOOD HOLDINGS,NATURAL EXPANDED,08-40229-30333,Built Puff Cookie Dough Chunk Protein Bar 1.55 Oz,10_20pct,10–20% off,8,0.4113,0.4411,0.1661,0.6526,,,,0.1515,2.84,3.24,2026-01-26T00:00:00.000Z,Unknown,,,,0.4113,observational
GOOD FOOD HOLDINGS,NATURAL EXPANDED,08-40229-30333,Built Puff Cookie Dough Chunk Protein Bar 1.55 Oz,20_30pct,20–30% off,18,0.672,0.5715,0.3966,0.9181,,,,0.2625,2.56,3.31,2026-03-23T00:00:00.000Z,Unknown,,,,0.672,observational
GOOD FOOD HOLDINGS,NATURAL EXPANDED,08-40229-30333,Built Puff Cookie Dough Chunk Protein Bar 1.55 Oz,30pct_plus,≥30% off,3,0.6427,0.5069,0.4518,0.7658,,,,0.3867,2.32,3.17,2026-03-16T00:00:00.000Z,Unknown,,,,0.6427,observational
GOOD FOOD HOLDINGS,NATURAL EXPANDED,08-40229-30362,Built Puff Brownie Batter Protein Bar 1.41 Oz,0_10pct,<10% off,12,0.2665,0.2089,0.07,0.3388,,,,0.0867,3.23,3.4,2026-04-13T00:00:00.000Z,Unknown,,,,0.2665,observational
GOOD FOOD HOLDINGS,NATURAL EXPANDED,08-40229-30362,Built Puff Brownie Batter Protein Bar 1.41 Oz,10_20pct,10–20% off,14,0.4857,0.4872,0.2614,0.5934,,,,0.1431,2.93,3.35,2026-01-26T00:00:00.000Z,Unknown,,,,0.4857,observational
GOOD FOOD HOLDINGS,NATURAL EXPANDED,08-40229-30362,Built Puff Brownie Batter Protein Bar 1.41 Oz,20_30pct,20–30% off,20,0.9683,0.7724,0.5837,1.2478,,,,0.2642,2.55,3.36,2026-03-23T00:00:00.000Z,Unknown,,,,0.9683,observational
GOOD FOOD HOLDINGS,NATURAL EXPANDED,08-40229-30362,Built Puff Brownie Batter Protein Bar 1.41 Oz,30pct_plus,≥30% off,3,0.5852,0.3283,0.2941,0.7478,,,,0.39,2.34,3.18,2026-03-16T00:00:00.000Z,Unknown,,,,0.5852,observational
GOOD FOOD HOLDINGS,NATURAL EXPANDED,08-40229-30432,Built Puff Mint Chip Protein Bar 1.41 Oz,0_10pct,<10% off,14,0.1301,0.0929,0.0615,0.1619,,,,0.0832,3.22,3.38,2026-04-13T00:00:00.000Z,Unknown,91.39,ROBUST,1.0,91.39,causal_robust
GOOD FOOD HOLDINGS,NATURAL EXPANDED,08-40229-30432,Built Puff Mint Chip Protein Bar 1.41 Oz,10_20pct,10–20% off,6,0.3613,0.3565,0.2112,0.4373,,,,0.1487,2.79,3.16,2026-01-19T00:00:00.000Z,Unknown,91.39,ROBUST,1.0,91.39,causal_robust
GOOD FOOD HOLDINGS,NATURAL EXPANDED,08-40229-30432,Built Puff Mint Chip Protein Bar 1.41 Oz,20_30pct,20–30% off,14,0.7183,0.6033,0.4213,0.9058,,,,0.2501,2.58,3.24,2026-02-23T00:00:00.000Z,Unknown,91.39,ROBUST,1.0,91.39,causal_robust
GOOD FOOD HOLDINGS,NATURAL EXPANDED,08-40229-30432,Built Puff Mint Chip Protein Bar 1.41 Oz,30pct_plus,≥30% off,4,1.0259,0.9543,0.7548,1.2254,,,,0.3822,2.18,3.2,2026-03-23T00:00:00.000Z,Unknown,91.39,ROBUST,1.0,91.39,causal_robust
GOOD FOOD HOLDINGS,NATURAL EXPANDED,08-40229-30550,Built Puff Cookies N Cream Protein Bar 1.41 Oz,0_10pct,<10% off,1,0.0188,0.0188,0.0188,0.0188,,,,0.083,3.37,3.52,2026-04-06T00:00:00.000Z,Unknown,,,,0.0188,observational
GOOD FOOD HOLDINGS,NATURAL EXPANDED,08-40229-30550,Built Puff Cookies N Cream Protein Bar 1.41 Oz,10_20pct,10–20% off,4,0.5763,0.4625,0.0645,0.9743,,,,0.168,3.06,3.59,2026-04-13T00:00:00.000Z,Unknown,,,,0.5763,observational
GOOD FOOD HOLDINGS,NATURAL EXPANDED,08-40229-30550,Built Puff Cookies N Cream Protein Bar 1.41 Oz,20_30pct,20–30% off,11,0.4681,0.4143,0.2783,0.6642,,,,0.2657,2.61,3.15,2026-01-19T00:00:00.000Z,Unknown,,,,0.4681,observational
GOOD2GO,CONVENTIONAL|CONVENIENCE,08-40229-30037,Built Puff Coconut Protein Bar 1.41 Oz,30pct_plus,≥30% off,41,,,,,,,,1.0,3.16,3.43,2025-05-05T00:00:00.000Z,Unknown,,,,,observational
GOOD2GO,CONVENTIONAL|CONVENIENCE,08-40229-30037,Built Puff Coconut Protein Bar 1.41 Oz,no_promo,No price reduction,77,,,,,,,,,3.55,3.55,2026-04-13T00:00:00.000Z,Unknown,,,,,observational
GOOD2GO,CONVENTIONAL|CONVENIENCE,08-40229-30050,Built Puff Churro Protein Bar 1.41 Oz,30pct_plus,≥30% off,30,,,,,,,,1.0,3.3,3.47,2025-04-14T00:00:00.000Z,Unknown,,,,,observational
GOOD2GO,CONVENTIONAL|CONVENIENCE,08-40229-30050,Built Puff Churro Protein Bar 1.41 Oz,no_promo,No price reduction,71,,,,,,,,,3.59,3.59,2026-04-13T00:00:00.000Z,Unknown,,,,,observational
GOOD2GO,CONVENTIONAL|CONVENIENCE,08-40229-30071,Built Double Chocolate Fudge Bar 1.69oz,30pct_plus,≥30% off,23,,,,,,,,1.0,2.72,3.31,2025-02-17T00:00:00.000Z,Unknown,,,,,observational
GOOD2GO,CONVENTIONAL|CONVENIENCE,08-40229-30071,Built Double Chocolate Fudge Bar 1.69oz,no_promo,No price reduction,69,,,,,,,,,3.52,3.52,2025-12-22T00:00:00.000Z,Unknown,,,,,observational
GOOD2GO,CONVENTIONAL|CONVENIENCE,08-40229-30103,Built Coocnut Almond Bar 1.97oz,no_promo,No price reduction,14,,,,,,,,,3.29,3.29,2024-01-01T00:00:00.000Z,Unknown,,,,,observational
GOOD2GO,CONVENTIONAL|CONVENIENCE,08-40229-30115,Built Peanut Butter Bar 1.69oz,30pct_plus,≥30% off,10,,,,,,,,1.0,2.84,3.33,2024-09-09T00:00:00.000Z,Unknown,,,,,observational
GOOD2GO,CONVENTIONAL|CONVENIENCE,08-40229-30115,Built Peanut Butter Bar 1.69oz,no_promo,No price reduction,37,,,,,,,,,3.27,3.27,2024-08-19T00:00:00.000Z,Unknown,,,,,observational
GOOD2GO,CONVENTIONAL|CONVENIENCE,08-40229-30119,Built Satled Caramel Bar 1.69oz,30pct_plus,≥30% off,28,,,,,,,,1.0,3.01,3.46,2024-12-09T00:00:00.000Z,Unknown,,,,,observational
GOOD2GO,CONVENTIONAL|CONVENIENCE,08-40229-30119,Built Satled Caramel Bar 1.69oz,no_promo,No price reduction,37,,,,,,,,,3.58,3.58,2025-05-26T00:00:00.000Z,Unknown,,,,,observational
GOOD2GO,CONVENTIONAL|CONVENIENCE,08-40229-30130,Built Cookies & Cream Bar 1.69oz,30pct_plus,≥30% off,46,,,,,,,,1.0,3.23,3.41,2025-10-06T00:00:00.000Z,Unknown,,,,,observational
GOOD2GO,CONVENTIONAL|CONVENIENCE,08-40229-30130,Built Cookies & Cream Bar 1.69oz,no_promo,No price reduction,75,,,,,,,,,3.45,3.45,2025-11-17T00:00:00.000Z,Unknown,,,,,observational
GOOD2GO,CONVENTIONAL|CONVENIENCE,08-40229-30143,Built Bar Peanut Butter Brown Br 2.05oz(18pk),no_promo,No price reduction,5,,,,,,,,,3.29,3.29,2024-07-29T00:00:00.000Z,Unknown,,,,,observational
GOOD2GO,CONVENTIONAL|CONVENIENCE,08-40229-30362,Built Puff Brownie Batter Protein Bar 1.41 Oz,30pct_plus,≥30% off,41,,,,,,,,1.0,3.04,3.43,2026-04-13T00:00:00.000Z,Unknown,,,,,observational
GOOD2GO,CONVENTIONAL|CONVENIENCE,08-40229-30362,Built Puff Brownie Batter Protein Bar 1.41 Oz,no_promo,No price reduction,61,,,,,,,,,3.19,3.19,2026-03-30T00:00:00.000Z,Unknown,,,,,observational
GPM INVEST,CONVENTIONAL|CONVENIENCE,08-40229-30037,Built Puff Coconut Protein Bar 1.41 Oz,0_10pct,<10% off,2,0.0737,0.0737,0.0584,0.089,,124.95,,0.0825,3.24,3.28,2026-04-13T00:00:00.000Z,Display,,,,0.0737,observational
GPM INVEST,CONVENTIONAL|CONVENIENCE,08-40229-30037,Built Puff Coconut Protein Bar 1.41 Oz,10_20pct,10–20% off,1,,,,,0.0,,,0.19,2.9,2.99,2023-10-16T00:00:00.000Z,Unknown,,,,,observational
GPM INVEST,CONVENTIONAL|CONVENIENCE,08-40229-30037,Built Puff Coconut Protein Bar 1.41 Oz,no_promo,No price reduction,1,0.0312,0.0312,0.0312,0.0312,,13.6,,0.0,3.49,3.49,2026-04-06T00:00:00.000Z,Display,,,,0.0312,observational
GPM INVEST,CONVENTIONAL|CONVENIENCE,08-40229-30333,Built Puff Cookie Dough Chunk Protein Bar 1.55 Oz,10_20pct,10–20% off,1,0.0028,0.0028,0.0028,0.0028,,150.0,,0.1,3.5,3.5,2026-04-13T00:00:00.000Z,Display,,,,0.0028,observational
GPM INVEST,CONVENTIONAL|CONVENIENCE,08-40229-30362,Built Puff Brownie Batter Protein Bar 1.41 Oz,0_10pct,<10% off,1,0.0241,0.0241,0.0241,0.0241,,187.1,83.5,0.098,3.49,3.51,2026-04-13T00:00:00.000Z,Display,,,,0.0241,observational
GPM INVEST,CONVENTIONAL|CONVENIENCE,08-40229-30362,Built Puff Brownie Batter Protein Bar 1.41 Oz,10_20pct,10–20% off,1,0.1538,0.1538,0.1538,0.1538,,143.9,,0.103,3.5,3.59,2026-04-06T00:00:00.000Z,Display,,,,0.1538,observational
GPM INVEST,CONVENTIONAL|CONVENIENCE,08-40229-30362,Built Puff Brownie Batter Protein Bar 1.41 Oz,no_promo,No price reduction,1,0.0256,0.0256,0.0256,0.0256,,17.0,,0.0,2.99,2.99,2023-08-28T00:00:00.000Z,Display,,,,0.0256,observational
HAC INC,REGIONAL & INDEP GROCERY,08-40229-30037,Built Puff Coconut Protein Bar 1.41 Oz,0_10pct,<10% off,12,0.3736,0.3559,0.244,0.4943,,,,0.0672,2.79,2.98,2026-04-13T00:00:00.000Z,Unknown,-63.39,ROBUST,1.0,-63.39,causal_robust
HAC INC,REGIONAL & INDEP GROCERY,08-40229-30037,Built Puff Coconut Protein Bar 1.41 Oz,10_20pct,10–20% off,2,0.134,0.134,0.134,0.134,,,,0.1445,2.72,2.82,2026-01-26T00:00:00.000Z,Unknown,-63.39,ROBUST,1.0,-63.39,causal_robust
HAC INC,REGIONAL & INDEP GROCERY,08-40229-30037,Built Puff Coconut Protein Bar 1.41 Oz,20_30pct,20–30% off,7,0.1798,0.1421,0.1186,0.2033,,,,0.2366,2.54,2.84,2026-01-19T00:00:00.000Z,Unknown,-63.39,ROBUST,1.0,-63.39,causal_robust
HAC INC,REGIONAL & INDEP GROCERY,08-40229-30037,Built Puff Coconut Protein Bar 1.41 Oz,30pct_plus,≥30% off,15,0.1722,0.0667,0.0188,0.3246,,,,0.3307,2.33,2.84,2025-12-15T00:00:00.000Z,Unknown,-63.39,ROBUST,1.0,-63.39,causal_robust
HAC INC,REGIONAL & INDEP GROCERY,08-40229-30071,Built Double Chocolate Fudge Bar 1.69oz,0_10pct,<10% off,4,,,,,,,,0.067,2.79,2.95,2025-01-13T00:00:00.000Z,Unknown,,,,,observational
HAC INC,REGIONAL & INDEP GROCERY,08-40229-30071,Built Double Chocolate Fudge Bar 1.69oz,30pct_plus,≥30% off,5,0.8841,0.8841,0.8841,0.8841,,,,0.3256,2.02,2.99,2025-04-28T00:00:00.000Z,Unknown,,,,0.8841,observational
HAC INC,REGIONAL & INDEP GROCERY,08-40229-30119,Built Satled Caramel Bar 1.69oz,0_10pct,<10% off,10,,,,,,,,0.0671,2.79,2.98,2025-01-13T00:00:00.000Z,Unknown,,,,,observational
HAC INC,REGIONAL & INDEP GROCERY,08-40229-30119,Built Satled Caramel Bar 1.69oz,30pct_plus,≥30% off,8,0.8239,0.544,0.2434,1.1245,,,,0.3803,1.85,2.83,2025-06-09T00:00:00.000Z,Unknown,,,,0.8239,observational
HAC INC,REGIONAL & INDEP GROCERY,08-40229-30130,Built Cookies & Cream Bar 1.69oz,0_10pct,<10% off,11,0.5556,0.5556,0.5556,0.5556,,,,0.067,2.79,2.95,2025-01-13T00:00:00.000Z,Unknown,,,,0.5556,observational
HAC INC,REGIONAL & INDEP GROCERY,08-40229-30130,Built Cookies & Cream Bar 1.69oz,30pct_plus,≥30% off,9,0.873,0.746,0.6374,0.8408,,,,0.396,1.8,2.89,2025-06-30T00:00:00.000Z,Unknown,,,,0.873,observational
HAC INC,REGIONAL & INDEP GROCERY,08-40229-30333,Built Puff Cookie Dough Chunk Protein Bar 1.55 Oz,10_20pct,10–20% off,3,0.1075,0.1075,0.0947,0.1204,,,,0.1487,2.76,2.84,2026-04-13T00:00:00.000Z,Unknown,,,,0.1075,observational
HAC INC,REGIONAL & INDEP GROCERY,08-40229-30333,Built Puff Cookie Dough Chunk Protein Bar 1.55 Oz,20_30pct,20–30% off,6,0.2858,0.2169,0.2042,0.3333,,,,0.2365,2.5,2.89,2026-01-19T00:00:00.000Z,Unknown,,,,0.2858,observational
HAC INC,REGIONAL & INDEP GROCERY,08-40229-30333,Built Puff Cookie Dough Chunk Protein Bar 1.55 Oz,30pct_plus,≥30% off,8,0.2623,0.1982,0.085,0.3739,,,,0.3312,2.46,2.94,2025-12-15T00:00:00.000Z,Unknown,,,,0.2623,observational
HAC INC,REGIONAL & INDEP GROCERY,08-40229-30362,Built Puff Brownie Batter Protein Bar 1.41 Oz,0_10pct,<10% off,13,0.6405,0.5184,0.3258,0.5721,,,,0.0668,2.8,2.97,2026-04-13T00:00:00.000Z,Unknown,-83.64,ROBUST,1.0,-83.64,causal_robust
HAC INC,REGIONAL & INDEP GROCERY,08-40229-30362,Built Puff Brownie Batter Protein Bar 1.41 Oz,20_30pct,20–30% off,9,0.2718,0.1111,0.083,0.4868,,,,0.2504,2.61,2.87,2026-01-26T00:00:00.000Z,Unknown,-83.64,ROBUST,1.0,-83.64,causal_robust
HAC INC,REGIONAL & INDEP GROCERY,08-40229-30362,Built Puff Brownie Batter Protein Bar 1.41 Oz,30pct_plus,≥30% off,15,0.2042,0.1461,0.0555,0.3707,,,,0.3287,2.27,2.79,2025-12-22T00:00:00.000Z,Unknown,-83.64,ROBUST,1.0,-83.64,causal_robust
HAC INC,REGIONAL & INDEP GROCERY,08-40229-30449,Built Peanut Butter Puff 1.41oz,30pct_plus,≥30% off,2,0.5966,0.5966,0.5966,0.5966,,,,0.331,2.13,2.99,2025-03-31T00:00:00.000Z,Unknown,,,,0.5966,observational
HAC INC,REGIONAL & INDEP GROCERY,08-40229-30642,Built Puff Peanut Butter Protein Bar 1.41 Oz,10_20pct,10–20% off,1,,,,,,,,0.1,2.69,2.99,2026-04-13T00:00:00.000Z,Unknown,,,,,observational
HARDINGS MARKETS,REGIONAL & INDEP GROCERY,08-40229-30034,Built Puff Salted Caramel Protein Bar 1.41 Oz,0_10pct,<10% off,5,,,,,,,,0.049,2.68,2.69,2026-02-09T00:00:00.000Z,Unknown,,,,,observational
HARDINGS MARKETS,REGIONAL & INDEP GROCERY,08-40229-30034,Built Puff Salted Caramel Protein Bar 1.41 Oz,10_20pct,10–20% off,11,0.2772,0.1583,0.0831,0.3688,,,,0.1643,2.34,2.62,2025-09-29T00:00:00.000Z,Unknown,,,,0.2772,observational
HARDINGS MARKETS,REGIONAL & INDEP GROCERY,08-40229-30034,Built Puff Salted Caramel Protein Bar 1.41 Oz,20_30pct,20–30% off,6,0.3731,0.125,0.1151,0.5069,,,,0.2368,2.59,2.72,2026-04-06T00:00:00.000Z,Unknown,,,,0.3731,observational
HARDINGS MARKETS,REGIONAL & INDEP GROCERY,08-40229-30037,Built Puff Coconut Protein Bar 1.41 Oz,0_10pct,<10% off,4,,,,,,,,0.0488,2.61,2.64,2026-04-13T00:00:00.000Z,Unknown,,,,,observational
HARDINGS MARKETS,REGIONAL & INDEP GROCERY,08-40229-30037,Built Puff Coconut Protein Bar 1.41 Oz,10_20pct,10–20% off,11,0.4164,0.3842,0.2492,0.5598,,,,0.1585,2.35,2.64,2025-09-29T00:00:00.000Z,Unknown,,,,0.4164,observational
HARDINGS MARKETS,REGIONAL & INDEP GROCERY,08-40229-30037,Built Puff Coconut Protein Bar 1.41 Oz,20_30pct,20–30% off,10,0.4252,0.2621,0.215,0.4894,,,,0.2479,2.46,2.7,2026-04-06T00:00:00.000Z,Unknown,,,,0.4252,observational
HARDINGS MARKETS,REGIONAL & INDEP GROCERY,08-40229-30050,Built Puff Churro Protein Bar 1.41 Oz,10_20pct,10–20% off,7,,,,,,,,0.1477,2.9,3.38,2026-02-09T00:00:00.000Z,Unknown,,,,,observational
HARDINGS MARKETS,REGIONAL & INDEP GROCERY,08-40229-30050,Built Puff Churro Protein Bar 1.41 Oz,20_30pct,20–30% off,7,0.9492,0.9492,0.7373,1.161,,,,0.257,2.05,2.71,2026-03-30T00:00:00.000Z,Unknown,,,,0.9492,observational
HARDINGS MARKETS,REGIONAL & INDEP GROCERY,08-40229-30333,Built Puff Cookie Dough Chunk Protein Bar 1.55 Oz,0_10pct,<10% off,5,,,,,,,,0.0484,2.7,2.71,2026-03-09T00:00:00.000Z,Unknown,,,,,observational
HARDINGS MARKETS,REGIONAL & INDEP GROCERY,08-40229-30333,Built Puff Cookie Dough Chunk Protein Bar 1.55 Oz,10_20pct,10–20% off,13,0.2942,0.2544,0.122,0.2704,,,,0.1629,2.37,2.64,2025-09-29T00:00:00.000Z,Unknown,,,,0.2942,observational
HARDINGS MARKETS,REGIONAL & INDEP GROCERY,08-40229-30333,Built Puff Cookie Dough Chunk Protein Bar 1.55 Oz,20_30pct,20–30% off,3,0.1533,0.1533,0.0984,0.2082,,,,0.257,2.63,2.72,2026-04-13T00:00:00.000Z,Unknown,,,,0.1533,observational
HARDINGS MARKETS,REGIONAL & INDEP GROCERY,08-40229-30362,Built Puff Brownie Batter Protein Bar 1.41 Oz,0_10pct,<10% off,3,0.0135,0.0135,0.0135,0.0135,,,,0.0487,2.69,2.69,2026-02-09T00:00:00.000Z,Unknown,,,,0.0135,observational
HARDINGS MARKETS,REGIONAL & INDEP GROCERY,08-40229-30362,Built Puff Brownie Batter Protein Bar 1.41 Oz,10_20pct,10–20% off,13,0.1497,0.1549,0.1305,0.1849,,,,0.1643,2.38,2.65,2025-09-29T00:00:00.000Z,Unknown,,,,0.1497,observational
HARDINGS MARKETS,REGIONAL & INDEP GROCERY,08-40229-30362,Built Puff Brownie Batter Protein Bar 1.41 Oz,20_30pct,20–30% off,8,0.4412,0.4232,0.261,0.513,,,,0.2482,2.46,2.71,2026-04-06T00:00:00.000Z,Unknown,,,,0.4412,observational
HARDINGS MARKETS,REGIONAL & INDEP GROCERY,08-40229-30380,Built Puff Brownie Batter Protein Bar 1.41 Oz (4 Pk),0_10pct,<10% off,2,0.1111,0.1111,0.1111,0.1111,,,,0.0505,10.14,10.39,2026-03-02T00:00:00.000Z,Unknown,,,,0.1111,observational
HARDINGS MARKETS,REGIONAL & INDEP GROCERY,08-40229-30432,Built Puff Mint Chip Protein Bar 1.41 Oz,0_10pct,<10% off,2,0.016,0.016,0.016,0.016,,,,0.05,2.98,2.99,2026-01-19T00:00:00.000Z,Unknown,,,,0.016,observational
HARDINGS MARKETS,REGIONAL & INDEP GROCERY,08-40229-30432,Built Puff Mint Chip Protein Bar 1.41 Oz,10_20pct,10–20% off,11,0.1112,0.1083,0.0346,0.1917,,,,0.102,2.88,2.99,2026-04-06T00:00:00.000Z,Unknown,,,,0.1112,observational
HARDINGS MARKETS,REGIONAL & INDEP GROCERY,08-40229-30550,Built Puff Cookies N Cream Protein Bar 1.41 Oz,10_20pct,10–20% off,9,0.1713,0.0569,0.0526,0.2229,,,,0.1102,2.79,2.89,2026-04-13T00:00:00.000Z,Unknown,,,,0.1713,observational
HARDINGS MARKETS,REGIONAL & INDEP GROCERY,08-40229-30550,Built Puff Cookies N Cream Protein Bar 1.41 Oz,20_30pct,20–30% off,3,0.3996,0.1613,0.1521,0.528,,,,0.2,2.71,2.94,2026-01-19T00:00:00.000Z,Unknown,,,,0.3996,observational
HARDINGS MARKETS,REGIONAL & INDEP GROCERY,08-40229-30558,Built Puff Cookie Dough Chunk Protein Bar 1.55 Oz (4 Pk),0_10pct,<10% off,1,,,,,,,,0.05,9.87,10.39,2025-10-20T00:00:00.000Z,Unknown,,,,,observational
HARMONS NEIGHBORHOOD GROCER,NATURAL EXPANDED,08-40229-30034,Built Puff Salted Caramel Protein Bar 1.41 Oz,0_10pct,<10% off,18,0.2947,0.252,0.1402,0.3127,,,,0.0835,2.82,2.98,2026-02-23T00:00:00.000Z,Unknown,,,,0.2947,observational
HARMONS NEIGHBORHOOD GROCER,NATURAL EXPANDED,08-40229-30034,Built Puff Salted Caramel Protein Bar 1.41 Oz,10_20pct,10–20% off,15,0.4902,0.3951,0.2476,0.7149,,,,0.1315,2.63,2.99,2026-01-26T00:00:00.000Z,Unknown,,,,0.4902,observational
HARMONS NEIGHBORHOOD GROCER,NATURAL EXPANDED,08-40229-30034,Built Puff Salted Caramel Protein Bar 1.41 Oz,20_30pct,20–30% off,5,1.8304,1.1542,0.5875,2.7352,,,,0.27,2.65,3.03,2026-04-13T00:00:00.000Z,Unknown,,,,1.8304,observational
HARMONS NEIGHBORHOOD GROCER,NATURAL EXPANDED,08-40229-30034,Built Puff Salted Caramel Protein Bar 1.41 Oz,30pct_plus,≥30% off,3,0.0041,0.0041,0.0041,0.0041,,,,0.373,3.0,3.1,2026-04-06T00:00:00.000Z,Unknown,,,,0.0041,observational
HARMONS NEIGHBORHOOD GROCER,NATURAL EXPANDED,08-40229-30037,Built Puff Coconut Protein Bar 1.41 Oz,0_10pct,<10% off,24,0.1492,0.1396,0.0739,0.19,,,,0.0788,2.83,2.99,2026-01-26T00:00:00.000Z,Unknown,,,,0.1492,observational
HARMONS NEIGHBORHOOD GROCER,NATURAL EXPANDED,08-40229-30037,Built Puff Coconut Protein Bar 1.41 Oz,10_20pct,10–20% off,17,0.2534,0.2355,0.1408,0.3071,,,,0.1349,2.66,2.97,2026-03-16T00:00:00.000Z,Unknown,,,,0.2534,observational
HARMONS NEIGHBORHOOD GROCER,NATURAL EXPANDED,08-40229-30037,Built Puff Coconut Protein Bar 1.41 Oz,20_30pct,20–30% off,5,0.8068,0.2076,0.0234,0.7472,,,,0.2572,2.51,2.97,2026-03-09T00:00:00.000Z,Unknown,,,,0.8068,observational
HARMONS NEIGHBORHOOD GROCER,NATURAL EXPANDED,08-40229-30037,Built Puff Coconut Protein Bar 1.41 Oz,30pct_plus,≥30% off,1,0.3412,0.3412,0.3412,0.3412,,,,0.333,2.0,3.0,2024-07-22T00:00:00.000Z,Unknown,,,,0.3412,observational
HARMONS NEIGHBORHOOD GROCER,NATURAL EXPANDED,08-40229-30050,Built Puff Churro Protein Bar 1.41 Oz,0_10pct,<10% off,27,0.2687,0.2148,0.081,0.3063,,,,0.0726,2.87,2.99,2025-12-01T00:00:00.000Z,Unknown,,,,0.2687,observational
HARMONS NEIGHBORHOOD GROCER,NATURAL EXPANDED,08-40229-30050,Built Puff Churro Protein Bar 1.41 Oz,10_20pct,10–20% off,21,0.3329,0.2074,0.1288,0.5618,,,,0.1391,2.65,2.98,2026-03-09T00:00:00.000Z,Unknown,,,,0.3329,observational
HARMONS NEIGHBORHOOD GROCER,NATURAL EXPANDED,08-40229-30050,Built Puff Churro Protein Bar 1.41 Oz,20_30pct,20–30% off,1,0.1865,0.1865,0.1865,0.1865,,,,0.263,2.21,3.01,2024-07-15T00:00:00.000Z,Unknown,,,,0.1865,observational
HARMONS NEIGHBORHOOD GROCER,NATURAL EXPANDED,08-40229-30050,Built Puff Churro Protein Bar 1.41 Oz,30pct_plus,≥30% off,3,2.3071,2.3071,1.3894,3.2247,,,,0.322,2.34,3.01,2026-03-16T00:00:00.000Z,Unknown,,,,2.3071,observational
HARMONS NEIGHBORHOOD GROCER,NATURAL EXPANDED,08-40229-30053,Built Puff Banana Cream Pie Protein Bar 1.41 Oz,0_10pct,<10% off,8,0.2125,0.2397,0.114,0.3117,,,,0.0842,2.78,2.93,2026-01-26T00:00:00.000Z,Unknown,,,,0.2125,observational
HARMONS NEIGHBORHOOD GROCER,NATURAL EXPANDED,08-40229-30053,Built Puff Banana Cream Pie Protein Bar 1.41 Oz,10_20pct,10–20% off,8,0.3969,0.355,0.282,0.4381,,,,0.1377,2.64,2.99,2026-03-09T00:00:00.000Z,Unknown,,,,0.3969,observational
HARMONS NEIGHBORHOOD GROCER,NATURAL EXPANDED,08-40229-30053,Built Puff Banana Cream Pie Protein Bar 1.41 Oz,20_30pct,20–30% off,3,1.1239,0.1186,0.1182,1.627,,,,0.2547,2.22,2.95,2025-12-29T00:00:00.000Z,Unknown,,,,1.1239,observational
HARMONS NEIGHBORHOOD GROCER,NATURAL EXPANDED,08-40229-30053,Built Puff Banana Cream Pie Protein Bar 1.41 Oz,30pct_plus,≥30% off,1,,,,,,,,0.43,2.92,3.0,2026-03-16T00:00:00.000Z,Unknown,,,,,observational
HARMONS NEIGHBORHOOD GROCER,NATURAL EXPANDED,08-40229-30071,Built Double Chocolate Fudge Bar 1.69oz,0_10pct,<10% off,14,0.2529,0.2078,0.1432,0.3352,,,,0.0684,2.94,3.06,2025-09-08T00:00:00.000Z,Unknown,,,,0.2529,observational
HARMONS NEIGHBORHOOD GROCER,NATURAL EXPANDED,08-40229-30071,Built Double Chocolate Fudge Bar 1.69oz,10_20pct,10–20% off,16,0.4586,0.3911,0.2665,0.5547,,,,0.1281,2.67,2.98,2025-05-19T00:00:00.000Z,Unknown,,,,0.4586,observational
HARMONS NEIGHBORHOOD GROCER,NATURAL EXPANDED,08-40229-30071,Built Double Chocolate Fudge Bar 1.69oz,20_30pct,20–30% off,2,0.8161,0.8161,0.7457,0.8864,,,,0.241,2.25,2.97,2025-03-10T00:00:00.000Z,Unknown,,,,0.8161,observational
HARMONS NEIGHBORHOOD GROCER,NATURAL EXPANDED,08-40229-30071,Built Double Chocolate Fudge Bar 1.69oz,30pct_plus,≥30% off,1,0.5593,0.5593,0.5593,0.5593,,,,0.333,2.0,3.0,2024-07-22T00:00:00.000Z,Unknown,,,,0.5593,observational
HARMONS NEIGHBORHOOD GROCER,NATURAL EXPANDED,08-40229-30099,Built Coconut Bar 1.69oz,0_10pct,<10% off,16,0.1445,0.1057,0.0601,0.23,,,,0.0696,2.94,3.04,2025-03-31T00:00:00.000Z,Unknown,,,,0.1445,observational
HARMONS NEIGHBORHOOD GROCER,NATURAL EXPANDED,08-40229-30099,Built Coconut Bar 1.69oz,10_20pct,10–20% off,19,0.3614,0.3412,0.1666,0.5289,,,,0.1377,2.67,2.98,2025-11-10T00:00:00.000Z,Unknown,,,,0.3614,observational
HARMONS NEIGHBORHOOD GROCER,NATURAL EXPANDED,08-40229-30099,Built Coconut Bar 1.69oz,20_30pct,20–30% off,2,0.685,0.685,0.54,0.8299,,,,0.265,2.16,2.94,2025-03-10T00:00:00.000Z,Unknown,,,,0.685,observational
HARMONS NEIGHBORHOOD GROCER,NATURAL EXPANDED,08-40229-30099,Built Coconut Bar 1.69oz,30pct_plus,≥30% off,1,0.3053,0.3053,0.3053,0.3053,,,,0.332,2.0,2.99,2024-07-22T00:00:00.000Z,Unknown,,,,0.3053,observational
HARMONS NEIGHBORHOOD GROCER,NATURAL EXPANDED,08-40229-30107,Built Mint Brownie Bar 1.69oz,0_10pct,<10% off,13,0.3929,0.1442,0.099,0.1995,,,,0.0688,2.93,3.04,2025-05-19T00:00:00.000Z,Unknown,,,,0.3929,observational
HARMONS NEIGHBORHOOD GROCER,NATURAL EXPANDED,08-40229-30107,Built Mint Brownie Bar 1.69oz,10_20pct,10–20% off,15,0.721,0.5387,0.2529,0.9399,,,,0.1301,2.63,2.97,2025-09-15T00:00:00.000Z,Unknown,,,,0.721,observational
HARMONS NEIGHBORHOOD GROCER,NATURAL EXPANDED,08-40229-30107,Built Mint Brownie Bar 1.69oz,20_30pct,20–30% off,2,0.6376,0.6376,0.5793,0.6959,,,,0.2475,2.23,2.96,2025-03-10T00:00:00.000Z,Unknown,,,,0.6376,observational
HARMONS NEIGHBORHOOD GROCER,NATURAL EXPANDED,08-40229-30107,Built Mint Brownie Bar 1.69oz,30pct_plus,≥30% off,2,0.387,0.387,0.2038,0.5703,,,,0.3335,2.49,3.0,2025-02-03T00:00:00.000Z,Unknown,,,,0.387,observational
HARMONS NEIGHBORHOOD GROCER,NATURAL EXPANDED,08-40229-30111,Built Cherry Barcia Bar 1.72oz,20_30pct,20–30% off,1,0.2978,0.2978,0.2978,0.2978,,,,0.229,2.59,3.0,2023-10-09T00:00:00.000Z,Unknown,,,,0.2978,observational
HARMONS NEIGHBORHOOD GROCER,NATURAL EXPANDED,08-40229-30111,Built Cherry Barcia Bar 1.72oz,30pct_plus,≥30% off,11,0.8474,0.5099,0.274,1.2813,,,,0.5594,1.37,2.94,2023-12-11T00:00:00.000Z,Unknown,,,,0.8474,observational
HARMONS NEIGHBORHOOD GROCER,NATURAL EXPANDED,08-40229-30115,Built Peanut Butter Bar 1.69oz,0_10pct,<10% off,11,0.0687,0.0374,0.0274,0.051,,,,0.0671,2.97,3.0,2024-06-03T00:00:00.000Z,Unknown,,,,0.0687,observational
HARMONS NEIGHBORHOOD GROCER,NATURAL EXPANDED,08-40229-30115,Built Peanut Butter Bar 1.69oz,10_20pct,10–20% off,2,0.7213,0.7213,0.7213,0.7213,,,,0.151,2.55,3.0,2024-10-21T00:00:00.000Z,Unknown,,,,0.7213,observational
HARMONS NEIGHBORHOOD GROCER,NATURAL EXPANDED,08-40229-30115,Built Peanut Butter Bar 1.69oz,20_30pct,20–30% off,4,0.4036,0.3646,0.2266,0.5416,,,,0.2805,2.16,3.0,2024-07-01T00:00:00.000Z,Unknown,,,,0.4036,observational
HARMONS NEIGHBORHOOD GROCER,NATURAL EXPANDED,08-40229-30115,Built Peanut Butter Bar 1.69oz,30pct_plus,≥30% off,11,0.9708,0.9601,0.6045,1.3318,,,,0.6328,1.08,2.75,2024-10-28T00:00:00.000Z,Unknown,,,,0.9708,observational
HARMONS NEIGHBORHOOD GROCER,NATURAL EXPANDED,08-40229-30119,Built Satled Caramel Bar 1.69oz,0_10pct,<10% off,12,0.2762,0.1894,0.0974,0.3376,,,,0.0693,2.93,3.05,2025-03-31T00:00:00.000Z,Unknown,,,,0.2762,observational
HARMONS NEIGHBORHOOD GROCER,NATURAL EXPANDED,08-40229-30119,Built Satled Caramel Bar 1.69oz,10_20pct,10–20% off,15,0.366,0.3401,0.2433,0.5321,,,,0.1326,2.65,2.95,2025-05-19T00:00:00.000Z,Unknown,,,,0.366,observational
HARMONS NEIGHBORHOOD GROCER,NATURAL EXPANDED,08-40229-30119,Built Satled Caramel Bar 1.69oz,20_30pct,20–30% off,2,0.7159,0.7159,0.5782,0.8537,,,,0.2495,2.24,2.94,2025-03-10T00:00:00.000Z,Unknown,,,,0.7159,observational
HARMONS NEIGHBORHOOD GROCER,NATURAL EXPANDED,08-40229-30119,Built Satled Caramel Bar 1.69oz,30pct_plus,≥30% off,1,0.5946,0.5946,0.5946,0.5946,,,,0.332,2.0,3.0,2024-07-22T00:00:00.000Z,Unknown,,,,0.5946,observational
HARMONS NEIGHBORHOOD GROCER,NATURAL EXPANDED,08-40229-30122,Built Raspberry Bar 1.73oz,10_20pct,10–20% off,1,0.4667,0.4667,0.4667,0.4667,,,,0.105,1.1,1.21,2024-01-01T00:00:00.000Z,Unknown,,,,0.4667,observational
HARMONS NEIGHBORHOOD GROCER,NATURAL EXPANDED,08-40229-30122,Built Raspberry Bar 1.73oz,20_30pct,20–30% off,1,0.0463,0.0463,0.0463,0.0463,,,,0.256,2.44,2.98,2023-10-09T00:00:00.000Z,Unknown,,,,0.0463,observational
HARMONS NEIGHBORHOOD GROCER,NATURAL EXPANDED,08-40229-30122,Built Raspberry Bar 1.73oz,30pct_plus,≥30% off,15,0.7373,0.615,0.3784,0.8848,,,,0.5931,1.24,2.83,2024-02-19T00:00:00.000Z,Unknown,,,,0.7373,observational
HARMONS NEIGHBORHOOD GROCER,NATURAL EXPANDED,08-40229-30130,Built Cookies & Cream Bar 1.69oz,0_10pct,<10% off,14,0.2448,0.194,0.0619,0.2626,,,,0.064,2.97,3.07,2025-02-03T00:00:00.000Z,Unknown,,,,0.2448,observational
HARMONS NEIGHBORHOOD GROCER,NATURAL EXPANDED,08-40229-30130,Built Cookies & Cream Bar 1.69oz,10_20pct,10–20% off,19,0.4439,0.3504,0.2329,0.6304,,,,0.1478,2.62,2.98,2025-09-08T00:00:00.000Z,Unknown,,,,0.4439,observational
HARMONS NEIGHBORHOOD GROCER,NATURAL EXPANDED,08-40229-30130,Built Cookies & Cream Bar 1.69oz,20_30pct,20–30% off,2,0.2383,0.2383,0.1943,0.2823,,,,0.267,2.48,3.0,2025-02-10T00:00:00.000Z,Unknown,,,,0.2383,observational
HARMONS NEIGHBORHOOD GROCER,NATURAL EXPANDED,08-40229-30130,Built Cookies & Cream Bar 1.69oz,30pct_plus,≥30% off,3,0.8978,0.5667,0.4032,1.2269,,,,0.339,2.1,3.0,2025-03-10T00:00:00.000Z,Unknown,,,,0.8978,observational
HARMONS NEIGHBORHOOD GROCER,NATURAL EXPANDED,08-40229-30143,Built Bar Peanut Butter Brown Br 2.05oz(18pk),30pct_plus,≥30% off,12,1.4964,1.549,1.123,1.8961,,,,0.5746,1.28,3.0,2023-12-04T00:00:00.000Z,Unknown,,,,1.4964,observational
HARMONS NEIGHBORHOOD GROCER,NATURAL EXPANDED,08-40229-30221,Built Brownie Batter Puff 1.41oz,30pct_plus,≥30% off,1,,,,,,,,0.597,1.21,3.0,2024-02-05T00:00:00.000Z,Unknown,,,,,observational
HARMONS NEIGHBORHOOD GROCER,NATURAL EXPANDED,08-40229-30223,Built Vanilla Cream  Bar 1.69oz,0_10pct,<10% off,2,0.1551,0.1551,0.1551,0.1551,,,,0.0815,3.04,3.23,2024-08-12T00:00:00.000Z,Unknown,,,,0.1551,observational
HARMONS NEIGHBORHOOD GROCER,NATURAL EXPANDED,08-40229-30223,Built Vanilla Cream  Bar 1.69oz,10_20pct,10–20% off,1,0.4403,0.4403,0.4403,0.4403,,,,0.157,2.54,3.0,2024-03-04T00:00:00.000Z,Unknown,,,,0.4403,observational
HARMONS NEIGHBORHOOD GROCER,NATURAL EXPANDED,08-40229-30223,Built Vanilla Cream  Bar 1.69oz,30pct_plus,≥30% off,1,0.0428,0.0428,0.0428,0.0428,,,,0.446,2.89,3.0,2024-04-29T00:00:00.000Z,Unknown,,,,0.0428,observational
HARMONS NEIGHBORHOOD GROCER,NATURAL EXPANDED,08-40229-30253,Built Coconut Bar 1.69oz (12pk),10_20pct,10–20% off,4,,,,,,,,0.143,35.99,41.24,2024-04-22T00:00:00.000Z,Unknown,,,,,observational
HARMONS NEIGHBORHOOD GROCER,NATURAL EXPANDED,08-40229-30254,Built Bar Mint Brownie Protein Nutritional Snack Bar Ss 20.32oz,10_20pct,10–20% off,1,,,,,,,,0.143,35.99,41.99,2024-04-15T00:00:00.000Z,Unknown,,,,,observational
HARMONS NEIGHBORHOOD GROCER,NATURAL EXPANDED,08-40229-30257,Built Double Chocolate Bar 1.84oz (12pk),10_20pct,10–20% off,1,,,,,,,,0.143,35.99,41.99,2023-08-07T00:00:00.000Z,Unknown,,,,,observational
HARMONS NEIGHBORHOOD GROCER,NATURAL EXPANDED,08-40229-30258,Built Salted Caramel Bar 1.69oz (12pk),10_20pct,10–20% off,3,,,,,,,,0.143,35.99,41.99,2024-01-01T00:00:00.000Z,Unknown,,,,,observational
HARMONS NEIGHBORHOOD GROCER,NATURAL EXPANDED,08-40229-30259,+bltbr Dbch Prtn Nsb Bar 20.16oz,10_20pct,10–20% off,4,,,,,,,,0.143,35.99,41.99,2024-10-28T00:00:00.000Z,Unknown,,,,,observational
HARMONS NEIGHBORHOOD GROCER,NATURAL EXPANDED,08-40229-30294,Built Birthday Cake Puff 1.45oz,10_20pct,10–20% off,2,0.7054,0.7054,0.7054,0.7054,,,,0.1435,2.77,2.99,2024-03-11T00:00:00.000Z,Unknown,,,,0.7054,observational
HARMONS NEIGHBORHOOD GROCER,NATURAL EXPANDED,08-40229-30333,Built Puff Cookie Dough Chunk Protein Bar 1.55 Oz,0_10pct,<10% off,27,0.1441,0.1234,0.0921,0.1955,,,,0.0774,2.84,2.98,2026-03-09T00:00:00.000Z,Unknown,,,,0.1441,observational
HARMONS NEIGHBORHOOD GROCER,NATURAL EXPANDED,08-40229-30333,Built Puff Cookie Dough Chunk Protein Bar 1.55 Oz,10_20pct,10–20% off,23,0.1838,0.1185,0.0526,0.2501,,,,0.1354,2.76,3.02,2026-01-19T00:00:00.000Z,Unknown,,,,0.1838,observational
HARMONS NEIGHBORHOOD GROCER,NATURAL EXPANDED,08-40229-30333,Built Puff Cookie Dough Chunk Protein Bar 1.55 Oz,20_30pct,20–30% off,3,1.2061,0.7613,0.4547,1.7351,,,,0.25,2.21,2.96,2025-12-29T00:00:00.000Z,Unknown,,,,1.2061,observational
HARMONS NEIGHBORHOOD GROCER,NATURAL EXPANDED,08-40229-30333,Built Puff Cookie Dough Chunk Protein Bar 1.55 Oz,30pct_plus,≥30% off,2,0.1689,0.1689,0.0934,0.2444,,,,0.32,2.46,3.0,2026-03-16T00:00:00.000Z,Unknown,,,,0.1689,observational
HARMONS NEIGHBORHOOD GROCER,NATURAL EXPANDED,08-40229-30343,Built Puff Smores Chunk Protein Bar 1.52 Oz,0_10pct,<10% off,1,0.3363,0.3363,0.3363,0.3363,,,,0.09,2.73,2.99,2026-01-26T00:00:00.000Z,Unknown,,,,0.3363,observational
HARMONS NEIGHBORHOOD GROCER,NATURAL EXPANDED,08-40229-30343,Built Puff Smores Chunk Protein Bar 1.52 Oz,10_20pct,10–20% off,3,0.3319,0.3319,0.2693,0.3944,,,,0.1287,2.72,2.98,2026-03-23T00:00:00.000Z,Unknown,,,,0.3319,observational
HARMONS NEIGHBORHOOD GROCER,NATURAL EXPANDED,08-40229-30343,Built Puff Smores Chunk Protein Bar 1.52 Oz,20_30pct,20–30% off,1,1.2201,1.2201,1.2201,1.2201,,,,0.253,2.24,2.94,2025-12-29T00:00:00.000Z,Unknown,,,,1.2201,observational
HARMONS NEIGHBORHOOD GROCER,NATURAL EXPANDED,08-40229-30347,Built Snickerdoodle Chunk Puff 1.52oz,10_20pct,10–20% off,1,,,,,,,,0.168,2.5,3.0,2024-03-04T00:00:00.000Z,Unknown,,,,,observational
HARMONS NEIGHBORHOOD GROCER,NATURAL EXPANDED,08-40229-30362,Built Puff Brownie Batter Protein Bar 1.41 Oz,0_10pct,<10% off,24,0.1416,0.1023,0.0502,0.2063,,,,0.0743,2.88,3.0,2026-04-13T00:00:00.000Z,Unknown,,,,0.1416,observational
HARMONS NEIGHBORHOOD GROCER,NATURAL EXPANDED,08-40229-30362,Built Puff Brownie Batter Protein Bar 1.41 Oz,10_20pct,10–20% off,23,0.2842,0.2267,0.1642,0.3035,,,,0.1292,2.69,3.0,2026-01-26T00:00:00.000Z,Unknown,,,,0.2842,observational
HARMONS NEIGHBORHOOD GROCER,NATURAL EXPANDED,08-40229-30362,Built Puff Brownie Batter Protein Bar 1.41 Oz,20_30pct,20–30% off,5,0.7862,0.1555,0.0304,0.8169,,,,0.2562,2.49,2.98,2026-03-16T00:00:00.000Z,Unknown,,,,0.7862,observational
HARMONS NEIGHBORHOOD GROCER,NATURAL EXPANDED,08-40229-30362,Built Puff Brownie Batter Protein Bar 1.41 Oz,30pct_plus,≥30% off,1,0.2324,0.2324,0.2324,0.2324,,,,0.335,2.0,3.01,2024-07-22T00:00:00.000Z,Unknown,,,,0.2324,observational
HARMONS NEIGHBORHOOD GROCER,NATURAL EXPANDED,08-40229-30363,Built Puff Brownie Batter Protein Bar 1.41 Oz (12 Pk),10_20pct,10–20% off,12,,,,,,,,0.141,36.07,39.23,2025-06-02T00:00:00.000Z,Unknown,,,,,observational
HARMONS NEIGHBORHOOD GROCER,NATURAL EXPANDED,08-40229-30394,Built Puff Candy Cane Brownie Protein Bar 1.51 Oz,0_10pct,<10% off,8,0.1926,0.0697,0.0068,0.2555,,,,0.0651,2.91,2.99,2026-01-12T00:00:00.000Z,Unknown,,,,0.1926,observational
HARMONS NEIGHBORHOOD GROCER,NATURAL EXPANDED,08-40229-30394,Built Puff Candy Cane Brownie Protein Bar 1.51 Oz,10_20pct,10–20% off,8,0.3044,0.2877,0.24,0.3521,,,,0.148,2.57,2.91,2026-01-19T00:00:00.000Z,Unknown,,,,0.3044,observational
HARMONS NEIGHBORHOOD GROCER,NATURAL EXPANDED,08-40229-30432,Built Puff Mint Chip Protein Bar 1.41 Oz,0_10pct,<10% off,19,0.1322,0.11,0.0555,0.2091,,,,0.0731,2.9,3.01,2025-12-01T00:00:00.000Z,Unknown,,,,0.1322,observational
HARMONS NEIGHBORHOOD GROCER,NATURAL EXPANDED,08-40229-30432,Built Puff Mint Chip Protein Bar 1.41 Oz,10_20pct,10–20% off,33,0.2929,0.2668,0.1686,0.3794,,,,0.1315,2.76,3.07,2026-03-09T00:00:00.000Z,Unknown,,,,0.2929,observational
HARMONS NEIGHBORHOOD GROCER,NATURAL EXPANDED,08-40229-30432,Built Puff Mint Chip Protein Bar 1.41 Oz,20_30pct,20–30% off,4,1.3828,0.7008,0.3297,1.7539,,,,0.2542,2.36,2.96,2026-03-16T00:00:00.000Z,Unknown,,,,1.3828,observational
HARMONS NEIGHBORHOOD GROCER,NATURAL EXPANDED,08-40229-30432,Built Puff Mint Chip Protein Bar 1.41 Oz,30pct_plus,≥30% off,1,0.4186,0.4186,0.4186,0.4186,,,,0.334,2.0,3.0,2024-07-22T00:00:00.000Z,Unknown,,,,0.4186,observational
HARMONS NEIGHBORHOOD GROCER,NATURAL EXPANDED,08-40229-30449,Built Peanut Butter Puff 1.41oz,0_10pct,<10% off,12,0.2801,0.2762,0.2089,0.3364,,,,0.0686,2.9,3.04,2025-02-24T00:00:00.000Z,Unknown,,,,0.2801,observational
HARMONS NEIGHBORHOOD GROCER,NATURAL EXPANDED,08-40229-30449,Built Peanut Butter Puff 1.41oz,10_20pct,10–20% off,21,0.2226,0.104,0.0209,0.3119,,,,0.1355,2.74,2.93,2025-05-12T00:00:00.000Z,Unknown,,,,0.2226,observational
HARMONS NEIGHBORHOOD GROCER,NATURAL EXPANDED,08-40229-30449,Built Peanut Butter Puff 1.41oz,20_30pct,20–30% off,1,0.1582,0.1582,0.1582,0.1582,,,,0.248,2.25,3.0,2024-07-15T00:00:00.000Z,Unknown,,,,0.1582,observational
HARMONS NEIGHBORHOOD GROCER,NATURAL EXPANDED,08-40229-30449,Built Peanut Butter Puff 1.41oz,30pct_plus,≥30% off,1,0.3469,0.3469,0.3469,0.3469,,,,0.333,2.0,3.0,2024-07-22T00:00:00.000Z,Unknown,,,,0.3469,observational
HARMONS NEIGHBORHOOD GROCER,NATURAL EXPANDED,08-40229-30477,Built Banana Cream Pie Puff 1.41oz,10_20pct,10–20% off,2,0.298,0.298,0.1949,0.4011,,,,0.124,2.74,2.98,2024-03-11T00:00:00.000Z,Unknown,,,,0.298,observational
HARMONS NEIGHBORHOOD GROCER,NATURAL EXPANDED,08-40229-30477,Built Banana Cream Pie Puff 1.41oz,30pct_plus,≥30% off,5,2.6328,2.2632,1.4493,3.6316,,,,0.6278,1.14,3.0,2024-07-08T00:00:00.000Z,Unknown,,,,2.6328,observational
HARMONS NEIGHBORHOOD GROCER,NATURAL EXPANDED,08-40229-30550,Built Puff Cookies N Cream Protein Bar 1.41 Oz,0_10pct,<10% off,14,0.3139,0.1805,0.0521,0.2872,,,,0.0836,2.79,2.98,2025-12-01T00:00:00.000Z,Unknown,,,,0.3139,observational
HARMONS NEIGHBORHOOD GROCER,NATURAL EXPANDED,08-40229-30550,Built Puff Cookies N Cream Protein Bar 1.41 Oz,10_20pct,10–20% off,15,0.3997,0.299,0.1631,0.5567,,,,0.1321,2.64,3.0,2026-03-09T00:00:00.000Z,Unknown,,,,0.3997,observational
HARMONS NEIGHBORHOOD GROCER,NATURAL EXPANDED,08-40229-30550,Built Puff Cookies N Cream Protein Bar 1.41 Oz,20_30pct,20–30% off,3,1.2589,0.0883,0.0572,1.8753,,,,0.295,2.4,3.0,2026-03-16T00:00:00.000Z,Unknown,,,,1.2589,observational
HARMONS NEIGHBORHOOD GROCER,NATURAL EXPANDED,08-40229-30550,Built Puff Cookies N Cream Protein Bar 1.41 Oz,30pct_plus,≥30% off,1,,,,,,,,0.302,2.09,3.0,2025-03-17T00:00:00.000Z,Unknown,,,,,observational
HARMONS NEIGHBORHOOD GROCER,NATURAL EXPANDED,08-40229-30573,Built Puff Strawberries N Cream Protein Bar 1.41 Oz,0_10pct,<10% off,9,0.1533,0.1157,0.0467,0.2738,,,,0.0814,2.81,2.97,2026-01-26T00:00:00.000Z,Unknown,,,,0.1533,observational
HARMONS NEIGHBORHOOD GROCER,NATURAL EXPANDED,08-40229-30573,Built Puff Strawberries N Cream Protein Bar 1.41 Oz,10_20pct,10–20% off,9,0.3183,0.2824,0.2328,0.3105,,,,0.1394,2.68,3.0,2026-03-16T00:00:00.000Z,Unknown,,,,0.3183,observational
HARMONS NEIGHBORHOOD GROCER,NATURAL EXPANDED,08-40229-30573,Built Puff Strawberries N Cream Protein Bar 1.41 Oz,20_30pct,20–30% off,1,3.9696,3.9696,3.9696,3.9696,,,,0.292,2.12,3.0,2025-12-29T00:00:00.000Z,Unknown,,,,3.9696,observational
HARMONS NEIGHBORHOOD GROCER,NATURAL EXPANDED,08-40229-30615,Built Puff Chocolatey Hazelnut  1.41oz,0_10pct,<10% off,4,0.1796,0.1796,0.1521,0.207,,,,0.072,2.81,2.88,2026-01-26T00:00:00.000Z,Unknown,,,,0.1796,observational
HARMONS NEIGHBORHOOD GROCER,NATURAL EXPANDED,08-40229-30615,Built Puff Chocolatey Hazelnut  1.41oz,10_20pct,10–20% off,4,0.1899,0.2214,0.1356,0.2757,,,,0.1415,2.53,2.83,2026-01-19T00:00:00.000Z,Unknown,,,,0.1899,observational
HARMONS NEIGHBORHOOD GROCER,NATURAL EXPANDED,08-40229-30615,Built Puff Chocolatey Hazelnut  1.41oz,20_30pct,20–30% off,1,0.612,0.612,0.612,0.612,,,,0.234,2.28,2.92,2025-12-29T00:00:00.000Z,Unknown,,,,0.612,observational
HARMONS NEIGHBORHOOD GROCER,NATURAL EXPANDED,08-40229-30642,Built Puff Peanut Butter Protein Bar 1.41 Oz,0_10pct,<10% off,5,0.2371,0.2146,0.1413,0.3104,,,,0.0764,2.8,2.95,2026-01-26T00:00:00.000Z,Unknown,,,,0.2371,observational
HARMONS NEIGHBORHOOD GROCER,NATURAL EXPANDED,08-40229-30642,Built Puff Peanut Butter Protein Bar 1.41 Oz,10_20pct,10–20% off,6,0.352,0.2992,0.1895,0.4375,,,,0.1373,2.59,2.98,2026-01-19T00:00:00.000Z,Unknown,,,,0.352,observational
HARMONS NEIGHBORHOOD GROCER,NATURAL EXPANDED,08-40229-30642,Built Puff Peanut Butter Protein Bar 1.41 Oz,20_30pct,20–30% off,3,1.1716,0.023,0.0117,1.7572,,,,0.249,2.68,3.0,2026-03-16T00:00:00.000Z,Unknown,,,,1.1716,observational
HARMONS NEIGHBORHOOD GROCER,NATURAL EXPANDED,08-40229-30651,Built Protein Bar Puff Sour Peach 1.45 Oz,0_10pct,<10% off,1,0.3157,0.3157,0.3157,0.3157,,,,0.091,2.73,3.0,2026-01-26T00:00:00.000Z,Unknown,,,,0.3157,observational
HARMONS NEIGHBORHOOD GROCER,NATURAL EXPANDED,08-40229-30651,Built Protein Bar Puff Sour Peach 1.45 Oz,10_20pct,10–20% off,4,0.4271,0.4271,0.3782,0.476,,,,0.1402,2.77,3.0,2026-03-16T00:00:00.000Z,Unknown,,,,0.4271,observational
HARMONS NEIGHBORHOOD GROCER,NATURAL EXPANDED,08-40229-30651,Built Protein Bar Puff Sour Peach 1.45 Oz,20_30pct,20–30% off,1,1.1098,1.1098,1.1098,1.1098,,,,0.229,2.31,3.0,2025-12-29T00:00:00.000Z,Unknown,,,,1.1098,observational
HARMONS NEIGHBORHOOD GROCER,NATURAL EXPANDED,08-40229-30653,Built Puff Sour Blu Razz Blast Bar 1.45 Oz,0_10pct,<10% off,2,0.2807,0.2807,0.2619,0.2995,,,,0.0925,2.72,3.0,2026-01-26T00:00:00.000Z,Unknown,,,,0.2807,observational
HARMONS NEIGHBORHOOD GROCER,NATURAL EXPANDED,08-40229-30653,Built Puff Sour Blu Razz Blast Bar 1.45 Oz,10_20pct,10–20% off,3,0.3462,0.3462,0.3462,0.3462,,,,0.163,2.8,3.0,2026-03-16T00:00:00.000Z,Unknown,,,,0.3462,observational
HARMONS NEIGHBORHOOD GROCER,NATURAL EXPANDED,08-40229-30653,Built Puff Sour Blu Razz Blast Bar 1.45 Oz,20_30pct,20–30% off,1,1.0553,1.0553,1.0553,1.0553,,,,0.223,2.33,3.0,2025-12-29T00:00:00.000Z,Unknown,,,,1.0553,observational
HARMONS NEIGHBORHOOD GROCER,NATURAL EXPANDED,08-40229-30655,Built Puff Sour Green Apple Crush Bar 1.45 Oz,0_10pct,<10% off,1,0.3524,0.3524,0.3524,0.3524,,,,0.085,2.75,2.99,2026-01-26T00:00:00.000Z,Unknown,,,,0.3524,observational
HARMONS NEIGHBORHOOD GROCER,NATURAL EXPANDED,08-40229-30655,Built Puff Sour Green Apple Crush Bar 1.45 Oz,10_20pct,10–20% off,3,0.3296,0.3296,0.2545,0.4046,,,,0.1447,2.71,3.0,2026-03-16T00:00:00.000Z,Unknown,,,,0.3296,observational
HARMONS NEIGHBORHOOD GROCER,NATURAL EXPANDED,08-40229-30655,Built Puff Sour Green Apple Crush Bar 1.45 Oz,20_30pct,20–30% off,2,1.0543,1.0543,1.0543,1.0543,,,,0.2375,2.62,3.0,2026-03-09T00:00:00.000Z,Unknown,,,,1.0543,observational
HARPS FOOD STORES,REGIONAL & INDEP GROCERY,08-40229-30034,Built Puff Salted Caramel Protein Bar 1.41 Oz,0_10pct,<10% off,2,0.0446,0.0446,0.0278,0.0614,,,,0.095,3.26,3.3,2025-11-03T00:00:00.000Z,Unknown,,,,0.0446,observational
HARPS FOOD STORES,REGIONAL & INDEP GROCERY,08-40229-30034,Built Puff Salted Caramel Protein Bar 1.41 Oz,10_20pct,10–20% off,27,0.1812,0.1863,0.1053,0.2386,,,,0.1536,2.78,3.04,2026-04-13T00:00:00.000Z,Unknown,,,,0.1812,observational
HARPS FOOD STORES,REGIONAL & INDEP GROCERY,08-40229-30034,Built Puff Salted Caramel Protein Bar 1.41 Oz,20_30pct,20–30% off,9,0.22,0.122,0.0373,0.1905,,,,0.2526,2.94,3.17,2026-03-30T00:00:00.000Z,Unknown,,,,0.22,observational
HARPS FOOD STORES,REGIONAL & INDEP GROCERY,08-40229-30034,Built Puff Salted Caramel Protein Bar 1.41 Oz,30pct_plus,≥30% off,3,0.0309,0.0419,0.0251,0.0422,,,,0.3847,3.18,3.24,2026-04-06T00:00:00.000Z,Unknown,,,,0.0309,observational
HARPS FOOD STORES,REGIONAL & INDEP GROCERY,08-40229-30037,Built Puff Coconut Protein Bar 1.41 Oz,0_10pct,<10% off,11,0.0287,0.0287,0.0278,0.0295,,,,0.0727,3.25,3.43,2026-03-30T00:00:00.000Z,Unknown,,,,0.0287,observational
HARPS FOOD STORES,REGIONAL & INDEP GROCERY,08-40229-30037,Built Puff Coconut Protein Bar 1.41 Oz,10_20pct,10–20% off,20,0.2442,0.1582,0.037,0.2672,,,,0.1396,3.02,3.24,2026-03-23T00:00:00.000Z,Unknown,,,,0.2442,observational
HARPS FOOD STORES,REGIONAL & INDEP GROCERY,08-40229-30037,Built Puff Coconut Protein Bar 1.41 Oz,20_30pct,20–30% off,16,0.2575,0.1959,0.1484,0.2485,,,,0.2432,2.68,3.1,2026-04-06T00:00:00.000Z,Unknown,,,,0.2575,observational
HARPS FOOD STORES,REGIONAL & INDEP GROCERY,08-40229-30037,Built Puff Coconut Protein Bar 1.41 Oz,30pct_plus,≥30% off,7,0.5027,0.1509,0.0413,0.5714,,,,0.3396,2.83,3.4,2026-04-13T00:00:00.000Z,Unknown,,,,0.5027,observational
HARPS FOOD STORES,REGIONAL & INDEP GROCERY,08-40229-30050,Built Puff Churro Protein Bar 1.41 Oz,0_10pct,<10% off,2,,,,,,,,0.091,2.84,3.1,2025-09-29T00:00:00.000Z,Unknown,,,,,observational
HARPS FOOD STORES,REGIONAL & INDEP GROCERY,08-40229-30050,Built Puff Churro Protein Bar 1.41 Oz,10_20pct,10–20% off,12,0.0868,0.0868,0.0819,0.0918,,,,0.1573,2.61,2.85,2026-01-26T00:00:00.000Z,Unknown,,,,0.0868,observational
HARPS FOOD STORES,REGIONAL & INDEP GROCERY,08-40229-30050,Built Puff Churro Protein Bar 1.41 Oz,30pct_plus,≥30% off,2,0.0769,0.0769,0.0769,0.0769,,,,0.444,2.56,2.92,2026-04-06T00:00:00.000Z,Unknown,,,,0.0769,observational
HARPS FOOD STORES,REGIONAL & INDEP GROCERY,08-40229-30071,Built Double Chocolate Fudge Bar 1.69oz,10_20pct,10–20% off,1,,,,,,,,0.146,2.98,3.49,2025-03-10T00:00:00.000Z,Unknown,,,,,observational
HARPS FOOD STORES,REGIONAL & INDEP GROCERY,08-40229-30071,Built Double Chocolate Fudge Bar 1.69oz,20_30pct,20–30% off,1,,,,,,,,0.244,2.64,3.49,2025-03-03T00:00:00.000Z,Unknown,,,,,observational
HARPS FOOD STORES,REGIONAL & INDEP GROCERY,08-40229-30119,Built Satled Caramel Bar 1.69oz,10_20pct,10–20% off,5,0.4348,0.4348,0.3875,0.4821,,,,0.147,2.98,3.49,2025-05-12T00:00:00.000Z,Unknown,,,,0.4348,observational
HARPS FOOD STORES,REGIONAL & INDEP GROCERY,08-40229-30119,Built Satled Caramel Bar 1.69oz,30pct_plus,≥30% off,1,0.3402,0.3402,0.3402,0.3402,,,,0.3,2.44,3.49,2025-04-21T00:00:00.000Z,Unknown,,,,0.3402,observational
HARPS FOOD STORES,REGIONAL & INDEP GROCERY,08-40229-30130,Built Cookies & Cream Bar 1.69oz,20_30pct,20–30% off,1,,,,,,,,0.217,2.73,3.49,2025-04-14T00:00:00.000Z,Unknown,,,,,observational
HARPS FOOD STORES,REGIONAL & INDEP GROCERY,08-40229-30333,Built Puff Cookie Dough Chunk Protein Bar 1.55 Oz,0_10pct,<10% off,7,0.0963,0.1028,0.0521,0.147,,,,0.074,3.21,3.25,2026-04-06T00:00:00.000Z,Unknown,,,,0.0963,observational
HARPS FOOD STORES,REGIONAL & INDEP GROCERY,08-40229-30333,Built Puff Cookie Dough Chunk Protein Bar 1.55 Oz,10_20pct,10–20% off,19,0.2475,0.2267,0.1429,0.3371,,,,0.1536,2.9,3.13,2026-03-16T00:00:00.000Z,Unknown,,,,0.2475,observational
HARPS FOOD STORES,REGIONAL & INDEP GROCERY,08-40229-30333,Built Puff Cookie Dough Chunk Protein Bar 1.55 Oz,20_30pct,20–30% off,9,0.1616,0.1111,0.093,0.2371,,,,0.2548,2.57,3.03,2026-01-26T00:00:00.000Z,Unknown,,,,0.1616,observational
HARPS FOOD STORES,REGIONAL & INDEP GROCERY,08-40229-30333,Built Puff Cookie Dough Chunk Protein Bar 1.55 Oz,30pct_plus,≥30% off,2,0.2727,0.2727,0.2727,0.2727,,,,0.416,2.68,3.12,2025-04-21T00:00:00.000Z,Unknown,,,,0.2727,observational
HARPS FOOD STORES,REGIONAL & INDEP GROCERY,08-40229-30362,Built Puff Brownie Batter Protein Bar 1.41 Oz,0_10pct,<10% off,2,0.0939,0.0939,0.0711,0.1166,,,,0.086,3.22,3.3,2025-10-27T00:00:00.000Z,Unknown,,,,0.0939,observational
HARPS FOOD STORES,REGIONAL & INDEP GROCERY,08-40229-30362,Built Puff Brownie Batter Protein Bar 1.41 Oz,10_20pct,10–20% off,26,0.159,0.1376,0.053,0.2814,,,,0.1542,2.85,3.08,2026-03-16T00:00:00.000Z,Unknown,,,,0.159,observational
HARPS FOOD STORES,REGIONAL & INDEP GROCERY,08-40229-30362,Built Puff Brownie Batter Protein Bar 1.41 Oz,20_30pct,20–30% off,12,0.2117,0.1332,0.0712,0.2384,,,,0.2478,2.8,3.11,2026-04-13T00:00:00.000Z,Unknown,,,,0.2117,observational
HARPS FOOD STORES,REGIONAL & INDEP GROCERY,08-40229-30362,Built Puff Brownie Batter Protein Bar 1.41 Oz,30pct_plus,≥30% off,3,0.263,0.1309,0.0715,0.3884,,,,0.3843,2.8,3.22,2026-04-06T00:00:00.000Z,Unknown,,,,0.263,observational
HARPS FOOD STORES,REGIONAL & INDEP GROCERY,08-40229-30432,Built Puff Mint Chip Protein Bar 1.41 Oz,0_10pct,<10% off,1,0.3056,0.3056,0.3056,0.3056,,,,0.071,3.4,3.47,2025-11-10T00:00:00.000Z,Unknown,,,,0.3056,observational
HARPS FOOD STORES,REGIONAL & INDEP GROCERY,08-40229-30432,Built Puff Mint Chip Protein Bar 1.41 Oz,20_30pct,20–30% off,10,0.1512,0.1304,0.0843,0.1763,,,,0.2779,3.26,3.42,2026-01-19T00:00:00.000Z,Unknown,,,,0.1512,observational
HARPS FOOD STORES,REGIONAL & INDEP GROCERY,08-40229-30449,Built Peanut Butter Puff 1.41oz,0_10pct,<10% off,1,,,,,,,,0.082,3.21,3.49,2025-03-03T00:00:00.000Z,Unknown,,,,,observational
HARPS FOOD STORES,REGIONAL & INDEP GROCERY,08-40229-30550,Built Puff Cookies N Cream Protein Bar 1.41 Oz,0_10pct,<10% off,3,0.0486,0.0428,0.022,0.0724,,,,0.0907,3.34,3.39,2025-11-03T00:00:00.000Z,Unknown,,,,0.0486,observational
HARPS FOOD STORES,REGIONAL & INDEP GROCERY,08-40229-30550,Built Puff Cookies N Cream Protein Bar 1.41 Oz,10_20pct,10–20% off,22,0.2751,0.2896,0.0841,0.4091,,,,0.1458,2.85,3.16,2026-02-02T00:00:00.000Z,Unknown,,,,0.2751,observational
HARPS FOOD STORES,REGIONAL & INDEP GROCERY,08-40229-30550,Built Puff Cookies N Cream Protein Bar 1.41 Oz,20_30pct,20–30% off,7,0.2981,0.2911,0.1877,0.3902,,,,0.2569,2.5,3.05,2026-01-26T00:00:00.000Z,Unknown,,,,0.2981,observational
HARPS FOOD STORES,REGIONAL & INDEP GROCERY,08-40229-30642,Built Puff Peanut Butter Protein Bar 1.41 Oz,10_20pct,10–20% off,6,,,,,,,,0.164,2.5,2.81,2026-01-12T00:00:00.000Z,Unknown,,,,,observational
HARPS FOOD STORES,REGIONAL & INDEP GROCERY,08-40229-30642,Built Puff Peanut Butter Protein Bar 1.41 Oz,20_30pct,20–30% off,2,0.0769,0.0769,0.0769,0.0769,,,,0.284,2.5,2.63,2026-01-26T00:00:00.000Z,Unknown,,,,0.0769,observational
HIGHLAND PARK MARKET,NATURAL EXPANDED,08-40229-30034,Built Puff Salted Caramel Protein Bar 1.41 Oz,20_30pct,20–30% off,1,,,,,,,,0.229,3.01,3.69,2025-11-10T00:00:00.000Z,Unknown,,,,,observational
HIGHLAND PARK MARKET,NATURAL EXPANDED,08-40229-30034,Built Puff Salted Caramel Protein Bar 1.41 Oz,30pct_plus,≥30% off,6,,,,,,,,0.458,2.22,3.69,2026-04-06T00:00:00.000Z,Unknown,,,,,observational
HIGHLAND PARK MARKET,NATURAL EXPANDED,08-40229-30037,Built Puff Coconut Protein Bar 1.41 Oz,10_20pct,10–20% off,13,0.5038,0.2663,0.2452,0.6479,,,,0.1796,3.02,3.61,2025-11-10T00:00:00.000Z,Unknown,,,,0.5038,observational
HIGHLAND PARK MARKET,NATURAL EXPANDED,08-40229-30037,Built Puff Coconut Protein Bar 1.41 Oz,30pct_plus,≥30% off,9,0.6602,0.5301,0.25,1.1053,,,,0.455,2.53,3.69,2026-03-23T00:00:00.000Z,Unknown,,,,0.6602,observational
HIGHLAND PARK MARKET,NATURAL EXPANDED,08-40229-30050,Built Puff Churro Protein Bar 1.41 Oz,30pct_plus,≥30% off,5,0.1429,0.1429,0.1429,0.1429,,,,0.458,2.96,3.69,2026-04-06T00:00:00.000Z,Unknown,,,,0.1429,observational
HIGHLAND PARK MARKET,NATURAL EXPANDED,08-40229-30107,Built Mint Brownie Bar 1.69oz,10_20pct,10–20% off,1,,,,,,,,0.19,2.99,3.69,2024-10-07T00:00:00.000Z,Unknown,,,,,observational
HIGHLAND PARK MARKET,NATURAL EXPANDED,08-40229-30119,Built Satled Caramel Bar 1.69oz,10_20pct,10–20% off,1,,,,,,,,0.19,2.99,3.69,2024-10-07T00:00:00.000Z,Unknown,,,,,observational
HIGHLAND PARK MARKET,NATURAL EXPANDED,08-40229-30130,Built Cookies & Cream Bar 1.69oz,10_20pct,10–20% off,3,,,,,,,,0.19,2.99,3.69,2024-10-14T00:00:00.000Z,Unknown,,,,,observational
HIGHLAND PARK MARKET,NATURAL EXPANDED,08-40229-30333,Built Puff Cookie Dough Chunk Protein Bar 1.55 Oz,10_20pct,10–20% off,12,0.361,0.1905,0.1366,0.4773,,,,0.176,3.02,3.6,2025-08-25T00:00:00.000Z,Unknown,,,,0.361,observational
HIGHLAND PARK MARKET,NATURAL EXPANDED,08-40229-30333,Built Puff Cookie Dough Chunk Protein Bar 1.55 Oz,30pct_plus,≥30% off,10,1.525,1.0,0.608,1.7517,,,,0.4499,2.46,3.69,2026-03-23T00:00:00.000Z,Unknown,,,,1.525,observational
HIGHLAND PARK MARKET,NATURAL EXPANDED,08-40229-30362,Built Puff Brownie Batter Protein Bar 1.41 Oz,10_20pct,10–20% off,13,0.374,0.3846,0.25,0.4783,,,,0.1869,3.0,3.61,2025-08-25T00:00:00.000Z,Unknown,,,,0.374,observational
HIGHLAND PARK MARKET,NATURAL EXPANDED,08-40229-30362,Built Puff Brownie Batter Protein Bar 1.41 Oz,20_30pct,20–30% off,1,0.1526,0.1526,0.1526,0.1526,,,,0.279,3.05,3.69,2025-11-10T00:00:00.000Z,Unknown,,,,0.1526,observational
HIGHLAND PARK MARKET,NATURAL EXPANDED,08-40229-30362,Built Puff Brownie Batter Protein Bar 1.41 Oz,30pct_plus,≥30% off,9,0.4114,0.4957,0.25,0.5768,,,,0.4469,2.38,3.69,2026-03-23T00:00:00.000Z,Unknown,,,,0.4114,observational
HIGHLAND PARK MARKET,NATURAL EXPANDED,08-40229-30432,Built Puff Mint Chip Protein Bar 1.41 Oz,0_10pct,<10% off,2,,,,,,,,0.072,2.99,3.22,2025-02-17T00:00:00.000Z,Unknown,,,,,observational
HIGHLAND PARK MARKET,NATURAL EXPANDED,08-40229-30432,Built Puff Mint Chip Protein Bar 1.41 Oz,10_20pct,10–20% off,12,0.429,0.4284,0.3191,0.6201,,,,0.1799,3.01,3.66,2025-08-25T00:00:00.000Z,Unknown,,,,0.429,observational
HIGHLAND PARK MARKET,NATURAL EXPANDED,08-40229-30432,Built Puff Mint Chip Protein Bar 1.41 Oz,20_30pct,20–30% off,1,,,,,,,,0.229,3.27,3.69,2025-11-03T00:00:00.000Z,Unknown,,,,,observational
HIGHLAND PARK MARKET,NATURAL EXPANDED,08-40229-30432,Built Puff Mint Chip Protein Bar 1.41 Oz,30pct_plus,≥30% off,9,0.6117,0.6117,0.5201,0.7033,,,,0.458,2.28,3.69,2026-03-23T00:00:00.000Z,Unknown,,,,0.6117,observational
HIGHLAND PARK MARKET,NATURAL EXPANDED,08-40229-30550,Built Puff Cookies N Cream Protein Bar 1.41 Oz,0_10pct,<10% off,1,0.1656,0.1656,0.1656,0.1656,,,,0.092,3.51,3.69,2025-11-10T00:00:00.000Z,Unknown,,,,0.1656,observational
HIGHLAND PARK MARKET,NATURAL EXPANDED,08-40229-30550,Built Puff Cookies N Cream Protein Bar 1.41 Oz,10_20pct,10–20% off,1,,,,,,,,0.196,3.3,3.69,2025-11-03T00:00:00.000Z,Unknown,,,,,observational
HIGHLAND PARK MARKET,NATURAL EXPANDED,08-40229-30550,Built Puff Cookies N Cream Protein Bar 1.41 Oz,30pct_plus,≥30% off,7,0.1321,0.1321,0.1321,0.1321,,,,0.458,2.38,3.69,2026-04-06T00:00:00.000Z,Unknown,,,,0.1321,observational
HOLLYWOOD MARKETS,REGIONAL & INDEP GROCERY,08-40229-30362,Built Puff Brownie Batter Protein Bar 1.41 Oz,10_20pct,10–20% off,1,,,,,,,,0.1,2.42,2.69,2025-01-27T00:00:00.000Z,Unknown,,,,,observational
HOUCHENS FOOD GROUP,REGIONAL & INDEP GROCERY,08-40229-30034,Built Puff Salted Caramel Protein Bar 1.41 Oz,0_10pct,<10% off,2,0.0162,0.0162,0.0162,0.0162,,,,0.0765,2.58,2.64,2026-02-23T00:00:00.000Z,Unknown,,,,0.0162,observational
HOUCHENS FOOD GROUP,REGIONAL & INDEP GROCERY,08-40229-30034,Built Puff Salted Caramel Protein Bar 1.41 Oz,20_30pct,20–30% off,7,0.2844,0.2745,0.1737,0.3964,,,,0.2781,2.79,3.44,2026-04-13T00:00:00.000Z,Unknown,,,,0.2844,observational
HOUCHENS FOOD GROUP,REGIONAL & INDEP GROCERY,08-40229-30034,Built Puff Salted Caramel Protein Bar 1.41 Oz,30pct_plus,≥30% off,4,0.0396,0.0396,0.0248,0.0544,,,,0.331,2.12,2.19,2026-01-05T00:00:00.000Z,Unknown,,,,0.0396,observational
HOUCHENS FOOD GROUP,REGIONAL & INDEP GROCERY,08-40229-30037,Built Puff Coconut Protein Bar 1.41 Oz,0_10pct,<10% off,7,0.1415,0.128,0.1048,0.1399,,,,0.0664,2.78,2.84,2026-02-16T00:00:00.000Z,Unknown,,,,0.1415,observational
HOUCHENS FOOD GROUP,REGIONAL & INDEP GROCERY,08-40229-30037,Built Puff Coconut Protein Bar 1.41 Oz,10_20pct,10–20% off,12,0.1099,0.0795,0.0541,0.1381,,,,0.1518,2.4,2.58,2026-03-02T00:00:00.000Z,Unknown,,,,0.1099,observational
HOUCHENS FOOD GROUP,REGIONAL & INDEP GROCERY,08-40229-30037,Built Puff Coconut Protein Bar 1.41 Oz,20_30pct,20–30% off,24,0.1389,0.1146,0.0623,0.1751,,,,0.2565,2.44,2.69,2026-04-13T00:00:00.000Z,Unknown,,,,0.1389,observational
HOUCHENS FOOD GROUP,REGIONAL & INDEP GROCERY,08-40229-30037,Built Puff Coconut Protein Bar 1.41 Oz,30pct_plus,≥30% off,10,0.0932,0.1024,0.0303,0.1518,,,,0.3626,2.47,2.68,2025-11-24T00:00:00.000Z,Unknown,,,,0.0932,observational
HOUCHENS FOOD GROUP,REGIONAL & INDEP GROCERY,08-40229-30119,Built Satled Caramel Bar 1.69oz,0_10pct,<10% off,1,,,,,,,,0.085,2.01,2.2,2025-03-17T00:00:00.000Z,Unknown,,,,,observational
HOUCHENS FOOD GROUP,REGIONAL & INDEP GROCERY,08-40229-30119,Built Satled Caramel Bar 1.69oz,10_20pct,10–20% off,4,,,,,,,,0.127,1.92,2.2,2025-04-14T00:00:00.000Z,Unknown,,,,,observational
HOUCHENS FOOD GROUP,REGIONAL & INDEP GROCERY,08-40229-30130,Built Cookies & Cream Bar 1.69oz,10_20pct,10–20% off,3,,,,,,,,0.1277,1.92,2.2,2025-04-07T00:00:00.000Z,Unknown,,,,,observational
HOUCHENS FOOD GROUP,REGIONAL & INDEP GROCERY,08-40229-30333,Built Puff Cookie Dough Chunk Protein Bar 1.55 Oz,0_10pct,<10% off,9,0.2008,0.0811,0.0455,0.2796,,,,0.0726,2.55,2.6,2026-01-19T00:00:00.000Z,Unknown,,,,0.2008,observational
HOUCHENS FOOD GROUP,REGIONAL & INDEP GROCERY,08-40229-30333,Built Puff Cookie Dough Chunk Protein Bar 1.55 Oz,10_20pct,10–20% off,17,0.1804,0.1301,0.0557,0.2029,,,,0.1435,2.5,2.61,2026-03-16T00:00:00.000Z,Unknown,,,,0.1804,observational
HOUCHENS FOOD GROUP,REGIONAL & INDEP GROCERY,08-40229-30333,Built Puff Cookie Dough Chunk Protein Bar 1.55 Oz,20_30pct,20–30% off,13,0.1511,0.108,0.0447,0.2551,,,,0.2362,2.38,2.55,2026-04-13T00:00:00.000Z,Unknown,,,,0.1511,observational
HOUCHENS FOOD GROUP,REGIONAL & INDEP GROCERY,08-40229-30333,Built Puff Cookie Dough Chunk Protein Bar 1.55 Oz,30pct_plus,≥30% off,6,0.0935,0.0133,0.0024,0.1045,,,,0.3792,2.57,2.78,2025-08-04T00:00:00.000Z,Unknown,,,,0.0935,observational
HOUCHENS FOOD GROUP,REGIONAL & INDEP GROCERY,08-40229-30362,Built Puff Brownie Batter Protein Bar 1.41 Oz,0_10pct,<10% off,14,0.173,0.1139,0.0907,0.2668,,,,0.0737,2.5,2.57,2026-03-09T00:00:00.000Z,Unknown,,,,0.173,observational
HOUCHENS FOOD GROUP,REGIONAL & INDEP GROCERY,08-40229-30362,Built Puff Brownie Batter Protein Bar 1.41 Oz,10_20pct,10–20% off,10,0.1264,0.1081,0.0851,0.1504,,,,0.1302,2.48,2.58,2026-03-30T00:00:00.000Z,Unknown,,,,0.1264,observational
HOUCHENS FOOD GROUP,REGIONAL & INDEP GROCERY,08-40229-30362,Built Puff Brownie Batter Protein Bar 1.41 Oz,20_30pct,20–30% off,21,0.1631,0.1181,0.0683,0.2706,,,,0.2611,2.44,2.63,2026-04-13T00:00:00.000Z,Unknown,,,,0.1631,observational
HOUCHENS FOOD GROUP,REGIONAL & INDEP GROCERY,08-40229-30362,Built Puff Brownie Batter Protein Bar 1.41 Oz,30pct_plus,≥30% off,6,0.0963,0.1284,0.069,0.1397,,,,0.3697,2.52,2.74,2025-09-15T00:00:00.000Z,Unknown,,,,0.0963,observational
HOUCHENS FOOD GROUP,REGIONAL & INDEP GROCERY,08-40229-30432,Built Puff Mint Chip Protein Bar 1.41 Oz,10_20pct,10–20% off,1,,,,,,,,0.122,2.46,2.5,2026-03-16T00:00:00.000Z,Unknown,,,,,observational
HOUCHENS FOOD GROUP,REGIONAL & INDEP GROCERY,08-40229-30449,Built Peanut Butter Puff 1.41oz,10_20pct,10–20% off,5,,,,,,,,0.1268,1.92,2.2,2025-03-31T00:00:00.000Z,Unknown,,,,,observational
HOUCHENS FOOD GROUP,REGIONAL & INDEP GROCERY,08-40229-30550,Built Puff Cookies N Cream Protein Bar 1.41 Oz,10_20pct,10–20% off,2,0.0044,0.0044,0.0044,0.0044,,,,0.14,2.0,2.0,2025-11-10T00:00:00.000Z,Unknown,,,,0.0044,observational
HOUCHENS FOOD GROUP,REGIONAL & INDEP GROCERY,08-40229-30550,Built Puff Cookies N Cream Protein Bar 1.41 Oz,20_30pct,20–30% off,7,0.1393,0.0597,0.0195,0.1795,,,,0.224,2.37,2.53,2025-12-29T00:00:00.000Z,Unknown,,,,0.1393,observational
HOUCHENS FOOD GROUP,REGIONAL & INDEP GROCERY,08-40229-30550,Built Puff Cookies N Cream Protein Bar 1.41 Oz,30pct_plus,≥30% off,3,0.0884,0.0884,0.0884,0.0884,,,,0.331,2.24,2.58,2026-01-05T00:00:00.000Z,Unknown,,,,0.0884,observational
HOUCHENS FOOD GROUP,REGIONAL & INDEP GROCERY,08-40229-30642,Built Puff Peanut Butter Protein Bar 1.41 Oz,20_30pct,20–30% off,8,0.2709,0.0588,0.0435,0.36,,,,0.2678,2.28,2.52,2026-04-13T00:00:00.000Z,Unknown,,,,0.2709,observational
HOUCHENS FOOD GROUP,REGIONAL & INDEP GROCERY,08-40229-30651,Built Protein Bar Puff Sour Peach 1.45 Oz,10_20pct,10–20% off,3,0.2226,0.144,0.1257,0.2802,,,,0.1903,2.39,2.64,2026-04-13T00:00:00.000Z,Unknown,,,,0.2226,observational
HOUCHENS FOOD GROUP,REGIONAL & INDEP GROCERY,08-40229-30651,Built Protein Bar Puff Sour Peach 1.45 Oz,20_30pct,20–30% off,1,,,,,,,,0.299,2.46,2.49,2026-03-23T00:00:00.000Z,Unknown,,,,,observational
HOUCHENS FOOD GROUP,REGIONAL & INDEP GROCERY,08-40229-30651,Built Protein Bar Puff Sour Peach 1.45 Oz,30pct_plus,≥30% off,3,0.0184,0.0184,0.0184,0.0184,,,,0.3013,2.48,2.5,2026-03-16T00:00:00.000Z,Unknown,,,,0.0184,observational
HOUCHENS FOOD GROUP,REGIONAL & INDEP GROCERY,08-40229-30653,Built Puff Sour Blu Razz Blast Bar 1.45 Oz,10_20pct,10–20% off,3,0.0907,0.1126,0.0798,0.1127,,,,0.1753,2.38,2.58,2026-04-13T00:00:00.000Z,Unknown,,,,0.0907,observational
HOUCHENS FOOD GROUP,REGIONAL & INDEP GROCERY,08-40229-30653,Built Puff Sour Blu Razz Blast Bar 1.45 Oz,30pct_plus,≥30% off,6,0.0478,0.0417,0.0238,0.0714,,,,0.301,2.5,2.55,2026-03-23T00:00:00.000Z,Unknown,,,,0.0478,observational
HOUCHENS FOOD GROUP,REGIONAL & INDEP GROCERY,08-40229-30655,Built Puff Sour Green Apple Crush Bar 1.45 Oz,10_20pct,10–20% off,3,0.0762,0.0652,0.0644,0.0825,,,,0.1717,2.36,2.47,2026-04-13T00:00:00.000Z,Unknown,,,,0.0762,observational
HOUCHENS FOOD GROUP,REGIONAL & INDEP GROCERY,08-40229-30655,Built Puff Sour Green Apple Crush Bar 1.45 Oz,30pct_plus,≥30% off,2,0.0051,0.0051,0.0051,0.0051,,,,0.3015,2.48,2.49,2026-03-23T00:00:00.000Z,Unknown,,,,0.0051,observational
HUCKS,CONVENTIONAL|CONVENIENCE,08-40229-30037,Built Puff Coconut Protein Bar 1.41 Oz,0_10pct,<10% off,1,,,,,0.0,,,0.083,3.41,3.63,2024-08-19T00:00:00.000Z,Unknown,,,,,observational
HUCKS,CONVENTIONAL|CONVENIENCE,08-40229-30037,Built Puff Coconut Protein Bar 1.41 Oz,10_20pct,10–20% off,6,0.1093,0.1093,0.0839,0.1348,14.1,138.1,,0.1543,3.88,3.97,2026-03-02T00:00:00.000Z,Unknown,,,,0.1093,observational
HUCKS,CONVENTIONAL|CONVENIENCE,08-40229-30037,Built Puff Coconut Protein Bar 1.41 Oz,30pct_plus,≥30% off,8,,,,,0.0,,,0.7562,2.7,3.64,2024-09-02T00:00:00.000Z,Unknown,,,,,observational
HUCKS,CONVENTIONAL|CONVENIENCE,08-40229-30037,Built Puff Coconut Protein Bar 1.41 Oz,no_promo,No price reduction,18,,,,,,,,,3.66,3.66,2023-11-27T00:00:00.000Z,Unknown,,,,,observational
HUCKS,CONVENTIONAL|CONVENIENCE,08-40229-30099,Built Coconut Bar 1.69oz,30pct_plus,≥30% off,9,0.7108,0.2958,0.2104,0.6648,91.1444,,,0.65,1.36,2.32,2024-06-24T00:00:00.000Z,TPR,,,,0.7108,observational
HUCKS,CONVENTIONAL|CONVENIENCE,08-40229-30099,Built Coconut Bar 1.69oz,no_promo,No price reduction,16,,,,,,,,,3.4,3.4,2023-11-27T00:00:00.000Z,Unknown,,,,,observational
HUCKS,CONVENTIONAL|CONVENIENCE,08-40229-30130,Built Cookies & Cream Bar 1.69oz,0_10pct,<10% off,4,0.8958,0.0796,0.0605,0.9149,174.45,43.75,,0.0713,3.45,3.52,2025-06-16T00:00:00.000Z,Display,,,,0.8958,observational
HUCKS,CONVENTIONAL|CONVENIENCE,08-40229-30130,Built Cookies & Cream Bar 1.69oz,10_20pct,10–20% off,1,0.0117,0.0117,0.0117,0.0117,0.0,9.9,,0.168,1.92,1.99,2024-09-02T00:00:00.000Z,Display,,,,0.0117,observational
HUCKS,CONVENTIONAL|CONVENIENCE,08-40229-30130,Built Cookies & Cream Bar 1.69oz,30pct_plus,≥30% off,31,0.9564,0.25,0.139,0.7712,163.8621,,,0.5951,1.74,2.66,2025-06-23T00:00:00.000Z,TPR,,,,0.9564,observational
HUCKS,CONVENTIONAL|CONVENIENCE,08-40229-30130,Built Cookies & Cream Bar 1.69oz,no_promo,No price reduction,20,0.1655,0.2231,0.1143,0.2456,,89.2,,0.0,3.63,3.63,2025-03-17T00:00:00.000Z,Unknown,,,,0.1655,observational
HUCKS,CONVENTIONAL|CONVENIENCE,08-40229-30362,Built Puff Brownie Batter Protein Bar 1.41 Oz,0_10pct,<10% off,1,0.0007,0.0007,0.0007,0.0007,0.5,,,0.071,4.27,4.29,2026-03-09T00:00:00.000Z,TPR,,,,0.0007,observational
HUCKS,CONVENTIONAL|CONVENIENCE,08-40229-30362,Built Puff Brownie Batter Protein Bar 1.41 Oz,30pct_plus,≥30% off,1,0.0015,0.0015,0.0015,0.0015,1.5,,,0.467,3.83,3.99,2025-11-17T00:00:00.000Z,TPR,,,,0.0015,observational
HUGOS FAMILY MARKETPLACE,REGIONAL & INDEP GROCERY,08-40229-30037,Built Puff Coconut Protein Bar 1.41 Oz,0_10pct,<10% off,4,0.2252,0.2821,0.1506,0.3282,,,,0.0772,2.62,2.8,2025-09-22T00:00:00.000Z,Unknown,,,,0.2252,observational
HUGOS FAMILY MARKETPLACE,REGIONAL & INDEP GROCERY,08-40229-30037,Built Puff Coconut Protein Bar 1.41 Oz,10_20pct,10–20% off,1,0.5541,0.5541,0.5541,0.5541,,,,0.111,2.5,2.81,2025-09-08T00:00:00.000Z,Unknown,,,,0.5541,observational
HUGOS FAMILY MARKETPLACE,REGIONAL & INDEP GROCERY,08-40229-30333,Built Puff Cookie Dough Chunk Protein Bar 1.55 Oz,10_20pct,10–20% off,5,0.7166,0.7565,0.6466,0.8265,,,,0.153,2.59,2.99,2025-09-22T00:00:00.000Z,Unknown,,,,0.7166,observational
HUGOS FAMILY MARKETPLACE,REGIONAL & INDEP GROCERY,08-40229-30362,Built Puff Brownie Batter Protein Bar 1.41 Oz,10_20pct,10–20% off,4,0.5103,0.4876,0.3211,0.6768,,,,0.1605,2.51,2.99,2025-09-22T00:00:00.000Z,Unknown,,,,0.5103,observational
HUGOS FAMILY MARKETPLACE,REGIONAL & INDEP GROCERY,08-40229-30362,Built Puff Brownie Batter Protein Bar 1.41 Oz,30pct_plus,≥30% off,3,0.1308,0.044,0.0333,0.1849,,,,0.6263,2.57,2.99,2025-11-17T00:00:00.000Z,Unknown,,,,0.1308,observational
HUGOS FAMILY MARKETPLACE,REGIONAL & INDEP GROCERY,08-40229-30432,Built Puff Mint Chip Protein Bar 1.41 Oz,0_10pct,<10% off,1,,,,,,,,0.082,2.94,2.97,2025-08-25T00:00:00.000Z,Unknown,,,,,observational
HUGOS FAMILY MARKETPLACE,REGIONAL & INDEP GROCERY,08-40229-30432,Built Puff Mint Chip Protein Bar 1.41 Oz,10_20pct,10–20% off,4,0.4151,0.4205,0.3844,0.4485,,,,0.164,2.5,2.99,2025-09-22T00:00:00.000Z,Unknown,,,,0.4151,observational
HUGOS FAMILY MARKETPLACE,REGIONAL & INDEP GROCERY,08-40229-30569,Built Puff Chocolate Milkshake Protein Bar 1.41 Oz,10_20pct,10–20% off,4,0.8711,1.0833,0.702,1.1463,,,,0.164,2.5,2.99,2025-09-22T00:00:00.000Z,Unknown,,,,0.8711,observational
HY-VEE,CONVENTIONAL|CONVENIENCE,08-40229-30034,Built Puff Salted Caramel Protein Bar 1.41 Oz,0_10pct,<10% off,2,0.1765,0.1765,0.1765,0.1765,22.45,,,0.0845,3.44,3.52,2026-03-30T00:00:00.000Z,TPR,,,,0.1765,observational
HY-VEE,CONVENTIONAL|CONVENIENCE,08-40229-30034,Built Puff Salted Caramel Protein Bar 1.41 Oz,10_20pct,10–20% off,13,0.0928,0.0705,0.0233,0.1765,55.5077,,,0.1519,3.48,3.63,2026-04-13T00:00:00.000Z,TPR,,,,0.0928,observational
HY-VEE,CONVENTIONAL|CONVENIENCE,08-40229-30034,Built Puff Salted Caramel Protein Bar 1.41 Oz,20_30pct,20–30% off,12,0.2492,0.2238,0.0704,0.26,68.025,,,0.2389,3.22,3.58,2026-03-09T00:00:00.000Z,TPR,,,,0.2492,observational
HY-VEE,CONVENTIONAL|CONVENIENCE,08-40229-30034,Built Puff Salted Caramel Protein Bar 1.41 Oz,30pct_plus,≥30% off,2,0.0704,0.0704,0.0704,0.0704,75.0,,,0.3935,3.62,3.78,2026-03-02T00:00:00.000Z,Unknown,,,,0.0704,observational
HY-VEE,CONVENTIONAL|CONVENIENCE,08-40229-30037,Built Puff Coconut Protein Bar 1.41 Oz,0_10pct,<10% off,3,0.0165,0.0184,0.0138,0.0202,117.9,,,0.074,3.77,3.78,2025-08-18T00:00:00.000Z,TPR,,,,0.0165,observational
HY-VEE,CONVENTIONAL|CONVENIENCE,08-40229-30037,Built Puff Coconut Protein Bar 1.41 Oz,10_20pct,10–20% off,18,0.1081,0.0842,0.0369,0.16,36.4444,9.9,,0.1619,3.59,3.73,2026-04-13T00:00:00.000Z,TPR,,,,0.1081,observational
HY-VEE,CONVENTIONAL|CONVENIENCE,08-40229-30037,Built Puff Coconut Protein Bar 1.41 Oz,20_30pct,20–30% off,11,0.6178,0.6731,0.3846,0.7933,94.6727,74.68,,0.2533,3.23,3.77,2026-03-23T00:00:00.000Z,TPR,,,,0.6178,observational
HY-VEE,CONVENTIONAL|CONVENIENCE,08-40229-30037,Built Puff Coconut Protein Bar 1.41 Oz,30pct_plus,≥30% off,9,0.139,0.0982,0.0451,0.1022,209.0,,,0.3818,3.56,3.8,2025-11-24T00:00:00.000Z,TPR,,,,0.139,observational
HY-VEE,CONVENTIONAL|CONVENIENCE,08-40229-30050,Built Puff Churro Protein Bar 1.41 Oz,20_30pct,20–30% off,3,,,,,0.0,,,0.2477,3.7,3.85,2026-02-02T00:00:00.000Z,Unknown,,,,,observational
HY-VEE,CONVENTIONAL|CONVENIENCE,08-40229-30050,Built Puff Churro Protein Bar 1.41 Oz,30pct_plus,≥30% off,1,,,,,0.0,,,0.436,3.57,3.69,2026-04-06T00:00:00.000Z,Unknown,,,,,observational
HY-VEE,CONVENTIONAL|CONVENIENCE,08-40229-30071,Built Double Chocolate Fudge Bar 1.69oz,10_20pct,10–20% off,1,,,,,0.0,,,0.186,3.64,3.79,2025-05-05T00:00:00.000Z,Unknown,,,,,observational
HY-VEE,CONVENTIONAL|CONVENIENCE,08-40229-30071,Built Double Chocolate Fudge Bar 1.69oz,20_30pct,20–30% off,1,0.7949,0.7949,0.7949,0.7949,332.4,,,0.279,3.29,3.93,2025-04-21T00:00:00.000Z,TPR,,,,0.7949,observational
HY-VEE,CONVENTIONAL|CONVENIENCE,08-40229-30071,Built Double Chocolate Fudge Bar 1.69oz,30pct_plus,≥30% off,5,0.5231,0.5231,0.2661,0.7801,269.26,,,0.4666,2.6,3.8,2025-08-04T00:00:00.000Z,TPR,,,,0.5231,observational
HY-VEE,CONVENTIONAL|CONVENIENCE,08-40229-30071,Built Double Chocolate Fudge Bar 1.69oz,no_promo,No price reduction,1,,,,,,111.3,,0.0,2.79,2.79,2023-07-31T00:00:00.000Z,Display,,,,,observational
HY-VEE,CONVENTIONAL|CONVENIENCE,08-40229-30119,Built Satled Caramel Bar 1.69oz,0_10pct,<10% off,4,0.2095,0.1367,0.054,0.2921,62.55,78.35,,0.047,3.92,4.0,2025-06-30T00:00:00.000Z,Display,,,,0.2095,observational
HY-VEE,CONVENTIONAL|CONVENIENCE,08-40229-30119,Built Satled Caramel Bar 1.69oz,10_20pct,10–20% off,10,0.025,0.0239,0.0054,0.0288,28.88,,,0.1315,3.9,3.93,2025-03-24T00:00:00.000Z,TPR,,,,0.025,observational
HY-VEE,CONVENTIONAL|CONVENIENCE,08-40229-30119,Built Satled Caramel Bar 1.69oz,20_30pct,20–30% off,4,0.0624,0.0605,0.0539,0.07,64.4,,,0.2238,3.84,3.95,2025-06-09T00:00:00.000Z,TPR,,,,0.0624,observational
HY-VEE,CONVENTIONAL|CONVENIENCE,08-40229-30119,Built Satled Caramel Bar 1.69oz,30pct_plus,≥30% off,15,0.2777,0.0334,0.0209,0.052,122.4133,,,0.4337,3.57,3.83,2025-05-26T00:00:00.000Z,TPR,,,,0.2777,observational
HY-VEE,CONVENTIONAL|CONVENIENCE,08-40229-30130,Built Cookies & Cream Bar 1.69oz,0_10pct,<10% off,1,,,,,0.0,,,0.094,3.69,3.7,2025-02-17T00:00:00.000Z,Unknown,,,,,observational
HY-VEE,CONVENTIONAL|CONVENIENCE,08-40229-30130,Built Cookies & Cream Bar 1.69oz,10_20pct,10–20% off,3,0.2678,0.1054,0.0982,0.3563,114.2,,,0.168,3.49,3.72,2025-03-24T00:00:00.000Z,TPR,,,,0.2678,observational
HY-VEE,CONVENTIONAL|CONVENIENCE,08-40229-30130,Built Cookies & Cream Bar 1.69oz,20_30pct,20–30% off,1,0.0352,0.0352,0.0352,0.0352,47.5,,,0.299,3.64,3.76,2025-02-24T00:00:00.000Z,TPR,,,,0.0352,observational
HY-VEE,CONVENTIONAL|CONVENIENCE,08-40229-30130,Built Cookies & Cream Bar 1.69oz,30pct_plus,≥30% off,13,0.2004,0.12,0.0683,0.1696,65.6077,,,0.5435,2.91,3.52,2025-04-28T00:00:00.000Z,TPR,,,,0.2004,observational
HY-VEE,CONVENTIONAL|CONVENIENCE,08-40229-30130,Built Cookies & Cream Bar 1.69oz,no_promo,No price reduction,1,,,,,,6.9,,0.0,3.74,3.74,2024-04-08T00:00:00.000Z,Display,,,,,observational
HY-VEE,CONVENTIONAL|CONVENIENCE,08-40229-30333,Built Puff Cookie Dough Chunk Protein Bar 1.55 Oz,0_10pct,<10% off,2,0.0444,0.0444,0.0243,0.0645,71.6,,,0.0895,3.54,3.57,2026-04-13T00:00:00.000Z,TPR,,,,0.0444,observational
HY-VEE,CONVENTIONAL|CONVENIENCE,08-40229-30333,Built Puff Cookie Dough Chunk Protein Bar 1.55 Oz,10_20pct,10–20% off,19,0.201,0.1615,0.0926,0.2186,56.6421,,,0.1477,3.42,3.65,2026-04-06T00:00:00.000Z,TPR,,,,0.201,observational
HY-VEE,CONVENTIONAL|CONVENIENCE,08-40229-30333,Built Puff Cookie Dough Chunk Protein Bar 1.55 Oz,20_30pct,20–30% off,5,0.1008,0.0377,0.0323,0.1063,77.0,,,0.2242,3.45,3.63,2026-03-30T00:00:00.000Z,TPR,,,,0.1008,observational
HY-VEE,CONVENTIONAL|CONVENIENCE,08-40229-30333,Built Puff Cookie Dough Chunk Protein Bar 1.55 Oz,30pct_plus,≥30% off,2,0.0032,0.0032,0.0032,0.0032,8.75,,,0.531,3.7,3.75,2025-11-10T00:00:00.000Z,TPR,,,,0.0032,observational
HY-VEE,CONVENTIONAL|CONVENIENCE,08-40229-30362,Built Puff Brownie Batter Protein Bar 1.41 Oz,0_10pct,<10% off,4,0.0743,0.0118,0.0099,0.1075,69.25,,,0.0812,3.74,3.76,2026-03-23T00:00:00.000Z,TPR,,,,0.0743,observational
HY-VEE,CONVENTIONAL|CONVENIENCE,08-40229-30362,Built Puff Brownie Batter Protein Bar 1.41 Oz,10_20pct,10–20% off,18,0.1681,0.1744,0.0293,0.2601,54.8833,32.9,,0.1554,3.51,3.71,2026-04-06T00:00:00.000Z,TPR,,,,0.1681,observational
HY-VEE,CONVENTIONAL|CONVENIENCE,08-40229-30362,Built Puff Brownie Batter Protein Bar 1.41 Oz,20_30pct,20–30% off,28,0.3122,0.1098,0.0506,0.6729,77.1857,67.96,,0.2402,3.51,3.76,2026-04-13T00:00:00.000Z,TPR,,,,0.3122,observational
HY-VEE,CONVENTIONAL|CONVENIENCE,08-40229-30362,Built Puff Brownie Batter Protein Bar 1.41 Oz,30pct_plus,≥30% off,5,0.0551,0.0573,0.051,0.0615,167.1,0.0,,0.3944,3.63,3.78,2025-12-22T00:00:00.000Z,TPR,,,,0.0551,observational
HY-VEE,CONVENTIONAL|CONVENIENCE,08-40229-30362,Built Puff Brownie Batter Protein Bar 1.41 Oz,no_promo,No price reduction,1,0.0178,0.0178,0.0178,0.0178,,204.9,,0.0,3.71,3.71,2025-09-01T00:00:00.000Z,Display,,,,0.0178,observational
HY-VEE,CONVENTIONAL|CONVENIENCE,08-40229-30394,Built Puff Candy Cane Brownie Protein Bar 1.51 Oz,10_20pct,10–20% off,1,,,,,0.0,,,0.172,2.75,3.32,2026-03-23T00:00:00.000Z,Unknown,,,,,observational
HY-VEE,CONVENTIONAL|CONVENIENCE,08-40229-30432,Built Puff Mint Chip Protein Bar 1.41 Oz,0_10pct,<10% off,1,,,,,0.0,,,0.053,3.73,3.74,2025-06-16T00:00:00.000Z,Unknown,,,,,observational
HY-VEE,CONVENTIONAL|CONVENIENCE,08-40229-30432,Built Puff Mint Chip Protein Bar 1.41 Oz,10_20pct,10–20% off,26,0.0938,0.0375,0.0111,0.1661,34.2577,,,0.1606,3.58,3.72,2026-04-13T00:00:00.000Z,TPR,,,,0.0938,observational
HY-VEE,CONVENTIONAL|CONVENIENCE,08-40229-30432,Built Puff Mint Chip Protein Bar 1.41 Oz,20_30pct,20–30% off,10,0.0332,0.0396,0.014,0.0479,71.89,,,0.2482,3.63,3.71,2026-03-23T00:00:00.000Z,TPR,,,,0.0332,observational
HY-VEE,CONVENTIONAL|CONVENIENCE,08-40229-30432,Built Puff Mint Chip Protein Bar 1.41 Oz,30pct_plus,≥30% off,10,0.034,0.0337,0.0246,0.0495,84.24,,,0.3886,3.66,3.73,2026-04-06T00:00:00.000Z,TPR,,,,0.034,observational
HY-VEE,CONVENTIONAL|CONVENIENCE,08-40229-30550,Built Puff Cookies N Cream Protein Bar 1.41 Oz,10_20pct,10–20% off,19,0.1728,0.1382,0.0472,0.2512,80.4421,,,0.1579,3.58,3.82,2026-04-06T00:00:00.000Z,TPR,,,,0.1728,observational
HY-VEE,CONVENTIONAL|CONVENIENCE,08-40229-30550,Built Puff Cookies N Cream Protein Bar 1.41 Oz,20_30pct,20–30% off,5,0.0306,0.0312,0.0273,0.0345,78.22,,,0.2438,3.68,3.73,2026-04-13T00:00:00.000Z,TPR,,,,0.0306,observational
HY-VEE,CONVENTIONAL|CONVENIENCE,08-40229-30550,Built Puff Cookies N Cream Protein Bar 1.41 Oz,30pct_plus,≥30% off,3,0.0606,0.0606,0.0486,0.0726,60.3,,,0.4263,3.45,3.58,2025-09-08T00:00:00.000Z,TPR,,,,0.0606,observational
HY-VEE,CONVENTIONAL|CONVENIENCE,08-40229-30573,Built Puff Strawberries N Cream Protein Bar 1.41 Oz,0_10pct,<10% off,1,,,,,40.8,,,0.063,2.96,3.1,2026-04-06T00:00:00.000Z,TPR,,,,,observational
HY-VEE,CONVENTIONAL|CONVENIENCE,08-40229-30573,Built Puff Strawberries N Cream Protein Bar 1.41 Oz,10_20pct,10–20% off,2,,,,,0.0,,,0.124,2.83,3.09,2026-03-23T00:00:00.000Z,Unknown,,,,,observational
HY-VEE,CONVENTIONAL|CONVENIENCE,08-40229-30615,Built Puff Chocolatey Hazelnut  1.41oz,10_20pct,10–20% off,1,,,,,33.3,,,0.167,3.33,3.99,2026-03-16T00:00:00.000Z,TPR,,,,,observational
HY-VEE,CONVENTIONAL|CONVENIENCE,08-40229-30615,Built Puff Chocolatey Hazelnut  1.41oz,30pct_plus,≥30% off,1,,,,,0.0,,,0.311,2.75,3.99,2026-04-13T00:00:00.000Z,Unknown,,,,,observational
HY-VEE,CONVENTIONAL|CONVENIENCE,08-40229-30642,Built Puff Peanut Butter Protein Bar 1.41 Oz,0_10pct,<10% off,3,0.4286,0.4286,0.3736,0.4835,67.3667,,,0.0633,3.53,3.64,2026-03-30T00:00:00.000Z,TPR,,,,0.4286,observational
HY-VEE,CONVENTIONAL|CONVENIENCE,08-40229-30642,Built Puff Peanut Butter Protein Bar 1.41 Oz,10_20pct,10–20% off,2,,,,,0.0,,,0.1055,3.46,3.6,2026-04-13T00:00:00.000Z,Unknown,,,,,observational
HY-VEE,CONVENTIONAL|CONVENIENCE,08-40229-30642,Built Puff Peanut Butter Protein Bar 1.41 Oz,20_30pct,20–30% off,1,,,,,0.0,,,0.212,3.71,3.88,2026-04-06T00:00:00.000Z,Unknown,,,,,observational
HY-VEE,CONVENTIONAL|CONVENIENCE,08-40229-30651,Built Protein Bar Puff Sour Peach 1.45 Oz,0_10pct,<10% off,1,,,,,0.0,,,0.083,3.18,3.24,2026-03-02T00:00:00.000Z,Unknown,,,,,observational
HY-VEE,CONVENTIONAL|CONVENIENCE,08-40229-30651,Built Protein Bar Puff Sour Peach 1.45 Oz,10_20pct,10–20% off,2,0.1204,0.1204,0.1204,0.1204,13.15,,,0.143,3.09,3.28,2026-03-30T00:00:00.000Z,Unknown,,,,0.1204,observational
HY-VEE,CONVENTIONAL|CONVENIENCE,08-40229-30651,Built Protein Bar Puff Sour Peach 1.45 Oz,20_30pct,20–30% off,3,,,,,25.6667,,,0.2507,3.05,3.54,2026-03-16T00:00:00.000Z,Unknown,,,,,observational
HY-VEE,CONVENTIONAL|CONVENIENCE,08-40229-30653,Built Puff Sour Blu Razz Blast Bar 1.45 Oz,0_10pct,<10% off,1,0.1029,0.1029,0.1029,0.1029,52.7,,,0.087,3.45,3.53,2026-03-02T00:00:00.000Z,TPR,,,,0.1029,observational
HY-VEE,CONVENTIONAL|CONVENIENCE,08-40229-30653,Built Puff Sour Blu Razz Blast Bar 1.45 Oz,10_20pct,10–20% off,5,0.3175,0.2605,0.0937,0.4563,79.16,,,0.1488,3.2,3.46,2026-04-13T00:00:00.000Z,TPR,,,,0.3175,observational
HY-VEE,CONVENTIONAL|CONVENIENCE,08-40229-30655,Built Puff Sour Green Apple Crush Bar 1.45 Oz,10_20pct,10–20% off,1,,,,,188.5,,,0.164,3.25,3.65,2026-02-23T00:00:00.000Z,TPR,,,,,observational
HY-VEE,CONVENTIONAL|CONVENIENCE,08-40229-30655,Built Puff Sour Green Apple Crush Bar 1.45 Oz,20_30pct,20–30% off,2,0.4085,0.4085,0.4085,0.4085,68.5,,,0.271,3.02,3.39,2026-03-09T00:00:00.000Z,Unknown,,,,0.4085,observational
HY-VEE,CONVENTIONAL|CONVENIENCE,08-40229-30655,Built Puff Sour Green Apple Crush Bar 1.45 Oz,30pct_plus,≥30% off,4,,,,,242.35,,,0.3212,2.83,3.58,2026-03-30T00:00:00.000Z,TPR,,,,,observational
HY-VEE,CONVENTIONAL|FOOD,08-40229-30034,Built Puff Salted Caramel Protein Bar 1.41 Oz,0_10pct,<10% off,26,0.0221,0.0121,0.0045,0.0367,32.4308,14000.0462,,0.0761,2.92,2.93,2026-04-13T00:00:00.000Z,TPR,,,,0.0221,observational
HY-VEE,CONVENTIONAL|FOOD,08-40229-30034,Built Puff Salted Caramel Protein Bar 1.41 Oz,10_20pct,10–20% off,41,0.2213,0.0572,0.0303,0.11,59.9842,58.8,83.2,0.1407,2.81,2.91,2026-03-30T00:00:00.000Z,Display,,,,0.2213,observational
HY-VEE,CONVENTIONAL|FOOD,08-40229-30034,Built Puff Salted Caramel Protein Bar 1.41 Oz,20_30pct,20–30% off,8,0.2565,0.1156,0.0143,0.3901,51.3667,103.26,75.85,0.22,2.68,2.94,2026-03-23T00:00:00.000Z,TPR,,,,0.2565,observational
HY-VEE,CONVENTIONAL|FOOD,08-40229-30037,Built Puff Coconut Protein Bar 1.41 Oz,0_10pct,<10% off,36,0.1652,0.069,0.0257,0.3039,71.7417,75.64,81.3,0.0762,2.81,2.88,2026-03-30T00:00:00.000Z,TPR,,,,0.1652,observational
HY-VEE,CONVENTIONAL|FOOD,08-40229-30037,Built Puff Coconut Protein Bar 1.41 Oz,10_20pct,10–20% off,96,0.1337,0.0575,0.0288,0.1155,63.6725,521.0631,71.75,0.1463,2.82,2.93,2026-04-13T00:00:00.000Z,TPR,,,,0.1337,observational
HY-VEE,CONVENTIONAL|FOOD,08-40229-30037,Built Puff Coconut Protein Bar 1.41 Oz,20_30pct,20–30% off,10,0.5371,0.6419,0.1418,0.8467,88.575,212.2333,90.425,0.2262,2.51,2.97,2025-08-18T00:00:00.000Z,TPR,,,,0.5371,observational
HY-VEE,CONVENTIONAL|FOOD,08-40229-30050,Built Puff Churro Protein Bar 1.41 Oz,0_10pct,<10% off,21,0.013,0.0098,0.0049,0.0157,23.3429,79.1,,0.0785,2.92,2.94,2026-04-13T00:00:00.000Z,TPR,,,,0.013,observational
HY-VEE,CONVENTIONAL|FOOD,08-40229-30050,Built Puff Churro Protein Bar 1.41 Oz,10_20pct,10–20% off,38,0.1406,0.0312,0.0137,0.059,27.3529,64.06,87.8,0.1393,2.83,2.93,2026-03-23T00:00:00.000Z,TPR,,,,0.1406,observational
HY-VEE,CONVENTIONAL|FOOD,08-40229-30050,Built Puff Churro Protein Bar 1.41 Oz,20_30pct,20–30% off,7,0.1681,0.0335,0.0097,0.3393,31.9,89.5333,44.3,0.2604,2.61,2.89,2025-11-10T00:00:00.000Z,TPR,,,,0.1681,observational
HY-VEE,CONVENTIONAL|FOOD,08-40229-30050,Built Puff Churro Protein Bar 1.41 Oz,30pct_plus,≥30% off,1,0.006,0.006,0.006,0.006,9.6,0.0,,0.309,2.8,2.87,2025-10-06T00:00:00.000Z,TPR,,,,0.006,observational
HY-VEE,CONVENTIONAL|FOOD,08-40229-30071,Built Double Chocolate Fudge Bar 1.69oz,0_10pct,<10% off,34,0.0372,0.0221,0.0113,0.0412,38.7941,60.5,,0.078,3.01,3.03,2025-04-28T00:00:00.000Z,TPR,,,,0.0372,observational
HY-VEE,CONVENTIONAL|FOOD,08-40229-30071,Built Double Chocolate Fudge Bar 1.69oz,10_20pct,10–20% off,44,0.0838,0.0248,0.0083,0.0589,50.6455,,,0.1353,2.94,3.01,2025-03-31T00:00:00.000Z,TPR,,,,0.0838,observational
HY-VEE,CONVENTIONAL|FOOD,08-40229-30071,Built Double Chocolate Fudge Bar 1.69oz,20_30pct,20–30% off,12,0.6708,0.8252,0.4967,0.9491,96.6583,77.9,,0.2281,2.56,3.04,2025-01-06T00:00:00.000Z,TPR,,,,0.6708,observational
HY-VEE,CONVENTIONAL|FOOD,08-40229-30071,Built Double Chocolate Fudge Bar 1.69oz,30pct_plus,≥30% off,1,,,,,0.0,,,0.648,2.85,2.91,2025-04-14T00:00:00.000Z,Unknown,,,,,observational
HY-VEE,CONVENTIONAL|FOOD,08-40229-30099,Built Coconut Bar 1.69oz,0_10pct,<10% off,33,0.1273,0.03,0.0163,0.06,43.029,,131.1,0.0801,2.97,3.01,2025-08-11T00:00:00.000Z,TPR,,,,0.1273,observational
HY-VEE,CONVENTIONAL|FOOD,08-40229-30099,Built Coconut Bar 1.69oz,10_20pct,10–20% off,55,0.1673,0.0513,0.0202,0.1117,57.0327,,69.8333,0.1366,2.89,3.01,2025-09-15T00:00:00.000Z,TPR,,,,0.1673,observational
HY-VEE,CONVENTIONAL|FOOD,08-40229-30099,Built Coconut Bar 1.69oz,20_30pct,20–30% off,10,0.2665,0.0808,0.0475,0.5002,56.81,,,0.2279,2.7,2.95,2025-06-23T00:00:00.000Z,TPR,,,,0.2665,observational
HY-VEE,CONVENTIONAL|FOOD,08-40229-30099,Built Coconut Bar 1.69oz,30pct_plus,≥30% off,3,0.0267,0.0228,0.0123,0.0391,47.6667,,,0.38,3.0,3.08,2024-09-16T00:00:00.000Z,TPR,,,,0.0267,observational
HY-VEE,CONVENTIONAL|FOOD,08-40229-30103,Built Coocnut Almond Bar 1.97oz,0_10pct,<10% off,3,0.1785,0.1413,0.1099,0.2285,82.6667,,,0.07,2.84,2.91,2023-09-11T00:00:00.000Z,TPR,,,,0.1785,observational
HY-VEE,CONVENTIONAL|FOOD,08-40229-30103,Built Coocnut Almond Bar 1.97oz,10_20pct,10–20% off,3,0.0665,0.0665,0.0442,0.0888,32.8667,,,0.125,3.04,3.1,2023-08-07T00:00:00.000Z,TPR,,,,0.0665,observational
HY-VEE,CONVENTIONAL|FOOD,08-40229-30103,Built Coocnut Almond Bar 1.97oz,20_30pct,20–30% off,3,,,,,0.0,,,0.2377,2.73,3.3,2024-02-26T00:00:00.000Z,Unknown,,,,,observational
HY-VEE,CONVENTIONAL|FOOD,08-40229-30103,Built Coocnut Almond Bar 1.97oz,30pct_plus,≥30% off,1,0.2469,0.2469,0.2469,0.2469,68.4,,,0.666,2.04,3.02,2023-11-06T00:00:00.000Z,TPR,,,,0.2469,observational
HY-VEE,CONVENTIONAL|FOOD,08-40229-30119,Built Satled Caramel Bar 1.69oz,0_10pct,<10% off,26,0.0505,0.0322,0.0191,0.073,45.3923,34.1667,,0.0733,2.94,2.98,2025-11-17T00:00:00.000Z,TPR,,,,0.0505,observational
HY-VEE,CONVENTIONAL|FOOD,08-40229-30119,Built Satled Caramel Bar 1.69oz,10_20pct,10–20% off,67,0.1038,0.0404,0.0229,0.0839,59.5627,54.5543,,0.1362,2.9,2.99,2025-07-28T00:00:00.000Z,TPR,,,,0.1038,observational
HY-VEE,CONVENTIONAL|FOOD,08-40229-30119,Built Satled Caramel Bar 1.69oz,20_30pct,20–30% off,6,0.5596,0.6542,0.4954,0.713,64.6167,114.7,,0.232,2.44,2.99,2025-04-07T00:00:00.000Z,TPR,,,,0.5596,observational
HY-VEE,CONVENTIONAL|FOOD,08-40229-30130,Built Cookies & Cream Bar 1.69oz,0_10pct,<10% off,27,0.0424,0.0256,0.014,0.0495,41.7519,52.0619,,0.0751,2.92,2.94,2025-03-24T00:00:00.000Z,TPR,,,,0.0424,observational
HY-VEE,CONVENTIONAL|FOOD,08-40229-30130,Built Cookies & Cream Bar 1.69oz,10_20pct,10–20% off,48,0.1841,0.0691,0.0248,0.1214,63.7583,167.0333,,0.147,2.86,2.99,2025-03-31T00:00:00.000Z,TPR,,,,0.1841,observational
HY-VEE,CONVENTIONAL|FOOD,08-40229-30130,Built Cookies & Cream Bar 1.69oz,20_30pct,20–30% off,12,0.3389,0.0814,0.0438,0.6766,79.2,90.4,,0.2405,2.71,3.01,2025-02-24T00:00:00.000Z,TPR,,,,0.3389,observational
HY-VEE,CONVENTIONAL|FOOD,08-40229-30130,Built Cookies & Cream Bar 1.69oz,30pct_plus,≥30% off,3,0.0611,0.0611,0.0611,0.0611,23.3,,,0.428,2.26,2.88,2025-06-09T00:00:00.000Z,Unknown,,,,0.0611,observational
HY-VEE,CONVENTIONAL|FOOD,08-40229-30143,Built Bar Peanut Butter Brown Br 2.05oz(18pk),0_10pct,<10% off,2,0.0169,0.0169,0.0169,0.0169,1.55,,,0.073,2.78,2.86,2024-03-18T00:00:00.000Z,TPR,,,,0.0169,observational
HY-VEE,CONVENTIONAL|FOOD,08-40229-30143,Built Bar Peanut Butter Brown Br 2.05oz(18pk),10_20pct,10–20% off,5,0.0298,0.0222,0.014,0.0418,14.32,,,0.1252,3.1,3.15,2023-09-04T00:00:00.000Z,TPR,,,,0.0298,observational
HY-VEE,CONVENTIONAL|FOOD,08-40229-30143,Built Bar Peanut Butter Brown Br 2.05oz(18pk),20_30pct,20–30% off,5,0.2424,0.2424,0.134,0.3507,17.02,,,0.2244,2.87,3.2,2024-02-12T00:00:00.000Z,TPR,,,,0.2424,observational
HY-VEE,CONVENTIONAL|FOOD,08-40229-30143,Built Bar Peanut Butter Brown Br 2.05oz(18pk),30pct_plus,≥30% off,1,,,,,0.0,,,0.323,2.9,3.33,2023-09-11T00:00:00.000Z,Unknown,,,,,observational
HY-VEE,CONVENTIONAL|FOOD,08-40229-30209,Built Puff Coconut Protein Bar 1.41 Oz (12 Pk),0_10pct,<10% off,1,,,,,0.0,,,0.068,30.64,32.87,2025-03-10T00:00:00.000Z,Unknown,,,,,observational
HY-VEE,CONVENTIONAL|FOOD,08-40229-30221,Built Brownie Batter Puff 1.41oz,0_10pct,<10% off,1,,,,,0.0,,,0.069,2.69,2.89,2023-08-14T00:00:00.000Z,Unknown,,,,,observational
HY-VEE,CONVENTIONAL|FOOD,08-40229-30221,Built Brownie Batter Puff 1.41oz,10_20pct,10–20% off,1,,,,,0.0,,,0.132,2.5,2.88,2023-07-31T00:00:00.000Z,Unknown,,,,,observational
HY-VEE,CONVENTIONAL|FOOD,08-40229-30258,Built Salted Caramel Bar 1.69oz (12pk),0_10pct,<10% off,1,,,,,2.0,,,0.097,29.7,32.89,2023-11-06T00:00:00.000Z,TPR,,,,,observational
HY-VEE,CONVENTIONAL|FOOD,08-40229-30333,Built Puff Cookie Dough Chunk Protein Bar 1.55 Oz,0_10pct,<10% off,45,0.0951,0.0202,0.0086,0.1736,50.4333,40.5722,,0.073,2.89,2.94,2026-02-09T00:00:00.000Z,TPR,,,,0.0951,observational
HY-VEE,CONVENTIONAL|FOOD,08-40229-30333,Built Puff Cookie Dough Chunk Protein Bar 1.55 Oz,10_20pct,10–20% off,67,0.0958,0.0529,0.0293,0.0989,65.3806,52.8,,0.1436,2.85,2.94,2026-04-13T00:00:00.000Z,TPR,,,,0.0958,observational
HY-VEE,CONVENTIONAL|FOOD,08-40229-30333,Built Puff Cookie Dough Chunk Protein Bar 1.55 Oz,20_30pct,20–30% off,6,0.5757,0.6643,0.2049,0.8573,74.4833,83.55,,0.2368,2.45,2.93,2026-03-02T00:00:00.000Z,Display,,,,0.5757,observational
HY-VEE,CONVENTIONAL|FOOD,08-40229-30334,Built Puff Cookie Dough Chunk Protein Bar 1.55 Oz (12 Pk),no_promo,No price reduction,2,,,,,,16.25,,0.0,32.99,32.99,2026-01-26T00:00:00.000Z,Display,,,,,observational
HY-VEE,CONVENTIONAL|FOOD,08-40229-30362,Built Puff Brownie Batter Protein Bar 1.41 Oz,0_10pct,<10% off,55,0.0903,0.0518,0.0155,0.1239,54.5255,46.4511,62.8,0.0786,2.86,2.92,2026-04-06T00:00:00.000Z,TPR,,,,0.0903,observational
HY-VEE,CONVENTIONAL|FOOD,08-40229-30362,Built Puff Brownie Batter Protein Bar 1.41 Oz,10_20pct,10–20% off,69,0.0963,0.057,0.0255,0.1127,55.6859,71.5911,61.975,0.1373,2.87,2.96,2026-04-13T00:00:00.000Z,TPR,,,,0.0963,observational
HY-VEE,CONVENTIONAL|FOOD,08-40229-30362,Built Puff Brownie Batter Protein Bar 1.41 Oz,20_30pct,20–30% off,17,0.4538,0.501,0.0773,0.659,62.92,73.9167,84.675,0.2251,2.55,3.02,2025-08-18T00:00:00.000Z,TPR,,,,0.4538,observational
HY-VEE,CONVENTIONAL|FOOD,08-40229-30362,Built Puff Brownie Batter Protein Bar 1.41 Oz,30pct_plus,≥30% off,2,0.1107,0.1107,0.109,0.1123,286.55,41.4,,0.6435,2.7,2.96,2024-12-16T00:00:00.000Z,TPR,,,,0.1107,observational
HY-VEE,CONVENTIONAL|FOOD,08-40229-30363,Built Puff Brownie Batter Protein Bar 1.41 Oz (12 Pk),0_10pct,<10% off,1,,,,,0.0,,,0.083,30.35,33.09,2025-02-24T00:00:00.000Z,Unknown,,,,,observational
HY-VEE,CONVENTIONAL|FOOD,08-40229-30363,Built Puff Brownie Batter Protein Bar 1.41 Oz (12 Pk),no_promo,No price reduction,1,,,,,,83.5,,0.0,30.74,30.74,2026-01-19T00:00:00.000Z,Display,,,,,observational
HY-VEE,CONVENTIONAL|FOOD,08-40229-30376,Built Cookies & Cream Bar 1.69oz (4pk),0_10pct,<10% off,26,0.0316,0.022,0.0163,0.0325,38.1308,42.8,,0.0807,11.55,11.65,2025-03-17T00:00:00.000Z,TPR,,,,0.0316,observational
HY-VEE,CONVENTIONAL|FOOD,08-40229-30376,Built Cookies & Cream Bar 1.69oz (4pk),10_20pct,10–20% off,51,0.0988,0.0345,0.0223,0.0734,49.8265,33.0,96.35,0.1455,11.32,11.68,2025-05-19T00:00:00.000Z,TPR,,,,0.0988,observational
HY-VEE,CONVENTIONAL|FOOD,08-40229-30376,Built Cookies & Cream Bar 1.69oz (4pk),20_30pct,20–30% off,10,0.0684,0.0731,0.0145,0.0837,57.12,,,0.2247,11.33,11.72,2025-02-03T00:00:00.000Z,TPR,,,,0.0684,observational
HY-VEE,CONVENTIONAL|FOOD,08-40229-30376,Built Cookies & Cream Bar 1.69oz (4pk),30pct_plus,≥30% off,4,0.0588,0.0583,0.0297,0.0874,91.35,,,0.3665,11.03,11.51,2024-12-23T00:00:00.000Z,TPR,,,,0.0588,observational
HY-VEE,CONVENTIONAL|FOOD,08-40229-30378,Built Double Chocolate Bar 1.84oz (4pk),0_10pct,<10% off,23,0.0683,0.0283,0.0174,0.0626,40.4957,61.9,,0.0797,11.46,11.64,2024-11-25T00:00:00.000Z,TPR,,,,0.0683,observational
HY-VEE,CONVENTIONAL|FOOD,08-40229-30378,Built Double Chocolate Bar 1.84oz (4pk),10_20pct,10–20% off,21,0.1187,0.0818,0.0181,0.1373,40.695,113.5,90.2,0.1509,11.24,11.64,2024-08-12T00:00:00.000Z,TPR,,,,0.1187,observational
HY-VEE,CONVENTIONAL|FOOD,08-40229-30378,Built Double Chocolate Bar 1.84oz (4pk),20_30pct,20–30% off,5,0.0808,0.029,0.0187,0.157,44.48,,,0.2282,10.66,11.2,2024-05-27T00:00:00.000Z,TPR,,,,0.0808,observational
HY-VEE,CONVENTIONAL|FOOD,08-40229-30378,Built Double Chocolate Bar 1.84oz (4pk),30pct_plus,≥30% off,9,0.0999,0.0218,0.0111,0.1105,61.5778,,,0.4986,9.89,11.75,2024-11-18T00:00:00.000Z,TPR,,,,0.0999,observational
HY-VEE,CONVENTIONAL|FOOD,08-40229-30380,Built Puff Brownie Batter Protein Bar 1.41 Oz (4 Pk),0_10pct,<10% off,24,0.0735,0.0105,0.0046,0.0186,20.6227,55.3444,53.0,0.085,11.12,11.27,2026-04-13T00:00:00.000Z,TPR,,,,0.0735,observational
HY-VEE,CONVENTIONAL|FOOD,08-40229-30380,Built Puff Brownie Batter Protein Bar 1.41 Oz (4 Pk),10_20pct,10–20% off,28,0.1323,0.0708,0.0136,0.1309,55.6393,78.0714,,0.132,10.8,11.25,2026-03-16T00:00:00.000Z,TPR,,,,0.1323,observational
HY-VEE,CONVENTIONAL|FOOD,08-40229-30381,Built Puff Coconut Protein Bar 1.41 Oz (4 Pk),0_10pct,<10% off,54,0.0591,0.0198,0.0105,0.0398,29.9923,83.475,54.4,0.0797,11.48,11.62,2026-04-13T00:00:00.000Z,TPR,,,,0.0591,observational
HY-VEE,CONVENTIONAL|FOOD,08-40229-30381,Built Puff Coconut Protein Bar 1.41 Oz (4 Pk),10_20pct,10–20% off,75,0.0998,0.0312,0.0176,0.0645,38.8521,47.0,54.15,0.1397,11.16,11.53,2026-03-30T00:00:00.000Z,TPR,,,,0.0998,observational
HY-VEE,CONVENTIONAL|FOOD,08-40229-30381,Built Puff Coconut Protein Bar 1.41 Oz (4 Pk),20_30pct,20–30% off,9,0.0259,0.0119,0.0053,0.026,51.6778,,,0.2316,11.48,11.67,2025-01-13T00:00:00.000Z,TPR,,,,0.0259,observational
HY-VEE,CONVENTIONAL|FOOD,08-40229-30381,Built Puff Coconut Protein Bar 1.41 Oz (4 Pk),30pct_plus,≥30% off,3,0.0248,0.023,0.0205,0.0282,121.0333,,,0.3623,11.4,11.61,2025-09-22T00:00:00.000Z,TPR,,,,0.0248,observational
HY-VEE,CONVENTIONAL|FOOD,08-40229-30394,Built Puff Candy Cane Brownie Protein Bar 1.51 Oz,0_10pct,<10% off,15,0.2877,0.2926,0.1417,0.4301,60.8786,109.7818,,0.0527,2.74,2.8,2026-04-13T00:00:00.000Z,Display,,,,0.2877,observational
HY-VEE,CONVENTIONAL|FOOD,08-40229-30394,Built Puff Candy Cane Brownie Protein Bar 1.51 Oz,10_20pct,10–20% off,17,0.1623,0.0636,0.0338,0.1175,55.7462,141.925,51.2,0.1386,2.62,2.76,2026-03-09T00:00:00.000Z,Display,,,,0.1623,observational
HY-VEE,CONVENTIONAL|FOOD,08-40229-30394,Built Puff Candy Cane Brownie Protein Bar 1.51 Oz,20_30pct,20–30% off,3,0.015,0.015,0.0132,0.0168,9.1,,,0.2213,2.75,2.84,2026-02-02T00:00:00.000Z,TPR,,,,0.015,observational
HY-VEE,CONVENTIONAL|FOOD,08-40229-30394,Built Puff Candy Cane Brownie Protein Bar 1.51 Oz,30pct_plus,≥30% off,4,1.0185,0.1748,0.0472,1.1462,245.5,58.5333,,0.4262,1.95,2.72,2026-03-30T00:00:00.000Z,TPR,,,,1.0185,observational
HY-VEE,CONVENTIONAL|FOOD,08-40229-30395,Built Puff Candy Cane Brownie Protein Bar 1.52oz (12pk),0_10pct,<10% off,1,,,,,0.0,,,0.099,28.92,29.58,2025-11-03T00:00:00.000Z,Unknown,,,,,observational
HY-VEE,CONVENTIONAL|FOOD,08-40229-30395,Built Puff Candy Cane Brownie Protein Bar 1.52oz (12pk),10_20pct,10–20% off,1,0.3115,0.3115,0.3115,0.3115,94.2,,,0.102,28.49,30.02,2025-11-17T00:00:00.000Z,TPR,,,,0.3115,observational
HY-VEE,CONVENTIONAL|FOOD,08-40229-30395,Built Puff Candy Cane Brownie Protein Bar 1.52oz (12pk),30pct_plus,≥30% off,1,,,,,0.0,,,0.969,0.9,29.24,2026-03-30T00:00:00.000Z,Unknown,,,,,observational
HY-VEE,CONVENTIONAL|FOOD,08-40229-30432,Built Puff Mint Chip Protein Bar 1.41 Oz,0_10pct,<10% off,46,0.0367,0.023,0.0092,0.0358,35.7304,41.6194,,0.0767,2.93,2.96,2026-04-13T00:00:00.000Z,TPR,,,,0.0367,observational
HY-VEE,CONVENTIONAL|FOOD,08-40229-30432,Built Puff Mint Chip Protein Bar 1.41 Oz,10_20pct,10–20% off,65,0.0961,0.0404,0.02,0.0899,57.6161,38.12,78.6333,0.1292,2.86,2.94,2026-03-30T00:00:00.000Z,TPR,,,,0.0961,observational
HY-VEE,CONVENTIONAL|FOOD,08-40229-30432,Built Puff Mint Chip Protein Bar 1.41 Oz,20_30pct,20–30% off,8,0.4053,0.3547,0.0604,0.769,92.2833,43.5571,75.8,0.2261,2.57,2.95,2026-03-09T00:00:00.000Z,TPR,,,,0.4053,observational
HY-VEE,CONVENTIONAL|FOOD,08-40229-30449,Built Peanut Butter Puff 1.41oz,0_10pct,<10% off,1,,,,,0.0,,,0.072,2.76,2.97,2025-03-31T00:00:00.000Z,Unknown,,,,,observational
HY-VEE,CONVENTIONAL|FOOD,08-40229-30467,Built Puff Mint Chip Protein Bar 1.41 Oz (12 Pk),0_10pct,<10% off,1,,,,,,43.9,,0.053,40.99,42.15,2026-01-12T00:00:00.000Z,Display,,,,,observational
HY-VEE,CONVENTIONAL|FOOD,08-40229-30467,Built Puff Mint Chip Protein Bar 1.41 Oz (12 Pk),30pct_plus,≥30% off,1,,,,,0.0,,,0.499,29.99,59.85,2026-03-09T00:00:00.000Z,Unknown,,,,,observational
HY-VEE,CONVENTIONAL|FOOD,08-40229-30550,Built Puff Cookies N Cream Protein Bar 1.41 Oz,0_10pct,<10% off,26,0.0295,0.0226,0.0072,0.0317,34.1154,46.72,,0.076,2.93,2.94,2026-04-13T00:00:00.000Z,Display,,,,0.0295,observational
HY-VEE,CONVENTIONAL|FOOD,08-40229-30550,Built Puff Cookies N Cream Protein Bar 1.41 Oz,10_20pct,10–20% off,38,0.1222,0.0558,0.0114,0.0944,47.3618,55.9704,76.3,0.1347,2.83,2.92,2026-03-23T00:00:00.000Z,TPR,,,,0.1222,observational
HY-VEE,CONVENTIONAL|FOOD,08-40229-30550,Built Puff Cookies N Cream Protein Bar 1.41 Oz,20_30pct,20–30% off,7,0.2612,0.1158,0.0351,0.4145,63.06,38.45,71.25,0.2216,2.65,2.94,2025-10-13T00:00:00.000Z,TPR,,,,0.2612,observational
HY-VEE,CONVENTIONAL|FOOD,08-40229-30550,Built Puff Cookies N Cream Protein Bar 1.41 Oz,no_promo,No price reduction,1,0.4648,0.4648,0.4648,0.4648,,106.9,,0.0,2.78,2.78,2025-03-03T00:00:00.000Z,Display,,,,0.4648,observational
HY-VEE,CONVENTIONAL|FOOD,08-40229-30558,Built Puff Cookie Dough Chunk Protein Bar 1.55 Oz (4 Pk),0_10pct,<10% off,38,0.0297,0.007,0.0045,0.0168,30.8243,209.9,49.7,0.0809,11.34,11.43,2026-03-30T00:00:00.000Z,TPR,,,,0.0297,observational
HY-VEE,CONVENTIONAL|FOOD,08-40229-30558,Built Puff Cookie Dough Chunk Protein Bar 1.55 Oz (4 Pk),10_20pct,10–20% off,68,0.0759,0.0212,0.0131,0.0551,44.8,51.0,32.925,0.1346,10.99,11.3,2026-04-13T00:00:00.000Z,TPR,,,,0.0759,observational
HY-VEE,CONVENTIONAL|FOOD,08-40229-30558,Built Puff Cookie Dough Chunk Protein Bar 1.55 Oz (4 Pk),20_30pct,20–30% off,5,0.0489,0.0419,0.0337,0.0647,58.82,,,0.2408,11.02,11.39,2024-12-23T00:00:00.000Z,TPR,,,,0.0489,observational
HY-VEE,CONVENTIONAL|FOOD,08-40229-30569,Built Puff Chocolate Milkshake Protein Bar 1.41 Oz,0_10pct,<10% off,14,0.3884,0.1863,0.0495,0.3683,14445.2778,53172.4857,72.9,0.0556,2.89,2.94,2025-10-06T00:00:00.000Z,Display,,,,0.3884,observational
HY-VEE,CONVENTIONAL|FOOD,08-40229-30569,Built Puff Chocolate Milkshake Protein Bar 1.41 Oz,10_20pct,10–20% off,3,0.4904,0.0267,0.0235,0.7255,207.5667,,,0.1287,2.8,2.93,2025-10-20T00:00:00.000Z,TPR,,,,0.4904,observational
HY-VEE,CONVENTIONAL|FOOD,08-40229-30569,Built Puff Chocolate Milkshake Protein Bar 1.41 Oz,no_promo,No price reduction,2,,,,,,,206.05,0.0,2.49,2.49,2026-01-05T00:00:00.000Z,Feature,,,,,observational
HY-VEE,CONVENTIONAL|FOOD,08-40229-30571,Built Puff Mint Chip Protein Bar 1.41 Oz (4 Pk),0_10pct,<10% off,21,0.0314,0.015,0.005,0.0264,21.3143,48.5625,,0.071,11.31,11.39,2025-12-08T00:00:00.000Z,TPR,,,,0.0314,observational
HY-VEE,CONVENTIONAL|FOOD,08-40229-30571,Built Puff Mint Chip Protein Bar 1.41 Oz (4 Pk),10_20pct,10–20% off,34,0.1669,0.0603,0.0151,0.3534,45.6324,59.6083,,0.1279,10.57,11.05,2026-04-13T00:00:00.000Z,TPR,,,,0.1669,observational
HY-VEE,CONVENTIONAL|FOOD,08-40229-30571,Built Puff Mint Chip Protein Bar 1.41 Oz (4 Pk),20_30pct,20–30% off,1,0.0267,0.0267,0.0267,0.0267,46.6,,,0.255,9.81,10.02,2026-03-30T00:00:00.000Z,TPR,,,,0.0267,observational
HY-VEE,CONVENTIONAL|FOOD,08-40229-30573,Built Puff Strawberries N Cream Protein Bar 1.41 Oz,0_10pct,<10% off,14,0.2728,0.0313,0.0194,0.3199,29.175,99.7444,72.08,0.0683,2.87,2.95,2026-04-13T00:00:00.000Z,Display,,,,0.2728,observational
HY-VEE,CONVENTIONAL|FOOD,08-40229-30573,Built Puff Strawberries N Cream Protein Bar 1.41 Oz,10_20pct,10–20% off,10,0.0314,0.0247,0.0147,0.0401,25.63,37.2375,,0.1372,2.84,2.91,2026-04-06T00:00:00.000Z,TPR,,,,0.0314,observational
HY-VEE,CONVENTIONAL|FOOD,08-40229-30573,Built Puff Strawberries N Cream Protein Bar 1.41 Oz,30pct_plus,≥30% off,1,0.0035,0.0035,0.0035,0.0035,16.1,,,0.376,2.92,2.95,2025-05-19T00:00:00.000Z,TPR,,,,0.0035,observational
HY-VEE,CONVENTIONAL|FOOD,08-40229-30573,Built Puff Strawberries N Cream Protein Bar 1.41 Oz,no_promo,No price reduction,1,0.0359,0.0359,0.0359,0.0359,,21.4,,0.0,2.57,2.57,2025-11-10T00:00:00.000Z,Display,,,,0.0359,observational
HY-VEE,CONVENTIONAL|FOOD,08-40229-30577,Built Puff Salted Caramel Protein Bar 1.41 Oz (4 Pk),0_10pct,<10% off,23,0.0429,0.0139,0.0074,0.0318,32.5826,54.3429,,0.0786,11.27,11.35,2026-03-30T00:00:00.000Z,TPR,,,,0.0429,observational
HY-VEE,CONVENTIONAL|FOOD,08-40229-30577,Built Puff Salted Caramel Protein Bar 1.41 Oz (4 Pk),10_20pct,10–20% off,33,0.1681,0.0645,0.0154,0.3774,40.3667,69.5091,48.15,0.1284,10.54,11.05,2026-04-13T00:00:00.000Z,TPR,,,,0.1681,observational
HY-VEE,CONVENTIONAL|FOOD,08-40229-30578,Built Puff Salted Caramel Protein Bar 1.41 Oz (12 Pk),0_10pct,<10% off,3,,,,,7.8333,,,0.0497,28.65,29.98,2025-09-29T00:00:00.000Z,Unknown,,,,,observational
HY-VEE,CONVENTIONAL|FOOD,08-40229-30578,Built Puff Salted Caramel Protein Bar 1.41 Oz (12 Pk),10_20pct,10–20% off,1,,,,,0.0,,,0.101,26.99,30.02,2026-02-16T00:00:00.000Z,Unknown,,,,,observational
HY-VEE,CONVENTIONAL|FOOD,08-40229-30581,Built Puff Cookies N Cream Protein Bar 1.41 Oz (4 Pk),0_10pct,<10% off,25,0.0322,0.0124,0.0077,0.0373,25.644,46.9333,,0.0675,11.07,11.14,2026-03-30T00:00:00.000Z,TPR,,,,0.0322,observational
HY-VEE,CONVENTIONAL|FOOD,08-40229-30581,Built Puff Cookies N Cream Protein Bar 1.41 Oz (4 Pk),10_20pct,10–20% off,29,0.1554,0.0316,0.0114,0.3612,53.2429,65.6,60.15,0.1258,10.55,10.99,2026-04-13T00:00:00.000Z,TPR,,,,0.1554,observational
HY-VEE,CONVENTIONAL|FOOD,08-40229-30581,Built Puff Cookies N Cream Protein Bar 1.41 Oz (4 Pk),20_30pct,20–30% off,1,,,,,0.0,,,0.231,11.43,11.46,2025-09-15T00:00:00.000Z,Unknown,,,,,observational
HY-VEE,CONVENTIONAL|FOOD,08-40229-30582,Built Puff Cookies N Cream Protein Bar 1.41 Oz (12 Pk),30pct_plus,≥30% off,2,,,,,36.2,,,0.4995,29.99,59.92,2026-03-02T00:00:00.000Z,Unknown,,,,,observational
HY-VEE,CONVENTIONAL|FOOD,08-40229-30614,Built Puff Strawberries N Cream Protein Bars 1.41oz (4pk),0_10pct,<10% off,4,0.2052,0.2006,0.0809,0.3248,58.1,132.6,40.7,0.0752,9.7,10.04,2026-04-13T00:00:00.000Z,Display,,,,0.2052,observational
HY-VEE,CONVENTIONAL|FOOD,08-40229-30614,Built Puff Strawberries N Cream Protein Bars 1.41oz (4pk),10_20pct,10–20% off,11,0.0495,0.0408,0.0356,0.0458,42.8364,120.6125,,0.1235,9.99,10.23,2026-03-30T00:00:00.000Z,Display,,,,0.0495,observational
HY-VEE,CONVENTIONAL|FOOD,08-40229-30615,Built Puff Chocolatey Hazelnut  1.41oz,0_10pct,<10% off,10,0.2177,0.2201,0.1797,0.2484,28.2222,86.5,,0.0479,2.74,2.79,2025-12-15T00:00:00.000Z,Display,,,,0.2177,observational
HY-VEE,CONVENTIONAL|FOOD,08-40229-30615,Built Puff Chocolatey Hazelnut  1.41oz,10_20pct,10–20% off,4,0.0448,0.0434,0.0283,0.0599,14.375,17.45,,0.1518,2.63,2.74,2026-03-02T00:00:00.000Z,Display,,,,0.0448,observational
HY-VEE,CONVENTIONAL|FOOD,08-40229-30615,Built Puff Chocolatey Hazelnut  1.41oz,20_30pct,20–30% off,5,0.2352,0.2699,0.08,0.3101,19.66,45.04,46.65,0.2306,2.38,2.74,2026-02-23T00:00:00.000Z,Display,,,,0.2352,observational
HY-VEE,CONVENTIONAL|FOOD,08-40229-30615,Built Puff Chocolatey Hazelnut  1.41oz,30pct_plus,≥30% off,8,0.7472,0.7344,0.2762,1.0943,220.675,77.96,,0.5135,1.85,2.67,2026-04-13T00:00:00.000Z,TPR,,,,0.7472,observational
HY-VEE,CONVENTIONAL|FOOD,08-40229-30616,Built Puff Chocolatey Hazelnut 16.93oz (12pk),10_20pct,10–20% off,1,,,,,0.0,,,0.175,24.74,30.0,2026-02-16T00:00:00.000Z,Unknown,,,,,observational
HY-VEE,CONVENTIONAL|FOOD,08-40229-30616,Built Puff Chocolatey Hazelnut 16.93oz (12pk),30pct_plus,≥30% off,1,,,,,9.9,,,0.723,8.3,29.94,2026-03-30T00:00:00.000Z,TPR,,,,,observational
HY-VEE,CONVENTIONAL|FOOD,08-40229-30642,Built Puff Peanut Butter Protein Bar 1.41 Oz,0_10pct,<10% off,14,0.0112,0.0074,0.002,0.0114,25.2643,40.5167,,0.0774,2.93,2.94,2026-04-13T00:00:00.000Z,TPR,,,,0.0112,observational
HY-VEE,CONVENTIONAL|FOOD,08-40229-30642,Built Puff Peanut Butter Protein Bar 1.41 Oz,10_20pct,10–20% off,19,0.0927,0.0297,0.0071,0.0507,25.7263,65.4769,57.85,0.1355,2.85,2.94,2026-03-30T00:00:00.000Z,TPR,,,,0.0927,observational
HY-VEE,CONVENTIONAL|FOOD,08-40229-30642,Built Puff Peanut Butter Protein Bar 1.41 Oz,20_30pct,20–30% off,5,0.0296,0.0135,0.0063,0.0206,34.7,0.0,,0.2124,2.83,2.94,2025-10-13T00:00:00.000Z,TPR,,,,0.0296,observational
HY-VEE,CONVENTIONAL|FOOD,08-40229-30643,Built Puff Peanut Butter Puff Bar 1.41oz (12pk),10_20pct,10–20% off,1,,,,,,156.4,,0.104,31.56,35.24,2026-01-12T00:00:00.000Z,Display,,,,,observational
HY-VEE,CONVENTIONAL|FOOD,08-40229-30643,Built Puff Peanut Butter Puff Bar 1.41oz (12pk),no_promo,No price reduction,1,,,,,,143.9,,0.0,32.99,32.99,2026-01-26T00:00:00.000Z,Display,,,,,observational
HY-VEE,CONVENTIONAL|FOOD,08-40229-30646,Built Puff Peanut Butter Cup Protein Bar 1.41 Oz (4 Pk),0_10pct,<10% off,8,0.1075,0.032,0.0259,0.1122,46.0375,74.0333,39.15,0.0851,9.9,10.1,2026-04-13T00:00:00.000Z,TPR,,,,0.1075,observational
HY-VEE,CONVENTIONAL|FOOD,08-40229-30646,Built Puff Peanut Butter Cup Protein Bar 1.41 Oz (4 Pk),10_20pct,10–20% off,7,0.0462,0.0288,0.0139,0.0437,49.7429,46.15,,0.1214,10.08,10.27,2026-03-23T00:00:00.000Z,TPR,,,,0.0462,observational
HY-VEE,CONVENTIONAL|FOOD,08-40229-30651,Built Protein Bar Puff Sour Peach 1.45 Oz,0_10pct,<10% off,6,0.0227,0.0223,0.0132,0.0249,31.1833,41.7667,,0.0783,2.89,2.91,2026-02-23T00:00:00.000Z,Display,,,,0.0227,observational
HY-VEE,CONVENTIONAL|FOOD,08-40229-30651,Built Protein Bar Puff Sour Peach 1.45 Oz,10_20pct,10–20% off,7,0.0374,0.0279,0.0184,0.0595,32.9143,98.96,,0.1579,2.87,2.93,2026-04-13T00:00:00.000Z,Display,,,,0.0374,observational
HY-VEE,CONVENTIONAL|FOOD,08-40229-30652,Built Sweet Peach Punch Sour Puff 1.45 Oz (4pk),0_10pct,<10% off,3,0.1462,0.1723,0.1125,0.193,15.9,83.1333,,0.0603,9.77,9.98,2026-04-13T00:00:00.000Z,Display,,,,0.1462,observational
HY-VEE,CONVENTIONAL|FOOD,08-40229-30652,Built Sweet Peach Punch Sour Puff 1.45 Oz (4pk),10_20pct,10–20% off,4,0.2185,0.2321,0.164,0.2798,64.775,79.05,,0.1387,9.85,10.28,2026-04-06T00:00:00.000Z,TPR,,,,0.2185,observational
HY-VEE,CONVENTIONAL|FOOD,08-40229-30652,Built Sweet Peach Punch Sour Puff 1.45 Oz (4pk),30pct_plus,≥30% off,1,,,,,0.0,,,0.327,10.0,10.3,2026-02-23T00:00:00.000Z,Unknown,,,,,observational
HY-VEE,CONVENTIONAL|FOOD,08-40229-30653,Built Puff Sour Blu Razz Blast Bar 1.45 Oz,0_10pct,<10% off,2,0.0254,0.0254,0.0189,0.0319,49.4,86.55,,0.067,2.89,2.9,2026-02-16T00:00:00.000Z,Display,,,,0.0254,observational
HY-VEE,CONVENTIONAL|FOOD,08-40229-30653,Built Puff Sour Blu Razz Blast Bar 1.45 Oz,10_20pct,10–20% off,11,0.0293,0.0304,0.0208,0.0339,62.2273,33.0143,,0.1249,2.9,2.94,2026-04-13T00:00:00.000Z,TPR,,,,0.0293,observational
HY-VEE,CONVENTIONAL|FOOD,08-40229-30654,Built Sweet Sour Puff Blue Raz Blast 1.45 Oz (4pk),0_10pct,<10% off,3,0.1317,0.0484,0.0428,0.179,30.6,45.2,,0.0783,9.87,10.19,2026-04-13T00:00:00.000Z,TPR,,,,0.1317,observational
HY-VEE,CONVENTIONAL|FOOD,08-40229-30654,Built Sweet Sour Puff Blue Raz Blast 1.45 Oz (4pk),10_20pct,10–20% off,8,0.0713,0.0518,0.0316,0.0828,16.2375,42.9667,,0.1171,9.94,10.23,2026-04-06T00:00:00.000Z,TPR,,,,0.0713,observational
HY-VEE,CONVENTIONAL|FOOD,08-40229-30655,Built Puff Sour Green Apple Crush Bar 1.45 Oz,0_10pct,<10% off,6,0.0227,0.023,0.0151,0.0328,31.95,91.75,,0.081,2.91,2.93,2026-02-23T00:00:00.000Z,Display,,,,0.0227,observational
HY-VEE,CONVENTIONAL|FOOD,08-40229-30655,Built Puff Sour Green Apple Crush Bar 1.45 Oz,10_20pct,10–20% off,7,0.0422,0.0323,0.0257,0.0638,37.5857,37.24,,0.14,2.88,2.94,2026-04-13T00:00:00.000Z,TPR,,,,0.0422,observational
HY-VEE,CONVENTIONAL|FOOD,08-40229-30656,Built Green Apple Crush Sour Puff 1.45 Oz (4pk),0_10pct,<10% off,6,0.1422,0.1445,0.0605,0.2262,28.7833,39.3,,0.0843,9.88,10.14,2026-04-13T00:00:00.000Z,TPR,,,,0.1422,observational
HY-VEE,CONVENTIONAL|FOOD,08-40229-30656,Built Green Apple Crush Sour Puff 1.45 Oz (4pk),10_20pct,10–20% off,5,0.0235,0.0162,0.0095,0.0302,3.02,160.9,,0.1136,10.07,10.36,2026-03-23T00:00:00.000Z,TPR,,,,0.0235,observational
INFRA,NATURAL EXPANDED,00-40962-48332,Built Bar Double Choclt Prtn Br 1.73oz (16pk),0_10pct,<10% off,3,,,,,,,,0.0503,2.72,2.75,2023-08-07T00:00:00.000Z,Unknown,,,,,observational
INFRA,NATURAL EXPANDED,00-40962-48332,Built Bar Double Choclt Prtn Br 1.73oz (16pk),10_20pct,10–20% off,4,,,,,,,,0.1655,2.33,2.8,2024-04-01T00:00:00.000Z,Unknown,,,,,observational
INFRA,NATURAL EXPANDED,00-40962-48338,Built Bar Raspberry Protn Bar 1.73 Oz (16 Pk),0_10pct,<10% off,1,,,,,,,,0.055,2.54,2.67,2023-09-11T00:00:00.000Z,Unknown,,,,,observational
INFRA,NATURAL EXPANDED,00-40962-48338,Built Bar Raspberry Protn Bar 1.73 Oz (16 Pk),20_30pct,20–30% off,1,,,,,,,,0.265,2.53,3.04,2023-08-14T00:00:00.000Z,Unknown,,,,,observational
INFRA,NATURAL EXPANDED,00-40962-48350,Built Bar Mint Brownie Choc 1.73 Oz (18 Pk),0_10pct,<10% off,8,0.1896,0.1896,0.1311,0.2482,,,,0.0665,2.69,2.78,2025-03-31T00:00:00.000Z,Unknown,,,,0.1896,observational
INFRA,NATURAL EXPANDED,00-40962-48350,Built Bar Mint Brownie Choc 1.73 Oz (18 Pk),10_20pct,10–20% off,10,,,,,,,,0.1683,2.36,2.77,2025-05-26T00:00:00.000Z,Unknown,,,,,observational
INFRA,NATURAL EXPANDED,00-40962-48350,Built Bar Mint Brownie Choc 1.73 Oz (18 Pk),20_30pct,20–30% off,7,,,,,,,,0.2779,2.26,2.79,2025-05-05T00:00:00.000Z,Unknown,,,,,observational
INFRA,NATURAL EXPANDED,00-40962-48350,Built Bar Mint Brownie Choc 1.73 Oz (18 Pk),30pct_plus,≥30% off,3,0.1887,0.1887,0.1887,0.1887,,,,0.3137,2.37,2.79,2024-09-30T00:00:00.000Z,Unknown,,,,0.1887,observational
INFRA,NATURAL EXPANDED,00-40962-48446,Built Bar Pnt Bttr Brwn Prtn Br 1.73oz (16pk),20_30pct,20–30% off,1,0.2959,0.2959,0.2959,0.2959,,,,0.263,2.49,2.79,2023-07-31T00:00:00.000Z,Unknown,,,,0.2959,observational
INFRA,NATURAL EXPANDED,08-40229-30034,Built Puff Salted Caramel Protein Bar 1.41 Oz,0_10pct,<10% off,16,0.0757,0.0556,0.0357,0.0934,,,,0.081,2.99,3.05,2026-03-23T00:00:00.000Z,Unknown,,,,0.0757,observational
INFRA,NATURAL EXPANDED,08-40229-30034,Built Puff Salted Caramel Protein Bar 1.41 Oz,10_20pct,10–20% off,37,0.0719,0.0576,0.0277,0.0897,,,,0.1321,2.94,3.03,2026-04-13T00:00:00.000Z,Unknown,,,,0.0719,observational
INFRA,NATURAL EXPANDED,08-40229-30034,Built Puff Salted Caramel Protein Bar 1.41 Oz,20_30pct,20–30% off,12,0.1095,0.0727,0.0503,0.1656,,,,0.2217,2.89,3.03,2026-01-26T00:00:00.000Z,Unknown,,,,0.1095,observational
INFRA,NATURAL EXPANDED,08-40229-30037,Built Puff Coconut Protein Bar 1.41 Oz,0_10pct,<10% off,14,0.1794,0.1554,0.0828,0.2367,,,,0.0787,3.03,3.09,2026-03-30T00:00:00.000Z,Unknown,,,,0.1794,observational
INFRA,NATURAL EXPANDED,08-40229-30037,Built Puff Coconut Protein Bar 1.41 Oz,10_20pct,10–20% off,85,0.1351,0.1079,0.0421,0.1539,,,,0.1373,2.91,3.02,2026-04-13T00:00:00.000Z,Unknown,,,,0.1351,observational
INFRA,NATURAL EXPANDED,08-40229-30037,Built Puff Coconut Protein Bar 1.41 Oz,20_30pct,20–30% off,12,0.1074,0.08,0.0611,0.1539,,,,0.2224,2.82,3.04,2026-01-19T00:00:00.000Z,Unknown,,,,0.1074,observational
INFRA,NATURAL EXPANDED,08-40229-30037,Built Puff Coconut Protein Bar 1.41 Oz,30pct_plus,≥30% off,5,0.0789,0.0738,0.0447,0.1106,,,,0.3788,2.69,2.98,2025-08-04T00:00:00.000Z,Unknown,,,,0.0789,observational
INFRA,NATURAL EXPANDED,08-40229-30050,Built Puff Churro Protein Bar 1.41 Oz,0_10pct,<10% off,28,0.0634,0.0323,0.014,0.0709,,,,0.0759,3.03,3.08,2026-03-16T00:00:00.000Z,Unknown,,,,0.0634,observational
INFRA,NATURAL EXPANDED,08-40229-30050,Built Puff Churro Protein Bar 1.41 Oz,10_20pct,10–20% off,47,0.159,0.0814,0.0366,0.2349,,,,0.145,2.94,3.07,2026-04-13T00:00:00.000Z,Unknown,,,,0.159,observational
INFRA,NATURAL EXPANDED,08-40229-30050,Built Puff Churro Protein Bar 1.41 Oz,20_30pct,20–30% off,17,0.5592,0.2366,0.055,0.3812,,,,0.2422,2.84,3.02,2026-02-09T00:00:00.000Z,Unknown,,,,0.5592,observational
INFRA,NATURAL EXPANDED,08-40229-30050,Built Puff Churro Protein Bar 1.41 Oz,30pct_plus,≥30% off,7,0.5182,0.4217,0.2857,0.7024,,,,0.5026,2.41,2.97,2024-11-25T00:00:00.000Z,Unknown,,,,0.5182,observational
INFRA,NATURAL EXPANDED,08-40229-30053,Built Puff Banana Cream Pie Protein Bar 1.41 Oz,0_10pct,<10% off,33,0.2759,0.1926,0.1322,0.371,,,,0.071,2.74,2.82,2026-03-30T00:00:00.000Z,Unknown,,,,0.2759,observational
INFRA,NATURAL EXPANDED,08-40229-30053,Built Puff Banana Cream Pie Protein Bar 1.41 Oz,10_20pct,10–20% off,18,0.3288,0.2625,0.175,0.3132,,,,0.1503,2.66,2.86,2026-03-16T00:00:00.000Z,Unknown,,,,0.3288,observational
INFRA,NATURAL EXPANDED,08-40229-30053,Built Puff Banana Cream Pie Protein Bar 1.41 Oz,20_30pct,20–30% off,7,0.1035,0.0708,0.0555,0.1188,,,,0.2203,2.59,2.83,2026-04-13T00:00:00.000Z,Unknown,,,,0.1035,observational
INFRA,NATURAL EXPANDED,08-40229-30053,Built Puff Banana Cream Pie Protein Bar 1.41 Oz,30pct_plus,≥30% off,4,0.011,0.011,0.0075,0.0145,,,,0.4208,2.66,2.86,2025-08-11T00:00:00.000Z,Unknown,,,,0.011,observational
INFRA,NATURAL EXPANDED,08-40229-30071,Built Double Chocolate Fudge Bar 1.69oz,0_10pct,<10% off,3,0.2588,0.2588,0.2556,0.2621,,,,0.0937,2.04,2.25,2024-04-15T00:00:00.000Z,Unknown,,,,0.2588,observational
INFRA,NATURAL EXPANDED,08-40229-30071,Built Double Chocolate Fudge Bar 1.69oz,10_20pct,10–20% off,3,,,,,,,,0.159,2.48,2.61,2025-02-24T00:00:00.000Z,Unknown,,,,,observational
INFRA,NATURAL EXPANDED,08-40229-30071,Built Double Chocolate Fudge Bar 1.69oz,20_30pct,20–30% off,3,,,,,,,,0.2223,2.51,2.97,2025-10-13T00:00:00.000Z,Unknown,,,,,observational
INFRA,NATURAL EXPANDED,08-40229-30071,Built Double Chocolate Fudge Bar 1.69oz,30pct_plus,≥30% off,3,0.0392,0.0392,0.0392,0.0392,,,,0.4433,1.7,2.66,2025-01-27T00:00:00.000Z,Unknown,,,,0.0392,observational
INFRA,NATURAL EXPANDED,08-40229-30099,Built Coconut Bar 1.69oz,0_10pct,<10% off,10,1.1164,0.469,0.3584,1.5507,,,,0.0681,2.78,2.9,2025-10-20T00:00:00.000Z,Unknown,,,,1.1164,observational
INFRA,NATURAL EXPANDED,08-40229-30099,Built Coconut Bar 1.69oz,10_20pct,10–20% off,12,0.4939,0.2344,0.1987,0.6593,,,,0.1697,2.45,2.83,2025-03-31T00:00:00.000Z,Unknown,,,,0.4939,observational
INFRA,NATURAL EXPANDED,08-40229-30099,Built Coconut Bar 1.69oz,20_30pct,20–30% off,5,0.1767,0.1767,0.1175,0.2359,,,,0.246,2.44,2.74,2024-12-30T00:00:00.000Z,Unknown,,,,0.1767,observational
INFRA,NATURAL EXPANDED,08-40229-30099,Built Coconut Bar 1.69oz,30pct_plus,≥30% off,3,,,,,,,,0.334,2.2,2.71,2024-07-29T00:00:00.000Z,Unknown,,,,,observational
INFRA,NATURAL EXPANDED,08-40229-30107,Built Mint Brownie Bar 1.69oz,0_10pct,<10% off,3,,,,,,,,0.0787,3.0,3.18,2025-01-13T00:00:00.000Z,Unknown,,,,,observational
INFRA,NATURAL EXPANDED,08-40229-30107,Built Mint Brownie Bar 1.69oz,10_20pct,10–20% off,13,1.2338,1.2338,0.7395,1.728,,,,0.1648,2.92,3.24,2025-02-03T00:00:00.000Z,Unknown,,,,1.2338,observational
INFRA,NATURAL EXPANDED,08-40229-30107,Built Mint Brownie Bar 1.69oz,20_30pct,20–30% off,2,,,,,,,,0.2395,3.08,3.51,2024-07-29T00:00:00.000Z,Unknown,,,,,observational
INFRA,NATURAL EXPANDED,08-40229-30111,Built Cherry Barcia Bar 1.72oz,0_10pct,<10% off,1,0.3548,0.3548,0.3548,0.3548,,,,0.077,2.35,2.46,2023-09-18T00:00:00.000Z,Unknown,,,,0.3548,observational
INFRA,NATURAL EXPANDED,08-40229-30111,Built Cherry Barcia Bar 1.72oz,20_30pct,20–30% off,1,,,,,,,,0.22,1.75,2.25,2023-10-16T00:00:00.000Z,Unknown,,,,,observational
INFRA,NATURAL EXPANDED,08-40229-30115,Built Peanut Butter Bar 1.69oz,0_10pct,<10% off,16,0.0882,0.0882,0.0882,0.0882,,,,0.0681,2.46,2.57,2025-01-06T00:00:00.000Z,Unknown,,,,0.0882,observational
INFRA,NATURAL EXPANDED,08-40229-30115,Built Peanut Butter Bar 1.69oz,10_20pct,10–20% off,6,0.7302,0.7302,0.7302,0.7302,,,,0.1937,2.4,2.79,2025-03-03T00:00:00.000Z,Unknown,,,,0.7302,observational
INFRA,NATURAL EXPANDED,08-40229-30115,Built Peanut Butter Bar 1.69oz,20_30pct,20–30% off,3,0.5811,0.5811,0.5811,0.5811,,,,0.2253,2.11,2.61,2025-04-28T00:00:00.000Z,Unknown,,,,0.5811,observational
INFRA,NATURAL EXPANDED,08-40229-30115,Built Peanut Butter Bar 1.69oz,30pct_plus,≥30% off,5,,,,,,,,0.4888,1.54,2.7,2025-04-21T00:00:00.000Z,Unknown,,,,,observational
INFRA,NATURAL EXPANDED,08-40229-30119,Built Satled Caramel Bar 1.69oz,0_10pct,<10% off,15,0.164,0.0997,0.0806,0.3147,,,,0.0787,2.95,3.03,2025-10-06T00:00:00.000Z,Unknown,,,,0.164,observational
INFRA,NATURAL EXPANDED,08-40229-30119,Built Satled Caramel Bar 1.69oz,10_20pct,10–20% off,14,0.1562,0.1006,0.0679,0.2227,,,,0.1484,2.8,2.94,2025-03-10T00:00:00.000Z,Unknown,,,,0.1562,observational
INFRA,NATURAL EXPANDED,08-40229-30119,Built Satled Caramel Bar 1.69oz,20_30pct,20–30% off,6,0.2896,0.2896,0.2382,0.341,,,,0.2427,2.66,2.91,2025-01-27T00:00:00.000Z,Unknown,,,,0.2896,observational
INFRA,NATURAL EXPANDED,08-40229-30119,Built Satled Caramel Bar 1.69oz,30pct_plus,≥30% off,1,,,,,,,,0.392,2.93,3.02,2024-11-25T00:00:00.000Z,Unknown,,,,,observational
INFRA,NATURAL EXPANDED,08-40229-30130,Built Cookies & Cream Bar 1.69oz,0_10pct,<10% off,21,0.5978,0.21,0.0896,0.3842,,,,0.0713,2.63,2.73,2025-04-28T00:00:00.000Z,Unknown,,,,0.5978,observational
INFRA,NATURAL EXPANDED,08-40229-30130,Built Cookies & Cream Bar 1.69oz,10_20pct,10–20% off,12,0.1915,0.1257,0.0781,0.2971,,,,0.149,2.77,2.92,2025-04-21T00:00:00.000Z,Unknown,,,,0.1915,observational
INFRA,NATURAL EXPANDED,08-40229-30130,Built Cookies & Cream Bar 1.69oz,20_30pct,20–30% off,10,0.1666,0.1507,0.0914,0.2663,,,,0.2366,2.62,2.88,2025-04-14T00:00:00.000Z,Unknown,,,,0.1666,observational
INFRA,NATURAL EXPANDED,08-40229-30130,Built Cookies & Cream Bar 1.69oz,30pct_plus,≥30% off,2,,,,,,,,0.329,2.23,2.51,2024-09-16T00:00:00.000Z,Unknown,,,,,observational
INFRA,NATURAL EXPANDED,08-40229-30148,Built Bar Strawberry Choc Protein Bar 1.7oz,0_10pct,<10% off,4,,,,,,,,0.0578,2.25,2.39,2023-09-18T00:00:00.000Z,Unknown,,,,,observational
INFRA,NATURAL EXPANDED,08-40229-30148,Built Bar Strawberry Choc Protein Bar 1.7oz,30pct_plus,≥30% off,1,,,,,,,,0.655,0.82,2.38,2023-10-16T00:00:00.000Z,Unknown,,,,,observational
INFRA,NATURAL EXPANDED,08-40229-30209,Built Puff Coconut Protein Bar 1.41 Oz (12 Pk),20_30pct,20–30% off,1,,,,,,,,0.2,27.96,34.96,2025-12-08T00:00:00.000Z,Unknown,,,,,observational
INFRA,NATURAL EXPANDED,08-40229-30221,Built Brownie Batter Puff 1.41oz,0_10pct,<10% off,6,0.299,0.2838,0.2819,0.3086,,,,0.0788,2.76,2.99,2025-06-30T00:00:00.000Z,Unknown,,,,0.299,observational
INFRA,NATURAL EXPANDED,08-40229-30221,Built Brownie Batter Puff 1.41oz,10_20pct,10–20% off,3,,,,,,,,0.112,2.66,2.99,2024-12-23T00:00:00.000Z,Unknown,,,,,observational
INFRA,NATURAL EXPANDED,08-40229-30221,Built Brownie Batter Puff 1.41oz,30pct_plus,≥30% off,1,,,,,,,,0.325,2.02,2.99,2025-03-31T00:00:00.000Z,Unknown,,,,,observational
INFRA,NATURAL EXPANDED,08-40229-30223,Built Vanilla Cream  Bar 1.69oz,0_10pct,<10% off,2,,,,,,,,0.075,2.24,2.42,2023-08-28T00:00:00.000Z,Unknown,,,,,observational
INFRA,NATURAL EXPANDED,08-40229-30249,Built Candy Cane Brownie Bar 1.51oz,10_20pct,10–20% off,1,,,,,,,,0.166,2.33,2.79,2024-12-09T00:00:00.000Z,Unknown,,,,,observational
INFRA,NATURAL EXPANDED,08-40229-30249,Built Candy Cane Brownie Bar 1.51oz,20_30pct,20–30% off,1,,,,,,,,0.201,2.23,2.79,2023-09-11T00:00:00.000Z,Unknown,,,,,observational
INFRA,NATURAL EXPANDED,08-40229-30249,Built Candy Cane Brownie Bar 1.51oz,30pct_plus,≥30% off,2,,,,,,,,0.3295,2.46,2.9,2025-01-06T00:00:00.000Z,Unknown,,,,,observational
INFRA,NATURAL EXPANDED,08-40229-30258,Built Salted Caramel Bar 1.69oz (12pk),10_20pct,10–20% off,1,,,,,,,,0.123,23.72,27.06,2024-04-15T00:00:00.000Z,Unknown,,,,,observational
INFRA,NATURAL EXPANDED,08-40229-30284,Built Orange Dreamsicle Puff 1.41oz,0_10pct,<10% off,1,,,,,,,,0.089,2.9,3.19,2026-02-02T00:00:00.000Z,Unknown,,,,,observational
INFRA,NATURAL EXPANDED,08-40229-30294,Built Birthday Cake Puff 1.45oz,10_20pct,10–20% off,13,0.3364,0.3269,0.2788,0.3893,,,,0.1827,2.48,2.8,2024-02-05T00:00:00.000Z,Unknown,,,,0.3364,observational
INFRA,NATURAL EXPANDED,08-40229-30294,Built Birthday Cake Puff 1.45oz,20_30pct,20–30% off,1,,,,,,,,0.248,2.34,2.79,2023-09-18T00:00:00.000Z,Unknown,,,,,observational
INFRA,NATURAL EXPANDED,08-40229-30322,Built Coconut Granola Bar 1.9oz,30pct_plus,≥30% off,1,,,,,,,,0.314,2.05,2.98,2023-08-21T00:00:00.000Z,Unknown,,,,,observational
INFRA,NATURAL EXPANDED,08-40229-30333,Built Puff Cookie Dough Chunk Protein Bar 1.55 Oz,0_10pct,<10% off,16,0.0669,0.0557,0.0381,0.0823,,,,0.0894,2.92,3.04,2026-03-23T00:00:00.000Z,Unknown,,,,0.0669,observational
INFRA,NATURAL EXPANDED,08-40229-30333,Built Puff Cookie Dough Chunk Protein Bar 1.55 Oz,10_20pct,10–20% off,61,0.1074,0.0659,0.0376,0.1286,,,,0.1516,2.93,3.04,2026-04-13T00:00:00.000Z,Unknown,,,,0.1074,observational
INFRA,NATURAL EXPANDED,08-40229-30333,Built Puff Cookie Dough Chunk Protein Bar 1.55 Oz,20_30pct,20–30% off,20,0.1905,0.1102,0.0801,0.1925,,,,0.2336,2.7,2.95,2026-01-19T00:00:00.000Z,Unknown,,,,0.1905,observational
INFRA,NATURAL EXPANDED,08-40229-30333,Built Puff Cookie Dough Chunk Protein Bar 1.55 Oz,30pct_plus,≥30% off,10,0.0866,0.0803,0.0678,0.0833,,,,0.3605,2.52,2.8,2024-10-21T00:00:00.000Z,Unknown,,,,0.0866,observational
INFRA,NATURAL EXPANDED,08-40229-30334,Built Puff Cookie Dough Chunk Protein Bar 1.55 Oz (12 Pk),20_30pct,20–30% off,1,,,,,,,,0.2,28.04,35.04,2026-02-02T00:00:00.000Z,Unknown,,,,,observational
INFRA,NATURAL EXPANDED,08-40229-30335,Built Mud Pie Bar 1.8oz,0_10pct,<10% off,4,0.0794,0.0794,0.0794,0.0794,,,,0.0745,2.41,2.59,2024-02-05T00:00:00.000Z,Unknown,,,,0.0794,observational
INFRA,NATURAL EXPANDED,08-40229-30335,Built Mud Pie Bar 1.8oz,10_20pct,10–20% off,8,0.4308,0.4308,0.4308,0.4308,,,,0.1285,2.33,2.61,2024-02-12T00:00:00.000Z,Unknown,,,,0.4308,observational
INFRA,NATURAL EXPANDED,08-40229-30335,Built Mud Pie Bar 1.8oz,20_30pct,20–30% off,2,,,,,,,,0.2885,1.98,2.79,2024-08-12T00:00:00.000Z,Unknown,,,,,observational
INFRA,NATURAL EXPANDED,08-40229-30335,Built Mud Pie Bar 1.8oz,30pct_plus,≥30% off,6,,,,,,,,0.6198,2.49,4.82,2023-12-04T00:00:00.000Z,Unknown,,,,,observational
INFRA,NATURAL EXPANDED,08-40229-30341,Built Coconut Brownie Chunk Puff 1.52oz,0_10pct,<10% off,4,1.3062,1.3062,0.8416,1.7707,,,,0.0705,2.52,2.68,2025-01-27T00:00:00.000Z,Unknown,,,,1.3062,observational
INFRA,NATURAL EXPANDED,08-40229-30341,Built Coconut Brownie Chunk Puff 1.52oz,10_20pct,10–20% off,4,0.275,0.275,0.275,0.275,,,,0.1448,2.28,2.57,2023-12-25T00:00:00.000Z,Unknown,,,,0.275,observational
INFRA,NATURAL EXPANDED,08-40229-30341,Built Coconut Brownie Chunk Puff 1.52oz,20_30pct,20–30% off,3,,,,,,,,0.2217,2.25,2.74,2024-12-02T00:00:00.000Z,Unknown,,,,,observational
INFRA,NATURAL EXPANDED,08-40229-30341,Built Coconut Brownie Chunk Puff 1.52oz,30pct_plus,≥30% off,2,,,,,,,,0.4935,1.42,2.79,2024-11-25T00:00:00.000Z,Unknown,,,,,observational
INFRA,NATURAL EXPANDED,08-40229-30343,Built Puff Smores Chunk Protein Bar 1.52 Oz,0_10pct,<10% off,9,0.1379,0.1207,0.0718,0.1591,,,,0.0788,2.96,3.04,2026-04-13T00:00:00.000Z,Unknown,,,,0.1379,observational
INFRA,NATURAL EXPANDED,08-40229-30343,Built Puff Smores Chunk Protein Bar 1.52 Oz,10_20pct,10–20% off,6,0.2811,0.1982,0.0816,0.3978,,,,0.1352,2.81,2.93,2026-03-23T00:00:00.000Z,Unknown,,,,0.2811,observational
INFRA,NATURAL EXPANDED,08-40229-30343,Built Puff Smores Chunk Protein Bar 1.52 Oz,20_30pct,20–30% off,1,,,,,,,,0.201,1.96,2.07,2024-11-25T00:00:00.000Z,Unknown,,,,,observational
INFRA,NATURAL EXPANDED,08-40229-30343,Built Puff Smores Chunk Protein Bar 1.52 Oz,30pct_plus,≥30% off,3,0.0484,0.0484,0.0484,0.0484,,,,0.5557,2.02,2.87,2025-09-08T00:00:00.000Z,Unknown,,,,0.0484,observational
INFRA,NATURAL EXPANDED,08-40229-30345,Built Bar White Choc Peppermint Bar,10_20pct,10–20% off,1,,,,,,,,0.195,2.41,3.0,2023-11-20T00:00:00.000Z,Unknown,,,,,observational
INFRA,NATURAL EXPANDED,08-40229-30345,Built Bar White Choc Peppermint Bar,30pct_plus,≥30% off,2,,,,,,,,0.4985,1.5,3.0,2023-12-11T00:00:00.000Z,Unknown,,,,,observational
INFRA,NATURAL EXPANDED,08-40229-30347,Built Snickerdoodle Chunk Puff 1.52oz,10_20pct,10–20% off,1,,,,,,,,0.186,2.42,2.63,2023-07-31T00:00:00.000Z,Unknown,,,,,observational
INFRA,NATURAL EXPANDED,08-40229-30354,Built Maple Donut Puff 1.41oz,0_10pct,<10% off,5,0.4289,0.4289,0.2311,0.6268,,,,0.0664,2.71,2.82,2024-09-16T00:00:00.000Z,Unknown,,,,0.4289,observational
INFRA,NATURAL EXPANDED,08-40229-30354,Built Maple Donut Puff 1.41oz,10_20pct,10–20% off,13,0.4737,0.2167,0.1958,0.623,,,,0.1511,2.51,2.79,2024-11-25T00:00:00.000Z,Unknown,,,,0.4737,observational
INFRA,NATURAL EXPANDED,08-40229-30354,Built Maple Donut Puff 1.41oz,20_30pct,20–30% off,3,,,,,,,,0.2203,2.22,2.79,2024-07-22T00:00:00.000Z,Unknown,,,,,observational
INFRA,NATURAL EXPANDED,08-40229-30354,Built Maple Donut Puff 1.41oz,30pct_plus,≥30% off,1,,,,,,,,0.632,2.5,2.91,2024-07-08T00:00:00.000Z,Unknown,,,,,observational
INFRA,NATURAL EXPANDED,08-40229-30362,Built Puff Brownie Batter Protein Bar 1.41 Oz,0_10pct,<10% off,28,0.2759,0.1672,0.096,0.3329,,,,0.0677,2.92,2.99,2025-08-11T00:00:00.000Z,Unknown,,,,0.2759,observational
INFRA,NATURAL EXPANDED,08-40229-30362,Built Puff Brownie Batter Protein Bar 1.41 Oz,10_20pct,10–20% off,83,0.1369,0.0769,0.0422,0.144,,,,0.1427,2.95,3.09,2026-04-13T00:00:00.000Z,Unknown,,,,0.1369,observational
INFRA,NATURAL EXPANDED,08-40229-30362,Built Puff Brownie Batter Protein Bar 1.41 Oz,20_30pct,20–30% off,10,0.102,0.1001,0.0798,0.1237,,,,0.2303,2.84,3.02,2025-10-13T00:00:00.000Z,Unknown,,,,0.102,observational
INFRA,NATURAL EXPANDED,08-40229-30362,Built Puff Brownie Batter Protein Bar 1.41 Oz,30pct_plus,≥30% off,2,0.1407,0.1407,0.1407,0.1407,,,,0.441,2.83,3.06,2024-09-16T00:00:00.000Z,Unknown,,,,0.1407,observational
INFRA,NATURAL EXPANDED,08-40229-30363,Built Puff Brownie Batter Protein Bar 1.41 Oz (12 Pk),10_20pct,10–20% off,2,,,,,,,,0.1,31.52,35.03,2025-12-08T00:00:00.000Z,Unknown,,,,,observational
INFRA,NATURAL EXPANDED,08-40229-30380,Built Puff Brownie Batter Protein Bar 1.41 Oz (4 Pk),0_10pct,<10% off,6,,,,,,,,0.0603,11.44,11.97,2026-02-16T00:00:00.000Z,Unknown,,,,,observational
INFRA,NATURAL EXPANDED,08-40229-30380,Built Puff Brownie Batter Protein Bar 1.41 Oz (4 Pk),10_20pct,10–20% off,1,,,,,,,,0.124,11.92,12.43,2025-11-17T00:00:00.000Z,Unknown,,,,,observational
INFRA,NATURAL EXPANDED,08-40229-30380,Built Puff Brownie Batter Protein Bar 1.41 Oz (4 Pk),20_30pct,20–30% off,1,,,,,,,,0.25,9.41,12.54,2025-12-01T00:00:00.000Z,Unknown,,,,,observational
INFRA,NATURAL EXPANDED,08-40229-30381,Built Puff Coconut Protein Bar 1.41 Oz (4 Pk),0_10pct,<10% off,6,,,,,,,,0.0647,11.41,12.15,2025-11-24T00:00:00.000Z,Unknown,,,,,observational
INFRA,NATURAL EXPANDED,08-40229-30381,Built Puff Coconut Protein Bar 1.41 Oz (4 Pk),10_20pct,10–20% off,16,,,,,,,,0.101,11.27,12.24,2026-03-30T00:00:00.000Z,Unknown,,,,,observational
INFRA,NATURAL EXPANDED,08-40229-30381,Built Puff Coconut Protein Bar 1.41 Oz (4 Pk),20_30pct,20–30% off,1,,,,,,,,0.25,11.72,12.48,2025-12-01T00:00:00.000Z,Unknown,,,,,observational
INFRA,NATURAL EXPANDED,08-40229-30394,Built Puff Candy Cane Brownie Protein Bar 1.51 Oz,0_10pct,<10% off,3,0.4088,0.4088,0.4088,0.4088,,,,0.067,2.83,2.94,2026-03-30T00:00:00.000Z,Unknown,,,,0.4088,observational
INFRA,NATURAL EXPANDED,08-40229-30394,Built Puff Candy Cane Brownie Protein Bar 1.51 Oz,10_20pct,10–20% off,2,0.6471,0.6471,0.4269,0.8673,,,,0.125,2.55,2.74,2025-12-29T00:00:00.000Z,Unknown,,,,0.6471,observational
INFRA,NATURAL EXPANDED,08-40229-30394,Built Puff Candy Cane Brownie Protein Bar 1.51 Oz,20_30pct,20–30% off,5,0.2632,0.2632,0.2632,0.2632,,,,0.2532,2.26,2.82,2026-01-26T00:00:00.000Z,Unknown,,,,0.2632,observational
INFRA,NATURAL EXPANDED,08-40229-30394,Built Puff Candy Cane Brownie Protein Bar 1.51 Oz,30pct_plus,≥30% off,2,,,,,,,,0.5545,1.72,2.8,2024-11-18T00:00:00.000Z,Unknown,,,,,observational
INFRA,NATURAL EXPANDED,08-40229-30398,Built Bar Puff Cookies N Cream 1.41 Oz,10_20pct,10–20% off,1,,,,,,,,0.186,2.56,2.64,2023-07-31T00:00:00.000Z,Unknown,,,,,observational
INFRA,NATURAL EXPANDED,08-40229-30398,Built Bar Puff Cookies N Cream 1.41 Oz,20_30pct,20–30% off,1,,,,,,,,0.201,2.54,2.88,2023-09-11T00:00:00.000Z,Unknown,,,,,observational
INFRA,NATURAL EXPANDED,08-40229-30432,Built Puff Mint Chip Protein Bar 1.41 Oz,0_10pct,<10% off,23,0.2131,0.0415,0.0266,0.3834,,,,0.0807,2.91,2.98,2026-03-23T00:00:00.000Z,Unknown,,,,0.2131,observational
INFRA,NATURAL EXPANDED,08-40229-30432,Built Puff Mint Chip Protein Bar 1.41 Oz,10_20pct,10–20% off,54,0.1364,0.0431,0.0153,0.0907,,,,0.139,2.92,3.02,2026-04-13T00:00:00.000Z,Unknown,,,,0.1364,observational
INFRA,NATURAL EXPANDED,08-40229-30432,Built Puff Mint Chip Protein Bar 1.41 Oz,20_30pct,20–30% off,13,0.0723,0.0531,0.0293,0.0951,,,,0.2225,2.81,3.03,2026-03-02T00:00:00.000Z,Unknown,,,,0.0723,observational
INFRA,NATURAL EXPANDED,08-40229-30432,Built Puff Mint Chip Protein Bar 1.41 Oz,30pct_plus,≥30% off,9,,,,,,,,0.3793,2.46,2.83,2026-01-12T00:00:00.000Z,Unknown,,,,,observational
INFRA,NATURAL EXPANDED,08-40229-30449,Built Peanut Butter Puff 1.41oz,0_10pct,<10% off,7,0.2166,0.1724,0.1439,0.2672,,,,0.0767,2.59,2.78,2025-07-07T00:00:00.000Z,Unknown,,,,0.2166,observational
INFRA,NATURAL EXPANDED,08-40229-30449,Built Peanut Butter Puff 1.41oz,10_20pct,10–20% off,14,0.3909,0.2642,0.166,0.4891,,,,0.1185,2.53,2.76,2025-06-16T00:00:00.000Z,Unknown,,,,0.3909,observational
INFRA,NATURAL EXPANDED,08-40229-30449,Built Peanut Butter Puff 1.41oz,20_30pct,20–30% off,2,,,,,,,,0.201,2.54,3.04,2025-07-14T00:00:00.000Z,Unknown,,,,,observational
INFRA,NATURAL EXPANDED,08-40229-30449,Built Peanut Butter Puff 1.41oz,30pct_plus,≥30% off,1,,,,,,,,0.329,2.17,2.57,2025-02-03T00:00:00.000Z,Unknown,,,,,observational
INFRA,NATURAL EXPANDED,08-40229-30477,Built Banana Cream Pie Puff 1.41oz,10_20pct,10–20% off,4,,,,,,,,0.194,2.25,2.79,2024-03-18T00:00:00.000Z,Unknown,,,,,observational
INFRA,NATURAL EXPANDED,08-40229-30484,Built Puff Lemon Meringue Pie Puff 1.41 Oz,0_10pct,<10% off,2,,,,,,,,0.069,2.96,3.12,2025-11-03T00:00:00.000Z,Unknown,,,,,observational
INFRA,NATURAL EXPANDED,08-40229-30484,Built Puff Lemon Meringue Pie Puff 1.41 Oz,10_20pct,10–20% off,2,0.8764,0.8764,0.8764,0.8764,,,,0.144,2.83,3.22,2025-11-10T00:00:00.000Z,Unknown,,,,0.8764,observational
INFRA,NATURAL EXPANDED,08-40229-30510,Built Puff Pumpkin Cookie Chunk 1.52 Oz,0_10pct,<10% off,1,,,,,,,,0.086,2.9,2.94,2025-11-10T00:00:00.000Z,Unknown,,,,,observational
INFRA,NATURAL EXPANDED,08-40229-30510,Built Puff Pumpkin Cookie Chunk 1.52 Oz,10_20pct,10–20% off,1,,,,,,,,0.199,3.06,3.12,2025-12-15T00:00:00.000Z,Unknown,,,,,observational
INFRA,NATURAL EXPANDED,08-40229-30510,Built Puff Pumpkin Cookie Chunk 1.52 Oz,20_30pct,20–30% off,3,,,,,,,,0.2047,2.43,2.94,2025-10-13T00:00:00.000Z,Unknown,,,,,observational
INFRA,NATURAL EXPANDED,08-40229-30510,Built Puff Pumpkin Cookie Chunk 1.52 Oz,30pct_plus,≥30% off,1,,,,,,,,0.347,1.82,2.79,2024-03-11T00:00:00.000Z,Unknown,,,,,observational
INFRA,NATURAL EXPANDED,08-40229-30520,Built Smores Chunk Puff 1.5oz,30pct_plus,≥30% off,4,0.1106,0.1106,0.1106,0.1106,,,,0.6812,2.56,5.89,2024-01-01T00:00:00.000Z,Unknown,,,,0.1106,observational
INFRA,NATURAL EXPANDED,08-40229-30532,Built Red Velvet Creme Puff 1.41oz,10_20pct,10–20% off,1,,,,,,,,0.188,1.83,2.25,2023-11-20T00:00:00.000Z,Unknown,,,,,observational
INFRA,NATURAL EXPANDED,08-40229-30537,Built Puff Rocky Road Protein Bar 1.41 Oz,0_10pct,<10% off,4,0.0738,0.0738,0.0509,0.0967,,,,0.0543,3.14,3.18,2026-04-06T00:00:00.000Z,Unknown,,,,0.0738,observational
INFRA,NATURAL EXPANDED,08-40229-30537,Built Puff Rocky Road Protein Bar 1.41 Oz,10_20pct,10–20% off,5,0.2231,0.2231,0.1504,0.2957,,,,0.1292,3.08,3.18,2026-03-02T00:00:00.000Z,Unknown,,,,0.2231,observational
INFRA,NATURAL EXPANDED,08-40229-30550,Built Puff Cookies N Cream Protein Bar 1.41 Oz,0_10pct,<10% off,14,0.1313,0.055,0.0455,0.0839,,,,0.0856,2.98,3.04,2026-03-30T00:00:00.000Z,Unknown,,,,0.1313,observational
INFRA,NATURAL EXPANDED,08-40229-30550,Built Puff Cookies N Cream Protein Bar 1.41 Oz,10_20pct,10–20% off,43,0.1711,0.0715,0.0468,0.161,,,,0.14,2.88,2.99,2026-04-13T00:00:00.000Z,Unknown,,,,0.1711,observational
INFRA,NATURAL EXPANDED,08-40229-30550,Built Puff Cookies N Cream Protein Bar 1.41 Oz,20_30pct,20–30% off,9,0.2177,0.1383,0.0309,0.2354,,,,0.2436,2.81,3.05,2026-03-09T00:00:00.000Z,Unknown,,,,0.2177,observational
INFRA,NATURAL EXPANDED,08-40229-30550,Built Puff Cookies N Cream Protein Bar 1.41 Oz,30pct_plus,≥30% off,7,0.0662,0.0688,0.0282,0.1068,,,,0.3773,2.58,3.03,2025-12-29T00:00:00.000Z,Unknown,,,,0.0662,observational
INFRA,NATURAL EXPANDED,08-40229-30558,Built Puff Cookie Dough Chunk Protein Bar 1.55 Oz (4 Pk),0_10pct,<10% off,2,,,,,,,,0.056,11.83,12.12,2026-03-30T00:00:00.000Z,Unknown,,,,,observational
INFRA,NATURAL EXPANDED,08-40229-30558,Built Puff Cookie Dough Chunk Protein Bar 1.55 Oz (4 Pk),10_20pct,10–20% off,4,,,,,,,,0.1142,11.95,12.83,2025-10-27T00:00:00.000Z,Unknown,,,,,observational
INFRA,NATURAL EXPANDED,08-40229-30558,Built Puff Cookie Dough Chunk Protein Bar 1.55 Oz (4 Pk),20_30pct,20–30% off,1,,,,,,,,0.25,9.08,10.1,2026-02-16T00:00:00.000Z,Unknown,,,,,observational
INFRA,NATURAL EXPANDED,08-40229-30558,Built Puff Cookie Dough Chunk Protein Bar 1.55 Oz (4 Pk),30pct_plus,≥30% off,3,,,,,,,,0.45,9.47,12.39,2025-10-20T00:00:00.000Z,Unknown,,,,,observational
INFRA,NATURAL EXPANDED,08-40229-30561,Built Bar Puff Peanut Butter Cookie Chunk 1.52 Oz,0_10pct,<10% off,2,,,,,,,,0.077,2.38,2.59,2026-02-09T00:00:00.000Z,Unknown,,,,,observational
INFRA,NATURAL EXPANDED,08-40229-30561,Built Bar Puff Peanut Butter Cookie Chunk 1.52 Oz,10_20pct,10–20% off,4,,,,,,,,0.1442,2.51,2.88,2026-04-13T00:00:00.000Z,Unknown,,,,,observational
INFRA,NATURAL EXPANDED,08-40229-30561,Built Bar Puff Peanut Butter Cookie Chunk 1.52 Oz,20_30pct,20–30% off,2,0.1068,0.1068,0.1068,0.1068,,,,0.255,4.08,4.59,2026-03-30T00:00:00.000Z,Unknown,,,,0.1068,observational
INFRA,NATURAL EXPANDED,08-40229-30561,Built Bar Puff Peanut Butter Cookie Chunk 1.52 Oz,30pct_plus,≥30% off,4,0.4327,0.4327,0.3395,0.5259,,,,0.5017,2.32,3.99,2026-03-23T00:00:00.000Z,Unknown,,,,0.4327,observational
INFRA,NATURAL EXPANDED,08-40229-30569,Built Puff Chocolate Milkshake Protein Bar 1.41 Oz,0_10pct,<10% off,14,0.117,0.0586,0.0503,0.1416,,,,0.0674,2.82,2.9,2026-02-23T00:00:00.000Z,Unknown,,,,0.117,observational
INFRA,NATURAL EXPANDED,08-40229-30569,Built Puff Chocolate Milkshake Protein Bar 1.41 Oz,10_20pct,10–20% off,19,0.3118,0.2919,0.192,0.3907,,,,0.1345,3.01,3.13,2026-04-13T00:00:00.000Z,Unknown,,,,0.3118,observational
INFRA,NATURAL EXPANDED,08-40229-30569,Built Puff Chocolate Milkshake Protein Bar 1.41 Oz,20_30pct,20–30% off,7,0.2434,0.2434,0.148,0.3389,,,,0.2407,2.7,3.02,2026-01-12T00:00:00.000Z,Unknown,,,,0.2434,observational
INFRA,NATURAL EXPANDED,08-40229-30569,Built Puff Chocolate Milkshake Protein Bar 1.41 Oz,30pct_plus,≥30% off,2,,,,,,,,0.415,2.34,3.08,2025-12-08T00:00:00.000Z,Unknown,,,,,observational
INFRA,NATURAL EXPANDED,08-40229-30573,Built Puff Strawberries N Cream Protein Bar 1.41 Oz,0_10pct,<10% off,25,0.1309,0.0305,0.0194,0.1308,,,,0.0712,2.95,3.01,2026-04-06T00:00:00.000Z,Unknown,,,,0.1309,observational
INFRA,NATURAL EXPANDED,08-40229-30573,Built Puff Strawberries N Cream Protein Bar 1.41 Oz,10_20pct,10–20% off,23,0.1432,0.0973,0.0555,0.1769,,,,0.1345,2.94,3.05,2026-03-30T00:00:00.000Z,Unknown,,,,0.1432,observational
INFRA,NATURAL EXPANDED,08-40229-30573,Built Puff Strawberries N Cream Protein Bar 1.41 Oz,20_30pct,20–30% off,4,0.2501,0.2501,0.1441,0.356,,,,0.2515,2.53,2.82,2025-08-25T00:00:00.000Z,Unknown,,,,0.2501,observational
INFRA,NATURAL EXPANDED,08-40229-30573,Built Puff Strawberries N Cream Protein Bar 1.41 Oz,30pct_plus,≥30% off,3,0.0179,0.0179,0.0179,0.0179,,,,0.3413,2.86,3.05,2025-05-12T00:00:00.000Z,Unknown,,,,0.0179,observational
INFRA,NATURAL EXPANDED,08-40229-30576,Built Puff Chocolate Milkshake Protein Bar 1.41 Oz (12 Pk),10_20pct,10–20% off,1,,,,,,,,0.15,29.83,35.09,2025-10-06T00:00:00.000Z,Unknown,,,,,observational
INFRA,NATURAL EXPANDED,08-40229-30578,Built Puff Salted Caramel Protein Bar 1.41 Oz (12 Pk),10_20pct,10–20% off,1,,,,,,,,0.143,30.04,35.04,2025-07-21T00:00:00.000Z,Unknown,,,,,observational
INFRA,NATURAL EXPANDED,08-40229-30582,Built Puff Cookies N Cream Protein Bar 1.41 Oz (12 Pk),10_20pct,10–20% off,1,,,,,,,,0.1,31.44,34.94,2025-04-21T00:00:00.000Z,Unknown,,,,,observational
INFRA,NATURAL EXPANDED,08-40229-30584,Built Milk Chocolate Smores Puff 1.41oz,0_10pct,<10% off,1,,,,,,,,0.096,3.01,3.12,2024-11-11T00:00:00.000Z,Unknown,,,,,observational
INFRA,NATURAL EXPANDED,08-40229-30584,Built Milk Chocolate Smores Puff 1.41oz,10_20pct,10–20% off,13,,,,,,,,0.1648,2.7,2.97,2025-01-06T00:00:00.000Z,Unknown,,,,,observational
INFRA,NATURAL EXPANDED,08-40229-30584,Built Milk Chocolate Smores Puff 1.41oz,20_30pct,20–30% off,2,0.4301,0.4301,0.4301,0.4301,,,,0.228,2.3,2.82,2024-07-29T00:00:00.000Z,Unknown,,,,0.4301,observational
INFRA,NATURAL EXPANDED,08-40229-30584,Built Milk Chocolate Smores Puff 1.41oz,30pct_plus,≥30% off,2,,,,,,,,0.3295,1.88,2.79,2024-08-26T00:00:00.000Z,Unknown,,,,,observational
INFRA,NATURAL EXPANDED,08-40229-30590,Built Puff Strawberries N Cream Protein Bar 1.41 Oz (12 Pk),10_20pct,10–20% off,2,,,,,,,,0.1215,31.46,34.49,2025-07-21T00:00:00.000Z,Unknown,,,,,observational
INFRA,NATURAL EXPANDED,08-40229-30590,Built Puff Strawberries N Cream Protein Bar 1.41 Oz (12 Pk),20_30pct,20–30% off,1,,,,,,,,0.2,28.07,35.09,2025-04-28T00:00:00.000Z,Unknown,,,,,observational
INFRA,NATURAL EXPANDED,08-40229-30615,Built Puff Chocolatey Hazelnut  1.41oz,0_10pct,<10% off,5,0.2576,0.2576,0.2576,0.2576,,,,0.0786,2.83,2.99,2026-04-06T00:00:00.000Z,Unknown,,,,0.2576,observational
INFRA,NATURAL EXPANDED,08-40229-30615,Built Puff Chocolatey Hazelnut  1.41oz,10_20pct,10–20% off,5,0.4566,0.4566,0.2334,0.6797,,,,0.1558,2.67,2.83,2026-02-23T00:00:00.000Z,Unknown,,,,0.4566,observational
INFRA,NATURAL EXPANDED,08-40229-30615,Built Puff Chocolatey Hazelnut  1.41oz,30pct_plus,≥30% off,1,0.0762,0.0762,0.0762,0.0762,,,,0.329,2.69,2.81,2026-01-26T00:00:00.000Z,Unknown,,,,0.0762,observational
INFRA,NATURAL EXPANDED,08-40229-30642,Built Puff Peanut Butter Protein Bar 1.41 Oz,0_10pct,<10% off,11,0.1121,0.124,0.1011,0.1291,,,,0.0808,2.99,3.04,2026-03-30T00:00:00.000Z,Unknown,,,,0.1121,observational
INFRA,NATURAL EXPANDED,08-40229-30642,Built Puff Peanut Butter Protein Bar 1.41 Oz,10_20pct,10–20% off,10,0.1103,0.0466,0.0302,0.142,,,,0.1468,3.01,3.11,2026-04-06T00:00:00.000Z,Unknown,,,,0.1103,observational
INFRA,NATURAL EXPANDED,08-40229-30642,Built Puff Peanut Butter Protein Bar 1.41 Oz,20_30pct,20–30% off,3,0.1008,0.1258,0.0665,0.1476,,,,0.2367,3.07,3.19,2026-04-13T00:00:00.000Z,Unknown,,,,0.1008,observational
INFRA,NATURAL EXPANDED,08-40229-30642,Built Puff Peanut Butter Protein Bar 1.41 Oz,30pct_plus,≥30% off,1,0.0841,0.0841,0.0841,0.0841,,,,0.344,2.74,3.03,2025-10-27T00:00:00.000Z,Unknown,,,,0.0841,observational
INFRA,NATURAL EXPANDED,08-40229-30651,Built Protein Bar Puff Sour Peach 1.45 Oz,0_10pct,<10% off,9,0.0412,0.05,0.0316,0.0552,,,,0.071,3.07,3.12,2026-04-06T00:00:00.000Z,Unknown,,,,0.0412,observational
INFRA,NATURAL EXPANDED,08-40229-30651,Built Protein Bar Puff Sour Peach 1.45 Oz,10_20pct,10–20% off,4,0.1619,0.0611,0.0386,0.2348,,,,0.1295,2.98,3.2,2026-03-16T00:00:00.000Z,Unknown,,,,0.1619,observational
INFRA,NATURAL EXPANDED,08-40229-30651,Built Protein Bar Puff Sour Peach 1.45 Oz,20_30pct,20–30% off,2,0.2187,0.2187,0.2187,0.2187,,,,0.252,3.14,3.25,2026-03-30T00:00:00.000Z,Unknown,,,,0.2187,observational
INFRA,NATURAL EXPANDED,08-40229-30653,Built Puff Sour Blu Razz Blast Bar 1.45 Oz,0_10pct,<10% off,14,0.1391,0.1172,0.0886,0.128,,,,0.0741,3.07,3.13,2026-04-13T00:00:00.000Z,Unknown,,,,0.1391,observational
INFRA,NATURAL EXPANDED,08-40229-30653,Built Puff Sour Blu Razz Blast Bar 1.45 Oz,10_20pct,10–20% off,5,0.0848,0.0279,0.0189,0.0938,,,,0.1356,2.98,3.07,2026-03-09T00:00:00.000Z,Unknown,,,,0.0848,observational
INFRA,NATURAL EXPANDED,08-40229-30655,Built Puff Sour Green Apple Crush Bar 1.45 Oz,0_10pct,<10% off,4,0.0784,0.0639,0.0462,0.1034,,,,0.0748,2.97,3.01,2026-03-09T00:00:00.000Z,Unknown,,,,0.0784,observational
INFRA,NATURAL EXPANDED,08-40229-30655,Built Puff Sour Green Apple Crush Bar 1.45 Oz,10_20pct,10–20% off,5,0.0675,0.0675,0.0675,0.0675,,,,0.1256,3.13,3.18,2026-04-06T00:00:00.000Z,Unknown,,,,0.0675,observational
INFRA,NATURAL EXPANDED,08-40229-30655,Built Puff Sour Green Apple Crush Bar 1.45 Oz,20_30pct,20–30% off,4,0.8772,0.8772,0.8772,0.8772,,,,0.2453,3.04,3.26,2026-02-02T00:00:00.000Z,Unknown,,,,0.8772,observational
INFRA,NATURAL EXPANDED,08-40229-30679,Built Sour Puff Protein Bar Pink Lemonade Squeeze 1.45 Oz,0_10pct,<10% off,1,,,,,,,,0.089,2.94,2.99,2026-04-13T00:00:00.000Z,Unknown,,,,,observational
INFRA,NATURAL EXPANDED,08-40229-30679,Built Sour Puff Protein Bar Pink Lemonade Squeeze 1.45 Oz,30pct_plus,≥30% off,1,,,,,,,,0.329,2.65,2.72,2026-04-06T00:00:00.000Z,Unknown,,,,,observational
JACKSONS FOOD STORES,CONVENTIONAL|CONVENIENCE,00-40962-48329,Built Bar Coconut Chocolate 1.73 Oz (18 Pk),30pct_plus,≥30% off,3,,,,,,,,1.0,1.22,3.99,2023-09-04T00:00:00.000Z,Unknown,,,,,observational
JACKSONS FOOD STORES,CONVENTIONAL|CONVENIENCE,00-40962-48329,Built Bar Coconut Chocolate 1.73 Oz (18 Pk),no_promo,No price reduction,1,,,,,,,,,3.99,3.99,2023-07-24T00:00:00.000Z,Unknown,,,,,observational
JACKSONS FOOD STORES,CONVENTIONAL|CONVENIENCE,00-40962-48341,Built Bar Salted Caramel Choc 1.73 Oz (18 Pk),no_promo,No price reduction,2,,,,,,,,,3.0,3.0,2023-10-02T00:00:00.000Z,Unknown,,,,,observational
JACKSONS FOOD STORES,CONVENTIONAL|CONVENIENCE,00-40962-48350,Built Bar Mint Brownie Choc 1.73 Oz (18 Pk),30pct_plus,≥30% off,6,,,,,,,,1.0,1.01,3.99,2023-09-18T00:00:00.000Z,Unknown,,,,,observational
JACKSONS FOOD STORES,CONVENTIONAL|CONVENIENCE,00-40962-48362,Built Bar Pnut Butter Choc Bar 2.05 Oz (18pk),no_promo,No price reduction,1,,,,,,,,,1.0,1.0,2023-08-21T00:00:00.000Z,Unknown,,,,,observational
JACKSONS FOOD STORES,CONVENTIONAL|CONVENIENCE,00-40962-48365,Built Bar Coconut Almond 1.97 Oz (18 Pk),30pct_plus,≥30% off,4,,,,,,,,1.0,1.45,3.99,2023-08-28T00:00:00.000Z,Unknown,,,,,observational
JACKSONS FOOD STORES,CONVENTIONAL|CONVENIENCE,00-40962-48365,Built Bar Coconut Almond 1.97 Oz (18 Pk),no_promo,No price reduction,1,,,,,,,,,3.99,3.99,2023-07-31T00:00:00.000Z,Unknown,,,,,observational
JACKSONS FOOD STORES,CONVENTIONAL|CONVENIENCE,00-40962-48446,Built Bar Pnt Bttr Brwn Prtn Br 1.73oz (16pk),30pct_plus,≥30% off,4,,,,,,,,1.0,1.25,3.99,2023-08-28T00:00:00.000Z,Unknown,,,,,observational
JACKSONS FOOD STORES,CONVENTIONAL|CONVENIENCE,00-40962-48446,Built Bar Pnt Bttr Brwn Prtn Br 1.73oz (16pk),no_promo,No price reduction,4,,,,,,,,,2.92,2.92,2023-11-06T00:00:00.000Z,Unknown,,,,,observational
JACKSONS FOOD STORES,CONVENTIONAL|CONVENIENCE,08-40229-30037,Built Puff Coconut Protein Bar 1.41 Oz,30pct_plus,≥30% off,137,,,,,,,,1.0,3.39,3.69,2026-04-13T00:00:00.000Z,Unknown,,,,,observational
JACKSONS FOOD STORES,CONVENTIONAL|CONVENIENCE,08-40229-30037,Built Puff Coconut Protein Bar 1.41 Oz,no_promo,No price reduction,6,,,,,,,,,3.68,3.68,2025-12-22T00:00:00.000Z,Unknown,,,,,observational
JACKSONS FOOD STORES,CONVENTIONAL|CONVENIENCE,08-40229-30050,Built Puff Churro Protein Bar 1.41 Oz,30pct_plus,≥30% off,2,,,,,,,,1.0,1.34,3.99,2023-08-21T00:00:00.000Z,Unknown,,,,,observational
JACKSONS FOOD STORES,CONVENTIONAL|CONVENIENCE,08-40229-30050,Built Puff Churro Protein Bar 1.41 Oz,no_promo,No price reduction,1,,,,,,,,,3.99,3.99,2023-07-24T00:00:00.000Z,Unknown,,,,,observational
JACKSONS FOOD STORES,CONVENTIONAL|CONVENIENCE,08-40229-30083,Built Grasshopper Cookie Bar 1.87oz,30pct_plus,≥30% off,6,,,,,,,,1.0,1.16,3.99,2023-09-18T00:00:00.000Z,Unknown,,,,,observational
JACKSONS FOOD STORES,CONVENTIONAL|CONVENIENCE,08-40229-30083,Built Grasshopper Cookie Bar 1.87oz,no_promo,No price reduction,2,,,,,,,,,2.5,2.5,2023-09-25T00:00:00.000Z,Unknown,,,,,observational
JACKSONS FOOD STORES,CONVENTIONAL|CONVENIENCE,08-40229-30099,Built Coconut Bar 1.69oz,30pct_plus,≥30% off,6,,,,,,,,1.0,1.28,3.99,2023-09-11T00:00:00.000Z,Unknown,,,,,observational
JACKSONS FOOD STORES,CONVENTIONAL|CONVENIENCE,08-40229-30103,Built Coocnut Almond Bar 1.97oz,30pct_plus,≥30% off,5,,,,,,,,1.0,1.14,3.99,2023-09-11T00:00:00.000Z,Unknown,,,,,observational
JACKSONS FOOD STORES,CONVENTIONAL|CONVENIENCE,08-40229-30103,Built Coocnut Almond Bar 1.97oz,no_promo,No price reduction,2,,,,,,,,,3.99,3.99,2023-08-07T00:00:00.000Z,Unknown,,,,,observational
JACKSONS FOOD STORES,CONVENTIONAL|CONVENIENCE,08-40229-30107,Built Mint Brownie Bar 1.69oz,30pct_plus,≥30% off,1,,,,,,,,1.0,1.0,1.75,2023-08-28T00:00:00.000Z,Unknown,,,,,observational
JACKSONS FOOD STORES,CONVENTIONAL|CONVENIENCE,08-40229-30107,Built Mint Brownie Bar 1.69oz,no_promo,No price reduction,1,,,,,,,,,1.75,1.75,2023-08-21T00:00:00.000Z,Unknown,,,,,observational
JACKSONS FOOD STORES,CONVENTIONAL|CONVENIENCE,08-40229-30111,Built Cherry Barcia Bar 1.72oz,30pct_plus,≥30% off,3,,,,,,,,1.0,0.99,3.99,2023-09-04T00:00:00.000Z,Unknown,,,,,observational
JACKSONS FOOD STORES,CONVENTIONAL|CONVENIENCE,08-40229-30111,Built Cherry Barcia Bar 1.72oz,no_promo,No price reduction,1,,,,,,,,,3.99,3.99,2023-07-24T00:00:00.000Z,Unknown,,,,,observational
JACKSONS FOOD STORES,CONVENTIONAL|CONVENIENCE,08-40229-30119,Built Satled Caramel Bar 1.69oz,30pct_plus,≥30% off,17,,,,,,,,1.0,1.55,1.96,2024-06-03T00:00:00.000Z,Unknown,,,,,observational
JACKSONS FOOD STORES,CONVENTIONAL|CONVENIENCE,08-40229-30119,Built Satled Caramel Bar 1.69oz,no_promo,No price reduction,10,,,,,,,,,1.8,1.8,2024-09-23T00:00:00.000Z,Unknown,,,,,observational
JACKSONS FOOD STORES,CONVENTIONAL|CONVENIENCE,08-40229-30122,Built Raspberry Bar 1.73oz,30pct_plus,≥30% off,1,,,,,,,,1.0,2.0,3.99,2023-08-14T00:00:00.000Z,Unknown,,,,,observational
JACKSONS FOOD STORES,CONVENTIONAL|CONVENIENCE,08-40229-30122,Built Raspberry Bar 1.73oz,no_promo,No price reduction,1,,,,,,,,,3.99,3.99,2023-07-24T00:00:00.000Z,Unknown,,,,,observational
JACKSONS FOOD STORES,CONVENTIONAL|CONVENIENCE,08-40229-30130,Built Cookies & Cream Bar 1.69oz,30pct_plus,≥30% off,61,,,,,,,,1.0,2.74,3.3,2025-02-10T00:00:00.000Z,Unknown,,,,,observational
JACKSONS FOOD STORES,CONVENTIONAL|CONVENIENCE,08-40229-30130,Built Cookies & Cream Bar 1.69oz,no_promo,No price reduction,27,,,,,,,,,3.19,3.19,2025-05-26T00:00:00.000Z,Unknown,,,,,observational
JACKSONS FOOD STORES,CONVENTIONAL|CONVENIENCE,08-40229-30143,Built Bar Peanut Butter Brown Br 2.05oz(18pk),30pct_plus,≥30% off,17,,,,,,,,1.0,1.42,1.85,2023-12-04T00:00:00.000Z,Unknown,,,,,observational
JACKSONS FOOD STORES,CONVENTIONAL|CONVENIENCE,08-40229-30143,Built Bar Peanut Butter Brown Br 2.05oz(18pk),no_promo,No price reduction,7,,,,,,,,,1.77,1.77,2024-02-19T00:00:00.000Z,Unknown,,,,,observational
JACKSONS FOOD STORES,CONVENTIONAL|CONVENIENCE,08-40229-30148,Built Bar Strawberry Choc Protein Bar 1.7oz,30pct_plus,≥30% off,2,,,,,,,,1.0,2.0,3.99,2023-08-28T00:00:00.000Z,Unknown,,,,,observational
JACKSONS FOOD STORES,CONVENTIONAL|CONVENIENCE,08-40229-30148,Built Bar Strawberry Choc Protein Bar 1.7oz,no_promo,No price reduction,1,,,,,,,,,3.99,3.99,2023-07-24T00:00:00.000Z,Unknown,,,,,observational
JACKSONS FOOD STORES,CONVENTIONAL|CONVENIENCE,08-40229-30221,Built Brownie Batter Puff 1.41oz,30pct_plus,≥30% off,8,,,,,,,,1.0,3.43,3.91,2024-03-11T00:00:00.000Z,Unknown,,,,,observational
JACKSONS FOOD STORES,CONVENTIONAL|CONVENIENCE,08-40229-30221,Built Brownie Batter Puff 1.41oz,no_promo,No price reduction,19,,,,,,,,,3.8,3.8,2024-06-10T00:00:00.000Z,Unknown,,,,,observational
JACKSONS FOOD STORES,CONVENTIONAL|CONVENIENCE,08-40229-30249,Built Candy Cane Brownie Bar 1.51oz,30pct_plus,≥30% off,4,,,,,,,,1.0,1.33,3.99,2023-08-28T00:00:00.000Z,Unknown,,,,,observational
JACKSONS FOOD STORES,CONVENTIONAL|CONVENIENCE,08-40229-30294,Built Birthday Cake Puff 1.45oz,30pct_plus,≥30% off,3,,,,,,,,1.0,1.07,3.99,2023-08-21T00:00:00.000Z,Unknown,,,,,observational
JACKSONS FOOD STORES,CONVENTIONAL|CONVENIENCE,08-40229-30294,Built Birthday Cake Puff 1.45oz,no_promo,No price reduction,2,,,,,,,,,3.99,3.99,2023-07-31T00:00:00.000Z,Unknown,,,,,observational
JACKSONS FOOD STORES,CONVENTIONAL|CONVENIENCE,08-40229-30333,Built Puff Cookie Dough Chunk Protein Bar 1.55 Oz,30pct_plus,≥30% off,56,,,,,,,,1.0,3.18,3.58,2026-04-13T00:00:00.000Z,Unknown,,,,,observational
JACKSONS FOOD STORES,CONVENTIONAL|CONVENIENCE,08-40229-30333,Built Puff Cookie Dough Chunk Protein Bar 1.55 Oz,no_promo,No price reduction,6,,,,,,,,,3.7,3.7,2025-11-24T00:00:00.000Z,Unknown,,,,,observational
JACKSONS FOOD STORES,CONVENTIONAL|CONVENIENCE,08-40229-30341,Built Coconut Brownie Chunk Puff 1.52oz,no_promo,No price reduction,3,,,,,,,,,3.99,3.99,2023-08-07T00:00:00.000Z,Unknown,,,,,observational
JACKSONS FOOD STORES,CONVENTIONAL|CONVENIENCE,08-40229-30362,Built Puff Brownie Batter Protein Bar 1.41 Oz,30pct_plus,≥30% off,135,,,,,,,,1.0,3.37,3.69,2026-04-13T00:00:00.000Z,Unknown,,,,,observational
JACKSONS FOOD STORES,CONVENTIONAL|CONVENIENCE,08-40229-30362,Built Puff Brownie Batter Protein Bar 1.41 Oz,no_promo,No price reduction,8,,,,,,,,,3.72,3.72,2025-12-15T00:00:00.000Z,Unknown,,,,,observational
JACKSONS FOOD STORES,CONVENTIONAL|CONVENIENCE,08-40229-30385,Built Bar Cookie Dough 1.83oz,30pct_plus,≥30% off,3,,,,,,,,1.0,1.29,3.99,2023-08-28T00:00:00.000Z,Unknown,,,,,observational
JACKSONS FOOD STORES,CONVENTIONAL|CONVENIENCE,08-40229-30385,Built Bar Cookie Dough 1.83oz,no_promo,No price reduction,2,,,,,,,,,3.99,3.99,2023-07-31T00:00:00.000Z,Unknown,,,,,observational
JACKSONS FOOD STORES,CONVENTIONAL|CONVENIENCE,08-40229-30387,Built Coocnut Brownie 1.83oz,30pct_plus,≥30% off,4,,,,,,,,1.0,1.09,1.96,2023-09-11T00:00:00.000Z,Unknown,,,,,observational
JACKSONS FOOD STORES,CONVENTIONAL|CONVENIENCE,08-40229-30387,Built Coocnut Brownie 1.83oz,no_promo,No price reduction,1,,,,,,,,,1.96,1.96,2023-08-07T00:00:00.000Z,Unknown,,,,,observational
JACKSONS FOOD STORES,CONVENTIONAL|CONVENIENCE,08-40229-30432,Built Puff Mint Chip Protein Bar 1.41 Oz,30pct_plus,≥30% off,41,,,,,,,,1.0,2.71,3.29,2025-06-02T00:00:00.000Z,Unknown,,,,,observational
JACKSONS FOOD STORES,CONVENTIONAL|CONVENIENCE,08-40229-30432,Built Puff Mint Chip Protein Bar 1.41 Oz,no_promo,No price reduction,14,,,,,,,,,3.6,3.6,2024-12-09T00:00:00.000Z,Unknown,,,,,observational
JACKSONS FOOD STORES,CONVENTIONAL|CONVENIENCE,08-40229-30449,Built Peanut Butter Puff 1.41oz,30pct_plus,≥30% off,3,,,,,,,,1.0,1.23,4.0,2023-08-21T00:00:00.000Z,Unknown,,,,,observational
JACKSONS FOOD STORES,CONVENTIONAL|CONVENIENCE,08-40229-30449,Built Peanut Butter Puff 1.41oz,no_promo,No price reduction,1,,,,,,,,,3.99,3.99,2023-07-24T00:00:00.000Z,Unknown,,,,,observational
K-VA-T,CONVENTIONAL|FOOD,08-40229-30037,Built Puff Coconut Protein Bar 1.41 Oz,10_20pct,10–20% off,4,0.5148,0.511,0.4945,0.5313,52.95,34.3333,,0.1842,2.04,2.49,2026-02-16T00:00:00.000Z,TPR,,,,0.5148,observational
K-VA-T,CONVENTIONAL|FOOD,08-40229-30362,Built Puff Brownie Batter Protein Bar 1.41 Oz,10_20pct,10–20% off,4,0.5474,0.5495,0.5317,0.5652,56.5,4.8,,0.1858,2.03,2.49,2026-02-16T00:00:00.000Z,TPR,,,,0.5474,observational
K-VA-T,CONVENTIONAL|FOOD,08-40229-30642,Built Puff Peanut Butter Protein Bar 1.41 Oz,10_20pct,10–20% off,4,0.4586,0.4303,0.3823,0.5066,46.35,76.2667,,0.182,2.04,2.49,2026-02-16T00:00:00.000Z,Display,,,,0.4586,observational
KINGS FOOD MARKETS,NATURAL EXPANDED,08-40229-30037,Built Puff Coconut Protein Bar 1.41 Oz,0_10pct,<10% off,14,0.1044,0.0799,0.0394,0.1414,,,,0.0775,3.61,3.68,2026-03-09T00:00:00.000Z,Unknown,,,,0.1044,observational
KINGS FOOD MARKETS,NATURAL EXPANDED,08-40229-30037,Built Puff Coconut Protein Bar 1.41 Oz,10_20pct,10–20% off,38,0.4467,0.3607,0.1198,0.583,,,,0.1407,3.44,3.72,2026-04-13T00:00:00.000Z,Unknown,,,,0.4467,observational
KINGS FOOD MARKETS,NATURAL EXPANDED,08-40229-30037,Built Puff Coconut Protein Bar 1.41 Oz,20_30pct,20–30% off,6,0.6061,0.6061,0.3328,0.8794,,,,0.2043,3.83,4.0,2026-03-16T00:00:00.000Z,Unknown,,,,0.6061,observational
KINGS FOOD MARKETS,NATURAL EXPANDED,08-40229-30037,Built Puff Coconut Protein Bar 1.41 Oz,30pct_plus,≥30% off,2,0.0014,0.0014,0.0014,0.0014,,,,0.3395,3.82,3.87,2025-12-15T00:00:00.000Z,Unknown,,,,0.0014,observational
KINGS FOOD MARKETS,NATURAL EXPANDED,08-40229-30103,Built Coocnut Almond Bar 1.97oz,0_10pct,<10% off,2,0.0526,0.0526,0.0526,0.0526,,,,0.079,3.58,3.66,2023-10-09T00:00:00.000Z,Unknown,,,,0.0526,observational
KINGS FOOD MARKETS,NATURAL EXPANDED,08-40229-30103,Built Coocnut Almond Bar 1.97oz,10_20pct,10–20% off,1,,,,,,,,0.14,3.25,3.49,2023-08-14T00:00:00.000Z,Unknown,,,,,observational
KINGS FOOD MARKETS,NATURAL EXPANDED,08-40229-30103,Built Coocnut Almond Bar 1.97oz,30pct_plus,≥30% off,2,,,,,,,,0.487,1.9,3.7,2024-02-19T00:00:00.000Z,Unknown,,,,,observational
KINGS FOOD MARKETS,NATURAL EXPANDED,08-40229-30107,Built Mint Brownie Bar 1.69oz,0_10pct,<10% off,3,0.1173,0.1173,0.1173,0.1173,,,,0.067,3.73,3.76,2024-06-10T00:00:00.000Z,Unknown,,,,0.1173,observational
KINGS FOOD MARKETS,NATURAL EXPANDED,08-40229-30107,Built Mint Brownie Bar 1.69oz,10_20pct,10–20% off,14,0.1217,0.0784,0.0619,0.1888,,,,0.1377,3.58,3.75,2024-10-21T00:00:00.000Z,Unknown,,,,0.1217,observational
KINGS FOOD MARKETS,NATURAL EXPANDED,08-40229-30107,Built Mint Brownie Bar 1.69oz,20_30pct,20–30% off,6,0.1805,0.1805,0.0981,0.263,,,,0.2148,3.46,3.72,2024-10-28T00:00:00.000Z,Unknown,,,,0.1805,observational
KINGS FOOD MARKETS,NATURAL EXPANDED,08-40229-30107,Built Mint Brownie Bar 1.69oz,30pct_plus,≥30% off,9,1.0473,0.5703,0.4381,0.9827,,,,0.5822,1.68,3.77,2024-12-30T00:00:00.000Z,Unknown,,,,1.0473,observational
KINGS FOOD MARKETS,NATURAL EXPANDED,08-40229-30119,Built Satled Caramel Bar 1.69oz,0_10pct,<10% off,13,0.0531,0.0285,0.0208,0.0888,,,,0.073,3.72,3.76,2024-09-02T00:00:00.000Z,Unknown,,,,0.0531,observational
KINGS FOOD MARKETS,NATURAL EXPANDED,08-40229-30119,Built Satled Caramel Bar 1.69oz,10_20pct,10–20% off,17,0.1224,0.1017,0.032,0.1917,,,,0.1299,3.6,3.74,2024-10-21T00:00:00.000Z,Unknown,,,,0.1224,observational
KINGS FOOD MARKETS,NATURAL EXPANDED,08-40229-30119,Built Satled Caramel Bar 1.69oz,20_30pct,20–30% off,8,0.2634,0.2012,0.1243,0.3403,,,,0.2401,3.42,3.76,2024-10-28T00:00:00.000Z,Unknown,,,,0.2634,observational
KINGS FOOD MARKETS,NATURAL EXPANDED,08-40229-30119,Built Satled Caramel Bar 1.69oz,30pct_plus,≥30% off,11,0.7701,0.7587,0.4847,1.0973,,,,0.5917,1.67,3.75,2025-01-06T00:00:00.000Z,Unknown,,,,0.7701,observational
KINGS FOOD MARKETS,NATURAL EXPANDED,08-40229-30122,Built Raspberry Bar 1.73oz,0_10pct,<10% off,3,0.0615,0.0465,0.0427,0.0727,,,,0.0763,3.66,3.74,2023-12-18T00:00:00.000Z,Unknown,,,,0.0615,observational
KINGS FOOD MARKETS,NATURAL EXPANDED,08-40229-30122,Built Raspberry Bar 1.73oz,10_20pct,10–20% off,2,0.0714,0.0714,0.0714,0.0714,,,,0.1355,3.6,3.72,2024-01-08T00:00:00.000Z,Unknown,,,,0.0714,observational
KINGS FOOD MARKETS,NATURAL EXPANDED,08-40229-30122,Built Raspberry Bar 1.73oz,20_30pct,20–30% off,2,0.3714,0.3714,0.3714,0.3714,,,,0.225,3.24,3.64,2024-04-01T00:00:00.000Z,Unknown,,,,0.3714,observational
KINGS FOOD MARKETS,NATURAL EXPANDED,08-40229-30122,Built Raspberry Bar 1.73oz,30pct_plus,≥30% off,9,1.2168,0.7391,0.4286,0.9318,,,,0.5714,1.97,3.72,2024-03-25T00:00:00.000Z,Unknown,,,,1.2168,observational
KINGS FOOD MARKETS,NATURAL EXPANDED,08-40229-30130,Built Cookies & Cream Bar 1.69oz,0_10pct,<10% off,15,0.0806,0.0594,0.0371,0.086,,,,0.0701,3.72,3.76,2024-09-09T00:00:00.000Z,Unknown,,,,0.0806,observational
KINGS FOOD MARKETS,NATURAL EXPANDED,08-40229-30130,Built Cookies & Cream Bar 1.69oz,10_20pct,10–20% off,17,0.1422,0.0995,0.0338,0.2236,,,,0.1382,3.54,3.73,2024-10-28T00:00:00.000Z,Unknown,,,,0.1422,observational
KINGS FOOD MARKETS,NATURAL EXPANDED,08-40229-30130,Built Cookies & Cream Bar 1.69oz,20_30pct,20–30% off,5,0.1691,0.1691,0.1524,0.1858,,,,0.217,3.58,3.78,2024-08-05T00:00:00.000Z,Unknown,,,,0.1691,observational
KINGS FOOD MARKETS,NATURAL EXPANDED,08-40229-30130,Built Cookies & Cream Bar 1.69oz,30pct_plus,≥30% off,12,0.7442,0.5812,0.3331,0.9393,,,,0.5629,1.94,3.7,2025-01-06T00:00:00.000Z,Unknown,,,,0.7442,observational
KINGS FOOD MARKETS,NATURAL EXPANDED,08-40229-30362,Built Puff Brownie Batter Protein Bar 1.41 Oz,0_10pct,<10% off,21,0.0647,0.0545,0.0233,0.0838,,,,0.0758,3.78,3.84,2026-03-02T00:00:00.000Z,Unknown,,,,0.0647,observational
KINGS FOOD MARKETS,NATURAL EXPANDED,08-40229-30362,Built Puff Brownie Batter Protein Bar 1.41 Oz,10_20pct,10–20% off,33,0.4794,0.5245,0.2277,0.6565,,,,0.1436,3.43,3.78,2026-04-13T00:00:00.000Z,Unknown,,,,0.4794,observational
KINGS FOOD MARKETS,NATURAL EXPANDED,08-40229-30362,Built Puff Brownie Batter Protein Bar 1.41 Oz,20_30pct,20–30% off,4,0.5818,0.6866,0.3501,0.8659,,,,0.2188,3.28,3.67,2026-03-09T00:00:00.000Z,Unknown,,,,0.5818,observational
KINGS FOOD MARKETS,NATURAL EXPANDED,08-40229-30380,Built Puff Brownie Batter Protein Bar 1.41 Oz (4 Pk),0_10pct,<10% off,16,0.2838,0.1189,0.0959,0.5217,,,,0.0688,9.41,9.86,2026-03-02T00:00:00.000Z,Unknown,,,,0.2838,observational
KINGS FOOD MARKETS,NATURAL EXPANDED,08-40229-30380,Built Puff Brownie Batter Protein Bar 1.41 Oz (4 Pk),10_20pct,10–20% off,12,0.3227,0.2957,0.1289,0.3629,,,,0.1457,9.1,10.36,2026-04-06T00:00:00.000Z,Unknown,,,,0.3227,observational
KINGS FOOD MARKETS,NATURAL EXPANDED,08-40229-30380,Built Puff Brownie Batter Protein Bar 1.41 Oz (4 Pk),20_30pct,20–30% off,1,0.5217,0.5217,0.5217,0.5217,,,,0.212,7.89,9.83,2026-03-30T00:00:00.000Z,Unknown,,,,0.5217,observational
KINGS FOOD MARKETS,NATURAL EXPANDED,08-40229-30380,Built Puff Brownie Batter Protein Bar 1.41 Oz (4 Pk),30pct_plus,≥30% off,1,0.2281,0.2281,0.2281,0.2281,,,,0.41,8.56,10.05,2026-01-12T00:00:00.000Z,Unknown,,,,0.2281,observational
KINGS FOOD MARKETS,NATURAL EXPANDED,08-40229-30381,Built Puff Coconut Protein Bar 1.41 Oz (4 Pk),0_10pct,<10% off,14,0.2701,0.1708,0.1181,0.449,,,,0.0775,9.43,9.94,2026-03-02T00:00:00.000Z,Unknown,,,,0.2701,observational
KINGS FOOD MARKETS,NATURAL EXPANDED,08-40229-30381,Built Puff Coconut Protein Bar 1.41 Oz (4 Pk),10_20pct,10–20% off,16,0.1705,0.0868,0.0458,0.2239,,,,0.1309,9.2,10.16,2026-03-30T00:00:00.000Z,Unknown,,,,0.1705,observational
KINGS FOOD MARKETS,NATURAL EXPANDED,08-40229-30381,Built Puff Coconut Protein Bar 1.41 Oz (4 Pk),20_30pct,20–30% off,1,,,,,,,,0.203,9.78,9.96,2026-04-13T00:00:00.000Z,Unknown,,,,,observational
KINGS FOOD MARKETS,NATURAL EXPANDED,08-40229-30432,Built Puff Mint Chip Protein Bar 1.41 Oz,0_10pct,<10% off,19,0.1142,0.0976,0.0322,0.1427,,,,0.0749,3.78,3.85,2026-03-23T00:00:00.000Z,Unknown,,,,0.1142,observational
KINGS FOOD MARKETS,NATURAL EXPANDED,08-40229-30432,Built Puff Mint Chip Protein Bar 1.41 Oz,10_20pct,10–20% off,26,0.4622,0.4637,0.175,0.6594,,,,0.1403,3.4,3.77,2026-04-13T00:00:00.000Z,Unknown,,,,0.4622,observational
KINGS FOOD MARKETS,NATURAL EXPANDED,08-40229-30432,Built Puff Mint Chip Protein Bar 1.41 Oz,20_30pct,20–30% off,5,1.2829,1.3232,0.911,1.675,,,,0.224,3.14,3.65,2026-01-12T00:00:00.000Z,Unknown,,,,1.2829,observational
KINGS FOOD MARKETS,NATURAL EXPANDED,08-40229-30432,Built Puff Mint Chip Protein Bar 1.41 Oz,30pct_plus,≥30% off,1,,,,,,,,0.811,4.07,4.25,2025-12-29T00:00:00.000Z,Unknown,,,,,observational
KINGS FOOD MARKETS,NATURAL EXPANDED,08-40229-30558,Built Puff Cookie Dough Chunk Protein Bar 1.55 Oz (4 Pk),0_10pct,<10% off,8,0.0925,0.0918,0.0494,0.1228,,,,0.0595,9.28,9.65,2026-03-02T00:00:00.000Z,Unknown,,,,0.0925,observational
KINGS FOOD MARKETS,NATURAL EXPANDED,08-40229-30558,Built Puff Cookie Dough Chunk Protein Bar 1.55 Oz (4 Pk),10_20pct,10–20% off,17,0.1842,0.1765,0.1409,0.25,,,,0.1335,9.26,10.26,2026-04-13T00:00:00.000Z,Unknown,,,,0.1842,observational
KINGS FOOD MARKETS,NATURAL EXPANDED,08-40229-30558,Built Puff Cookie Dough Chunk Protein Bar 1.55 Oz (4 Pk),20_30pct,20–30% off,2,0.2049,0.2049,0.1621,0.2476,,,,0.2925,8.7,10.28,2026-01-12T00:00:00.000Z,Unknown,,,,0.2049,observational
KROGER,CONVENTIONAL|FOOD,08-40229-30034,Built Puff Salted Caramel Protein Bar 1.41 Oz,30pct_plus,≥30% off,50,1.6583,1.3779,1.1012,2.1512,133.651,99.414,66.3,0.6128,2.51,2.77,2026-04-13T00:00:00.000Z,TPR,,,,1.6583,observational
KROGER,CONVENTIONAL|FOOD,08-40229-30034,Built Puff Salted Caramel Protein Bar 1.41 Oz,no_promo,No price reduction,15,1.0648,1.0514,1.0413,1.0875,,57.31,,0.0,2.8,2.8,2025-08-25T00:00:00.000Z,Display,,,,1.0648,observational
KROGER,CONVENTIONAL|FOOD,08-40229-30037,Built Puff Coconut Protein Bar 1.41 Oz,30pct_plus,≥30% off,141,1.6235,1.5064,1.2212,2.0271,136.3806,96.7545,66.5,0.6172,2.51,2.79,2026-04-13T00:00:00.000Z,TPR,,,,1.6235,observational
KROGER,CONVENTIONAL|FOOD,08-40229-30037,Built Puff Coconut Protein Bar 1.41 Oz,no_promo,No price reduction,2,,,,,,,,,2.89,2.89,2023-09-18T00:00:00.000Z,Unknown,,,,,observational
KROGER,CONVENTIONAL|FOOD,08-40229-30050,Built Puff Churro Protein Bar 1.41 Oz,30pct_plus,≥30% off,60,1.3392,1.2185,1.045,1.5672,50.1733,107.0857,,0.6147,2.62,2.81,2026-04-13T00:00:00.000Z,TPR,,,,1.3392,observational
KROGER,CONVENTIONAL|FOOD,08-40229-30050,Built Puff Churro Protein Bar 1.41 Oz,no_promo,No price reduction,32,,,,,,,,,2.95,2.95,2026-01-19T00:00:00.000Z,Unknown,,,,,observational
KROGER,CONVENTIONAL|FOOD,08-40229-30071,Built Double Chocolate Fudge Bar 1.69oz,30pct_plus,≥30% off,28,1.5417,1.2681,1.0732,1.6451,115.05,,,0.6948,2.72,4.48,2025-08-04T00:00:00.000Z,TPR,,,,1.5417,observational
KROGER,CONVENTIONAL|FOOD,08-40229-30071,Built Double Chocolate Fudge Bar 1.69oz,no_promo,No price reduction,27,,,,,,,,,3.34,3.34,2025-11-10T00:00:00.000Z,Unknown,,,,,observational
KROGER,CONVENTIONAL|FOOD,08-40229-30119,Built Satled Caramel Bar 1.69oz,30pct_plus,≥30% off,105,2.0494,1.8631,1.2579,2.5548,208.581,1841.9383,,0.663,2.27,2.73,2025-09-08T00:00:00.000Z,TPR,,,,2.0494,observational
KROGER,CONVENTIONAL|FOOD,08-40229-30119,Built Satled Caramel Bar 1.69oz,no_promo,No price reduction,16,,,,,,,,,2.21,2.21,2026-04-13T00:00:00.000Z,Unknown,,,,,observational
KROGER,CONVENTIONAL|FOOD,08-40229-30130,Built Cookies & Cream Bar 1.69oz,30pct_plus,≥30% off,100,2.0912,2.0172,1.3001,2.4958,234.828,4034.9093,,0.6608,2.26,2.72,2025-08-04T00:00:00.000Z,TPR,,,,2.0912,observational
KROGER,CONVENTIONAL|FOOD,08-40229-30130,Built Cookies & Cream Bar 1.69oz,no_promo,No price reduction,11,,,,,,,,,1.85,1.85,2025-10-27T00:00:00.000Z,Unknown,,,,,observational
KROGER,CONVENTIONAL|FOOD,08-40229-30209,Built Puff Coconut Protein Bar 1.41 Oz (12 Pk),30pct_plus,≥30% off,71,1.4658,1.1548,1.0,1.5327,908.9159,7872.4778,,0.6661,23.68,26.49,2026-04-13T00:00:00.000Z,TPR,,,,1.4658,observational
KROGER,CONVENTIONAL|FOOD,08-40229-30209,Built Puff Coconut Protein Bar 1.41 Oz (12 Pk),no_promo,No price reduction,71,,,,,,,,,29.74,29.74,2026-03-23T00:00:00.000Z,Unknown,,,,,observational
KROGER,CONVENTIONAL|FOOD,08-40229-30229,Built Puff Churro Protein Bar 1.41 Oz (12 Pk),30pct_plus,≥30% off,11,1.0678,1.0244,1.0,1.0921,40.4364,,,0.6238,26.04,29.62,2026-04-13T00:00:00.000Z,Unknown,,,,1.0678,observational
KROGER,CONVENTIONAL|FOOD,08-40229-30229,Built Puff Churro Protein Bar 1.41 Oz (12 Pk),no_promo,No price reduction,53,,,,,,,,,31.85,31.85,2026-03-23T00:00:00.000Z,Unknown,,,,,observational
KROGER,CONVENTIONAL|FOOD,08-40229-30257,Built Double Chocolate Bar 1.84oz (12pk),30pct_plus,≥30% off,31,1.3786,1.1673,1.0734,1.4524,80.1484,82.5,,0.6845,19.66,22.76,2025-04-14T00:00:00.000Z,TPR,,,,1.3786,observational
KROGER,CONVENTIONAL|FOOD,08-40229-30257,Built Double Chocolate Bar 1.84oz (12pk),no_promo,No price reduction,58,,,,,,,,,26.34,26.34,2025-05-26T00:00:00.000Z,Unknown,,,,,observational
KROGER,CONVENTIONAL|FOOD,08-40229-30258,Built Salted Caramel Bar 1.69oz (12pk),30pct_plus,≥30% off,29,1.3682,1.2222,1.0588,1.3871,146.969,137.8,,0.6744,19.37,22.35,2024-12-02T00:00:00.000Z,TPR,,,,1.3682,observational
KROGER,CONVENTIONAL|FOOD,08-40229-30258,Built Salted Caramel Bar 1.69oz (12pk),no_promo,No price reduction,60,,,,,,,,,25.87,25.87,2025-09-22T00:00:00.000Z,Unknown,,,,,observational
KROGER,CONVENTIONAL|FOOD,08-40229-30259,+bltbr Dbch Prtn Nsb Bar 20.16oz,no_promo,No price reduction,6,,,,,,,,,26.85,26.85,2025-05-12T00:00:00.000Z,Unknown,,,,,observational
KROGER,CONVENTIONAL|FOOD,08-40229-30333,Built Puff Cookie Dough Chunk Protein Bar 1.55 Oz,30pct_plus,≥30% off,83,1.4807,1.4506,1.1403,1.7348,82.8277,1298.5687,,0.6068,2.56,2.8,2026-04-13T00:00:00.000Z,Display,,,,1.4807,observational
KROGER,CONVENTIONAL|FOOD,08-40229-30333,Built Puff Cookie Dough Chunk Protein Bar 1.55 Oz,no_promo,No price reduction,9,,,,,,,,,2.87,2.87,2024-11-04T00:00:00.000Z,Unknown,,,,,observational
KROGER,CONVENTIONAL|FOOD,08-40229-30334,Built Puff Cookie Dough Chunk Protein Bar 1.55 Oz (12 Pk),30pct_plus,≥30% off,39,1.5931,1.2129,1.0,1.6704,144.8077,112.0,,0.645,23.57,27.19,2026-04-13T00:00:00.000Z,TPR,,,,1.5931,observational
KROGER,CONVENTIONAL|FOOD,08-40229-30334,Built Puff Cookie Dough Chunk Protein Bar 1.55 Oz (12 Pk),no_promo,No price reduction,46,,,,,,,,,30.7,30.7,2026-02-09T00:00:00.000Z,Unknown,,,,,observational
KROGER,CONVENTIONAL|FOOD,08-40229-30362,Built Puff Brownie Batter Protein Bar 1.41 Oz,30pct_plus,≥30% off,140,1.6659,1.5797,1.1852,2.0028,135.0333,103.0573,90.0,0.6134,2.5,2.78,2026-04-13T00:00:00.000Z,Display,,,,1.6659,observational
KROGER,CONVENTIONAL|FOOD,08-40229-30362,Built Puff Brownie Batter Protein Bar 1.41 Oz,no_promo,No price reduction,3,,,,,,,,,2.89,2.89,2023-09-04T00:00:00.000Z,Unknown,,,,,observational
KROGER,CONVENTIONAL|FOOD,08-40229-30363,Built Puff Brownie Batter Protein Bar 1.41 Oz (12 Pk),30pct_plus,≥30% off,79,1.5238,1.1689,1.0375,1.4464,240.0782,5112.75,,0.6623,25.04,28.31,2026-04-13T00:00:00.000Z,TPR,,,,1.5238,observational
KROGER,CONVENTIONAL|FOOD,08-40229-30363,Built Puff Brownie Batter Protein Bar 1.41 Oz (12 Pk),no_promo,No price reduction,64,,,,,,,,,30.14,30.14,2026-03-09T00:00:00.000Z,Unknown,,,,,observational
KROGER,CONVENTIONAL|FOOD,08-40229-30380,Built Puff Brownie Batter Protein Bar 1.41 Oz (4 Pk),30pct_plus,≥30% off,49,1.292,1.0462,1.0194,1.4039,90.1375,81.4049,133.7,0.5819,10.64,10.95,2026-04-13T00:00:00.000Z,TPR,,,,1.292,observational
KROGER,CONVENTIONAL|FOOD,08-40229-30380,Built Puff Brownie Batter Protein Bar 1.41 Oz (4 Pk),no_promo,No price reduction,1,,,,,,,,,10.96,10.96,2025-05-05T00:00:00.000Z,Unknown,,,,,observational
KROGER,CONVENTIONAL|FOOD,08-40229-30381,Built Puff Coconut Protein Bar 1.41 Oz (4 Pk),30pct_plus,≥30% off,49,1.3004,1.0545,1.028,1.5628,90.7245,78.0667,149.9,0.5869,10.62,10.99,2026-04-13T00:00:00.000Z,TPR,,,,1.3004,observational
KROGER,CONVENTIONAL|FOOD,08-40229-30381,Built Puff Coconut Protein Bar 1.41 Oz (4 Pk),no_promo,No price reduction,1,,,,,,,,,10.99,10.99,2025-05-05T00:00:00.000Z,Unknown,,,,,observational
KROGER,CONVENTIONAL|FOOD,08-40229-30394,Built Puff Candy Cane Brownie Protein Bar 1.51 Oz,30pct_plus,≥30% off,21,1.7839,1.509,1.3348,1.9428,95.6571,119.6333,,0.6627,1.98,2.39,2026-03-30T00:00:00.000Z,TPR,,,,1.7839,observational
KROGER,CONVENTIONAL|FOOD,08-40229-30394,Built Puff Candy Cane Brownie Protein Bar 1.51 Oz,no_promo,No price reduction,4,,,,,,,,,2.28,2.28,2026-04-13T00:00:00.000Z,Unknown,,,,,observational
KROGER,CONVENTIONAL|FOOD,08-40229-30395,Built Puff Candy Cane Brownie Protein Bar 1.52oz (12pk),no_promo,No price reduction,1,,,,,,,,,25.03,25.03,2025-11-17T00:00:00.000Z,Unknown,,,,,observational
KROGER,CONVENTIONAL|FOOD,08-40229-30432,Built Puff Mint Chip Protein Bar 1.41 Oz,30pct_plus,≥30% off,71,1.4654,1.4534,1.092,1.8076,68.3443,110.9882,,0.6261,2.58,2.82,2026-04-13T00:00:00.000Z,TPR,,,,1.4654,observational
KROGER,CONVENTIONAL|FOOD,08-40229-30432,Built Puff Mint Chip Protein Bar 1.41 Oz,no_promo,No price reduction,21,,,,,,,,,2.97,2.97,2025-03-17T00:00:00.000Z,Unknown,,,,,observational
KROGER,CONVENTIONAL|FOOD,08-40229-30467,Built Puff Mint Chip Protein Bar 1.41 Oz (12 Pk),30pct_plus,≥30% off,25,1.6274,1.0408,1.0,1.5189,100.788,,,0.6293,24.16,26.28,2026-04-13T00:00:00.000Z,TPR,,,,1.6274,observational
KROGER,CONVENTIONAL|FOOD,08-40229-30467,Built Puff Mint Chip Protein Bar 1.41 Oz (12 Pk),no_promo,No price reduction,53,,,,,,,,,33.3,33.3,2026-03-23T00:00:00.000Z,Unknown,,,,,observational
KROGER,CONVENTIONAL|FOOD,08-40229-30550,Built Puff Cookies N Cream Protein Bar 1.41 Oz,30pct_plus,≥30% off,57,1.5023,1.3955,1.0821,1.652,134.6607,102.2417,107.8,0.6129,2.54,2.76,2026-04-13T00:00:00.000Z,TPR,,,,1.5023,observational
KROGER,CONVENTIONAL|FOOD,08-40229-30550,Built Puff Cookies N Cream Protein Bar 1.41 Oz,no_promo,No price reduction,8,1.0917,1.0917,1.0917,1.0917,,47.8,,0.0,2.94,2.94,2025-07-14T00:00:00.000Z,Unknown,,,,1.0917,observational
KROGER,CONVENTIONAL|FOOD,08-40229-30558,Built Puff Cookie Dough Chunk Protein Bar 1.55 Oz (4 Pk),30pct_plus,≥30% off,46,1.4432,1.2476,1.0727,1.769,81.4652,94.0632,105.8,0.6166,10.38,10.9,2026-04-13T00:00:00.000Z,TPR,,,,1.4432,observational
KROGER,CONVENTIONAL|FOOD,08-40229-30558,Built Puff Cookie Dough Chunk Protein Bar 1.55 Oz (4 Pk),no_promo,No price reduction,4,,,,,,,,,11.24,11.24,2025-11-03T00:00:00.000Z,Unknown,,,,,observational
KROGER,CONVENTIONAL|FOOD,08-40229-30569,Built Puff Chocolate Milkshake Protein Bar 1.41 Oz,30pct_plus,≥30% off,26,1.5949,1.5846,1.1064,1.9162,88.75,233.5833,,0.7046,2.14,2.54,2026-04-13T00:00:00.000Z,TPR,,,,1.5949,observational
KROGER,CONVENTIONAL|FOOD,08-40229-30569,Built Puff Chocolate Milkshake Protein Bar 1.41 Oz,no_promo,No price reduction,24,,,,,,,,,2.55,2.55,2026-04-06T00:00:00.000Z,Unknown,,,,,observational
KROGER,CONVENTIONAL|FOOD,08-40229-30571,Built Puff Mint Chip Protein Bar 1.41 Oz (4 Pk),30pct_plus,≥30% off,33,1.6579,1.2895,1.1176,1.8594,138.5182,143.0312,,0.6401,10.3,10.8,2026-04-13T00:00:00.000Z,TPR,,,,1.6579,observational
KROGER,CONVENTIONAL|FOOD,08-40229-30571,Built Puff Mint Chip Protein Bar 1.41 Oz (4 Pk),no_promo,No price reduction,1,,,,,,,,,10.99,10.99,2025-08-25T00:00:00.000Z,Unknown,,,,,observational
KROGER,CONVENTIONAL|FOOD,08-40229-30573,Built Puff Strawberries N Cream Protein Bar 1.41 Oz,30pct_plus,≥30% off,22,1.2839,1.2564,1.0903,1.4389,155.9909,262.425,,0.7012,1.9,2.57,2026-02-09T00:00:00.000Z,TPR,,,,1.2839,observational
KROGER,CONVENTIONAL|FOOD,08-40229-30573,Built Puff Strawberries N Cream Protein Bar 1.41 Oz,no_promo,No price reduction,19,,,,,,,,,2.16,2.16,2026-04-06T00:00:00.000Z,Unknown,,,,,observational
KROGER,CONVENTIONAL|FOOD,08-40229-30577,Built Puff Salted Caramel Protein Bar 1.41 Oz (4 Pk),30pct_plus,≥30% off,49,1.5943,1.1177,1.0477,1.6831,109.7319,206.5714,,0.6312,10.51,10.9,2026-04-13T00:00:00.000Z,TPR,,,,1.5943,observational
KROGER,CONVENTIONAL|FOOD,08-40229-30577,Built Puff Salted Caramel Protein Bar 1.41 Oz (4 Pk),no_promo,No price reduction,1,,,,,,,,,10.99,10.99,2025-05-05T00:00:00.000Z,Unknown,,,,,observational
KROGER,CONVENTIONAL|FOOD,08-40229-30578,Built Puff Salted Caramel Protein Bar 1.41 Oz (12 Pk),30pct_plus,≥30% off,2,1.1818,1.1818,1.1818,1.1818,,107.25,,0.546,31.96,33.14,2026-04-13T00:00:00.000Z,Display,,,,1.1818,observational
KROGER,CONVENTIONAL|FOOD,08-40229-30578,Built Puff Salted Caramel Protein Bar 1.41 Oz (12 Pk),no_promo,No price reduction,13,,,,,,,,,22.77,22.77,2026-03-30T00:00:00.000Z,Unknown,,,,,observational
KROGER,CONVENTIONAL|FOOD,08-40229-30581,Built Puff Cookies N Cream Protein Bar 1.41 Oz (4 Pk),30pct_plus,≥30% off,48,1.669,1.2624,1.1347,2.0598,118.4085,154.7769,,0.6466,10.13,10.88,2026-04-13T00:00:00.000Z,TPR,,,,1.669,observational
KROGER,CONVENTIONAL|FOOD,08-40229-30581,Built Puff Cookies N Cream Protein Bar 1.41 Oz (4 Pk),no_promo,No price reduction,2,,,,,,,,,10.38,10.38,2025-06-09T00:00:00.000Z,Unknown,,,,,observational
KROGER,CONVENTIONAL|FOOD,08-40229-30582,Built Puff Cookies N Cream Protein Bar 1.41 Oz (12 Pk),30pct_plus,≥30% off,9,1.2569,1.19,1.0855,1.2749,49.5889,122.2,,0.6292,21.47,23.31,2026-04-13T00:00:00.000Z,TPR,,,,1.2569,observational
KROGER,CONVENTIONAL|FOOD,08-40229-30582,Built Puff Cookies N Cream Protein Bar 1.41 Oz (12 Pk),no_promo,No price reduction,36,,,,,,,,,22.34,22.34,2026-03-23T00:00:00.000Z,Unknown,,,,,observational
KROGER,CONVENTIONAL|FOOD,08-40229-30590,Built Puff Strawberries N Cream Protein Bar 1.41 Oz (12 Pk),30pct_plus,≥30% off,1,,,,,0.0,,,0.7505,16.49,33.03,2025-07-21T00:00:00.000Z,Unknown,,,,,observational
KROGER,CONVENTIONAL|FOOD,08-40229-30590,Built Puff Strawberries N Cream Protein Bar 1.41 Oz (12 Pk),no_promo,No price reduction,1,,,,,,,,,32.99,32.99,2025-07-14T00:00:00.000Z,Unknown,,,,,observational
KROGER,CONVENTIONAL|FOOD,08-40229-30615,Built Puff Chocolatey Hazelnut  1.41oz,30pct_plus,≥30% off,20,1.7393,1.5307,1.2657,2.1156,102.0105,79.52,,0.6717,2.08,2.5,2026-04-13T00:00:00.000Z,TPR,,,,1.7393,observational
KROGER,CONVENTIONAL|FOOD,08-40229-30615,Built Puff Chocolatey Hazelnut  1.41oz,no_promo,No price reduction,5,,,,,,,,,2.33,2.33,2026-04-06T00:00:00.000Z,Unknown,,,,,observational
KROGER,CONVENTIONAL|FOOD,08-40229-30616,Built Puff Chocolatey Hazelnut 16.93oz (12pk),no_promo,No price reduction,3,,,,,,,,,24.65,24.65,2026-04-13T00:00:00.000Z,Unknown,,,,,observational
KROGER,CONVENTIONAL|FOOD,08-40229-30642,Built Puff Peanut Butter Protein Bar 1.41 Oz,30pct_plus,≥30% off,16,2.0064,1.8943,1.4008,2.4988,78.4375,,,0.6076,2.38,2.89,2026-04-13T00:00:00.000Z,TPR,,,,2.0064,observational
KROGER,CONVENTIONAL|FOOD,08-40229-30642,Built Puff Peanut Butter Protein Bar 1.41 Oz,no_promo,No price reduction,6,,,,,,,,,2.99,2.99,2025-12-22T00:00:00.000Z,Unknown,,,,,observational
KROGER,CONVENTIONAL|FOOD,08-40229-30645,Built Puff Coconut Protein Bar 1.41 Oz (8 Pk),30pct_plus,≥30% off,1,,,,,31.6,,,0.6245,8.34,10.0,2025-12-15T00:00:00.000Z,TPR,,,,,observational
KROGER,CONVENTIONAL|FOOD,08-40229-30645,Built Puff Coconut Protein Bar 1.41 Oz (8 Pk),no_promo,No price reduction,7,,,,,,,,,9.53,9.53,2026-03-16T00:00:00.000Z,Unknown,,,,,observational
KROGER,CONVENTIONAL|FOOD,08-40229-30646,Built Puff Peanut Butter Cup Protein Bar 1.41 Oz (4 Pk),30pct_plus,≥30% off,15,1.9502,1.8012,1.4215,2.3065,71.5333,85.8,,0.6121,8.54,10.06,2026-04-13T00:00:00.000Z,Display,,,,1.9502,observational
KROGER,CONVENTIONAL|FOOD,08-40229-30646,Built Puff Peanut Butter Cup Protein Bar 1.41 Oz (4 Pk),no_promo,No price reduction,1,,,,,,,,,10.99,10.99,2025-12-29T00:00:00.000Z,Unknown,,,,,observational
KROGER,CONVENTIONAL|FOOD,08-40229-30651,Built Protein Bar Puff Sour Peach 1.45 Oz,30pct_plus,≥30% off,9,1.6693,1.6357,1.4676,1.7185,37.8571,108.8778,,0.5797,2.51,2.77,2026-04-13T00:00:00.000Z,Display,,,,1.6693,observational
KROGER,CONVENTIONAL|FOOD,08-40229-30651,Built Protein Bar Puff Sour Peach 1.45 Oz,no_promo,No price reduction,2,,,,,,,,,2.99,2.99,2026-02-09T00:00:00.000Z,Unknown,,,,,observational
KROGER,CONVENTIONAL|FOOD,08-40229-30653,Built Puff Sour Blu Razz Blast Bar 1.45 Oz,30pct_plus,≥30% off,9,1.5728,1.5607,1.4913,1.6613,35.8857,106.6222,,0.5714,2.55,2.77,2026-04-13T00:00:00.000Z,Display,,,,1.5728,observational
KROGER,CONVENTIONAL|FOOD,08-40229-30653,Built Puff Sour Blu Razz Blast Bar 1.45 Oz,no_promo,No price reduction,2,,,,,,,,,2.99,2.99,2026-02-09T00:00:00.000Z,Unknown,,,,,observational
KROGER,CONVENTIONAL|FOOD,08-40229-30655,Built Puff Sour Green Apple Crush Bar 1.45 Oz,30pct_plus,≥30% off,9,1.6704,1.729,1.5651,1.7681,49.3,108.6667,,0.5913,2.5,2.81,2026-04-13T00:00:00.000Z,Display,,,,1.6704,observational
KROGER,CONVENTIONAL|FOOD,08-40229-30655,Built Puff Sour Green Apple Crush Bar 1.45 Oz,no_promo,No price reduction,2,,,,,,,,,2.99,2.99,2026-02-09T00:00:00.000Z,Unknown,,,,,observational
KROGER,CONVENTIONAL|FOOD,08-40229-30658,Built Sour Puff  Protein Bar  Blue Razz Blast  1.45 Oz (12pk),no_promo,No price reduction,8,,,,,,,,,17.6,17.6,2026-04-13T00:00:00.000Z,Unknown,,,,,observational
LOVES,CONVENTIONAL|CONVENIENCE,08-40229-30037,Built Puff Coconut Protein Bar 1.41 Oz,30pct_plus,≥30% off,17,,,,,,,,1.0,3.47,3.53,2026-04-13T00:00:00.000Z,Unknown,,,,,observational
LOVES,CONVENTIONAL|CONVENIENCE,08-40229-30037,Built Puff Coconut Protein Bar 1.41 Oz,no_promo,No price reduction,14,,,,,,,,,3.37,3.37,2025-12-15T00:00:00.000Z,Unknown,,,,,observational
LOVES,CONVENTIONAL|CONVENIENCE,08-40229-30050,Built Puff Churro Protein Bar 1.41 Oz,no_promo,No price reduction,13,,,,,,,,,2.69,2.69,2025-12-29T00:00:00.000Z,Unknown,,,,,observational
LOVES,CONVENTIONAL|CONVENIENCE,08-40229-30071,Built Double Chocolate Fudge Bar 1.69oz,30pct_plus,≥30% off,4,,,,,,,,1.0,1.73,2.75,2024-08-05T00:00:00.000Z,Unknown,,,,,observational
LOVES,CONVENTIONAL|CONVENIENCE,08-40229-30071,Built Double Chocolate Fudge Bar 1.69oz,no_promo,No price reduction,6,,,,,,,,,2.62,2.62,2024-07-22T00:00:00.000Z,Unknown,,,,,observational
LOVES,CONVENTIONAL|CONVENIENCE,08-40229-30099,Built Coconut Bar 1.69oz,no_promo,No price reduction,1,,,,,,,,,3.49,3.49,2026-01-19T00:00:00.000Z,Unknown,,,,,observational
LOVES,CONVENTIONAL|CONVENIENCE,08-40229-30130,Built Cookies & Cream Bar 1.69oz,no_promo,No price reduction,18,,,,,,,,,3.32,3.32,2025-09-01T00:00:00.000Z,Unknown,,,,,observational
LOVES,CONVENTIONAL|CONVENIENCE,08-40229-30333,Built Puff Cookie Dough Chunk Protein Bar 1.55 Oz,30pct_plus,≥30% off,17,,,,,,,,1.0,3.46,3.51,2026-04-13T00:00:00.000Z,Unknown,,,,,observational
LOVES,CONVENTIONAL|CONVENIENCE,08-40229-30333,Built Puff Cookie Dough Chunk Protein Bar 1.55 Oz,no_promo,No price reduction,2,,,,,,,,,3.15,3.15,2025-12-15T00:00:00.000Z,Unknown,,,,,observational
LOVES,CONVENTIONAL|CONVENIENCE,08-40229-30362,Built Puff Brownie Batter Protein Bar 1.41 Oz,30pct_plus,≥30% off,17,,,,,,,,1.0,3.46,3.52,2026-04-13T00:00:00.000Z,Unknown,,,,,observational
LOVES,CONVENTIONAL|CONVENIENCE,08-40229-30362,Built Puff Brownie Batter Protein Bar 1.41 Oz,no_promo,No price reduction,22,,,,,,,,,3.29,3.29,2025-12-15T00:00:00.000Z,Unknown,,,,,observational
LOVES,CONVENTIONAL|CONVENIENCE,08-40229-30449,Built Peanut Butter Puff 1.41oz,no_promo,No price reduction,2,,,,,,,,,2.15,2.15,2026-03-02T00:00:00.000Z,Unknown,,,,,observational
LOVES,CONVENTIONAL|CONVENIENCE,08-40229-30550,Built Puff Cookies N Cream Protein Bar 1.41 Oz,30pct_plus,≥30% off,11,,,,,,,,1.0,3.47,3.49,2026-04-13T00:00:00.000Z,Unknown,,,,,observational
LOVES,CONVENTIONAL|CONVENIENCE,08-40229-30550,Built Puff Cookies N Cream Protein Bar 1.41 Oz,no_promo,No price reduction,3,,,,,,,,,3.49,3.49,2026-03-30T00:00:00.000Z,Unknown,,,,,observational
LOVES,CONVENTIONAL|CONVENIENCE,08-40229-30642,Built Puff Peanut Butter Protein Bar 1.41 Oz,30pct_plus,≥30% off,11,,,,,,,,1.0,3.48,3.54,2026-04-13T00:00:00.000Z,Unknown,,,,,observational
LOVES,CONVENTIONAL|CONVENIENCE,08-40229-30642,Built Puff Peanut Butter Protein Bar 1.41 Oz,no_promo,No price reduction,2,,,,,,,,,3.53,3.53,2026-01-26T00:00:00.000Z,Unknown,,,,,observational
LOVES,CONVENTIONAL|CONVENIENCE,08-40229-30651,Built Protein Bar Puff Sour Peach 1.45 Oz,30pct_plus,≥30% off,3,,,,,,,,1.0,3.42,3.53,2026-04-13T00:00:00.000Z,Unknown,,,,,observational
LOVES,CONVENTIONAL|CONVENIENCE,08-40229-30653,Built Puff Sour Blu Razz Blast Bar 1.45 Oz,30pct_plus,≥30% off,4,,,,,,,,1.0,3.36,3.43,2026-04-13T00:00:00.000Z,Unknown,,,,,observational
LOVES,CONVENTIONAL|CONVENIENCE,08-40229-30655,Built Puff Sour Green Apple Crush Bar 1.45 Oz,30pct_plus,≥30% off,4,,,,,,,,1.0,3.4,3.52,2026-04-13T00:00:00.000Z,Unknown,,,,,observational
LUNDS & BYERLYS,NATURAL EXPANDED,08-40229-30037,Built Puff Coconut Protein Bar 1.41 Oz,30pct_plus,≥30% off,3,0.0256,0.0256,0.0256,0.0256,,,,0.36,3.14,3.2,2025-10-13T00:00:00.000Z,Unknown,,,,0.0256,observational
LUNDS & BYERLYS,NATURAL EXPANDED,08-40229-30050,Built Puff Churro Protein Bar 1.41 Oz,30pct_plus,≥30% off,2,0.0887,0.0887,0.0738,0.1037,,,,0.373,3.04,3.2,2024-12-16T00:00:00.000Z,Unknown,,,,0.0887,observational
LUNDS & BYERLYS,NATURAL EXPANDED,08-40229-30119,Built Satled Caramel Bar 1.69oz,30pct_plus,≥30% off,2,0.0256,0.0256,0.0256,0.0256,,,,0.373,3.1,3.2,2024-12-16T00:00:00.000Z,Unknown,,,,0.0256,observational
LUNDS & BYERLYS,NATURAL EXPANDED,08-40229-30130,Built Cookies & Cream Bar 1.69oz,30pct_plus,≥30% off,3,0.2195,0.2195,0.1799,0.2591,,,,0.373,2.95,3.19,2024-12-23T00:00:00.000Z,Unknown,,,,0.2195,observational
LUNDS & BYERLYS,NATURAL EXPANDED,08-40229-30362,Built Puff Brownie Batter Protein Bar 1.41 Oz,30pct_plus,≥30% off,2,0.0252,0.0252,0.0176,0.0327,,,,0.373,3.13,3.19,2024-12-16T00:00:00.000Z,Unknown,,,,0.0252,observational
LUNDS & BYERLYS,NATURAL EXPANDED,08-40229-30432,Built Puff Mint Chip Protein Bar 1.41 Oz,30pct_plus,≥30% off,2,0.3604,0.3604,0.3449,0.3758,,,,0.487,2.64,3.19,2026-04-13T00:00:00.000Z,Unknown,,,,0.3604,observational
MAPCO,CONVENTIONAL|CONVENIENCE,08-40229-30037,Built Puff Coconut Protein Bar 1.41 Oz,10_20pct,10–20% off,1,0.0526,0.0526,0.0526,0.0526,,122.2,,0.1,3.7,3.73,2026-01-19T00:00:00.000Z,Display,,,,0.0526,observational
MAPCO,CONVENTIONAL|CONVENIENCE,08-40229-30037,Built Puff Coconut Protein Bar 1.41 Oz,no_promo,No price reduction,1,0.1667,0.1667,0.1667,0.1667,,102.0,,0.0,3.65,3.65,2026-03-30T00:00:00.000Z,Display,,,,0.1667,observational
MARINE CORPS,CONVENTIONAL|MILITARY,08-40229-30034,Built Puff Salted Caramel Protein Bar 1.41 Oz,30pct_plus,≥30% off,7,,,,,,,,1.0,2.95,2.98,2026-04-06T00:00:00.000Z,Unknown,,,,,observational
MARINE CORPS,CONVENTIONAL|MILITARY,08-40229-30034,Built Puff Salted Caramel Protein Bar 1.41 Oz,no_promo,No price reduction,46,,,,,,,,,2.99,2.99,2026-04-13T00:00:00.000Z,Unknown,,,,,observational
MARINE CORPS,CONVENTIONAL|MILITARY,08-40229-30037,Built Puff Coconut Protein Bar 1.41 Oz,30pct_plus,≥30% off,22,,,,,,,,1.0,2.96,2.98,2026-03-30T00:00:00.000Z,Unknown,,,,,observational
MARINE CORPS,CONVENTIONAL|MILITARY,08-40229-30037,Built Puff Coconut Protein Bar 1.41 Oz,no_promo,No price reduction,121,,,,,,,,,2.99,2.99,2026-04-13T00:00:00.000Z,Unknown,,,,,observational
MARINE CORPS,CONVENTIONAL|MILITARY,08-40229-30050,Built Puff Churro Protein Bar 1.41 Oz,30pct_plus,≥30% off,12,,,,,,,,1.0,2.93,2.97,2025-11-10T00:00:00.000Z,Unknown,,,,,observational
MARINE CORPS,CONVENTIONAL|MILITARY,08-40229-30050,Built Puff Churro Protein Bar 1.41 Oz,no_promo,No price reduction,130,,,,,,,,,2.99,2.99,2026-04-13T00:00:00.000Z,Unknown,,,,,observational
MARINE CORPS,CONVENTIONAL|MILITARY,08-40229-30071,Built Double Chocolate Fudge Bar 1.69oz,30pct_plus,≥30% off,1,,,,,,,,1.0,2.98,2.99,2024-09-09T00:00:00.000Z,Unknown,,,,,observational
MARINE CORPS,CONVENTIONAL|MILITARY,08-40229-30071,Built Double Chocolate Fudge Bar 1.69oz,no_promo,No price reduction,85,,,,,,,,,2.99,2.99,2025-03-17T00:00:00.000Z,Unknown,,,,,observational
MARINE CORPS,CONVENTIONAL|MILITARY,08-40229-30099,Built Coconut Bar 1.69oz,30pct_plus,≥30% off,4,,,,,,,,1.0,2.94,2.99,2024-03-11T00:00:00.000Z,Unknown,,,,,observational
MARINE CORPS,CONVENTIONAL|MILITARY,08-40229-30099,Built Coconut Bar 1.69oz,no_promo,No price reduction,95,,,,,,,,,2.99,2.99,2025-08-11T00:00:00.000Z,Unknown,,,,,observational
MARINE CORPS,CONVENTIONAL|MILITARY,08-40229-30103,Built Coocnut Almond Bar 1.97oz,no_promo,No price reduction,4,,,,,,,,,2.99,2.99,2024-02-05T00:00:00.000Z,Unknown,,,,,observational
MARINE CORPS,CONVENTIONAL|MILITARY,08-40229-30107,Built Mint Brownie Bar 1.69oz,30pct_plus,≥30% off,4,,,,,,,,1.0,2.96,2.99,2024-07-22T00:00:00.000Z,Unknown,,,,,observational
MARINE CORPS,CONVENTIONAL|MILITARY,08-40229-30107,Built Mint Brownie Bar 1.69oz,no_promo,No price reduction,100,,,,,,,,,2.99,2.99,2025-08-11T00:00:00.000Z,Unknown,,,,,observational
MARINE CORPS,CONVENTIONAL|MILITARY,08-40229-30115,Built Peanut Butter Bar 1.69oz,no_promo,No price reduction,33,,,,,,,,,2.99,2.99,2024-09-02T00:00:00.000Z,Unknown,,,,,observational
MARINE CORPS,CONVENTIONAL|MILITARY,08-40229-30119,Built Satled Caramel Bar 1.69oz,30pct_plus,≥30% off,9,,,,,,,,1.0,2.93,2.99,2025-05-12T00:00:00.000Z,Unknown,,,,,observational
MARINE CORPS,CONVENTIONAL|MILITARY,08-40229-30119,Built Satled Caramel Bar 1.69oz,no_promo,No price reduction,93,,,,,,,,,2.99,2.99,2025-07-28T00:00:00.000Z,Unknown,,,,,observational
MARINE CORPS,CONVENTIONAL|MILITARY,08-40229-30122,Built Raspberry Bar 1.73oz,no_promo,No price reduction,1,,,,,,,,,2.99,2.99,2023-08-14T00:00:00.000Z,Unknown,,,,,observational
MARINE CORPS,CONVENTIONAL|MILITARY,08-40229-30130,Built Cookies & Cream Bar 1.69oz,30pct_plus,≥30% off,5,,,,,,,,1.0,2.91,2.99,2025-03-10T00:00:00.000Z,Unknown,,,,,observational
MARINE CORPS,CONVENTIONAL|MILITARY,08-40229-30130,Built Cookies & Cream Bar 1.69oz,no_promo,No price reduction,93,,,,,,,,,2.99,2.99,2025-06-02T00:00:00.000Z,Unknown,,,,,observational
MARINE CORPS,CONVENTIONAL|MILITARY,08-40229-30143,Built Bar Peanut Butter Brown Br 2.05oz(18pk),30pct_plus,≥30% off,6,,,,,,,,1.0,2.96,2.99,2023-10-16T00:00:00.000Z,Unknown,,,,,observational
MARINE CORPS,CONVENTIONAL|MILITARY,08-40229-30143,Built Bar Peanut Butter Brown Br 2.05oz(18pk),no_promo,No price reduction,33,,,,,,,,,2.99,2.99,2024-08-26T00:00:00.000Z,Unknown,,,,,observational
MARINE CORPS,CONVENTIONAL|MILITARY,08-40229-30333,Built Puff Cookie Dough Chunk Protein Bar 1.55 Oz,30pct_plus,≥30% off,7,,,,,,,,1.0,2.94,2.97,2025-09-29T00:00:00.000Z,Unknown,,,,,observational
MARINE CORPS,CONVENTIONAL|MILITARY,08-40229-30333,Built Puff Cookie Dough Chunk Protein Bar 1.55 Oz,no_promo,No price reduction,91,,,,,,,,,2.99,2.99,2026-04-13T00:00:00.000Z,Unknown,,,,,observational
MARINE CORPS,CONVENTIONAL|MILITARY,08-40229-30343,Built Puff Smores Chunk Protein Bar 1.52 Oz,no_promo,No price reduction,16,,,,,,,,,2.99,2.99,2026-04-13T00:00:00.000Z,Unknown,,,,,observational
MARINE CORPS,CONVENTIONAL|MILITARY,08-40229-30362,Built Puff Brownie Batter Protein Bar 1.41 Oz,30pct_plus,≥30% off,20,,,,,,,,1.0,2.95,2.98,2026-02-09T00:00:00.000Z,Unknown,,,,,observational
MARINE CORPS,CONVENTIONAL|MILITARY,08-40229-30362,Built Puff Brownie Batter Protein Bar 1.41 Oz,no_promo,No price reduction,123,,,,,,,,,2.99,2.99,2026-04-13T00:00:00.000Z,Unknown,,,,,observational
MARINE CORPS,CONVENTIONAL|MILITARY,08-40229-30385,Built Bar Cookie Dough 1.83oz,30pct_plus,≥30% off,4,,,,,,,,1.0,2.92,2.97,2024-03-11T00:00:00.000Z,Unknown,,,,,observational
MARINE CORPS,CONVENTIONAL|MILITARY,08-40229-30385,Built Bar Cookie Dough 1.83oz,no_promo,No price reduction,37,,,,,,,,,2.99,2.99,2024-05-06T00:00:00.000Z,Unknown,,,,,observational
MARINE CORPS,CONVENTIONAL|MILITARY,08-40229-30432,Built Puff Mint Chip Protein Bar 1.41 Oz,30pct_plus,≥30% off,5,,,,,,,,1.0,2.94,2.98,2026-02-09T00:00:00.000Z,Unknown,,,,,observational
MARINE CORPS,CONVENTIONAL|MILITARY,08-40229-30432,Built Puff Mint Chip Protein Bar 1.41 Oz,no_promo,No price reduction,96,,,,,,,,,2.99,2.99,2026-04-13T00:00:00.000Z,Unknown,,,,,observational
MARINE CORPS,CONVENTIONAL|MILITARY,08-40229-30449,Built Peanut Butter Puff 1.41oz,30pct_plus,≥30% off,11,,,,,,,,1.0,2.97,2.99,2025-03-10T00:00:00.000Z,Unknown,,,,,observational
MARINE CORPS,CONVENTIONAL|MILITARY,08-40229-30449,Built Peanut Butter Puff 1.41oz,no_promo,No price reduction,86,,,,,,,,,2.99,2.99,2025-06-02T00:00:00.000Z,Unknown,,,,,observational
MARINE CORPS,CONVENTIONAL|MILITARY,08-40229-30550,Built Puff Cookies N Cream Protein Bar 1.41 Oz,30pct_plus,≥30% off,7,,,,,,,,1.0,2.95,2.97,2026-02-02T00:00:00.000Z,Unknown,,,,,observational
MARINE CORPS,CONVENTIONAL|MILITARY,08-40229-30550,Built Puff Cookies N Cream Protein Bar 1.41 Oz,no_promo,No price reduction,46,,,,,,,,,2.99,2.99,2026-04-13T00:00:00.000Z,Unknown,,,,,observational
MARINE CORPS,CONVENTIONAL|MILITARY,08-40229-30573,Built Puff Strawberries N Cream Protein Bar 1.41 Oz,no_promo,No price reduction,16,,,,,,,,,2.99,2.99,2026-04-13T00:00:00.000Z,Unknown,,,,,observational
MARINE CORPS,CONVENTIONAL|MILITARY,08-40229-30642,Built Puff Peanut Butter Protein Bar 1.41 Oz,no_promo,No price reduction,16,,,,,,,,,2.99,2.99,2026-04-13T00:00:00.000Z,Unknown,,,,,observational
MARKET DISTRICT,REGIONAL & INDEP GROCERY,08-40229-30037,Built Puff Coconut Protein Bar 1.41 Oz,0_10pct,<10% off,8,0.1706,0.1253,0.071,0.1604,,,,0.0689,2.71,2.77,2025-06-23T00:00:00.000Z,Unknown,,,,0.1706,observational
MARKET DISTRICT,REGIONAL & INDEP GROCERY,08-40229-30037,Built Puff Coconut Protein Bar 1.41 Oz,10_20pct,10–20% off,11,0.4553,0.4353,0.3699,0.5838,,,,0.119,2.49,2.78,2026-02-23T00:00:00.000Z,Unknown,,,,0.4553,observational
MARKET DISTRICT,REGIONAL & INDEP GROCERY,08-40229-30037,Built Puff Coconut Protein Bar 1.41 Oz,20_30pct,20–30% off,13,0.753,0.7338,0.2389,0.9711,,,,0.2668,2.05,2.78,2026-02-16T00:00:00.000Z,Unknown,,,,0.753,observational
MARKET DISTRICT,REGIONAL & INDEP GROCERY,08-40229-30333,Built Puff Cookie Dough Chunk Protein Bar 1.55 Oz,0_10pct,<10% off,5,0.4154,0.3448,0.2227,0.5374,,,,0.0726,2.64,2.77,2025-12-08T00:00:00.000Z,Unknown,,,,0.4154,observational
MARKET DISTRICT,REGIONAL & INDEP GROCERY,08-40229-30333,Built Puff Cookie Dough Chunk Protein Bar 1.55 Oz,10_20pct,10–20% off,12,0.8468,1.0833,0.5847,1.1578,,,,0.1297,2.48,2.79,2026-01-26T00:00:00.000Z,Unknown,,,,0.8468,observational
MARKET DISTRICT,REGIONAL & INDEP GROCERY,08-40229-30333,Built Puff Cookie Dough Chunk Protein Bar 1.55 Oz,20_30pct,20–30% off,12,0.8034,0.9036,0.2845,1.0827,,,,0.2695,2.04,2.79,2026-02-23T00:00:00.000Z,Unknown,,,,0.8034,observational
MARKET DISTRICT,REGIONAL & INDEP GROCERY,08-40229-30362,Built Puff Brownie Batter Protein Bar 1.41 Oz,0_10pct,<10% off,5,0.276,0.2274,0.087,0.4164,,,,0.0722,2.67,2.77,2026-04-13T00:00:00.000Z,Unknown,,,,0.276,observational
MARKET DISTRICT,REGIONAL & INDEP GROCERY,08-40229-30362,Built Puff Brownie Batter Protein Bar 1.41 Oz,10_20pct,10–20% off,13,0.5855,0.4447,0.2091,0.746,,,,0.1384,2.42,2.79,2026-02-23T00:00:00.000Z,Unknown,,,,0.5855,observational
MARKET DISTRICT,REGIONAL & INDEP GROCERY,08-40229-30362,Built Puff Brownie Batter Protein Bar 1.41 Oz,20_30pct,20–30% off,10,1.0191,0.9848,0.3374,1.6331,,,,0.2816,2.0,2.79,2026-02-16T00:00:00.000Z,Unknown,,,,1.0191,observational
MARKET DISTRICT,REGIONAL & INDEP GROCERY,08-40229-30380,Built Puff Brownie Batter Protein Bar 1.41 Oz (4 Pk),10_20pct,10–20% off,2,0.5707,0.5707,0.5358,0.6056,,,,0.1405,8.77,9.93,2026-04-06T00:00:00.000Z,Unknown,,,,0.5707,observational
MARKET DISTRICT,REGIONAL & INDEP GROCERY,08-40229-30380,Built Puff Brownie Batter Protein Bar 1.41 Oz (4 Pk),20_30pct,20–30% off,4,1.0804,1.1638,0.9929,1.2512,,,,0.2008,7.98,9.96,2026-03-30T00:00:00.000Z,Unknown,,,,1.0804,observational
MARKET DISTRICT,REGIONAL & INDEP GROCERY,08-40229-30432,Built Puff Mint Chip Protein Bar 1.41 Oz,0_10pct,<10% off,4,0.3978,0.2866,0.1379,0.5465,,,,0.0743,2.6,2.74,2025-06-23T00:00:00.000Z,Unknown,,,,0.3978,observational
MARKET DISTRICT,REGIONAL & INDEP GROCERY,08-40229-30432,Built Puff Mint Chip Protein Bar 1.41 Oz,10_20pct,10–20% off,8,0.8849,0.5238,0.3744,1.2908,,,,0.1152,2.48,2.76,2026-02-23T00:00:00.000Z,Unknown,,,,0.8849,observational
MARKET DISTRICT,REGIONAL & INDEP GROCERY,08-40229-30432,Built Puff Mint Chip Protein Bar 1.41 Oz,20_30pct,20–30% off,16,0.8503,0.5748,0.2434,1.2753,,,,0.2552,2.13,2.78,2026-02-16T00:00:00.000Z,Unknown,,,,0.8503,observational
MARKET DISTRICT,REGIONAL & INDEP GROCERY,08-40229-30550,Built Puff Cookies N Cream Protein Bar 1.41 Oz,0_10pct,<10% off,1,0.0929,0.0929,0.0929,0.0929,,,,0.056,2.77,2.79,2025-12-08T00:00:00.000Z,Unknown,,,,0.0929,observational
MARKET DISTRICT,REGIONAL & INDEP GROCERY,08-40229-30550,Built Puff Cookies N Cream Protein Bar 1.41 Oz,10_20pct,10–20% off,2,0.3097,0.3097,0.1658,0.4536,,,,0.1715,2.53,2.79,2026-02-23T00:00:00.000Z,Unknown,,,,0.3097,observational
MARKET DISTRICT,REGIONAL & INDEP GROCERY,08-40229-30550,Built Puff Cookies N Cream Protein Bar 1.41 Oz,20_30pct,20–30% off,4,0.7848,0.8479,0.6026,1.03,,,,0.2635,2.05,2.79,2026-02-16T00:00:00.000Z,Unknown,,,,0.7848,observational
MARKET DISTRICT,REGIONAL & INDEP GROCERY,08-40229-30558,Built Puff Cookie Dough Chunk Protein Bar 1.55 Oz (4 Pk),10_20pct,10–20% off,2,0.423,0.423,0.3711,0.4748,,,,0.136,8.74,9.99,2026-04-06T00:00:00.000Z,Unknown,,,,0.423,observational
MARKET DISTRICT,REGIONAL & INDEP GROCERY,08-40229-30558,Built Puff Cookie Dough Chunk Protein Bar 1.55 Oz (4 Pk),20_30pct,20–30% off,4,0.9208,0.9234,0.8695,0.9747,,,,0.2,7.99,9.99,2026-03-30T00:00:00.000Z,Unknown,,,,0.9208,observational
MARKET DISTRICT,REGIONAL & INDEP GROCERY,08-40229-30642,Built Puff Peanut Butter Protein Bar 1.41 Oz,0_10pct,<10% off,1,0.0158,0.0158,0.0158,0.0158,,,,0.097,2.79,2.81,2026-04-13T00:00:00.000Z,Unknown,,,,0.0158,observational
MARKET DISTRICT,REGIONAL & INDEP GROCERY,08-40229-30642,Built Puff Peanut Butter Protein Bar 1.41 Oz,10_20pct,10–20% off,2,0.2189,0.2189,0.1262,0.3115,,,,0.165,2.54,2.79,2026-01-26T00:00:00.000Z,Unknown,,,,0.2189,observational
MARKET DISTRICT,REGIONAL & INDEP GROCERY,08-40229-30642,Built Puff Peanut Butter Protein Bar 1.41 Oz,20_30pct,20–30% off,4,0.3857,0.3562,0.2363,0.5055,,,,0.2635,2.06,2.79,2026-02-23T00:00:00.000Z,Unknown,,,,0.3857,observational
MARKET OF CHOICE,NATURAL EXPANDED,08-40229-30034,Built Puff Salted Caramel Protein Bar 1.41 Oz,30pct_plus,≥30% off,1,0.0588,0.0588,0.0588,0.0588,,,,0.6,2.43,2.91,2026-04-13T00:00:00.000Z,Unknown,,,,0.0588,observational
MARKET OF CHOICE,NATURAL EXPANDED,08-40229-30050,Built Puff Churro Protein Bar 1.41 Oz,30pct_plus,≥30% off,1,0.1646,0.1646,0.1646,0.1646,,,,0.356,2.37,2.82,2026-04-13T00:00:00.000Z,Unknown,,,,0.1646,observational
MARKET OF CHOICE,NATURAL EXPANDED,08-40229-30362,Built Puff Brownie Batter Protein Bar 1.41 Oz,30pct_plus,≥30% off,1,0.6735,0.6735,0.6735,0.6735,,,,0.496,1.72,2.99,2026-04-13T00:00:00.000Z,Unknown,,,,0.6735,observational
MARKET OF CHOICE,NATURAL EXPANDED,08-40229-30432,Built Puff Mint Chip Protein Bar 1.41 Oz,30pct_plus,≥30% off,1,0.0638,0.0638,0.0638,0.0638,,,,0.55,2.73,2.99,2026-04-13T00:00:00.000Z,Unknown,,,,0.0638,observational
MARKET OF CHOICE,NATURAL EXPANDED,08-40229-30550,Built Puff Cookies N Cream Protein Bar 1.41 Oz,30pct_plus,≥30% off,1,0.1818,0.1818,0.1818,0.1818,,,,0.392,2.18,2.91,2026-04-13T00:00:00.000Z,Unknown,,,,0.1818,observational
MAVERIK,CONVENIENCE - SPINS,08-40229-30034,Built Puff Salted Caramel Protein Bar 1.41 Oz,0_10pct,<10% off,26,0.1051,0.1058,0.0806,0.1264,,,,0.0946,3.15,3.24,2026-04-13T00:00:00.000Z,Unknown,,,,0.1051,observational
MAVERIK,CONVENIENCE - SPINS,08-40229-30034,Built Puff Salted Caramel Protein Bar 1.41 Oz,10_20pct,10–20% off,17,0.0883,0.0762,0.0622,0.0866,,,,0.1068,3.13,3.23,2026-03-30T00:00:00.000Z,Unknown,,,,0.0883,observational
MAVERIK,CONVENIENCE - SPINS,08-40229-30037,Built Puff Coconut Protein Bar 1.41 Oz,0_10pct,<10% off,103,0.1276,0.1262,0.0981,0.1544,,,,0.0897,3.18,3.28,2026-04-13T00:00:00.000Z,Unknown,,,,0.1276,observational
MAVERIK,CONVENIENCE - SPINS,08-40229-30037,Built Puff Coconut Protein Bar 1.41 Oz,10_20pct,10–20% off,38,0.1756,0.1835,0.1383,0.2195,,,,0.1147,3.15,3.3,2026-01-12T00:00:00.000Z,Unknown,,,,0.1756,observational
MAVERIK,CONVENIENCE - SPINS,08-40229-30037,Built Puff Coconut Protein Bar 1.41 Oz,20_30pct,20–30% off,2,0.0837,0.0837,0.0827,0.0847,,,,0.2745,3.22,3.36,2024-09-23T00:00:00.000Z,Unknown,,,,0.0837,observational
MAVERIK,CONVENIENCE - SPINS,08-40229-30050,Built Puff Churro Protein Bar 1.41 Oz,0_10pct,<10% off,53,0.1579,0.1424,0.1312,0.1791,,,,0.0905,3.24,3.37,2025-12-29T00:00:00.000Z,Unknown,,,,0.1579,observational
MAVERIK,CONVENIENCE - SPINS,08-40229-30050,Built Puff Churro Protein Bar 1.41 Oz,10_20pct,10–20% off,70,0.2442,0.2127,0.1559,0.326,,,,0.1328,3.2,3.43,2026-03-16T00:00:00.000Z,Unknown,,,,0.2442,observational
MAVERIK,CONVENIENCE - SPINS,08-40229-30050,Built Puff Churro Protein Bar 1.41 Oz,20_30pct,20–30% off,3,0.1001,0.1001,0.0988,0.1014,,,,0.2707,3.2,3.46,2025-10-27T00:00:00.000Z,Unknown,,,,0.1001,observational
MAVERIK,CONVENIENCE - SPINS,08-40229-30050,Built Puff Churro Protein Bar 1.41 Oz,30pct_plus,≥30% off,2,,,,,,,,0.3615,2.49,3.21,2026-01-12T00:00:00.000Z,Unknown,,,,,observational
MAVERIK,CONVENIENCE - SPINS,08-40229-30071,Built Double Chocolate Fudge Bar 1.69oz,0_10pct,<10% off,10,0.1192,0.1023,0.0832,0.1216,,,,0.0879,3.19,3.28,2023-11-06T00:00:00.000Z,Unknown,,,,0.1192,observational
MAVERIK,CONVENIENCE - SPINS,08-40229-30071,Built Double Chocolate Fudge Bar 1.69oz,10_20pct,10–20% off,4,0.1372,0.1293,0.0959,0.1706,,,,0.1118,3.16,3.27,2023-10-09T00:00:00.000Z,Unknown,,,,0.1372,observational
MAVERIK,CONVENIENCE - SPINS,08-40229-30071,Built Double Chocolate Fudge Bar 1.69oz,20_30pct,20–30% off,2,0.3256,0.3256,0.2883,0.3628,,,,0.245,2.74,3.25,2023-11-13T00:00:00.000Z,Unknown,,,,0.3256,observational
MAVERIK,CONVENIENCE - SPINS,08-40229-30071,Built Double Chocolate Fudge Bar 1.69oz,30pct_plus,≥30% off,5,0.4916,0.4762,0.4139,0.5778,,,,0.4282,2.06,3.17,2023-12-11T00:00:00.000Z,Unknown,,,,0.4916,observational
MAVERIK,CONVENIENCE - SPINS,08-40229-30115,Built Peanut Butter Bar 1.69oz,0_10pct,<10% off,9,0.1001,0.101,0.0858,0.1025,,,,0.0887,3.17,3.26,2023-10-30T00:00:00.000Z,Unknown,,,,0.1001,observational
MAVERIK,CONVENIENCE - SPINS,08-40229-30115,Built Peanut Butter Bar 1.69oz,10_20pct,10–20% off,7,0.1286,0.1174,0.1103,0.1478,,,,0.1111,3.16,3.29,2023-11-06T00:00:00.000Z,Unknown,,,,0.1286,observational
MAVERIK,CONVENIENCE - SPINS,08-40229-30115,Built Peanut Butter Bar 1.69oz,30pct_plus,≥30% off,5,0.3839,0.431,0.2989,0.4731,,,,0.3836,2.07,3.27,2023-12-11T00:00:00.000Z,Unknown,,,,0.3839,observational
MAVERIK,CONVENIENCE - SPINS,08-40229-30119,Built Satled Caramel Bar 1.69oz,0_10pct,<10% off,29,0.1728,0.1765,0.1561,0.1888,,,,0.0925,3.28,3.41,2024-07-22T00:00:00.000Z,Unknown,,,,0.1728,observational
MAVERIK,CONVENIENCE - SPINS,08-40229-30119,Built Satled Caramel Bar 1.69oz,10_20pct,10–20% off,31,0.2213,0.2115,0.1872,0.2718,,,,0.1248,3.23,3.43,2024-10-28T00:00:00.000Z,Unknown,,,,0.2213,observational
MAVERIK,CONVENIENCE - SPINS,08-40229-30119,Built Satled Caramel Bar 1.69oz,20_30pct,20–30% off,1,0.436,0.436,0.436,0.436,,,,0.255,2.71,3.47,2024-09-02T00:00:00.000Z,Unknown,,,,0.436,observational
MAVERIK,CONVENIENCE - SPINS,08-40229-30119,Built Satled Caramel Bar 1.69oz,30pct_plus,≥30% off,6,0.3398,0.3434,0.1006,0.5832,,,,0.45,2.66,3.39,2024-10-21T00:00:00.000Z,Unknown,,,,0.3398,observational
MAVERIK,CONVENIENCE - SPINS,08-40229-30130,Built Cookies & Cream Bar 1.69oz,0_10pct,<10% off,45,0.1963,0.1939,0.1712,0.2208,,,,0.0908,3.18,3.33,2024-10-28T00:00:00.000Z,Unknown,,,,0.1963,observational
MAVERIK,CONVENIENCE - SPINS,08-40229-30130,Built Cookies & Cream Bar 1.69oz,10_20pct,10–20% off,15,0.2154,0.2219,0.1755,0.2489,,,,0.1247,3.11,3.3,2024-10-14T00:00:00.000Z,Unknown,,,,0.2154,observational
MAVERIK,CONVENIENCE - SPINS,08-40229-30130,Built Cookies & Cream Bar 1.69oz,20_30pct,20–30% off,2,0.2068,0.2068,0.1312,0.2824,,,,0.205,2.95,3.32,2024-10-07T00:00:00.000Z,Unknown,,,,0.2068,observational
MAVERIK,CONVENIENCE - SPINS,08-40229-30130,Built Cookies & Cream Bar 1.69oz,30pct_plus,≥30% off,3,0.5923,0.5094,0.5077,0.6354,,,,0.3727,2.27,3.29,2024-10-21T00:00:00.000Z,Unknown,,,,0.5923,observational
MAVERIK,CONVENIENCE - SPINS,08-40229-30143,Built Bar Peanut Butter Brown Br 2.05oz(18pk),0_10pct,<10% off,12,0.2428,0.223,0.1422,0.3217,,,,0.082,3.23,3.37,2024-04-29T00:00:00.000Z,Unknown,,,,0.2428,observational
MAVERIK,CONVENIENCE - SPINS,08-40229-30143,Built Bar Peanut Butter Brown Br 2.05oz(18pk),10_20pct,10–20% off,17,0.2259,0.1978,0.0773,0.2751,,,,0.1204,3.19,3.4,2024-07-08T00:00:00.000Z,Unknown,,,,0.2259,observational
MAVERIK,CONVENIENCE - SPINS,08-40229-30143,Built Bar Peanut Butter Brown Br 2.05oz(18pk),20_30pct,20–30% off,3,0.5694,0.5694,0.5694,0.5694,,,,0.2313,2.86,3.39,2023-12-25T00:00:00.000Z,Unknown,,,,0.5694,observational
MAVERIK,CONVENIENCE - SPINS,08-40229-30221,Built Brownie Batter Puff 1.41oz,0_10pct,<10% off,5,0.4937,0.0656,0.0417,0.1828,,,,0.08,3.25,3.37,2023-10-23T00:00:00.000Z,Unknown,,,,0.4937,observational
MAVERIK,CONVENIENCE - SPINS,08-40229-30221,Built Brownie Batter Puff 1.41oz,10_20pct,10–20% off,18,0.1026,0.0899,0.0566,0.1601,,,,0.1151,3.13,3.35,2024-03-04T00:00:00.000Z,Unknown,,,,0.1026,observational
MAVERIK,CONVENIENCE - SPINS,08-40229-30333,Built Puff Cookie Dough Chunk Protein Bar 1.55 Oz,0_10pct,<10% off,101,0.1103,0.1052,0.0749,0.1456,,,,0.0889,3.16,3.24,2026-04-13T00:00:00.000Z,Unknown,,,,0.1103,observational
MAVERIK,CONVENIENCE - SPINS,08-40229-30333,Built Puff Cookie Dough Chunk Protein Bar 1.55 Oz,10_20pct,10–20% off,22,0.1605,0.1793,0.1451,0.2007,,,,0.1107,3.16,3.28,2026-03-30T00:00:00.000Z,Unknown,,,,0.1605,observational
MAVERIK,CONVENIENCE - SPINS,08-40229-30362,Built Puff Brownie Batter Protein Bar 1.41 Oz,0_10pct,<10% off,86,0.1367,0.1366,0.1091,0.16,,,,0.0918,3.18,3.29,2026-04-13T00:00:00.000Z,Unknown,,,,0.1367,observational
MAVERIK,CONVENIENCE - SPINS,08-40229-30362,Built Puff Brownie Batter Protein Bar 1.41 Oz,10_20pct,10–20% off,55,0.2008,0.2023,0.1488,0.2525,,,,0.1159,3.16,3.32,2026-01-12T00:00:00.000Z,Unknown,,,,0.2008,observational
MAVERIK,CONVENIENCE - SPINS,08-40229-30362,Built Puff Brownie Batter Protein Bar 1.41 Oz,20_30pct,20–30% off,2,0.0904,0.0904,0.0863,0.0944,,,,0.2525,3.23,3.38,2024-09-23T00:00:00.000Z,Unknown,,,,0.0904,observational
MAVERIK,CONVENIENCE - SPINS,08-40229-30413,Built Bar Puff Brownie Batter 1.41 Oz,10_20pct,10–20% off,4,0.202,0.202,0.1601,0.2439,,,,0.175,3.3,3.67,2025-06-30T00:00:00.000Z,Unknown,,,,0.202,observational
MAVERIK,CONVENIENCE - SPINS,08-40229-30413,Built Bar Puff Brownie Batter 1.41 Oz,20_30pct,20–30% off,6,0.0303,0.0303,0.0303,0.0303,,,,0.2447,3.14,3.88,2025-09-08T00:00:00.000Z,Unknown,,,,0.0303,observational
MAVERIK,CONVENIENCE - SPINS,08-40229-30449,Built Peanut Butter Puff 1.41oz,0_10pct,<10% off,29,0.1555,0.1657,0.1327,0.1894,,,,0.0916,3.15,3.27,2024-08-12T00:00:00.000Z,Unknown,,,,0.1555,observational
MAVERIK,CONVENIENCE - SPINS,08-40229-30449,Built Peanut Butter Puff 1.41oz,10_20pct,10–20% off,15,0.1402,0.1397,0.0832,0.1735,,,,0.1237,3.11,3.27,2024-10-28T00:00:00.000Z,Unknown,,,,0.1402,observational
MAVERIK,CONVENIENCE - SPINS,08-40229-30449,Built Peanut Butter Puff 1.41oz,30pct_plus,≥30% off,3,0.3916,0.365,0.3287,0.4412,,,,0.385,2.35,3.25,2024-10-21T00:00:00.000Z,Unknown,,,,0.3916,observational
MCCAFFREYS,NATURAL EXPANDED,08-40229-30037,Built Puff Coconut Protein Bar 1.41 Oz,0_10pct,<10% off,23,0.255,0.1779,0.0592,0.4521,,,,0.0713,2.58,2.66,2026-04-06T00:00:00.000Z,Unknown,,,,0.255,observational
MCCAFFREYS,NATURAL EXPANDED,08-40229-30037,Built Puff Coconut Protein Bar 1.41 Oz,10_20pct,10–20% off,9,0.1886,0.0208,0.0136,0.2796,,,,0.1143,2.6,2.68,2026-02-23T00:00:00.000Z,Unknown,,,,0.1886,observational
MCCAFFREYS,NATURAL EXPANDED,08-40229-30037,Built Puff Coconut Protein Bar 1.41 Oz,20_30pct,20–30% off,5,0.6862,0.6788,0.5907,0.7743,,,,0.222,2.19,2.68,2026-03-30T00:00:00.000Z,Unknown,,,,0.6862,observational
MCCAFFREYS,NATURAL EXPANDED,08-40229-30050,Built Puff Churro Protein Bar 1.41 Oz,0_10pct,<10% off,3,,,,,,,,0.068,2.51,2.69,2024-08-26T00:00:00.000Z,Unknown,,,,,observational
MCCAFFREYS,NATURAL EXPANDED,08-40229-30050,Built Puff Churro Protein Bar 1.41 Oz,10_20pct,10–20% off,1,,,,,,,,0.154,2.28,2.69,2023-08-07T00:00:00.000Z,Unknown,,,,,observational
MCCAFFREYS,NATURAL EXPANDED,08-40229-30099,Built Coconut Bar 1.69oz,0_10pct,<10% off,1,,,,,,,,0.075,3.22,3.39,2023-08-21T00:00:00.000Z,Unknown,,,,,observational
MCCAFFREYS,NATURAL EXPANDED,08-40229-30099,Built Coconut Bar 1.69oz,10_20pct,10–20% off,5,,,,,,,,0.1622,2.6,3.05,2024-06-24T00:00:00.000Z,Unknown,,,,,observational
MCCAFFREYS,NATURAL EXPANDED,08-40229-30099,Built Coconut Bar 1.69oz,20_30pct,20–30% off,16,,,,,,,,0.2129,2.7,3.31,2024-03-25T00:00:00.000Z,Unknown,,,,,observational
MCCAFFREYS,NATURAL EXPANDED,08-40229-30099,Built Coconut Bar 1.69oz,30pct_plus,≥30% off,2,,,,,,,,0.3155,2.38,3.18,2024-06-10T00:00:00.000Z,Unknown,,,,,observational
MCCAFFREYS,NATURAL EXPANDED,08-40229-30107,Built Mint Brownie Bar 1.69oz,0_10pct,<10% off,3,,,,,,,,0.0667,3.0,3.14,2024-06-03T00:00:00.000Z,Unknown,,,,,observational
MCCAFFREYS,NATURAL EXPANDED,08-40229-30107,Built Mint Brownie Bar 1.69oz,10_20pct,10–20% off,7,,,,,,,,0.1536,2.81,3.21,2024-06-10T00:00:00.000Z,Unknown,,,,,observational
MCCAFFREYS,NATURAL EXPANDED,08-40229-30107,Built Mint Brownie Bar 1.69oz,20_30pct,20–30% off,12,0.3681,0.1192,0.0874,0.3999,,,,0.2155,2.64,3.34,2024-03-25T00:00:00.000Z,Unknown,,,,0.3681,observational
MCCAFFREYS,NATURAL EXPANDED,08-40229-30119,Built Satled Caramel Bar 1.69oz,10_20pct,10–20% off,2,,,,,,,,0.152,2.44,2.69,2024-09-09T00:00:00.000Z,Unknown,,,,,observational
MCCAFFREYS,NATURAL EXPANDED,08-40229-30130,Built Cookies & Cream Bar 1.69oz,0_10pct,<10% off,4,0.5482,0.5482,0.306,0.7903,,,,0.0718,2.74,2.85,2025-01-13T00:00:00.000Z,Unknown,,,,0.5482,observational
MCCAFFREYS,NATURAL EXPANDED,08-40229-30130,Built Cookies & Cream Bar 1.69oz,10_20pct,10–20% off,10,0.6687,0.5833,0.4738,0.7782,,,,0.1333,2.82,3.04,2025-04-28T00:00:00.000Z,Unknown,,,,0.6687,observational
MCCAFFREYS,NATURAL EXPANDED,08-40229-30130,Built Cookies & Cream Bar 1.69oz,20_30pct,20–30% off,19,0.3285,0.3527,0.1986,0.4648,,,,0.2154,2.68,3.14,2024-04-08T00:00:00.000Z,Unknown,,,,0.3285,observational
MCCAFFREYS,NATURAL EXPANDED,08-40229-30333,Built Puff Cookie Dough Chunk Protein Bar 1.55 Oz,0_10pct,<10% off,7,0.094,0.1015,0.0594,0.1274,,,,0.0737,2.46,2.56,2026-02-16T00:00:00.000Z,Unknown,,,,0.094,observational
MCCAFFREYS,NATURAL EXPANDED,08-40229-30333,Built Puff Cookie Dough Chunk Protein Bar 1.55 Oz,10_20pct,10–20% off,2,0.1724,0.1724,0.1724,0.1724,,,,0.124,2.53,2.64,2026-04-06T00:00:00.000Z,Unknown,,,,0.1724,observational
MCCAFFREYS,NATURAL EXPANDED,08-40229-30333,Built Puff Cookie Dough Chunk Protein Bar 1.55 Oz,20_30pct,20–30% off,2,,,,,,,,0.2385,2.05,2.44,2026-03-30T00:00:00.000Z,Unknown,,,,,observational
MCCAFFREYS,NATURAL EXPANDED,08-40229-30362,Built Puff Brownie Batter Protein Bar 1.41 Oz,0_10pct,<10% off,27,0.1883,0.1728,0.0724,0.2502,,,,0.0696,2.58,2.66,2026-02-23T00:00:00.000Z,Unknown,,,,0.1883,observational
MCCAFFREYS,NATURAL EXPANDED,08-40229-30362,Built Puff Brownie Batter Protein Bar 1.41 Oz,10_20pct,10–20% off,7,0.2457,0.3174,0.1906,0.3366,,,,0.1246,2.46,2.68,2026-03-09T00:00:00.000Z,Unknown,,,,0.2457,observational
MCCAFFREYS,NATURAL EXPANDED,08-40229-30362,Built Puff Brownie Batter Protein Bar 1.41 Oz,20_30pct,20–30% off,5,0.2262,0.2069,0.1893,0.2534,,,,0.227,2.28,2.66,2026-03-30T00:00:00.000Z,Unknown,,,,0.2262,observational
MCCAFFREYS,NATURAL EXPANDED,08-40229-30432,Built Puff Mint Chip Protein Bar 1.41 Oz,0_10pct,<10% off,1,0.0145,0.0145,0.0145,0.0145,,,,0.087,2.51,2.59,2025-12-15T00:00:00.000Z,Unknown,,,,0.0145,observational
MCCAFFREYS,NATURAL EXPANDED,08-40229-30432,Built Puff Mint Chip Protein Bar 1.41 Oz,10_20pct,10–20% off,1,0.04,0.04,0.04,0.04,,,,0.174,2.49,2.63,2026-02-09T00:00:00.000Z,Unknown,,,,0.04,observational
MCCAFFREYS,NATURAL EXPANDED,08-40229-30432,Built Puff Mint Chip Protein Bar 1.41 Oz,20_30pct,20–30% off,4,0.4647,0.5033,0.4516,0.5164,,,,0.2312,2.07,2.66,2026-03-30T00:00:00.000Z,Unknown,,,,0.4647,observational
MCKAYS,REGIONAL & INDEP GROCERY,08-40229-30034,Built Puff Salted Caramel Protein Bar 1.41 Oz,10_20pct,10–20% off,4,,,,,,,,0.123,2.85,2.95,2026-04-13T00:00:00.000Z,Unknown,,,,,observational
MCKAYS,REGIONAL & INDEP GROCERY,08-40229-30034,Built Puff Salted Caramel Protein Bar 1.41 Oz,30pct_plus,≥30% off,1,,,,,,,,0.373,3.02,3.19,2026-04-06T00:00:00.000Z,Unknown,,,,,observational
MCKAYS,REGIONAL & INDEP GROCERY,08-40229-30037,Built Puff Coconut Protein Bar 1.41 Oz,10_20pct,10–20% off,1,0.1667,0.1667,0.1667,0.1667,,,,0.187,2.99,3.33,2026-03-02T00:00:00.000Z,Unknown,,,,0.1667,observational
MCKAYS,REGIONAL & INDEP GROCERY,08-40229-30037,Built Puff Coconut Protein Bar 1.41 Oz,20_30pct,20–30% off,1,,,,,,,,0.227,2.99,3.36,2026-02-23T00:00:00.000Z,Unknown,,,,,observational
MCKAYS,REGIONAL & INDEP GROCERY,08-40229-30037,Built Puff Coconut Protein Bar 1.41 Oz,30pct_plus,≥30% off,1,0.6216,0.6216,0.6216,0.6216,,,,0.427,2.66,3.41,2026-04-13T00:00:00.000Z,Unknown,,,,0.6216,observational
MCKAYS,REGIONAL & INDEP GROCERY,08-40229-30050,Built Puff Churro Protein Bar 1.41 Oz,20_30pct,20–30% off,5,,,,,,,,0.287,2.98,3.35,2026-04-13T00:00:00.000Z,Unknown,,,,,observational
MCKAYS,REGIONAL & INDEP GROCERY,08-40229-30333,Built Puff Cookie Dough Chunk Protein Bar 1.55 Oz,10_20pct,10–20% off,2,,,,,,,,0.174,2.64,3.05,2026-03-02T00:00:00.000Z,Unknown,,,,,observational
MCKAYS,REGIONAL & INDEP GROCERY,08-40229-30333,Built Puff Cookie Dough Chunk Protein Bar 1.55 Oz,20_30pct,20–30% off,1,,,,,,,,0.276,2.9,3.09,2026-04-06T00:00:00.000Z,Unknown,,,,,observational
MCKAYS,REGIONAL & INDEP GROCERY,08-40229-30333,Built Puff Cookie Dough Chunk Protein Bar 1.55 Oz,30pct_plus,≥30% off,1,0.134,0.134,0.134,0.134,,,,0.335,2.91,3.15,2026-04-13T00:00:00.000Z,Unknown,,,,0.134,observational
MCKAYS,REGIONAL & INDEP GROCERY,08-40229-30432,Built Puff Mint Chip Protein Bar 1.41 Oz,10_20pct,10–20% off,2,,,,,,,,0.123,2.8,2.93,2026-03-02T00:00:00.000Z,Unknown,,,,,observational
MCKAYS,REGIONAL & INDEP GROCERY,08-40229-30432,Built Puff Mint Chip Protein Bar 1.41 Oz,30pct_plus,≥30% off,2,0.0833,0.0833,0.0833,0.0833,,,,0.373,2.84,3.13,2026-04-13T00:00:00.000Z,Unknown,,,,0.0833,observational
MCKAYS,REGIONAL & INDEP GROCERY,08-40229-30550,Built Puff Cookies N Cream Protein Bar 1.41 Oz,10_20pct,10–20% off,1,,,,,,,,0.138,2.72,2.99,2026-02-23T00:00:00.000Z,Unknown,,,,,observational
MCKAYS,REGIONAL & INDEP GROCERY,08-40229-30550,Built Puff Cookies N Cream Protein Bar 1.41 Oz,30pct_plus,≥30% off,1,,,,,,,,0.373,3.07,3.19,2026-04-13T00:00:00.000Z,Unknown,,,,,observational
MCKEEVERS,REGIONAL & INDEP GROCERY,08-40229-30034,Built Puff Salted Caramel Protein Bar 1.41 Oz,0_10pct,<10% off,1,,,,,,,,0.067,2.93,2.99,2025-08-11T00:00:00.000Z,Unknown,,,,,observational
MCKEEVERS,REGIONAL & INDEP GROCERY,08-40229-30034,Built Puff Salted Caramel Protein Bar 1.41 Oz,10_20pct,10–20% off,2,0.3745,0.3745,0.2042,0.5448,,,,0.1565,2.66,2.91,2026-03-16T00:00:00.000Z,Unknown,,,,0.3745,observational
MCKEEVERS,REGIONAL & INDEP GROCERY,08-40229-30034,Built Puff Salted Caramel Protein Bar 1.41 Oz,20_30pct,20–30% off,5,0.4939,0.3584,0.2945,0.4461,,,,0.2596,2.43,2.84,2026-04-13T00:00:00.000Z,Unknown,,,,0.4939,observational
MCKEEVERS,REGIONAL & INDEP GROCERY,08-40229-30034,Built Puff Salted Caramel Protein Bar 1.41 Oz,30pct_plus,≥30% off,7,1.5066,1.1343,1.1043,2.2659,,,,0.3319,1.99,2.76,2025-11-17T00:00:00.000Z,Unknown,,,,1.5066,observational
MCKEEVERS,REGIONAL & INDEP GROCERY,08-40229-30037,Built Puff Coconut Protein Bar 1.41 Oz,0_10pct,<10% off,29,0.4886,0.4026,0.1579,0.6246,,,,0.066,2.82,2.94,2026-03-09T00:00:00.000Z,Unknown,196.27,ROBUST,1.0,196.27,causal_robust
MCKEEVERS,REGIONAL & INDEP GROCERY,08-40229-30037,Built Puff Coconut Protein Bar 1.41 Oz,10_20pct,10–20% off,6,0.1088,0.039,0.0216,0.1611,,,,0.1585,2.87,2.96,2026-03-23T00:00:00.000Z,Unknown,196.27,ROBUST,1.0,196.27,causal_robust
MCKEEVERS,REGIONAL & INDEP GROCERY,08-40229-30037,Built Puff Coconut Protein Bar 1.41 Oz,20_30pct,20–30% off,6,0.2394,0.2581,0.1541,0.3102,,,,0.2353,2.65,2.94,2026-04-13T00:00:00.000Z,Unknown,196.27,ROBUST,1.0,196.27,causal_robust
MCKEEVERS,REGIONAL & INDEP GROCERY,08-40229-30037,Built Puff Coconut Protein Bar 1.41 Oz,30pct_plus,≥30% off,10,0.7941,1.0181,0.306,1.178,,,,0.3326,2.08,2.67,2025-11-24T00:00:00.000Z,Unknown,196.27,ROBUST,1.0,196.27,causal_robust
MCKEEVERS,REGIONAL & INDEP GROCERY,08-40229-30050,Built Puff Churro Protein Bar 1.41 Oz,0_10pct,<10% off,3,0.1828,0.1828,0.1828,0.1828,,,,0.067,2.79,2.98,2026-03-09T00:00:00.000Z,Unknown,,,,0.1828,observational
MCKEEVERS,REGIONAL & INDEP GROCERY,08-40229-30050,Built Puff Churro Protein Bar 1.41 Oz,20_30pct,20–30% off,2,0.2903,0.2903,0.2903,0.2903,,,,0.2885,2.13,2.99,2026-01-12T00:00:00.000Z,Unknown,,,,0.2903,observational
MCKEEVERS,REGIONAL & INDEP GROCERY,08-40229-30050,Built Puff Churro Protein Bar 1.41 Oz,30pct_plus,≥30% off,4,0.7097,0.7097,0.4355,0.9839,,,,0.3265,2.03,2.82,2026-01-19T00:00:00.000Z,Unknown,,,,0.7097,observational
MCKEEVERS,REGIONAL & INDEP GROCERY,08-40229-30071,Built Double Chocolate Fudge Bar 1.69oz,0_10pct,<10% off,18,0.528,0.3699,0.2698,0.68,,,,0.0672,2.81,2.99,2025-04-14T00:00:00.000Z,Unknown,,,,0.528,observational
MCKEEVERS,REGIONAL & INDEP GROCERY,08-40229-30071,Built Double Chocolate Fudge Bar 1.69oz,10_20pct,10–20% off,6,,,,,,,,0.154,2.5,2.96,2025-07-21T00:00:00.000Z,Unknown,,,,,observational
MCKEEVERS,REGIONAL & INDEP GROCERY,08-40229-30119,Built Satled Caramel Bar 1.69oz,0_10pct,<10% off,23,0.4086,0.3124,0.192,0.4979,,,,0.065,2.81,2.97,2025-04-14T00:00:00.000Z,Unknown,,,,0.4086,observational
MCKEEVERS,REGIONAL & INDEP GROCERY,08-40229-30119,Built Satled Caramel Bar 1.69oz,10_20pct,10–20% off,8,0.2695,0.2598,0.252,0.2821,,,,0.1617,2.52,2.99,2025-07-14T00:00:00.000Z,Unknown,,,,0.2695,observational
MCKEEVERS,REGIONAL & INDEP GROCERY,08-40229-30130,Built Cookies & Cream Bar 1.69oz,0_10pct,<10% off,21,0.7066,0.5964,0.3669,0.7989,,,,0.067,2.81,2.97,2025-04-14T00:00:00.000Z,Unknown,,,,0.7066,observational
MCKEEVERS,REGIONAL & INDEP GROCERY,08-40229-30130,Built Cookies & Cream Bar 1.69oz,10_20pct,10–20% off,5,0.2051,0.2051,0.2042,0.206,,,,0.1644,2.55,2.98,2025-06-16T00:00:00.000Z,Unknown,,,,0.2051,observational
MCKEEVERS,REGIONAL & INDEP GROCERY,08-40229-30333,Built Puff Cookie Dough Chunk Protein Bar 1.55 Oz,0_10pct,<10% off,8,0.0928,0.1222,0.0321,0.1348,,,,0.0671,2.89,2.92,2026-03-09T00:00:00.000Z,Unknown,,,,0.0928,observational
MCKEEVERS,REGIONAL & INDEP GROCERY,08-40229-30333,Built Puff Cookie Dough Chunk Protein Bar 1.55 Oz,10_20pct,10–20% off,5,0.317,0.108,0.0882,0.3368,,,,0.1656,2.83,2.98,2026-03-16T00:00:00.000Z,Unknown,,,,0.317,observational
MCKEEVERS,REGIONAL & INDEP GROCERY,08-40229-30333,Built Puff Cookie Dough Chunk Protein Bar 1.55 Oz,20_30pct,20–30% off,7,0.1469,0.0874,0.0301,0.2705,,,,0.2556,2.45,2.66,2026-04-13T00:00:00.000Z,Unknown,,,,0.1469,observational
MCKEEVERS,REGIONAL & INDEP GROCERY,08-40229-30333,Built Puff Cookie Dough Chunk Protein Bar 1.55 Oz,30pct_plus,≥30% off,14,0.9868,0.9391,0.0554,1.4281,,,,0.3319,2.19,2.66,2025-12-15T00:00:00.000Z,Unknown,,,,0.9868,observational
MCKEEVERS,REGIONAL & INDEP GROCERY,08-40229-30362,Built Puff Brownie Batter Protein Bar 1.41 Oz,0_10pct,<10% off,27,0.4503,0.3647,0.2133,0.4911,,,,0.0656,2.82,2.97,2026-03-09T00:00:00.000Z,Unknown,49.89,MODERATE,1.0,49.89,causal_moderate
MCKEEVERS,REGIONAL & INDEP GROCERY,08-40229-30362,Built Puff Brownie Batter Protein Bar 1.41 Oz,10_20pct,10–20% off,7,0.0533,0.0562,0.0468,0.0627,,,,0.1511,2.88,2.98,2026-03-16T00:00:00.000Z,Unknown,49.89,MODERATE,1.0,49.89,causal_moderate
MCKEEVERS,REGIONAL & INDEP GROCERY,08-40229-30362,Built Puff Brownie Batter Protein Bar 1.41 Oz,20_30pct,20–30% off,5,0.3906,0.2215,0.1993,0.2546,,,,0.2516,2.4,2.86,2026-04-13T00:00:00.000Z,Unknown,49.89,MODERATE,1.0,49.89,causal_moderate
MCKEEVERS,REGIONAL & INDEP GROCERY,08-40229-30362,Built Puff Brownie Batter Protein Bar 1.41 Oz,30pct_plus,≥30% off,10,1.5277,1.5648,1.2882,1.6742,,,,0.333,2.18,2.82,2025-11-17T00:00:00.000Z,Unknown,49.89,MODERATE,1.0,49.89,causal_moderate
MCKEEVERS,REGIONAL & INDEP GROCERY,08-40229-30380,Built Puff Brownie Batter Protein Bar 1.41 Oz (4 Pk),0_10pct,<10% off,16,0.1889,0.1571,0.1155,0.2561,,,,0.0621,9.41,9.69,2026-04-13T00:00:00.000Z,Unknown,,,,0.1889,observational
MCKEEVERS,REGIONAL & INDEP GROCERY,08-40229-30380,Built Puff Brownie Batter Protein Bar 1.41 Oz (4 Pk),10_20pct,10–20% off,10,0.4044,0.4288,0.1979,0.5828,,,,0.1421,8.93,10.24,2025-12-08T00:00:00.000Z,Unknown,,,,0.4044,observational
MCKEEVERS,REGIONAL & INDEP GROCERY,08-40229-30381,Built Puff Coconut Protein Bar 1.41 Oz (4 Pk),0_10pct,<10% off,9,0.2381,0.2381,0.2381,0.2381,,,,0.064,10.43,10.82,2026-04-13T00:00:00.000Z,Unknown,,,,0.2381,observational
MCKEEVERS,REGIONAL & INDEP GROCERY,08-40229-30432,Built Puff Mint Chip Protein Bar 1.41 Oz,0_10pct,<10% off,4,0.5217,0.7352,0.3792,0.7708,,,,0.067,2.84,2.93,2026-03-16T00:00:00.000Z,Unknown,,,,0.5217,observational
MCKEEVERS,REGIONAL & INDEP GROCERY,08-40229-30432,Built Puff Mint Chip Protein Bar 1.41 Oz,10_20pct,10–20% off,1,0.1747,0.1747,0.1747,0.1747,,,,0.182,2.33,2.61,2025-09-22T00:00:00.000Z,Unknown,,,,0.1747,observational
MCKEEVERS,REGIONAL & INDEP GROCERY,08-40229-30432,Built Puff Mint Chip Protein Bar 1.41 Oz,30pct_plus,≥30% off,9,0.6589,0.6556,0.4904,0.8905,,,,0.3338,2.0,2.52,2025-11-24T00:00:00.000Z,Unknown,,,,0.6589,observational
MCKEEVERS,REGIONAL & INDEP GROCERY,08-40229-30449,Built Peanut Butter Puff 1.41oz,0_10pct,<10% off,13,0.4528,0.3712,0.3056,0.5914,,,,0.066,2.83,2.97,2025-04-14T00:00:00.000Z,Unknown,,,,0.4528,observational
MCKEEVERS,REGIONAL & INDEP GROCERY,08-40229-30550,Built Puff Cookies N Cream Protein Bar 1.41 Oz,0_10pct,<10% off,9,0.0588,0.0526,0.0222,0.094,,,,0.0669,2.6,2.65,2026-03-09T00:00:00.000Z,Unknown,,,,0.0588,observational
MCKEEVERS,REGIONAL & INDEP GROCERY,08-40229-30550,Built Puff Cookies N Cream Protein Bar 1.41 Oz,10_20pct,10–20% off,3,0.1557,0.1557,0.1557,0.1557,,,,0.1543,2.54,2.68,2026-03-16T00:00:00.000Z,Unknown,,,,0.1557,observational
MCKEEVERS,REGIONAL & INDEP GROCERY,08-40229-30550,Built Puff Cookies N Cream Protein Bar 1.41 Oz,20_30pct,20–30% off,4,0.3636,0.3636,0.3636,0.3636,,,,0.2695,2.55,2.86,2026-04-13T00:00:00.000Z,Unknown,,,,0.3636,observational
MCKEEVERS,REGIONAL & INDEP GROCERY,08-40229-30550,Built Puff Cookies N Cream Protein Bar 1.41 Oz,30pct_plus,≥30% off,10,0.3479,0.3185,0.2687,0.3862,,,,0.3301,2.09,2.37,2026-02-16T00:00:00.000Z,Unknown,,,,0.3479,observational
MCKEEVERS,REGIONAL & INDEP GROCERY,08-40229-30558,Built Puff Cookie Dough Chunk Protein Bar 1.55 Oz (4 Pk),0_10pct,<10% off,5,0.2705,0.1905,0.04,0.4211,,,,0.064,10.41,10.98,2026-04-13T00:00:00.000Z,Unknown,,,,0.2705,observational
MCKEEVERS,REGIONAL & INDEP GROCERY,08-40229-30569,Built Puff Chocolate Milkshake Protein Bar 1.41 Oz,10_20pct,10–20% off,4,0.036,0.0345,0.0287,0.0418,,,,0.1987,2.28,2.35,2025-11-03T00:00:00.000Z,Unknown,,,,0.036,observational
MCKEEVERS,REGIONAL & INDEP GROCERY,08-40229-30569,Built Puff Chocolate Milkshake Protein Bar 1.41 Oz,20_30pct,20–30% off,1,0.0943,0.0943,0.0943,0.0943,,,,0.298,1.91,2.16,2025-10-13T00:00:00.000Z,Unknown,,,,0.0943,observational
MCKEEVERS,REGIONAL & INDEP GROCERY,08-40229-30573,Built Puff Strawberries N Cream Protein Bar 1.41 Oz,20_30pct,20–30% off,1,,,,,,,,0.209,1.91,2.29,2025-10-13T00:00:00.000Z,Unknown,,,,,observational
MCKEEVERS,REGIONAL & INDEP GROCERY,08-40229-30642,Built Puff Peanut Butter Protein Bar 1.41 Oz,0_10pct,<10% off,4,0.088,0.0763,0.0574,0.1127,,,,0.0665,2.82,2.88,2026-03-09T00:00:00.000Z,Unknown,,,,0.088,observational
MCKEEVERS,REGIONAL & INDEP GROCERY,08-40229-30642,Built Puff Peanut Butter Protein Bar 1.41 Oz,10_20pct,10–20% off,3,0.8037,0.8037,0.8037,0.8037,,,,0.129,2.67,2.88,2026-03-30T00:00:00.000Z,Unknown,,,,0.8037,observational
MCKEEVERS,REGIONAL & INDEP GROCERY,08-40229-30642,Built Puff Peanut Butter Protein Bar 1.41 Oz,20_30pct,20–30% off,4,1.0513,1.0862,0.7869,1.3506,,,,0.2722,2.19,2.86,2026-02-16T00:00:00.000Z,Unknown,,,,1.0513,observational
MCKEEVERS,REGIONAL & INDEP GROCERY,08-40229-30642,Built Puff Peanut Butter Protein Bar 1.41 Oz,30pct_plus,≥30% off,8,0.5698,0.3641,0.2575,0.4608,,,,0.3274,2.17,2.86,2026-02-09T00:00:00.000Z,Unknown,,,,0.5698,observational
MCKEEVERS,REGIONAL & INDEP GROCERY,08-40229-30646,Built Puff Peanut Butter Cup Protein Bar 1.41 Oz (4 Pk),0_10pct,<10% off,6,0.2503,0.2503,0.2405,0.2601,,,,0.0638,10.39,10.82,2026-04-13T00:00:00.000Z,Unknown,,,,0.2503,observational
MDI,CONVENTIONAL|FOOD,08-40229-30034,Built Puff Salted Caramel Protein Bar 1.41 Oz,30pct_plus,≥30% off,11,,,,,,,,1.0,2.12,2.28,2026-02-16T00:00:00.000Z,Unknown,,,,,observational
MDI,CONVENTIONAL|FOOD,08-40229-30034,Built Puff Salted Caramel Protein Bar 1.41 Oz,no_promo,No price reduction,23,,,,,,,,,2.33,2.33,2026-04-13T00:00:00.000Z,Unknown,,,,,observational
MDI,CONVENTIONAL|FOOD,08-40229-30037,Built Puff Coconut Protein Bar 1.41 Oz,30pct_plus,≥30% off,14,,,,,,,,1.0,2.12,2.21,2025-11-10T00:00:00.000Z,Unknown,,,,,observational
MDI,CONVENTIONAL|FOOD,08-40229-30037,Built Puff Coconut Protein Bar 1.41 Oz,no_promo,No price reduction,37,,,,,,,,,2.4,2.4,2026-04-13T00:00:00.000Z,Unknown,,,,,observational
MDI,CONVENTIONAL|FOOD,08-40229-30050,Built Puff Churro Protein Bar 1.41 Oz,30pct_plus,≥30% off,13,,,,,,,,1.0,2.13,2.66,2025-11-03T00:00:00.000Z,Unknown,,,,,observational
MDI,CONVENTIONAL|FOOD,08-40229-30050,Built Puff Churro Protein Bar 1.41 Oz,no_promo,No price reduction,28,,,,,,,,,2.57,2.57,2026-03-30T00:00:00.000Z,Unknown,,,,,observational
MDI,CONVENTIONAL|FOOD,08-40229-30333,Built Puff Cookie Dough Chunk Protein Bar 1.55 Oz,30pct_plus,≥30% off,11,,,,,,,,1.0,2.16,2.24,2025-12-08T00:00:00.000Z,Unknown,,,,,observational
MDI,CONVENTIONAL|FOOD,08-40229-30333,Built Puff Cookie Dough Chunk Protein Bar 1.55 Oz,no_promo,No price reduction,39,,,,,,,,,2.35,2.35,2026-04-13T00:00:00.000Z,Unknown,,,,,observational
MDI,CONVENTIONAL|FOOD,08-40229-30362,Built Puff Brownie Batter Protein Bar 1.41 Oz,30pct_plus,≥30% off,20,,,,,,,,1.0,2.19,2.33,2026-01-05T00:00:00.000Z,Unknown,,,,,observational
MDI,CONVENTIONAL|FOOD,08-40229-30362,Built Puff Brownie Batter Protein Bar 1.41 Oz,no_promo,No price reduction,31,,,,,,,,,2.37,2.37,2026-04-13T00:00:00.000Z,Unknown,,,,,observational
MDI,CONVENTIONAL|FOOD,08-40229-30432,Built Puff Mint Chip Protein Bar 1.41 Oz,30pct_plus,≥30% off,1,,,,,,,,1.0,2.0,2.34,2026-01-05T00:00:00.000Z,Unknown,,,,,observational
MDI,CONVENTIONAL|FOOD,08-40229-30432,Built Puff Mint Chip Protein Bar 1.41 Oz,no_promo,No price reduction,13,,,,,,,,,2.86,2.86,2026-04-13T00:00:00.000Z,Unknown,,,,,observational
MDI,CONVENTIONAL|FOOD,08-40229-30550,Built Puff Cookies N Cream Protein Bar 1.41 Oz,30pct_plus,≥30% off,2,,,,,,,,1.0,2.15,2.4,2025-12-01T00:00:00.000Z,Unknown,,,,,observational
MDI,CONVENTIONAL|FOOD,08-40229-30550,Built Puff Cookies N Cream Protein Bar 1.41 Oz,no_promo,No price reduction,24,,,,,,,,,2.41,2.41,2026-03-30T00:00:00.000Z,Unknown,,,,,observational
MDI,CONVENTIONAL|FOOD,08-40229-30642,Built Puff Peanut Butter Protein Bar 1.41 Oz,no_promo,No price reduction,4,,,,,,,,,3.69,3.69,2026-02-02T00:00:00.000Z,Unknown,,,,,observational
MEIJER,CONVENTIONAL|FOOD,08-40229-30037,Built Puff Coconut Protein Bar 1.41 Oz,0_10pct,<10% off,2,0.0651,0.0651,0.0651,0.0651,19.45,,,0.0695,2.96,2.99,2024-01-29T00:00:00.000Z,TPR,,,,0.0651,observational
MEIJER,CONVENTIONAL|FOOD,08-40229-30037,Built Puff Coconut Protein Bar 1.41 Oz,10_20pct,10–20% off,10,0.4,0.4398,0.2381,0.4991,44.09,,90.3,0.1429,2.6,2.89,2024-04-01T00:00:00.000Z,TPR,,,,0.4,observational
MEIJER,CONVENTIONAL|FOOD,08-40229-30037,Built Puff Coconut Protein Bar 1.41 Oz,20_30pct,20–30% off,3,0.2009,0.2009,0.2009,0.2009,14.8,,,0.2397,2.66,2.83,2023-12-18T00:00:00.000Z,Unknown,,,,0.2009,observational
MEIJER,CONVENTIONAL|FOOD,08-40229-30037,Built Puff Coconut Protein Bar 1.41 Oz,30pct_plus,≥30% off,13,1.1959,1.186,0.4994,1.6159,96.0077,,,0.5602,0.99,2.18,2024-06-24T00:00:00.000Z,TPR,,,,1.1959,observational
MEIJER,CONVENTIONAL|FOOD,08-40229-30362,Built Puff Brownie Batter Protein Bar 1.41 Oz,0_10pct,<10% off,1,,,,,0.0,,,0.057,2.91,2.92,2023-12-18T00:00:00.000Z,Unknown,,,,,observational
MEIJER,CONVENTIONAL|FOOD,08-40229-30362,Built Puff Brownie Batter Protein Bar 1.41 Oz,10_20pct,10–20% off,10,0.5658,0.6081,0.4576,0.7143,74.93,,67.8,0.1377,2.6,2.94,2024-04-01T00:00:00.000Z,TPR,,,,0.5658,observational
MEIJER,CONVENTIONAL|FOOD,08-40229-30362,Built Puff Brownie Batter Protein Bar 1.41 Oz,30pct_plus,≥30% off,7,0.9711,0.7629,0.4021,1.5332,124.9,,,0.5123,1.45,2.85,2024-05-06T00:00:00.000Z,TPR,,,,0.9711,observational
MEIJER,CONVENTIONAL|FOOD,08-40229-30380,Built Puff Brownie Batter Protein Bar 1.41 Oz (4 Pk),0_10pct,<10% off,68,0.1492,0.0171,0.0038,0.2452,49.4029,83.38,,0.0683,9.3,9.46,2026-04-06T00:00:00.000Z,TPR,,,,0.1492,observational
MEIJER,CONVENTIONAL|FOOD,08-40229-30380,Built Puff Brownie Batter Protein Bar 1.41 Oz (4 Pk),10_20pct,10–20% off,44,0.3635,0.305,0.0065,0.6553,56.6341,90.3455,,0.1414,8.7,9.41,2026-04-13T00:00:00.000Z,TPR,,,,0.3635,observational
MEIJER,CONVENTIONAL|FOOD,08-40229-30380,Built Puff Brownie Batter Protein Bar 1.41 Oz (4 Pk),20_30pct,20–30% off,9,0.4697,0.6064,0.0114,0.8431,81.8222,116.4,,0.2209,8.47,9.61,2026-01-05T00:00:00.000Z,TPR,,,,0.4697,observational
MEIJER,CONVENTIONAL|FOOD,08-40229-30380,Built Puff Brownie Batter Protein Bar 1.41 Oz (4 Pk),30pct_plus,≥30% off,3,0.0007,0.0007,0.0007,0.0007,7.5667,,,0.4253,9.47,9.47,2025-03-31T00:00:00.000Z,Unknown,,,,0.0007,observational
MEIJER,CONVENTIONAL|FOOD,08-40229-30380,Built Puff Brownie Batter Protein Bar 1.41 Oz (4 Pk),no_promo,No price reduction,2,0.0597,0.0597,0.0301,0.0892,0.0,33.2,,0.0,9.46,9.46,2026-03-16T00:00:00.000Z,Display,,,,0.0597,observational
MEIJER,CONVENTIONAL|FOOD,08-40229-30381,Built Puff Coconut Protein Bar 1.41 Oz (4 Pk),0_10pct,<10% off,55,0.1749,0.0184,0.0023,0.3109,37.5655,41.1875,,0.0678,9.38,9.54,2026-04-06T00:00:00.000Z,TPR,,,,0.1749,observational
MEIJER,CONVENTIONAL|FOOD,08-40229-30381,Built Puff Coconut Protein Bar 1.41 Oz (4 Pk),10_20pct,10–20% off,59,0.2902,0.0377,0.0054,0.5855,65.4103,59.0,111.1,0.1341,9.18,9.76,2026-04-13T00:00:00.000Z,TPR,,,,0.2902,observational
MEIJER,CONVENTIONAL|FOOD,08-40229-30381,Built Puff Coconut Protein Bar 1.41 Oz (4 Pk),20_30pct,20–30% off,12,0.8317,0.8204,0.53,1.3212,148.6667,0.0,,0.2275,8.15,9.78,2026-01-12T00:00:00.000Z,TPR,,,,0.8317,observational
MEIJER,CONVENTIONAL|FOOD,08-40229-30381,Built Puff Coconut Protein Bar 1.41 Oz (4 Pk),30pct_plus,≥30% off,1,0.0157,0.0157,0.0157,0.0157,89.2,,,0.306,10.35,10.46,2024-04-29T00:00:00.000Z,TPR,,,,0.0157,observational
MEIJER,CONVENTIONAL|FOOD,08-40229-30381,Built Puff Coconut Protein Bar 1.41 Oz (4 Pk),no_promo,No price reduction,2,0.1411,0.1411,0.1215,0.1608,,39.25,,0.0,9.47,9.47,2026-03-23T00:00:00.000Z,Display,,,,0.1411,observational
MEIJER,CONVENTIONAL|FOOD,08-40229-30558,Built Puff Cookie Dough Chunk Protein Bar 1.55 Oz (4 Pk),0_10pct,<10% off,22,0.1481,0.0064,0.0039,0.2824,41.25,79.4,,0.073,9.68,9.91,2026-03-16T00:00:00.000Z,TPR,,,,0.1481,observational
MEIJER,CONVENTIONAL|FOOD,08-40229-30558,Built Puff Cookie Dough Chunk Protein Bar 1.55 Oz (4 Pk),10_20pct,10–20% off,19,0.207,0.0108,0.0012,0.331,38.1526,52.4714,,0.1378,9.38,9.84,2026-04-13T00:00:00.000Z,TPR,,,,0.207,observational
MEIJER,CONVENTIONAL|FOOD,08-40229-30558,Built Puff Cookie Dough Chunk Protein Bar 1.55 Oz (4 Pk),20_30pct,20–30% off,2,1.2412,1.2412,1.2412,1.2412,64.4,121.2,,0.2245,8.95,9.94,2026-01-05T00:00:00.000Z,Unknown,,,,1.2412,observational
MEIJER,CONVENTIONAL|FOOD,08-40229-30558,Built Puff Cookie Dough Chunk Protein Bar 1.55 Oz (4 Pk),no_promo,No price reduction,1,0.0038,0.0038,0.0038,0.0038,,36.0,,0.0,9.97,9.97,2026-03-23T00:00:00.000Z,Display,,,,0.0038,observational
MORTON WILLIAMS,NATURAL EXPANDED,08-40229-30034,Built Puff Salted Caramel Protein Bar 1.41 Oz,0_10pct,<10% off,5,0.0392,0.0238,0.022,0.041,,,,0.0508,3.79,3.81,2026-03-16T00:00:00.000Z,Unknown,,,,0.0392,observational
MORTON WILLIAMS,NATURAL EXPANDED,08-40229-30362,Built Puff Brownie Batter Protein Bar 1.41 Oz,0_10pct,<10% off,1,0.0476,0.0476,0.0476,0.0476,,,,0.051,3.79,3.81,2026-02-23T00:00:00.000Z,Unknown,,,,0.0476,observational
MORTON WILLIAMS,NATURAL EXPANDED,08-40229-30550,Built Puff Cookies N Cream Protein Bar 1.41 Oz,0_10pct,<10% off,3,0.0476,0.0476,0.0476,0.0476,,,,0.05,3.79,3.81,2026-03-16T00:00:00.000Z,Unknown,,,,0.0476,observational
MOTOMART,CONVENTIONAL|CONVENIENCE,08-40229-30333,Built Puff Cookie Dough Chunk Protein Bar 1.55 Oz,10_20pct,10–20% off,1,0.0175,0.0175,0.0175,0.0175,,85.2,,0.104,3.19,3.2,2026-04-13T00:00:00.000Z,Display,,,,0.0175,observational
MURPHY USA,CONVENTIONAL|CONVENIENCE,08-40229-30037,Built Puff Coconut Protein Bar 1.41 Oz,0_10pct,<10% off,30,0.0161,0.0051,0.0034,0.0092,30.2133,108.8722,29.0,0.056,3.46,3.46,2026-03-30T00:00:00.000Z,Display,,,,0.0161,observational
MURPHY USA,CONVENTIONAL|CONVENIENCE,08-40229-30037,Built Puff Coconut Protein Bar 1.41 Oz,10_20pct,10–20% off,19,0.7285,0.7941,0.6042,0.9202,41.2579,100.9231,,0.126,2.97,3.25,2026-04-06T00:00:00.000Z,Display,,,,0.7285,observational
MURPHY USA,CONVENTIONAL|CONVENIENCE,08-40229-30037,Built Puff Coconut Protein Bar 1.41 Oz,20_30pct,20–30% off,1,0.6121,0.6121,0.6121,0.6121,82.2,174.7,,0.242,2.77,3.47,2026-04-13T00:00:00.000Z,Display,,,,0.6121,observational
MURPHY USA,CONVENTIONAL|CONVENIENCE,08-40229-30037,Built Puff Coconut Protein Bar 1.41 Oz,30pct_plus,≥30% off,10,1.2163,1.4688,0.6502,1.6611,136.63,179.74,,0.4316,1.76,2.83,2025-01-20T00:00:00.000Z,TPR,,,,1.2163,observational
MURPHY USA,CONVENTIONAL|CONVENIENCE,08-40229-30037,Built Puff Coconut Protein Bar 1.41 Oz,no_promo,No price reduction,6,0.0045,0.0046,0.0013,0.0076,,124.35,,0.0,3.48,3.48,2025-09-15T00:00:00.000Z,Display,,,,0.0045,observational
MURPHY USA,CONVENTIONAL|CONVENIENCE,08-40229-30333,Built Puff Cookie Dough Chunk Protein Bar 1.55 Oz,0_10pct,<10% off,35,0.0456,0.006,0.003,0.0075,26.5029,89.0,0.0,0.0574,3.46,3.47,2026-03-23T00:00:00.000Z,Display,,,,0.0456,observational
MURPHY USA,CONVENTIONAL|CONVENIENCE,08-40229-30333,Built Puff Cookie Dough Chunk Protein Bar 1.55 Oz,10_20pct,10–20% off,17,0.5475,0.5763,0.4089,0.7683,56.0176,99.5143,,0.1315,2.89,3.19,2026-04-06T00:00:00.000Z,Display,,,,0.5475,observational
MURPHY USA,CONVENTIONAL|CONVENIENCE,08-40229-30333,Built Puff Cookie Dough Chunk Protein Bar 1.55 Oz,20_30pct,20–30% off,2,0.1899,0.1899,0.1123,0.2674,65.3,93.9,,0.2385,2.82,3.14,2026-04-13T00:00:00.000Z,TPR,,,,0.1899,observational
MURPHY USA,CONVENTIONAL|CONVENIENCE,08-40229-30333,Built Puff Cookie Dough Chunk Protein Bar 1.55 Oz,30pct_plus,≥30% off,9,1.2506,1.273,0.8617,1.6768,123.7889,218.2667,,0.3837,1.78,2.67,2025-01-13T00:00:00.000Z,TPR,,,,1.2506,observational
MURPHY USA,CONVENTIONAL|CONVENIENCE,08-40229-30333,Built Puff Cookie Dough Chunk Protein Bar 1.55 Oz,no_promo,No price reduction,2,0.0049,0.0049,0.0026,0.0072,,103.6,,0.0,3.48,3.48,2025-09-29T00:00:00.000Z,Display,,,,0.0049,observational
MURPHY USA,CONVENTIONAL|CONVENIENCE,08-40229-30362,Built Puff Brownie Batter Protein Bar 1.41 Oz,0_10pct,<10% off,38,0.0122,0.009,0.005,0.0127,46.9167,103.9542,0.0,0.0652,3.46,3.46,2026-03-30T00:00:00.000Z,Display,,,,0.0122,observational
MURPHY USA,CONVENTIONAL|CONVENIENCE,08-40229-30362,Built Puff Brownie Batter Protein Bar 1.41 Oz,10_20pct,10–20% off,19,0.7005,0.8232,0.4707,0.9764,58.5211,107.4143,,0.1301,2.93,3.19,2026-02-23T00:00:00.000Z,Display,,,,0.7005,observational
MURPHY USA,CONVENTIONAL|CONVENIENCE,08-40229-30362,Built Puff Brownie Batter Protein Bar 1.41 Oz,20_30pct,20–30% off,3,0.2639,0.2639,0.21,0.3177,41.9333,108.3,,0.268,2.52,2.97,2026-04-06T00:00:00.000Z,TPR,,,,0.2639,observational
MURPHY USA,CONVENTIONAL|CONVENIENCE,08-40229-30362,Built Puff Brownie Batter Protein Bar 1.41 Oz,30pct_plus,≥30% off,11,1.2629,1.3707,0.4135,1.9286,175.7182,219.3625,,0.3803,1.83,2.71,2026-04-13T00:00:00.000Z,Display,,,,1.2629,observational
MURPHY USA,CONVENTIONAL|CONVENIENCE,08-40229-30362,Built Puff Brownie Batter Protein Bar 1.41 Oz,no_promo,No price reduction,1,0.0065,0.0065,0.0065,0.0065,,88.1,,0.0,3.48,3.48,2025-08-11T00:00:00.000Z,Display,,,,0.0065,observational
MURPHY USA,CONVENTIONAL|CONVENIENCE,08-40229-30642,Built Puff Peanut Butter Protein Bar 1.41 Oz,20_30pct,20–30% off,1,0.0224,0.0224,0.0224,0.0224,29.2,,,0.228,2.88,2.94,2026-04-13T00:00:00.000Z,TPR,,,,0.0224,observational
MURPHY USA,CONVENTIONAL|CONVENIENCE,08-40229-30651,Built Protein Bar Puff Sour Peach 1.45 Oz,0_10pct,<10% off,1,0.2357,0.2357,0.2357,0.2357,,123.4,,0.099,2.72,2.82,2026-04-06T00:00:00.000Z,Display,,,,0.2357,observational
MURPHY USA,CONVENTIONAL|CONVENIENCE,08-40229-30651,Built Protein Bar Puff Sour Peach 1.45 Oz,20_30pct,20–30% off,1,0.2206,0.2206,0.2206,0.2206,47.2,145.4,,0.217,2.64,2.97,2026-04-13T00:00:00.000Z,Display,,,,0.2206,observational
MURPHY USA,CONVENTIONAL|CONVENIENCE,08-40229-30653,Built Puff Sour Blu Razz Blast Bar 1.45 Oz,10_20pct,10–20% off,1,0.0345,0.0345,0.0345,0.0345,,123.5,,0.1,2.36,2.38,2026-04-06T00:00:00.000Z,Display,,,,0.0345,observational
MURPHY USA,CONVENTIONAL|CONVENIENCE,08-40229-30653,Built Puff Sour Blu Razz Blast Bar 1.45 Oz,30pct_plus,≥30% off,1,0.1299,0.1299,0.1299,0.1299,41.3,100.5,,0.335,2.35,2.71,2026-04-13T00:00:00.000Z,Display,,,,0.1299,observational
MURPHY USA,CONVENTIONAL|CONVENIENCE,08-40229-30655,Built Puff Sour Green Apple Crush Bar 1.45 Oz,10_20pct,10–20% off,1,0.169,0.169,0.169,0.169,,124.5,,0.1,2.06,2.11,2026-04-06T00:00:00.000Z,Display,,,,0.169,observational
MURPHY USA,CONVENTIONAL|CONVENIENCE,08-40229-30655,Built Puff Sour Green Apple Crush Bar 1.45 Oz,30pct_plus,≥30% off,1,0.1455,0.1455,0.1455,0.1455,42.4,180.9,,0.311,2.14,2.43,2026-04-13T00:00:00.000Z,Display,,,,0.1455,observational
NCG,NATURAL EXPANDED,08-40229-30034,Built Puff Salted Caramel Protein Bar 1.41 Oz,0_10pct,<10% off,5,0.8033,0.8033,0.8033,0.8033,,,,0.0556,2.86,2.95,2026-03-30T00:00:00.000Z,Unknown,,,,0.8033,observational
NCG,NATURAL EXPANDED,08-40229-30034,Built Puff Salted Caramel Protein Bar 1.41 Oz,10_20pct,10–20% off,10,0.135,0.0504,0.0231,0.2903,,,,0.131,2.79,2.93,2026-04-13T00:00:00.000Z,Unknown,,,,0.135,observational
NCG,NATURAL EXPANDED,08-40229-30034,Built Puff Salted Caramel Protein Bar 1.41 Oz,20_30pct,20–30% off,1,0.3253,0.3253,0.3253,0.3253,,,,0.201,2.79,3.01,2026-01-19T00:00:00.000Z,Unknown,,,,0.3253,observational
NCG,NATURAL EXPANDED,08-40229-30037,Built Puff Coconut Protein Bar 1.41 Oz,0_10pct,<10% off,18,0.2334,0.1814,0.129,0.2973,,,,0.0772,2.98,3.07,2026-03-30T00:00:00.000Z,Unknown,,,,0.2334,observational
NCG,NATURAL EXPANDED,08-40229-30037,Built Puff Coconut Protein Bar 1.41 Oz,10_20pct,10–20% off,35,0.3258,0.2353,0.0744,0.4493,,,,0.1291,2.93,3.1,2026-04-13T00:00:00.000Z,Unknown,,,,0.3258,observational
NCG,NATURAL EXPANDED,08-40229-30037,Built Puff Coconut Protein Bar 1.41 Oz,20_30pct,20–30% off,9,1.2243,0.9286,0.4674,1.1667,,,,0.2179,2.9,3.25,2026-03-09T00:00:00.000Z,Unknown,,,,1.2243,observational
NCG,NATURAL EXPANDED,08-40229-30050,Built Puff Churro Protein Bar 1.41 Oz,0_10pct,<10% off,18,0.2051,0.1672,0.0812,0.1955,,,,0.0684,2.83,2.92,2026-03-23T00:00:00.000Z,Unknown,,,,0.2051,observational
NCG,NATURAL EXPANDED,08-40229-30050,Built Puff Churro Protein Bar 1.41 Oz,10_20pct,10–20% off,11,0.133,0.133,0.132,0.1341,,,,0.1244,2.81,2.93,2026-04-13T00:00:00.000Z,Unknown,,,,0.133,observational
NCG,NATURAL EXPANDED,08-40229-30050,Built Puff Churro Protein Bar 1.41 Oz,20_30pct,20–30% off,2,,,,,,,,0.201,2.86,2.89,2026-03-02T00:00:00.000Z,Unknown,,,,,observational
NCG,NATURAL EXPANDED,08-40229-30050,Built Puff Churro Protein Bar 1.41 Oz,30pct_plus,≥30% off,1,0.3907,0.3907,0.3907,0.3907,,,,0.43,2.15,2.84,2025-09-29T00:00:00.000Z,Unknown,,,,0.3907,observational
NCG,NATURAL EXPANDED,08-40229-30130,Built Cookies & Cream Bar 1.69oz,0_10pct,<10% off,3,0.1667,0.1667,0.1667,0.1667,,,,0.0637,3.05,3.18,2025-05-05T00:00:00.000Z,Unknown,,,,0.1667,observational
NCG,NATURAL EXPANDED,08-40229-30130,Built Cookies & Cream Bar 1.69oz,10_20pct,10–20% off,5,,,,,,,,0.121,2.92,3.14,2025-05-12T00:00:00.000Z,Unknown,,,,,observational
NCG,NATURAL EXPANDED,08-40229-30130,Built Cookies & Cream Bar 1.69oz,20_30pct,20–30% off,1,,,,,,,,0.201,3.06,3.21,2025-06-09T00:00:00.000Z,Unknown,,,,,observational
NCG,NATURAL EXPANDED,08-40229-30333,Built Puff Cookie Dough Chunk Protein Bar 1.55 Oz,0_10pct,<10% off,21,0.0916,0.068,0.021,0.1408,,,,0.0743,2.8,2.86,2026-04-06T00:00:00.000Z,Unknown,,,,0.0916,observational
NCG,NATURAL EXPANDED,08-40229-30333,Built Puff Cookie Dough Chunk Protein Bar 1.55 Oz,10_20pct,10–20% off,18,0.1226,0.0345,0.023,0.1088,,,,0.1229,2.76,2.84,2026-03-23T00:00:00.000Z,Unknown,,,,0.1226,observational
NCG,NATURAL EXPANDED,08-40229-30333,Built Puff Cookie Dough Chunk Protein Bar 1.55 Oz,20_30pct,20–30% off,6,0.0248,0.0248,0.0218,0.0279,,,,0.2135,2.82,2.88,2026-02-23T00:00:00.000Z,Unknown,,,,0.0248,observational
NCG,NATURAL EXPANDED,08-40229-30362,Built Puff Brownie Batter Protein Bar 1.41 Oz,0_10pct,<10% off,35,0.099,0.0695,0.0459,0.1515,,,,0.0766,2.91,2.97,2026-04-13T00:00:00.000Z,Unknown,,,,0.099,observational
NCG,NATURAL EXPANDED,08-40229-30362,Built Puff Brownie Batter Protein Bar 1.41 Oz,10_20pct,10–20% off,21,0.155,0.0771,0.027,0.2289,,,,0.1276,2.86,3.0,2026-03-30T00:00:00.000Z,Unknown,,,,0.155,observational
NCG,NATURAL EXPANDED,08-40229-30362,Built Puff Brownie Batter Protein Bar 1.41 Oz,20_30pct,20–30% off,3,0.2375,0.2375,0.2375,0.2375,,,,0.2037,2.8,2.9,2026-02-16T00:00:00.000Z,Unknown,,,,0.2375,observational
NCG,NATURAL EXPANDED,08-40229-30380,Built Puff Brownie Batter Protein Bar 1.41 Oz (4 Pk),0_10pct,<10% off,2,,,,,,,,0.0505,10.15,10.69,2025-10-20T00:00:00.000Z,Unknown,,,,,observational
NCG,NATURAL EXPANDED,08-40229-30380,Built Puff Brownie Batter Protein Bar 1.41 Oz (4 Pk),10_20pct,10–20% off,2,,,,,,,,0.1,10.05,10.94,2026-03-16T00:00:00.000Z,Unknown,,,,,observational
NCG,NATURAL EXPANDED,08-40229-30432,Built Puff Mint Chip Protein Bar 1.41 Oz,0_10pct,<10% off,6,0.8269,0.6872,0.5353,0.9788,,,,0.0667,2.85,3.01,2026-03-02T00:00:00.000Z,Unknown,,,,0.8269,observational
NCG,NATURAL EXPANDED,08-40229-30432,Built Puff Mint Chip Protein Bar 1.41 Oz,10_20pct,10–20% off,8,0.4004,0.2829,0.1401,0.5432,,,,0.1586,2.78,3.03,2026-03-23T00:00:00.000Z,Unknown,,,,0.4004,observational
NCG,NATURAL EXPANDED,08-40229-30432,Built Puff Mint Chip Protein Bar 1.41 Oz,20_30pct,20–30% off,1,,,,,,,,0.201,2.91,3.19,2025-09-08T00:00:00.000Z,Unknown,,,,,observational
NCG,NATURAL EXPANDED,08-40229-30550,Built Puff Cookies N Cream Protein Bar 1.41 Oz,0_10pct,<10% off,3,0.3608,0.3608,0.3608,0.3608,,,,0.063,2.88,3.0,2026-03-30T00:00:00.000Z,Unknown,,,,0.3608,observational
NCG,NATURAL EXPANDED,08-40229-30550,Built Puff Cookies N Cream Protein Bar 1.41 Oz,10_20pct,10–20% off,3,0.2575,0.2575,0.2575,0.2575,,,,0.1327,2.82,3.08,2026-03-09T00:00:00.000Z,Unknown,,,,0.2575,observational
NCG,NATURAL EXPANDED,08-40229-30573,Built Puff Strawberries N Cream Protein Bar 1.41 Oz,0_10pct,<10% off,1,1.5397,1.5397,1.5397,1.5397,,,,0.058,2.88,3.03,2026-03-30T00:00:00.000Z,Unknown,,,,1.5397,observational
NCG,NATURAL EXPANDED,08-40229-30573,Built Puff Strawberries N Cream Protein Bar 1.41 Oz,10_20pct,10–20% off,1,,,,,,,,0.1,2.69,2.99,2026-04-13T00:00:00.000Z,Unknown,,,,,observational
NCG,NATURAL EXPANDED,08-40229-30577,Built Puff Salted Caramel Protein Bar 1.41 Oz (4 Pk),0_10pct,<10% off,1,,,,,,,,0.075,11.28,12.19,2026-03-16T00:00:00.000Z,Unknown,,,,,observational
NEW SEASONS MARKET,NATURAL EXPANDED,08-40229-30034,Built Puff Salted Caramel Protein Bar 1.41 Oz,0_10pct,<10% off,10,0.1884,0.2141,0.0939,0.2513,,,,0.0895,3.0,3.13,2025-08-25T00:00:00.000Z,Unknown,-30.29,ROBUST,1.0,-30.29,causal_robust
NEW SEASONS MARKET,NATURAL EXPANDED,08-40229-30034,Built Puff Salted Caramel Protein Bar 1.41 Oz,10_20pct,10–20% off,5,0.473,0.5313,0.321,0.6177,,,,0.1658,2.63,3.01,2025-09-22T00:00:00.000Z,Unknown,-30.29,ROBUST,1.0,-30.29,causal_robust
NEW SEASONS MARKET,NATURAL EXPANDED,08-40229-30034,Built Puff Salted Caramel Protein Bar 1.41 Oz,20_30pct,20–30% off,4,0.6658,0.633,0.5699,0.7289,,,,0.2165,2.5,3.18,2025-07-21T00:00:00.000Z,Unknown,-30.29,ROBUST,1.0,-30.29,causal_robust
NEW SEASONS MARKET,NATURAL EXPANDED,08-40229-30034,Built Puff Salted Caramel Protein Bar 1.41 Oz,30pct_plus,≥30% off,5,2.6224,1.9775,1.74,2.861,,,,0.4346,1.86,3.29,2026-02-23T00:00:00.000Z,Unknown,-30.29,ROBUST,1.0,-30.29,causal_robust
NEW SEASONS MARKET,NATURAL EXPANDED,08-40229-30037,Built Puff Coconut Protein Bar 1.41 Oz,0_10pct,<10% off,11,0.3235,0.2803,0.1546,0.4683,,,,0.0853,3.04,3.18,2026-03-30T00:00:00.000Z,Unknown,,,,0.3235,observational
NEW SEASONS MARKET,NATURAL EXPANDED,08-40229-30037,Built Puff Coconut Protein Bar 1.41 Oz,10_20pct,10–20% off,4,0.1973,0.1182,0.0496,0.2659,,,,0.1495,2.8,2.98,2025-09-22T00:00:00.000Z,Unknown,,,,0.1973,observational
NEW SEASONS MARKET,NATURAL EXPANDED,08-40229-30037,Built Puff Coconut Protein Bar 1.41 Oz,20_30pct,20–30% off,6,0.5423,0.5315,0.2989,0.7263,,,,0.2205,2.5,3.17,2025-09-08T00:00:00.000Z,Unknown,,,,0.5423,observational
NEW SEASONS MARKET,NATURAL EXPANDED,08-40229-30037,Built Puff Coconut Protein Bar 1.41 Oz,30pct_plus,≥30% off,5,2.3962,1.4434,1.3649,2.8226,,,,0.4334,1.86,3.26,2026-02-23T00:00:00.000Z,Unknown,,,,2.3962,observational
NEW SEASONS MARKET,NATURAL EXPANDED,08-40229-30050,Built Puff Churro Protein Bar 1.41 Oz,30pct_plus,≥30% off,1,0.2632,0.2632,0.2632,0.2632,,,,0.493,1.67,2.21,2026-02-09T00:00:00.000Z,Unknown,,,,0.2632,observational
NEW SEASONS MARKET,NATURAL EXPANDED,08-40229-30333,Built Puff Cookie Dough Chunk Protein Bar 1.55 Oz,0_10pct,<10% off,13,0.2374,0.2072,0.1255,0.2937,,,,0.0859,3.04,3.17,2026-03-30T00:00:00.000Z,Unknown,,,,0.2374,observational
NEW SEASONS MARKET,NATURAL EXPANDED,08-40229-30333,Built Puff Cookie Dough Chunk Protein Bar 1.55 Oz,10_20pct,10–20% off,4,0.416,0.4562,0.3863,0.4859,,,,0.1772,2.5,2.93,2025-09-22T00:00:00.000Z,Unknown,,,,0.416,observational
NEW SEASONS MARKET,NATURAL EXPANDED,08-40229-30333,Built Puff Cookie Dough Chunk Protein Bar 1.55 Oz,20_30pct,20–30% off,4,0.5816,0.6072,0.3857,0.8031,,,,0.2185,2.5,3.2,2025-07-21T00:00:00.000Z,Unknown,,,,0.5816,observational
NEW SEASONS MARKET,NATURAL EXPANDED,08-40229-30333,Built Puff Cookie Dough Chunk Protein Bar 1.55 Oz,30pct_plus,≥30% off,5,2.335,1.5296,1.3476,2.4579,,,,0.4346,1.86,3.29,2026-02-23T00:00:00.000Z,Unknown,,,,2.335,observational
NEW SEASONS MARKET,NATURAL EXPANDED,08-40229-30362,Built Puff Brownie Batter Protein Bar 1.41 Oz,0_10pct,<10% off,10,0.293,0.3161,0.2172,0.3976,,,,0.0895,3.0,3.14,2025-08-25T00:00:00.000Z,Unknown,,,,0.293,observational
NEW SEASONS MARKET,NATURAL EXPANDED,08-40229-30362,Built Puff Brownie Batter Protein Bar 1.41 Oz,10_20pct,10–20% off,5,0.7726,0.8017,0.545,0.8382,,,,0.158,2.64,3.03,2025-09-22T00:00:00.000Z,Unknown,,,,0.7726,observational
NEW SEASONS MARKET,NATURAL EXPANDED,08-40229-30362,Built Puff Brownie Batter Protein Bar 1.41 Oz,20_30pct,20–30% off,4,1.0187,1.0167,0.9951,1.0403,,,,0.229,2.5,3.24,2025-07-21T00:00:00.000Z,Unknown,,,,1.0187,observational
NEW SEASONS MARKET,NATURAL EXPANDED,08-40229-30362,Built Puff Brownie Batter Protein Bar 1.41 Oz,30pct_plus,≥30% off,5,2.328,1.5017,1.297,2.5748,,,,0.4312,1.86,3.2,2026-02-23T00:00:00.000Z,Unknown,,,,2.328,observational
NEW SEASONS MARKET,NATURAL EXPANDED,08-40229-30380,Built Puff Brownie Batter Protein Bar 1.41 Oz (4 Pk),30pct_plus,≥30% off,1,0.0112,0.0112,0.0112,0.0112,,,,0.334,11.85,12.19,2026-03-23T00:00:00.000Z,Unknown,,,,0.0112,observational
NEW SEASONS MARKET,NATURAL EXPANDED,08-40229-30381,Built Puff Coconut Protein Bar 1.41 Oz (4 Pk),30pct_plus,≥30% off,1,0.129,0.129,0.129,0.129,,,,0.375,11.32,12.19,2026-03-23T00:00:00.000Z,Unknown,,,,0.129,observational
NEW SEASONS MARKET,NATURAL EXPANDED,08-40229-30394,Built Puff Candy Cane Brownie Protein Bar 1.51 Oz,0_10pct,<10% off,5,0.2168,0.2168,0.2052,0.2284,,,,0.0778,2.5,2.61,2025-12-22T00:00:00.000Z,Unknown,,,,0.2168,observational
NEW SEASONS MARKET,NATURAL EXPANDED,08-40229-30394,Built Puff Candy Cane Brownie Protein Bar 1.51 Oz,10_20pct,10–20% off,1,0.156,0.156,0.156,0.156,,,,0.192,2.58,2.77,2025-11-03T00:00:00.000Z,Unknown,,,,0.156,observational
NEW SEASONS MARKET,NATURAL EXPANDED,08-40229-30394,Built Puff Candy Cane Brownie Protein Bar 1.51 Oz,20_30pct,20–30% off,2,0.0972,0.0972,0.0961,0.0982,,,,0.2095,2.5,2.7,2025-11-17T00:00:00.000Z,Unknown,,,,0.0972,observational
NEW SEASONS MARKET,NATURAL EXPANDED,08-40229-30432,Built Puff Mint Chip Protein Bar 1.41 Oz,0_10pct,<10% off,15,0.1496,0.1585,0.1012,0.2048,,,,0.0821,3.08,3.19,2026-03-30T00:00:00.000Z,Unknown,,,,0.1496,observational
NEW SEASONS MARKET,NATURAL EXPANDED,08-40229-30432,Built Puff Mint Chip Protein Bar 1.41 Oz,10_20pct,10–20% off,5,0.5492,0.6191,0.3373,0.6392,,,,0.1642,2.63,3.02,2025-09-22T00:00:00.000Z,Unknown,,,,0.5492,observational
NEW SEASONS MARKET,NATURAL EXPANDED,08-40229-30432,Built Puff Mint Chip Protein Bar 1.41 Oz,20_30pct,20–30% off,4,0.9645,0.7038,0.6121,1.0562,,,,0.2278,2.5,3.24,2025-07-21T00:00:00.000Z,Unknown,,,,0.9645,observational
NEW SEASONS MARKET,NATURAL EXPANDED,08-40229-30432,Built Puff Mint Chip Protein Bar 1.41 Oz,30pct_plus,≥30% off,5,2.3546,1.6543,1.361,2.6003,,,,0.4342,1.86,3.29,2026-02-23T00:00:00.000Z,Unknown,,,,2.3546,observational
NEW SEASONS MARKET,NATURAL EXPANDED,08-40229-30550,Built Puff Cookies N Cream Protein Bar 1.41 Oz,30pct_plus,≥30% off,4,0.4189,0.3838,0.2997,0.503,,,,0.397,1.92,2.77,2026-02-23T00:00:00.000Z,Unknown,,,,0.4189,observational
NEW SEASONS MARKET,NATURAL EXPANDED,08-40229-30558,Built Puff Cookie Dough Chunk Protein Bar 1.55 Oz (4 Pk),30pct_plus,≥30% off,1,0.0354,0.0354,0.0354,0.0354,,,,0.375,11.71,12.19,2026-03-23T00:00:00.000Z,Unknown,,,,0.0354,observational
NEW SEASONS MARKET,NATURAL EXPANDED,08-40229-30615,Built Puff Chocolatey Hazelnut  1.41oz,0_10pct,<10% off,2,,,,,,,,0.0725,2.5,2.54,2025-12-29T00:00:00.000Z,Unknown,,,,,observational
NEW SEASONS MARKET,NATURAL EXPANDED,08-40229-30615,Built Puff Chocolatey Hazelnut  1.41oz,10_20pct,10–20% off,4,0.0914,0.0914,0.047,0.1357,,,,0.1845,2.5,2.71,2025-12-15T00:00:00.000Z,Unknown,,,,0.0914,observational
NEW SEASONS MARKET,NATURAL EXPANDED,08-40229-30615,Built Puff Chocolatey Hazelnut  1.41oz,20_30pct,20–30% off,3,0.1701,0.1664,0.1606,0.1777,,,,0.2093,2.53,2.77,2025-11-17T00:00:00.000Z,Unknown,,,,0.1701,observational
NEW SEASONS MARKET,NATURAL EXPANDED,08-40229-30642,Built Puff Peanut Butter Protein Bar 1.41 Oz,0_10pct,<10% off,7,0.2143,0.2557,0.1482,0.2665,,,,0.086,3.03,3.2,2026-04-06T00:00:00.000Z,Unknown,,,,0.2143,observational
NEW SEASONS MARKET,NATURAL EXPANDED,08-40229-30642,Built Puff Peanut Butter Protein Bar 1.41 Oz,30pct_plus,≥30% off,1,0.4416,0.4416,0.4416,0.4416,,,,0.487,1.77,3.12,2026-02-09T00:00:00.000Z,Unknown,,,,0.4416,observational
NEW SEASONS MARKET,NATURAL EXPANDED,08-40229-30651,Built Protein Bar Puff Sour Peach 1.45 Oz,30pct_plus,≥30% off,1,0.3407,0.3407,0.3407,0.3407,,,,0.483,1.71,2.94,2026-02-09T00:00:00.000Z,Unknown,,,,0.3407,observational
NEW SEASONS MARKET,NATURAL EXPANDED,08-40229-30653,Built Puff Sour Blu Razz Blast Bar 1.45 Oz,30pct_plus,≥30% off,1,0.4196,0.4196,0.4196,0.4196,,,,0.483,1.71,2.91,2026-02-09T00:00:00.000Z,Unknown,,,,0.4196,observational
NEXCOM,CONVENTIONAL|MILITARY,08-40229-30037,Built Puff Coconut Protein Bar 1.41 Oz,30pct_plus,≥30% off,38,,,,,,,,1.0,2.83,2.87,2026-04-13T00:00:00.000Z,Unknown,,,,,observational
NEXCOM,CONVENTIONAL|MILITARY,08-40229-30037,Built Puff Coconut Protein Bar 1.41 Oz,no_promo,No price reduction,3,,,,,,,,,2.85,2.85,2025-12-15T00:00:00.000Z,Unknown,,,,,observational
NEXCOM,CONVENTIONAL|MILITARY,08-40229-30333,Built Puff Cookie Dough Chunk Protein Bar 1.55 Oz,30pct_plus,≥30% off,37,,,,,,,,1.0,2.83,2.88,2026-04-13T00:00:00.000Z,Unknown,,,,,observational
NEXCOM,CONVENTIONAL|MILITARY,08-40229-30333,Built Puff Cookie Dough Chunk Protein Bar 1.55 Oz,no_promo,No price reduction,4,,,,,,,,,2.87,2.87,2026-02-16T00:00:00.000Z,Unknown,,,,,observational
NEXCOM,CONVENTIONAL|MILITARY,08-40229-30362,Built Puff Brownie Batter Protein Bar 1.41 Oz,30pct_plus,≥30% off,36,,,,,,,,1.0,2.83,2.87,2026-04-13T00:00:00.000Z,Unknown,,,,,observational
NEXCOM,CONVENTIONAL|MILITARY,08-40229-30362,Built Puff Brownie Batter Protein Bar 1.41 Oz,no_promo,No price reduction,5,,,,,,,,,2.85,2.85,2025-12-15T00:00:00.000Z,Unknown,,,,,observational
NIEMANN FOODS,REGIONAL & INDEP GROCERY,08-40229-30034,Built Puff Salted Caramel Protein Bar 1.41 Oz,0_10pct,<10% off,10,0.0561,0.0561,0.0387,0.0735,,,,0.0558,2.57,2.58,2026-04-13T00:00:00.000Z,Unknown,,,,0.0561,observational
NIEMANN FOODS,REGIONAL & INDEP GROCERY,08-40229-30034,Built Puff Salted Caramel Protein Bar 1.41 Oz,10_20pct,10–20% off,9,,,,,,,,0.1783,2.59,3.12,2026-03-16T00:00:00.000Z,Unknown,,,,,observational
NIEMANN FOODS,REGIONAL & INDEP GROCERY,08-40229-30037,Built Puff Coconut Protein Bar 1.41 Oz,0_10pct,<10% off,8,0.3956,0.2326,0.1303,0.5612,,,,0.0755,2.66,2.86,2026-02-02T00:00:00.000Z,Unknown,,,,0.3956,observational
NIEMANN FOODS,REGIONAL & INDEP GROCERY,08-40229-30037,Built Puff Coconut Protein Bar 1.41 Oz,10_20pct,10–20% off,9,0.1543,0.1348,0.0878,0.1639,,,,0.1007,2.7,2.84,2026-04-06T00:00:00.000Z,Unknown,,,,0.1543,observational
NIEMANN FOODS,REGIONAL & INDEP GROCERY,08-40229-30037,Built Puff Coconut Protein Bar 1.41 Oz,30pct_plus,≥30% off,1,0.0366,0.0366,0.0366,0.0366,,,,0.339,2.87,2.99,2025-11-10T00:00:00.000Z,Unknown,,,,0.0366,observational
NIEMANN FOODS,REGIONAL & INDEP GROCERY,08-40229-30050,Built Puff Churro Protein Bar 1.41 Oz,0_10pct,<10% off,19,0.4659,0.25,0.1321,0.7742,,,,0.0694,2.71,2.86,2026-02-02T00:00:00.000Z,Unknown,,,,0.4659,observational
NIEMANN FOODS,REGIONAL & INDEP GROCERY,08-40229-30050,Built Puff Churro Protein Bar 1.41 Oz,10_20pct,10–20% off,5,,,,,,,,0.1076,2.68,2.92,2026-03-16T00:00:00.000Z,Unknown,,,,,observational
NIEMANN FOODS,REGIONAL & INDEP GROCERY,08-40229-30071,Built Double Chocolate Fudge Bar 1.69oz,0_10pct,<10% off,11,0.5156,0.5156,0.3175,0.7137,,,,0.0718,2.71,2.88,2024-07-01T00:00:00.000Z,Unknown,,,,0.5156,observational
NIEMANN FOODS,REGIONAL & INDEP GROCERY,08-40229-30071,Built Double Chocolate Fudge Bar 1.69oz,10_20pct,10–20% off,16,0.2107,0.1278,0.1111,0.2821,,,,0.1059,2.62,2.81,2024-09-16T00:00:00.000Z,Unknown,,,,0.2107,observational
NIEMANN FOODS,REGIONAL & INDEP GROCERY,08-40229-30099,Built Coconut Bar 1.69oz,0_10pct,<10% off,7,0.0785,0.0785,0.0565,0.1005,,,,0.069,2.69,2.84,2024-04-29T00:00:00.000Z,Unknown,,,,0.0785,observational
NIEMANN FOODS,REGIONAL & INDEP GROCERY,08-40229-30107,Built Mint Brownie Bar 1.69oz,0_10pct,<10% off,4,0.5385,0.5385,0.5385,0.5385,,,,0.0693,2.69,2.89,2024-01-08T00:00:00.000Z,Unknown,,,,0.5385,observational
NIEMANN FOODS,REGIONAL & INDEP GROCERY,08-40229-30107,Built Mint Brownie Bar 1.69oz,10_20pct,10–20% off,5,,,,,,,,0.1044,2.59,2.89,2024-06-17T00:00:00.000Z,Unknown,,,,,observational
NIEMANN FOODS,REGIONAL & INDEP GROCERY,08-40229-30107,Built Mint Brownie Bar 1.69oz,20_30pct,20–30% off,11,,,,,,,,0.253,2.16,2.89,2024-04-22T00:00:00.000Z,Unknown,,,,,observational
NIEMANN FOODS,REGIONAL & INDEP GROCERY,08-40229-30119,Built Satled Caramel Bar 1.69oz,0_10pct,<10% off,10,0.7241,0.7241,0.7241,0.7241,,,,0.0696,2.71,2.89,2024-04-29T00:00:00.000Z,Unknown,,,,0.7241,observational
NIEMANN FOODS,REGIONAL & INDEP GROCERY,08-40229-30130,Built Cookies & Cream Bar 1.69oz,0_10pct,<10% off,17,0.43,0.4286,0.2418,0.4773,,,,0.0701,2.7,2.86,2024-07-29T00:00:00.000Z,Unknown,,,,0.43,observational
NIEMANN FOODS,REGIONAL & INDEP GROCERY,08-40229-30130,Built Cookies & Cream Bar 1.69oz,10_20pct,10–20% off,8,0.358,0.3793,0.2329,0.4085,,,,0.1032,2.64,2.81,2024-07-15T00:00:00.000Z,Unknown,,,,0.358,observational
NIEMANN FOODS,REGIONAL & INDEP GROCERY,08-40229-30333,Built Puff Cookie Dough Chunk Protein Bar 1.55 Oz,0_10pct,<10% off,4,0.08,0.08,0.0663,0.0937,,,,0.083,2.34,2.38,2026-03-16T00:00:00.000Z,Unknown,,,,0.08,observational
NIEMANN FOODS,REGIONAL & INDEP GROCERY,08-40229-30333,Built Puff Cookie Dough Chunk Protein Bar 1.55 Oz,10_20pct,10–20% off,10,0.1139,0.0616,0.0498,0.1257,,,,0.1134,2.29,2.39,2026-04-06T00:00:00.000Z,Unknown,,,,0.1139,observational
NIEMANN FOODS,REGIONAL & INDEP GROCERY,08-40229-30362,Built Puff Brownie Batter Protein Bar 1.41 Oz,0_10pct,<10% off,24,0.3713,0.2888,0.0804,0.46,,,,0.0788,2.69,2.85,2026-03-30T00:00:00.000Z,Unknown,,,,0.3713,observational
NIEMANN FOODS,REGIONAL & INDEP GROCERY,08-40229-30362,Built Puff Brownie Batter Protein Bar 1.41 Oz,10_20pct,10–20% off,4,0.2401,0.2401,0.2062,0.2739,,,,0.1062,2.75,2.87,2026-04-06T00:00:00.000Z,Unknown,,,,0.2401,observational
NIEMANN FOODS,REGIONAL & INDEP GROCERY,08-40229-30376,Built Cookies & Cream Bar 1.69oz (4pk),0_10pct,<10% off,5,,,,,,,,0.064,10.29,10.99,2025-02-10T00:00:00.000Z,Unknown,,,,,observational
NIEMANN FOODS,REGIONAL & INDEP GROCERY,08-40229-30378,Built Double Chocolate Bar 1.84oz (4pk),0_10pct,<10% off,5,,,,,,,,0.064,10.29,10.99,2025-02-10T00:00:00.000Z,Unknown,,,,,observational
NIEMANN FOODS,REGIONAL & INDEP GROCERY,08-40229-30380,Built Puff Brownie Batter Protein Bar 1.41 Oz (4 Pk),0_10pct,<10% off,8,,,,,,,,0.0762,10.1,10.84,2025-11-24T00:00:00.000Z,Unknown,,,,,observational
NIEMANN FOODS,REGIONAL & INDEP GROCERY,08-40229-30380,Built Puff Brownie Batter Protein Bar 1.41 Oz (4 Pk),10_20pct,10–20% off,12,,,,,,,,0.125,9.67,10.78,2026-03-30T00:00:00.000Z,Unknown,,,,,observational
NIEMANN FOODS,REGIONAL & INDEP GROCERY,08-40229-30381,Built Puff Coconut Protein Bar 1.41 Oz (4 Pk),10_20pct,10–20% off,3,,,,,,,,0.127,9.59,10.99,2026-04-06T00:00:00.000Z,Unknown,,,,,observational
NIEMANN FOODS,REGIONAL & INDEP GROCERY,08-40229-30432,Built Puff Mint Chip Protein Bar 1.41 Oz,0_10pct,<10% off,2,0.0929,0.0929,0.0929,0.0929,,,,0.071,2.29,2.35,2026-03-09T00:00:00.000Z,Unknown,,,,0.0929,observational
NIEMANN FOODS,REGIONAL & INDEP GROCERY,08-40229-30432,Built Puff Mint Chip Protein Bar 1.41 Oz,10_20pct,10–20% off,19,0.717,0.875,0.5625,0.9506,,,,0.1463,2.42,2.82,2026-03-23T00:00:00.000Z,Unknown,,,,0.717,observational
NIEMANN FOODS,REGIONAL & INDEP GROCERY,08-40229-30550,Built Puff Cookies N Cream Protein Bar 1.41 Oz,0_10pct,<10% off,1,,,,,,,,0.05,2.57,2.59,2026-03-09T00:00:00.000Z,Unknown,,,,,observational
NIEMANN FOODS,REGIONAL & INDEP GROCERY,08-40229-30558,Built Puff Cookie Dough Chunk Protein Bar 1.55 Oz (4 Pk),10_20pct,10–20% off,6,,,,,,,,0.13,8.69,9.88,2026-03-23T00:00:00.000Z,Unknown,,,,,observational
NIEMANN FOODS,REGIONAL & INDEP GROCERY,08-40229-30571,Built Puff Mint Chip Protein Bar 1.41 Oz (4 Pk),10_20pct,10–20% off,8,,,,,,,,0.13,8.69,9.99,2026-02-02T00:00:00.000Z,Unknown,,,,,observational
NIEMANN FOODS,REGIONAL & INDEP GROCERY,08-40229-30642,Built Puff Peanut Butter Protein Bar 1.41 Oz,10_20pct,10–20% off,8,,,,,,,,0.1892,2.59,3.19,2026-02-16T00:00:00.000Z,Unknown,,,,,observational
NILSSENS,REGIONAL & INDEP GROCERY,08-40229-30034,Built Puff Salted Caramel Protein Bar 1.41 Oz,0_10pct,<10% off,5,,,,,,,,0.0688,2.36,2.49,2025-11-24T00:00:00.000Z,Unknown,,,,,observational
NILSSENS,REGIONAL & INDEP GROCERY,08-40229-30034,Built Puff Salted Caramel Protein Bar 1.41 Oz,10_20pct,10–20% off,1,,,,,,,,0.197,1.84,2.29,2026-02-23T00:00:00.000Z,Unknown,,,,,observational
NILSSENS,REGIONAL & INDEP GROCERY,08-40229-30037,Built Puff Coconut Protein Bar 1.41 Oz,0_10pct,<10% off,6,0.0448,0.0448,0.0448,0.0448,,,,0.0728,2.37,2.47,2025-11-10T00:00:00.000Z,Unknown,,,,0.0448,observational
NILSSENS,REGIONAL & INDEP GROCERY,08-40229-30037,Built Puff Coconut Protein Bar 1.41 Oz,10_20pct,10–20% off,1,,,,,,,,0.141,2.26,2.49,2025-11-17T00:00:00.000Z,Unknown,,,,,observational
NILSSENS,REGIONAL & INDEP GROCERY,08-40229-30333,Built Puff Cookie Dough Chunk Protein Bar 1.55 Oz,0_10pct,<10% off,1,0.3235,0.3235,0.3235,0.3235,,,,0.048,2.32,2.37,2026-02-02T00:00:00.000Z,Unknown,,,,0.3235,observational
NILSSENS,REGIONAL & INDEP GROCERY,08-40229-30333,Built Puff Cookie Dough Chunk Protein Bar 1.55 Oz,10_20pct,10–20% off,1,,,,,,,,0.1,2.24,2.49,2024-10-14T00:00:00.000Z,Unknown,,,,,observational
NILSSENS,REGIONAL & INDEP GROCERY,08-40229-30333,Built Puff Cookie Dough Chunk Protein Bar 1.55 Oz,20_30pct,20–30% off,1,,,,,,,,0.228,2.61,3.09,2025-09-29T00:00:00.000Z,Unknown,,,,,observational
NILSSENS,REGIONAL & INDEP GROCERY,08-40229-30333,Built Puff Cookie Dough Chunk Protein Bar 1.55 Oz,30pct_plus,≥30% off,7,0.0977,0.0977,0.091,0.1044,,,,0.344,2.39,2.77,2025-11-17T00:00:00.000Z,Unknown,,,,0.0977,observational
NILSSENS,REGIONAL & INDEP GROCERY,08-40229-30362,Built Puff Brownie Batter Protein Bar 1.41 Oz,0_10pct,<10% off,6,0.1082,0.1082,0.0741,0.1424,,,,0.0762,2.4,2.47,2025-12-15T00:00:00.000Z,Unknown,,,,0.1082,observational
NILSSENS,REGIONAL & INDEP GROCERY,08-40229-30362,Built Puff Brownie Batter Protein Bar 1.41 Oz,30pct_plus,≥30% off,1,,,,,,,,0.441,2.16,2.4,2026-01-26T00:00:00.000Z,Unknown,,,,,observational
NILSSENS,REGIONAL & INDEP GROCERY,08-40229-30432,Built Puff Mint Chip Protein Bar 1.41 Oz,10_20pct,10–20% off,1,0.25,0.25,0.25,0.25,,,,0.134,2.42,2.63,2026-04-06T00:00:00.000Z,Unknown,,,,0.25,observational
NILSSENS,REGIONAL & INDEP GROCERY,08-40229-30432,Built Puff Mint Chip Protein Bar 1.41 Oz,20_30pct,20–30% off,3,,,,,,,,0.287,2.47,3.0,2026-04-13T00:00:00.000Z,Unknown,,,,,observational
NILSSENS,REGIONAL & INDEP GROCERY,08-40229-30550,Built Puff Cookies N Cream Protein Bar 1.41 Oz,10_20pct,10–20% off,1,,,,,,,,0.141,2.14,2.49,2025-12-01T00:00:00.000Z,Unknown,,,,,observational
NORTH STATE GROCERY,REGIONAL & INDEP GROCERY,08-40229-30034,Built Puff Salted Caramel Protein Bar 1.41 Oz,0_10pct,<10% off,6,0.1738,0.1955,0.1049,0.2644,,,,0.0695,2.7,2.86,2026-04-13T00:00:00.000Z,Unknown,,,,0.1738,observational
NORTH STATE GROCERY,REGIONAL & INDEP GROCERY,08-40229-30034,Built Puff Salted Caramel Protein Bar 1.41 Oz,10_20pct,10–20% off,4,1.0606,0.8182,0.8182,1.1818,,,,0.1013,2.66,2.97,2026-02-23T00:00:00.000Z,Unknown,,,,1.0606,observational
NORTH STATE GROCERY,REGIONAL & INDEP GROCERY,08-40229-30037,Built Puff Coconut Protein Bar 1.41 Oz,0_10pct,<10% off,20,0.3415,0.3492,0.2236,0.4228,,,,0.0747,2.74,2.89,2026-04-13T00:00:00.000Z,Unknown,,,,0.3415,observational
NORTH STATE GROCERY,REGIONAL & INDEP GROCERY,08-40229-30037,Built Puff Coconut Protein Bar 1.41 Oz,10_20pct,10–20% off,6,0.4138,0.377,0.3619,0.4792,,,,0.1185,2.63,2.85,2025-06-02T00:00:00.000Z,Unknown,,,,0.4138,observational
NORTH STATE GROCERY,REGIONAL & INDEP GROCERY,08-40229-30071,Built Double Chocolate Fudge Bar 1.69oz,0_10pct,<10% off,2,,,,,,,,0.069,2.69,2.89,2025-01-20T00:00:00.000Z,Unknown,,,,,observational
NORTH STATE GROCERY,REGIONAL & INDEP GROCERY,08-40229-30099,Built Coconut Bar 1.69oz,0_10pct,<10% off,5,0.9481,0.9481,0.9481,0.9481,,,,0.0872,2.38,2.6,2025-09-22T00:00:00.000Z,Unknown,,,,0.9481,observational
NORTH STATE GROCERY,REGIONAL & INDEP GROCERY,08-40229-30099,Built Coconut Bar 1.69oz,10_20pct,10–20% off,3,,,,,,,,0.1387,2.39,2.73,2025-08-04T00:00:00.000Z,Unknown,,,,,observational
NORTH STATE GROCERY,REGIONAL & INDEP GROCERY,08-40229-30099,Built Coconut Bar 1.69oz,20_30pct,20–30% off,1,,,,,,,,0.242,2.19,2.89,2025-07-28T00:00:00.000Z,Unknown,,,,,observational
NORTH STATE GROCERY,REGIONAL & INDEP GROCERY,08-40229-30119,Built Satled Caramel Bar 1.69oz,0_10pct,<10% off,6,0.8879,0.3725,0.2632,1.2549,,,,0.0642,2.74,2.88,2025-02-03T00:00:00.000Z,Unknown,,,,0.8879,observational
NORTH STATE GROCERY,REGIONAL & INDEP GROCERY,08-40229-30119,Built Satled Caramel Bar 1.69oz,10_20pct,10–20% off,6,,,,,,,,0.1313,2.47,2.84,2025-07-21T00:00:00.000Z,Unknown,,,,,observational
NORTH STATE GROCERY,REGIONAL & INDEP GROCERY,08-40229-30130,Built Cookies & Cream Bar 1.69oz,0_10pct,<10% off,3,,,,,,,,0.069,2.69,2.89,2025-02-03T00:00:00.000Z,Unknown,,,,,observational
NORTH STATE GROCERY,REGIONAL & INDEP GROCERY,08-40229-30130,Built Cookies & Cream Bar 1.69oz,10_20pct,10–20% off,1,0.2245,0.2245,0.2245,0.2245,,,,0.177,2.65,2.87,2025-03-31T00:00:00.000Z,Unknown,,,,0.2245,observational
NORTH STATE GROCERY,REGIONAL & INDEP GROCERY,08-40229-30130,Built Cookies & Cream Bar 1.69oz,30pct_plus,≥30% off,6,2.4889,2.4889,2.0111,2.9667,,,,0.3242,1.99,2.94,2025-05-12T00:00:00.000Z,Unknown,,,,2.4889,observational
NORTH STATE GROCERY,REGIONAL & INDEP GROCERY,08-40229-30362,Built Puff Brownie Batter Protein Bar 1.41 Oz,0_10pct,<10% off,21,0.2271,0.2436,0.1019,0.2987,,,,0.0734,2.74,2.88,2026-04-13T00:00:00.000Z,Unknown,,,,0.2271,observational
NORTH STATE GROCERY,REGIONAL & INDEP GROCERY,08-40229-30362,Built Puff Brownie Batter Protein Bar 1.41 Oz,10_20pct,10–20% off,6,0.1942,0.1285,0.0595,0.3253,,,,0.121,2.66,2.87,2025-09-29T00:00:00.000Z,Unknown,,,,0.1942,observational
NORTH STATE GROCERY,REGIONAL & INDEP GROCERY,08-40229-30432,Built Puff Mint Chip Protein Bar 1.41 Oz,0_10pct,<10% off,3,0.2837,0.3483,0.2491,0.3506,,,,0.058,2.75,2.86,2026-04-13T00:00:00.000Z,Unknown,,,,0.2837,observational
NORTHEAST GROCERY,REGIONAL & INDEP GROCERY,08-40229-30037,Built Puff Coconut Protein Bar 1.41 Oz,0_10pct,<10% off,6,0.0415,0.0276,0.0256,0.0504,,,,0.0698,2.76,2.78,2026-02-23T00:00:00.000Z,Unknown,,,,0.0415,observational
NORTHEAST GROCERY,REGIONAL & INDEP GROCERY,08-40229-30037,Built Puff Coconut Protein Bar 1.41 Oz,10_20pct,10–20% off,28,0.2975,0.2732,0.1422,0.4499,,,,0.1251,2.58,2.8,2026-04-13T00:00:00.000Z,Unknown,,,,0.2975,observational
NORTHEAST GROCERY,REGIONAL & INDEP GROCERY,08-40229-30119,Built Satled Caramel Bar 1.69oz,0_10pct,<10% off,15,0.0691,0.0721,0.0121,0.0978,,,,0.0903,2.94,2.97,2025-04-28T00:00:00.000Z,Unknown,,,,0.0691,observational
NORTHEAST GROCERY,REGIONAL & INDEP GROCERY,08-40229-30119,Built Satled Caramel Bar 1.69oz,10_20pct,10–20% off,42,0.2868,0.2271,0.0696,0.4552,,,,0.1348,2.71,2.91,2025-03-03T00:00:00.000Z,Unknown,,,,0.2868,observational
NORTHEAST GROCERY,REGIONAL & INDEP GROCERY,08-40229-30119,Built Satled Caramel Bar 1.69oz,20_30pct,20–30% off,12,0.4887,0.4492,0.3648,0.5898,,,,0.2095,2.55,3.05,2023-10-16T00:00:00.000Z,Unknown,,,,0.4887,observational
NORTHEAST GROCERY,REGIONAL & INDEP GROCERY,08-40229-30130,Built Cookies & Cream Bar 1.69oz,0_10pct,<10% off,27,0.0653,0.0328,0.0149,0.0823,,,,0.0932,2.92,2.95,2024-12-16T00:00:00.000Z,Unknown,,,,0.0653,observational
NORTHEAST GROCERY,REGIONAL & INDEP GROCERY,08-40229-30130,Built Cookies & Cream Bar 1.69oz,10_20pct,10–20% off,37,0.3405,0.2918,0.0709,0.5695,,,,0.1345,2.69,2.92,2025-04-14T00:00:00.000Z,Unknown,,,,0.3405,observational
NORTHEAST GROCERY,REGIONAL & INDEP GROCERY,08-40229-30130,Built Cookies & Cream Bar 1.69oz,20_30pct,20–30% off,12,0.4134,0.4418,0.3477,0.4616,,,,0.2086,2.57,3.06,2024-11-04T00:00:00.000Z,Unknown,,,,0.4134,observational
NORTHEAST GROCERY,REGIONAL & INDEP GROCERY,08-40229-30130,Built Cookies & Cream Bar 1.69oz,30pct_plus,≥30% off,5,0.7775,0.7775,0.5042,1.0509,,,,0.528,1.44,2.83,2025-06-02T00:00:00.000Z,Unknown,,,,0.7775,observational
NORTHEAST GROCERY,REGIONAL & INDEP GROCERY,08-40229-30333,Built Puff Cookie Dough Chunk Protein Bar 1.55 Oz,0_10pct,<10% off,5,0.0193,0.0215,0.017,0.0225,,,,0.0842,2.84,2.87,2026-04-06T00:00:00.000Z,Unknown,,,,0.0193,observational
NORTHEAST GROCERY,REGIONAL & INDEP GROCERY,08-40229-30333,Built Puff Cookie Dough Chunk Protein Bar 1.55 Oz,10_20pct,10–20% off,11,0.2057,0.0807,0.0492,0.3787,,,,0.1255,2.73,2.86,2026-04-13T00:00:00.000Z,Unknown,,,,0.2057,observational
NORTHEAST GROCERY,REGIONAL & INDEP GROCERY,08-40229-30362,Built Puff Brownie Batter Protein Bar 1.41 Oz,0_10pct,<10% off,43,0.0486,0.0263,0.0137,0.0655,,,,0.0882,2.91,2.93,2026-02-23T00:00:00.000Z,Unknown,,,,0.0486,observational
NORTHEAST GROCERY,REGIONAL & INDEP GROCERY,08-40229-30362,Built Puff Brownie Batter Protein Bar 1.41 Oz,10_20pct,10–20% off,53,0.3965,0.3744,0.1907,0.5913,,,,0.1331,2.59,2.89,2026-04-13T00:00:00.000Z,Unknown,,,,0.3965,observational
NORTHEAST GROCERY,REGIONAL & INDEP GROCERY,08-40229-30362,Built Puff Brownie Batter Protein Bar 1.41 Oz,20_30pct,20–30% off,12,0.5335,0.5623,0.3885,0.6928,,,,0.2111,2.55,3.05,2023-10-23T00:00:00.000Z,Unknown,,,,0.5335,observational
NORTHWEST GROCERS,NATURAL EXPANDED,08-40229-30034,Built Puff Salted Caramel Protein Bar 1.41 Oz,0_10pct,<10% off,3,0.0381,0.0381,0.0381,0.0381,,,,0.079,3.04,3.08,2025-09-29T00:00:00.000Z,Unknown,,,,0.0381,observational
NORTHWEST GROCERS,NATURAL EXPANDED,08-40229-30034,Built Puff Salted Caramel Protein Bar 1.41 Oz,10_20pct,10–20% off,19,0.0739,0.0587,0.0349,0.1166,,,,0.1184,2.97,3.06,2026-04-13T00:00:00.000Z,Unknown,,,,0.0739,observational
NORTHWEST GROCERS,NATURAL EXPANDED,08-40229-30034,Built Puff Salted Caramel Protein Bar 1.41 Oz,20_30pct,20–30% off,6,0.0892,0.0477,0.0171,0.1198,,,,0.2325,2.91,3.05,2026-04-06T00:00:00.000Z,Unknown,,,,0.0892,observational
NORTHWEST GROCERS,NATURAL EXPANDED,08-40229-30034,Built Puff Salted Caramel Protein Bar 1.41 Oz,30pct_plus,≥30% off,2,0.0673,0.0673,0.0673,0.0673,,,,0.4765,2.81,3.07,2025-12-15T00:00:00.000Z,Unknown,,,,0.0673,observational
NORTHWEST GROCERS,NATURAL EXPANDED,08-40229-30037,Built Puff Coconut Protein Bar 1.41 Oz,0_10pct,<10% off,27,0.1221,0.0611,0.0294,0.1429,,,,0.0782,2.93,2.99,2026-03-16T00:00:00.000Z,Unknown,,,,0.1221,observational
NORTHWEST GROCERS,NATURAL EXPANDED,08-40229-30037,Built Puff Coconut Protein Bar 1.41 Oz,10_20pct,10–20% off,33,0.081,0.0607,0.0205,0.12,,,,0.136,2.97,3.05,2026-04-06T00:00:00.000Z,Unknown,,,,0.081,observational
NORTHWEST GROCERS,NATURAL EXPANDED,08-40229-30037,Built Puff Coconut Protein Bar 1.41 Oz,20_30pct,20–30% off,2,0.1385,0.1385,0.0914,0.1857,,,,0.2575,2.86,3.13,2026-04-13T00:00:00.000Z,Unknown,,,,0.1385,observational
NORTHWEST GROCERS,NATURAL EXPANDED,08-40229-30050,Built Puff Churro Protein Bar 1.41 Oz,0_10pct,<10% off,16,0.087,0.0625,0.0249,0.1311,,,,0.0683,3.35,3.51,2026-03-30T00:00:00.000Z,Unknown,,,,0.087,observational
NORTHWEST GROCERS,NATURAL EXPANDED,08-40229-30050,Built Puff Churro Protein Bar 1.41 Oz,10_20pct,10–20% off,11,0.0757,0.0454,0.0147,0.1243,,,,0.1546,3.01,3.07,2026-04-13T00:00:00.000Z,Unknown,,,,0.0757,observational
NORTHWEST GROCERS,NATURAL EXPANDED,08-40229-30050,Built Puff Churro Protein Bar 1.41 Oz,20_30pct,20–30% off,2,,,,,,,,0.287,3.18,3.21,2026-03-23T00:00:00.000Z,Unknown,,,,,observational
NORTHWEST GROCERS,NATURAL EXPANDED,08-40229-30050,Built Puff Churro Protein Bar 1.41 Oz,30pct_plus,≥30% off,4,0.0412,0.0294,0.0284,0.048,,,,0.3585,2.83,3.01,2026-02-16T00:00:00.000Z,Unknown,,,,0.0412,observational
NORTHWEST GROCERS,NATURAL EXPANDED,08-40229-30333,Built Puff Cookie Dough Chunk Protein Bar 1.55 Oz,0_10pct,<10% off,32,0.0594,0.0576,0.0473,0.0722,,,,0.0745,3.2,3.26,2026-03-30T00:00:00.000Z,Unknown,345.66,ROBUST,1.0,345.66,causal_robust
NORTHWEST GROCERS,NATURAL EXPANDED,08-40229-30333,Built Puff Cookie Dough Chunk Protein Bar 1.55 Oz,10_20pct,10–20% off,18,0.0595,0.0471,0.0207,0.0933,,,,0.149,3.08,3.17,2026-04-13T00:00:00.000Z,Unknown,345.66,ROBUST,1.0,345.66,causal_robust
NORTHWEST GROCERS,NATURAL EXPANDED,08-40229-30333,Built Puff Cookie Dough Chunk Protein Bar 1.55 Oz,20_30pct,20–30% off,3,0.3518,0.3518,0.3518,0.3518,,,,0.255,3.05,3.21,2026-04-06T00:00:00.000Z,Unknown,345.66,ROBUST,1.0,345.66,causal_robust
NORTHWEST GROCERS,NATURAL EXPANDED,08-40229-30333,Built Puff Cookie Dough Chunk Protein Bar 1.55 Oz,30pct_plus,≥30% off,1,0.0638,0.0638,0.0638,0.0638,,,,0.33,3.02,3.15,2025-07-21T00:00:00.000Z,Unknown,345.66,ROBUST,1.0,345.66,causal_robust
NORTHWEST GROCERS,NATURAL EXPANDED,08-40229-30362,Built Puff Brownie Batter Protein Bar 1.41 Oz,0_10pct,<10% off,25,0.2384,0.0768,0.0388,0.2313,,,,0.0768,2.86,2.91,2026-03-30T00:00:00.000Z,Unknown,,,,0.2384,observational
NORTHWEST GROCERS,NATURAL EXPANDED,08-40229-30362,Built Puff Brownie Batter Protein Bar 1.41 Oz,10_20pct,10–20% off,30,0.153,0.115,0.046,0.2139,,,,0.1456,3.02,3.13,2026-04-13T00:00:00.000Z,Unknown,,,,0.153,observational
NORTHWEST GROCERS,NATURAL EXPANDED,08-40229-30362,Built Puff Brownie Batter Protein Bar 1.41 Oz,20_30pct,20–30% off,9,0.089,0.0371,0.0299,0.1449,,,,0.2447,2.96,3.14,2026-03-02T00:00:00.000Z,Unknown,,,,0.089,observational
NORTHWEST GROCERS,NATURAL EXPANDED,08-40229-30432,Built Puff Mint Chip Protein Bar 1.41 Oz,0_10pct,<10% off,18,0.0702,0.0492,0.0102,0.1172,,,,0.0687,3.26,3.36,2026-03-30T00:00:00.000Z,Unknown,663.49,ROBUST,1.0,663.49,causal_robust
NORTHWEST GROCERS,NATURAL EXPANDED,08-40229-30432,Built Puff Mint Chip Protein Bar 1.41 Oz,10_20pct,10–20% off,31,0.1308,0.0897,0.0608,0.1592,,,,0.1352,2.95,3.06,2026-04-13T00:00:00.000Z,Unknown,663.49,ROBUST,1.0,663.49,causal_robust
NORTHWEST GROCERS,NATURAL EXPANDED,08-40229-30432,Built Puff Mint Chip Protein Bar 1.41 Oz,20_30pct,20–30% off,8,0.1006,0.134,0.0449,0.1477,,,,0.2311,2.95,3.13,2026-04-06T00:00:00.000Z,Unknown,663.49,ROBUST,1.0,663.49,causal_robust
NORTHWEST GROCERS,NATURAL EXPANDED,08-40229-30432,Built Puff Mint Chip Protein Bar 1.41 Oz,30pct_plus,≥30% off,1,0.0937,0.0937,0.0937,0.0937,,,,0.32,2.74,2.98,2025-06-23T00:00:00.000Z,Unknown,663.49,ROBUST,1.0,663.49,causal_robust
NORTHWEST GROCERS,NATURAL EXPANDED,08-40229-30550,Built Puff Cookies N Cream Protein Bar 1.41 Oz,0_10pct,<10% off,12,0.1529,0.05,0.0444,0.2062,,,,0.0838,3.01,3.06,2026-03-16T00:00:00.000Z,Unknown,,,,0.1529,observational
NORTHWEST GROCERS,NATURAL EXPANDED,08-40229-30550,Built Puff Cookies N Cream Protein Bar 1.41 Oz,10_20pct,10–20% off,14,0.1252,0.1126,0.0512,0.1731,,,,0.1388,3.03,3.14,2026-04-13T00:00:00.000Z,Unknown,,,,0.1252,observational
NORTHWEST GROCERS,NATURAL EXPANDED,08-40229-30550,Built Puff Cookies N Cream Protein Bar 1.41 Oz,20_30pct,20–30% off,5,0.233,0.1586,0.1008,0.2766,,,,0.24,2.64,3.04,2026-02-16T00:00:00.000Z,Unknown,,,,0.233,observational
NORTHWEST GROCERS,NATURAL EXPANDED,08-40229-30550,Built Puff Cookies N Cream Protein Bar 1.41 Oz,30pct_plus,≥30% off,3,0.0818,0.0818,0.0795,0.0842,,,,0.3483,2.94,3.17,2026-01-26T00:00:00.000Z,Unknown,,,,0.0818,observational
NORTHWEST GROCERS,NATURAL EXPANDED,08-40229-30569,Built Puff Chocolate Milkshake Protein Bar 1.41 Oz,10_20pct,10–20% off,1,,,,,,,,0.125,2.85,3.0,2026-04-13T00:00:00.000Z,Unknown,,,,,observational
NORTHWEST GROCERS,NATURAL EXPANDED,08-40229-30569,Built Puff Chocolate Milkshake Protein Bar 1.41 Oz,30pct_plus,≥30% off,1,,,,,,,,0.478,1.52,2.91,2025-07-07T00:00:00.000Z,Unknown,,,,,observational
NORTHWEST GROCERS,NATURAL EXPANDED,08-40229-30615,Built Puff Chocolatey Hazelnut  1.41oz,0_10pct,<10% off,1,,,,,,,,0.076,2.83,2.98,2025-12-15T00:00:00.000Z,Unknown,,,,,observational
NORTHWEST GROCERS,NATURAL EXPANDED,08-40229-30642,Built Puff Peanut Butter Protein Bar 1.41 Oz,0_10pct,<10% off,1,0.2709,0.2709,0.2709,0.2709,,,,0.087,3.0,3.07,2026-04-13T00:00:00.000Z,Unknown,536.98,ROBUST,1.0,536.98,causal_robust
NORTHWEST SUPERMARKETS,REGIONAL & INDEP GROCERY,08-40229-30037,Built Puff Coconut Protein Bar 1.41 Oz,0_10pct,<10% off,3,0.3429,0.3235,0.2451,0.431,,,,0.0803,3.73,3.97,2026-03-02T00:00:00.000Z,Unknown,,,,0.3429,observational
NORTHWEST SUPERMARKETS,REGIONAL & INDEP GROCERY,08-40229-30037,Built Puff Coconut Protein Bar 1.41 Oz,10_20pct,10–20% off,6,0.3942,0.3942,0.3221,0.4663,,,,0.1235,3.52,3.99,2026-02-23T00:00:00.000Z,Unknown,,,,0.3942,observational
NORTHWEST SUPERMARKETS,REGIONAL & INDEP GROCERY,08-40229-30037,Built Puff Coconut Protein Bar 1.41 Oz,30pct_plus,≥30% off,1,1.7273,1.7273,1.7273,1.7273,,,,0.326,2.69,3.99,2026-02-16T00:00:00.000Z,Unknown,,,,1.7273,observational
NORTHWEST SUPERMARKETS,REGIONAL & INDEP GROCERY,08-40229-30071,Built Double Chocolate Fudge Bar 1.69oz,0_10pct,<10% off,1,,,,,,,,0.05,3.79,3.99,2025-02-03T00:00:00.000Z,Unknown,,,,,observational
NORTHWEST SUPERMARKETS,REGIONAL & INDEP GROCERY,08-40229-30071,Built Double Chocolate Fudge Bar 1.69oz,10_20pct,10–20% off,4,,,,,,,,0.1,3.59,3.99,2025-03-31T00:00:00.000Z,Unknown,,,,,observational
NORTHWEST SUPERMARKETS,REGIONAL & INDEP GROCERY,08-40229-30130,Built Cookies & Cream Bar 1.69oz,10_20pct,10–20% off,1,,,,,,,,0.1,3.59,3.99,2025-06-30T00:00:00.000Z,Unknown,,,,,observational
NORTHWEST SUPERMARKETS,REGIONAL & INDEP GROCERY,08-40229-30333,Built Puff Cookie Dough Chunk Protein Bar 1.55 Oz,10_20pct,10–20% off,9,0.6474,0.7593,0.4035,0.7857,,,,0.1207,3.58,3.98,2026-03-02T00:00:00.000Z,Unknown,,,,0.6474,observational
NORTHWEST SUPERMARKETS,REGIONAL & INDEP GROCERY,08-40229-30333,Built Puff Cookie Dough Chunk Protein Bar 1.55 Oz,20_30pct,20–30% off,1,1.9245,1.9245,1.9245,1.9245,,,,0.214,3.14,3.99,2026-02-16T00:00:00.000Z,Unknown,,,,1.9245,observational
NORTHWEST SUPERMARKETS,REGIONAL & INDEP GROCERY,08-40229-30362,Built Puff Brownie Batter Protein Bar 1.41 Oz,0_10pct,<10% off,2,0.3988,0.3988,0.3917,0.4059,,,,0.091,3.62,3.99,2026-02-02T00:00:00.000Z,Unknown,,,,0.3988,observational
NORTHWEST SUPERMARKETS,REGIONAL & INDEP GROCERY,08-40229-30362,Built Puff Brownie Batter Protein Bar 1.41 Oz,10_20pct,10–20% off,5,0.475,0.3422,0.2293,0.588,,,,0.1238,3.5,3.97,2026-03-02T00:00:00.000Z,Unknown,,,,0.475,observational
NORTHWEST SUPERMARKETS,REGIONAL & INDEP GROCERY,08-40229-30362,Built Puff Brownie Batter Protein Bar 1.41 Oz,20_30pct,20–30% off,1,,,,,,,,0.225,3.09,3.99,2026-02-23T00:00:00.000Z,Unknown,,,,,observational
NORTHWEST SUPERMARKETS,REGIONAL & INDEP GROCERY,08-40229-30362,Built Puff Brownie Batter Protein Bar 1.41 Oz,30pct_plus,≥30% off,1,,,,,,,,0.353,2.58,3.99,2026-02-16T00:00:00.000Z,Unknown,,,,,observational
NORTHWEST SUPERMARKETS,REGIONAL & INDEP GROCERY,08-40229-30550,Built Puff Cookies N Cream Protein Bar 1.41 Oz,10_20pct,10–20% off,2,,,,,,,,0.125,3.19,3.49,2026-02-23T00:00:00.000Z,Unknown,,,,,observational
NUGGET MARKET,NATURAL EXPANDED,08-40229-30034,Built Puff Salted Caramel Protein Bar 1.41 Oz,0_10pct,<10% off,12,0.0762,0.0501,0.0281,0.096,,,,0.0756,3.87,3.94,2026-03-09T00:00:00.000Z,Unknown,,,,0.0762,observational
NUGGET MARKET,NATURAL EXPANDED,08-40229-30034,Built Puff Salted Caramel Protein Bar 1.41 Oz,10_20pct,10–20% off,11,0.2819,0.2445,0.1419,0.3563,,,,0.1167,3.6,3.88,2026-03-23T00:00:00.000Z,Unknown,,,,0.2819,observational
NUGGET MARKET,NATURAL EXPANDED,08-40229-30034,Built Puff Salted Caramel Protein Bar 1.41 Oz,20_30pct,20–30% off,6,0.6926,0.6296,0.5602,0.7143,,,,0.2478,3.12,3.97,2026-04-13T00:00:00.000Z,Unknown,,,,0.6926,observational
NUGGET MARKET,NATURAL EXPANDED,08-40229-30034,Built Puff Salted Caramel Protein Bar 1.41 Oz,30pct_plus,≥30% off,2,2.3899,2.3899,2.2098,2.5699,,,,0.4405,2.24,3.96,2026-02-23T00:00:00.000Z,Unknown,,,,2.3899,observational
NUGGET MARKET,NATURAL EXPANDED,08-40229-30037,Built Puff Coconut Protein Bar 1.41 Oz,0_10pct,<10% off,9,0.0787,0.0745,0.0231,0.1301,,,,0.077,3.67,3.73,2025-12-08T00:00:00.000Z,Unknown,,,,0.0787,observational
NUGGET MARKET,NATURAL EXPANDED,08-40229-30037,Built Puff Coconut Protein Bar 1.41 Oz,10_20pct,10–20% off,25,0.3127,0.2903,0.2082,0.3969,,,,0.1336,3.28,3.61,2026-03-23T00:00:00.000Z,Unknown,,,,0.3127,observational
NUGGET MARKET,NATURAL EXPANDED,08-40229-30037,Built Puff Coconut Protein Bar 1.41 Oz,20_30pct,20–30% off,7,0.3077,0.3893,0.1795,0.4536,,,,0.2519,3.05,3.73,2026-04-13T00:00:00.000Z,Unknown,,,,0.3077,observational
NUGGET MARKET,NATURAL EXPANDED,08-40229-30037,Built Puff Coconut Protein Bar 1.41 Oz,30pct_plus,≥30% off,6,0.7286,0.8393,0.2413,1.0314,,,,0.479,2.82,3.85,2026-03-16T00:00:00.000Z,Unknown,,,,0.7286,observational
NUGGET MARKET,NATURAL EXPANDED,08-40229-30071,Built Double Chocolate Fudge Bar 1.69oz,0_10pct,<10% off,9,0.2197,0.1734,0.1544,0.2033,,,,0.0643,3.15,3.21,2025-01-27T00:00:00.000Z,Unknown,,,,0.2197,observational
NUGGET MARKET,NATURAL EXPANDED,08-40229-30071,Built Double Chocolate Fudge Bar 1.69oz,10_20pct,10–20% off,19,0.3607,0.3257,0.1333,0.4644,,,,0.1362,2.82,3.07,2025-02-03T00:00:00.000Z,Unknown,,,,0.3607,observational
NUGGET MARKET,NATURAL EXPANDED,08-40229-30071,Built Double Chocolate Fudge Bar 1.69oz,20_30pct,20–30% off,8,0.3204,0.3204,0.2067,0.4342,,,,0.2274,3.01,3.62,2025-05-26T00:00:00.000Z,Unknown,,,,0.3204,observational
NUGGET MARKET,NATURAL EXPANDED,08-40229-30071,Built Double Chocolate Fudge Bar 1.69oz,30pct_plus,≥30% off,4,0.6524,0.5938,0.3521,0.8942,,,,0.4068,2.4,3.99,2025-03-31T00:00:00.000Z,Unknown,,,,0.6524,observational
NUGGET MARKET,NATURAL EXPANDED,08-40229-30099,Built Coconut Bar 1.69oz,0_10pct,<10% off,3,0.0977,0.0778,0.0598,0.1258,,,,0.0877,2.89,2.98,2024-06-24T00:00:00.000Z,Unknown,,,,0.0977,observational
NUGGET MARKET,NATURAL EXPANDED,08-40229-30099,Built Coconut Bar 1.69oz,10_20pct,10–20% off,14,0.3268,0.2938,0.1657,0.5045,,,,0.1537,2.78,3.18,2025-04-28T00:00:00.000Z,Unknown,,,,0.3268,observational
NUGGET MARKET,NATURAL EXPANDED,08-40229-30099,Built Coconut Bar 1.69oz,20_30pct,20–30% off,8,0.4577,0.3563,0.2054,0.6973,,,,0.2513,3.04,3.75,2025-06-16T00:00:00.000Z,Unknown,,,,0.4577,observational
NUGGET MARKET,NATURAL EXPANDED,08-40229-30099,Built Coconut Bar 1.69oz,30pct_plus,≥30% off,7,0.997,0.8325,0.6667,1.3909,,,,0.3907,2.68,3.99,2025-06-09T00:00:00.000Z,Unknown,,,,0.997,observational
NUGGET MARKET,NATURAL EXPANDED,08-40229-30119,Built Satled Caramel Bar 1.69oz,0_10pct,<10% off,6,0.0243,0.026,0.019,0.0312,,,,0.0557,3.28,3.32,2025-01-20T00:00:00.000Z,Unknown,,,,0.0243,observational
NUGGET MARKET,NATURAL EXPANDED,08-40229-30119,Built Satled Caramel Bar 1.69oz,10_20pct,10–20% off,18,0.5071,0.5278,0.2214,0.8,,,,0.1447,2.77,3.08,2025-04-21T00:00:00.000Z,Unknown,,,,0.5071,observational
NUGGET MARKET,NATURAL EXPANDED,08-40229-30119,Built Satled Caramel Bar 1.69oz,20_30pct,20–30% off,11,0.7142,0.4516,0.366,0.9324,,,,0.2403,3.01,3.52,2025-06-09T00:00:00.000Z,Unknown,,,,0.7142,observational
NUGGET MARKET,NATURAL EXPANDED,08-40229-30119,Built Satled Caramel Bar 1.69oz,30pct_plus,≥30% off,6,1.2568,1.1811,0.9363,1.649,,,,0.3895,2.65,3.98,2025-04-14T00:00:00.000Z,Unknown,,,,1.2568,observational
NUGGET MARKET,NATURAL EXPANDED,08-40229-30130,Built Cookies & Cream Bar 1.69oz,0_10pct,<10% off,10,0.0921,0.0761,0.0523,0.1125,,,,0.0676,3.23,3.28,2025-02-24T00:00:00.000Z,Unknown,,,,0.0921,observational
NUGGET MARKET,NATURAL EXPANDED,08-40229-30130,Built Cookies & Cream Bar 1.69oz,10_20pct,10–20% off,16,0.3228,0.2534,0.1525,0.4854,,,,0.1435,2.72,3.04,2025-06-02T00:00:00.000Z,Unknown,,,,0.3228,observational
NUGGET MARKET,NATURAL EXPANDED,08-40229-30130,Built Cookies & Cream Bar 1.69oz,20_30pct,20–30% off,4,0.29,0.29,0.29,0.29,,,,0.2075,3.3,3.49,2025-03-03T00:00:00.000Z,Unknown,,,,0.29,observational
NUGGET MARKET,NATURAL EXPANDED,08-40229-30130,Built Cookies & Cream Bar 1.69oz,30pct_plus,≥30% off,10,0.94,0.7017,0.6226,1.1769,,,,0.392,2.45,3.78,2025-06-09T00:00:00.000Z,Unknown,,,,0.94,observational
NUGGET MARKET,NATURAL EXPANDED,08-40229-30333,Built Puff Cookie Dough Chunk Protein Bar 1.55 Oz,0_10pct,<10% off,13,0.108,0.0884,0.0325,0.1284,,,,0.0778,3.88,3.94,2026-03-16T00:00:00.000Z,Unknown,,,,0.108,observational
NUGGET MARKET,NATURAL EXPANDED,08-40229-30333,Built Puff Cookie Dough Chunk Protein Bar 1.55 Oz,10_20pct,10–20% off,10,0.3309,0.2739,0.1795,0.4579,,,,0.1154,3.58,3.83,2026-03-23T00:00:00.000Z,Unknown,,,,0.3309,observational
NUGGET MARKET,NATURAL EXPANDED,08-40229-30333,Built Puff Cookie Dough Chunk Protein Bar 1.55 Oz,20_30pct,20–30% off,5,0.6435,0.7359,0.4237,0.7697,,,,0.253,2.97,3.96,2026-04-13T00:00:00.000Z,Unknown,,,,0.6435,observational
NUGGET MARKET,NATURAL EXPANDED,08-40229-30333,Built Puff Cookie Dough Chunk Protein Bar 1.55 Oz,30pct_plus,≥30% off,2,2.6581,2.6581,2.2993,3.017,,,,0.404,2.38,3.99,2026-02-23T00:00:00.000Z,Unknown,,,,2.6581,observational
NUGGET MARKET,NATURAL EXPANDED,08-40229-30362,Built Puff Brownie Batter Protein Bar 1.41 Oz,0_10pct,<10% off,12,0.0619,0.0404,0.0211,0.0918,,,,0.0707,3.94,3.97,2026-03-16T00:00:00.000Z,Unknown,,,,0.0619,observational
NUGGET MARKET,NATURAL EXPANDED,08-40229-30362,Built Puff Brownie Batter Protein Bar 1.41 Oz,10_20pct,10–20% off,20,0.2102,0.1856,0.142,0.271,,,,0.1355,3.47,3.73,2026-03-23T00:00:00.000Z,Unknown,,,,0.2102,observational
NUGGET MARKET,NATURAL EXPANDED,08-40229-30362,Built Puff Brownie Batter Protein Bar 1.41 Oz,20_30pct,20–30% off,10,0.3998,0.4539,0.3257,0.5276,,,,0.2372,3.0,3.58,2026-04-13T00:00:00.000Z,Unknown,,,,0.3998,observational
NUGGET MARKET,NATURAL EXPANDED,08-40229-30362,Built Puff Brownie Batter Protein Bar 1.41 Oz,30pct_plus,≥30% off,3,0.8687,0.9416,0.5114,1.2626,,,,0.372,2.41,3.53,2026-02-23T00:00:00.000Z,Unknown,,,,0.8687,observational
NUGGET MARKET,NATURAL EXPANDED,08-40229-30550,Built Puff Cookies N Cream Protein Bar 1.41 Oz,0_10pct,<10% off,8,0.0439,0.0395,0.0135,0.0775,,,,0.0624,3.91,3.94,2026-03-09T00:00:00.000Z,Unknown,,,,0.0439,observational
NUGGET MARKET,NATURAL EXPANDED,08-40229-30550,Built Puff Cookies N Cream Protein Bar 1.41 Oz,10_20pct,10–20% off,12,0.2704,0.2349,0.1461,0.3688,,,,0.1211,3.61,3.91,2026-03-23T00:00:00.000Z,Unknown,,,,0.2704,observational
NUGGET MARKET,NATURAL EXPANDED,08-40229-30550,Built Puff Cookies N Cream Protein Bar 1.41 Oz,20_30pct,20–30% off,7,0.6485,0.5396,0.457,0.8585,,,,0.2469,3.22,3.94,2026-04-13T00:00:00.000Z,Unknown,,,,0.6485,observational
NUGGET MARKET,NATURAL EXPANDED,08-40229-30550,Built Puff Cookies N Cream Protein Bar 1.41 Oz,30pct_plus,≥30% off,2,2.2254,2.2254,1.8811,2.5698,,,,0.422,2.3,3.99,2026-02-23T00:00:00.000Z,Unknown,,,,2.2254,observational
PILOT FLYING J,CONVENTIONAL|CONVENIENCE,08-40229-30037,Built Puff Coconut Protein Bar 1.41 Oz,30pct_plus,≥30% off,137,,,,,,,,1.0,3.55,3.6,2026-04-13T00:00:00.000Z,Unknown,,,,,observational
PILOT FLYING J,CONVENTIONAL|CONVENIENCE,08-40229-30037,Built Puff Coconut Protein Bar 1.41 Oz,no_promo,No price reduction,6,,,,,,,,,3.64,3.64,2025-12-15T00:00:00.000Z,Unknown,,,,,observational
PILOT FLYING J,CONVENTIONAL|CONVENIENCE,08-40229-30050,Built Puff Churro Protein Bar 1.41 Oz,no_promo,No price reduction,4,,,,,,,,,3.49,3.49,2023-10-30T00:00:00.000Z,Unknown,,,,,observational
PILOT FLYING J,CONVENTIONAL|CONVENIENCE,08-40229-30119,Built Satled Caramel Bar 1.69oz,no_promo,No price reduction,3,,,,,,,,,3.49,3.49,2023-09-11T00:00:00.000Z,Unknown,,,,,observational
PILOT FLYING J,CONVENTIONAL|CONVENIENCE,08-40229-30130,Built Cookies & Cream Bar 1.69oz,30pct_plus,≥30% off,39,,,,,,,,1.0,3.0,3.43,2024-08-26T00:00:00.000Z,Unknown,,,,,observational
PILOT FLYING J,CONVENTIONAL|CONVENIENCE,08-40229-30130,Built Cookies & Cream Bar 1.69oz,no_promo,No price reduction,36,,,,,,,,,3.46,3.46,2025-02-10T00:00:00.000Z,Unknown,,,,,observational
PILOT FLYING J,CONVENTIONAL|CONVENIENCE,08-40229-30333,Built Puff Cookie Dough Chunk Protein Bar 1.55 Oz,30pct_plus,≥30% off,103,,,,,,,,1.0,3.61,3.64,2026-04-13T00:00:00.000Z,Unknown,,,,,observational
PILOT FLYING J,CONVENTIONAL|CONVENIENCE,08-40229-30333,Built Puff Cookie Dough Chunk Protein Bar 1.55 Oz,no_promo,No price reduction,14,,,,,,,,,3.6,3.6,2025-10-27T00:00:00.000Z,Unknown,,,,,observational
PILOT FLYING J,CONVENTIONAL|CONVENIENCE,08-40229-30362,Built Puff Brownie Batter Protein Bar 1.41 Oz,30pct_plus,≥30% off,136,,,,,,,,1.0,3.53,3.6,2026-04-13T00:00:00.000Z,Unknown,,,,,observational
PILOT FLYING J,CONVENTIONAL|CONVENIENCE,08-40229-30362,Built Puff Brownie Batter Protein Bar 1.41 Oz,no_promo,No price reduction,7,,,,,,,,,3.61,3.61,2025-12-15T00:00:00.000Z,Unknown,,,,,observational
PILOT FLYING J,CONVENTIONAL|CONVENIENCE,08-40229-30550,Built Puff Cookies N Cream Protein Bar 1.41 Oz,30pct_plus,≥30% off,8,,,,,,,,1.0,3.98,3.99,2026-04-13T00:00:00.000Z,Unknown,,,,,observational
PILOT FLYING J,CONVENTIONAL|CONVENIENCE,08-40229-30550,Built Puff Cookies N Cream Protein Bar 1.41 Oz,no_promo,No price reduction,2,,,,,,,,,3.99,3.99,2026-02-16T00:00:00.000Z,Unknown,,,,,observational
PILOT FLYING J,CONVENTIONAL|CONVENIENCE,08-40229-30642,Built Puff Peanut Butter Protein Bar 1.41 Oz,30pct_plus,≥30% off,8,,,,,,,,1.0,3.99,3.99,2026-04-13T00:00:00.000Z,Unknown,,,,,observational
PILOT FLYING J,CONVENTIONAL|CONVENIENCE,08-40229-30642,Built Puff Peanut Butter Protein Bar 1.41 Oz,no_promo,No price reduction,3,,,,,,,,,3.99,3.99,2026-02-16T00:00:00.000Z,Unknown,,,,,observational
PLAID PANTRY,CONVENTIONAL|CONVENIENCE,08-40229-30037,Built Puff Coconut Protein Bar 1.41 Oz,0_10pct,<10% off,8,0.5651,0.492,0.1935,0.8352,94.6,97.84,,0.0841,2.8,2.96,2025-09-29T00:00:00.000Z,TPR,-43.44,MODERATE,1.0,-43.44,causal_moderate
PLAID PANTRY,CONVENTIONAL|CONVENIENCE,08-40229-30037,Built Puff Coconut Protein Bar 1.41 Oz,10_20pct,10–20% off,37,0.5165,0.4816,0.2296,0.7496,56.4676,78.037,,0.1344,2.67,2.98,2026-04-13T00:00:00.000Z,TPR,-43.44,MODERATE,1.0,-43.44,causal_moderate
PLAID PANTRY,CONVENTIONAL|CONVENIENCE,08-40229-30037,Built Puff Coconut Protein Bar 1.41 Oz,20_30pct,20–30% off,2,0.0244,0.0244,0.0201,0.0288,64.55,30.0,,0.2265,2.92,2.99,2025-06-02T00:00:00.000Z,Display,-43.44,MODERATE,1.0,-43.44,causal_moderate
PLAID PANTRY,CONVENTIONAL|CONVENIENCE,08-40229-30037,Built Puff Coconut Protein Bar 1.41 Oz,30pct_plus,≥30% off,6,0.6664,0.6165,0.4233,0.7773,101.5,154.5167,,0.4008,1.93,2.78,2025-02-03T00:00:00.000Z,Display,-43.44,MODERATE,1.0,-43.44,causal_moderate
PLAID PANTRY,CONVENTIONAL|CONVENIENCE,08-40229-30037,Built Puff Coconut Protein Bar 1.41 Oz,no_promo,No price reduction,19,0.1016,0.0677,0.0158,0.1388,,111.9684,,0.0,2.99,2.99,2025-08-04T00:00:00.000Z,Display,-43.44,MODERATE,1.0,-43.44,causal_moderate
PLAID PANTRY,CONVENTIONAL|CONVENIENCE,08-40229-30071,Built Double Chocolate Fudge Bar 1.69oz,0_10pct,<10% off,3,0.5939,0.1131,0.0991,0.8482,47.0,92.0,,0.076,1.54,1.62,2023-11-27T00:00:00.000Z,Display,,,,0.5939,observational
PLAID PANTRY,CONVENTIONAL|CONVENIENCE,08-40229-30071,Built Double Chocolate Fudge Bar 1.69oz,10_20pct,10–20% off,1,,,,,0.0,,,0.103,1.54,1.63,2023-12-04T00:00:00.000Z,Unknown,,,,,observational
PLAID PANTRY,CONVENTIONAL|CONVENIENCE,08-40229-30071,Built Double Chocolate Fudge Bar 1.69oz,30pct_plus,≥30% off,4,0.2908,0.2296,0.15,0.3704,71.375,,,0.501,1.6,2.43,2023-09-18T00:00:00.000Z,TPR,,,,0.2908,observational
PLAID PANTRY,CONVENTIONAL|CONVENIENCE,08-40229-30130,Built Cookies & Cream Bar 1.69oz,0_10pct,<10% off,2,0.297,0.297,0.2544,0.3396,39.35,,,0.077,2.79,2.99,2025-06-30T00:00:00.000Z,TPR,,,,0.297,observational
PLAID PANTRY,CONVENTIONAL|CONVENIENCE,08-40229-30130,Built Cookies & Cream Bar 1.69oz,10_20pct,10–20% off,5,0.475,0.3605,0.352,0.3867,55.46,13.9,,0.127,2.64,2.98,2025-07-21T00:00:00.000Z,TPR,,,,0.475,observational
PLAID PANTRY,CONVENTIONAL|CONVENIENCE,08-40229-30130,Built Cookies & Cream Bar 1.69oz,30pct_plus,≥30% off,5,0.4353,0.4386,0.2868,0.6036,50.34,206.35,,0.4552,1.81,2.79,2025-02-03T00:00:00.000Z,TPR,,,,0.4353,observational
PLAID PANTRY,CONVENTIONAL|CONVENIENCE,08-40229-30333,Built Puff Cookie Dough Chunk Protein Bar 1.55 Oz,0_10pct,<10% off,2,0.1937,0.1937,0.1812,0.2062,46.8,0.0,,0.0825,2.84,2.97,2025-09-29T00:00:00.000Z,TPR,,,,0.1937,observational
PLAID PANTRY,CONVENTIONAL|CONVENIENCE,08-40229-30333,Built Puff Cookie Dough Chunk Protein Bar 1.55 Oz,10_20pct,10–20% off,22,0.5748,0.5125,0.4428,0.6801,69.9364,125.48,,0.1302,2.65,2.97,2026-04-13T00:00:00.000Z,TPR,,,,0.5748,observational
PLAID PANTRY,CONVENTIONAL|CONVENIENCE,08-40229-30333,Built Puff Cookie Dough Chunk Protein Bar 1.55 Oz,30pct_plus,≥30% off,6,0.5315,0.3041,0.2752,0.7087,26.7833,632.6,,0.494,1.89,2.89,2025-02-03T00:00:00.000Z,TPR,,,,0.5315,observational
PLAID PANTRY,CONVENTIONAL|CONVENIENCE,08-40229-30333,Built Puff Cookie Dough Chunk Protein Bar 1.55 Oz,no_promo,No price reduction,1,0.021,0.021,0.021,0.021,,9.1,,0.0,2.99,2.99,2025-08-18T00:00:00.000Z,Display,,,,0.021,observational
PLAID PANTRY,CONVENTIONAL|CONVENIENCE,08-40229-30362,Built Puff Brownie Batter Protein Bar 1.41 Oz,0_10pct,<10% off,7,0.6089,0.4971,0.4402,0.9009,57.45,98.6286,,0.0576,2.74,2.87,2024-12-09T00:00:00.000Z,Display,,,,0.6089,observational
PLAID PANTRY,CONVENTIONAL|CONVENIENCE,08-40229-30362,Built Puff Brownie Batter Protein Bar 1.41 Oz,10_20pct,10–20% off,35,0.4843,0.4576,0.192,0.6351,64.3286,103.3077,,0.1288,2.67,2.95,2026-04-13T00:00:00.000Z,TPR,,,,0.4843,observational
PLAID PANTRY,CONVENTIONAL|CONVENIENCE,08-40229-30362,Built Puff Brownie Batter Protein Bar 1.41 Oz,20_30pct,20–30% off,1,0.0077,0.0077,0.0077,0.0077,14.9,,,0.251,2.94,2.99,2025-06-09T00:00:00.000Z,TPR,,,,0.0077,observational
PLAID PANTRY,CONVENTIONAL|CONVENIENCE,08-40229-30362,Built Puff Brownie Batter Protein Bar 1.41 Oz,30pct_plus,≥30% off,6,0.6721,0.7028,0.2774,0.8222,156.8833,73.16,,0.3892,1.97,2.66,2025-06-02T00:00:00.000Z,TPR,,,,0.6721,observational
PLAID PANTRY,CONVENTIONAL|CONVENIENCE,08-40229-30362,Built Puff Brownie Batter Protein Bar 1.41 Oz,no_promo,No price reduction,19,0.2042,0.0785,0.0266,0.3625,,115.6842,,0.0,2.99,2.99,2025-08-04T00:00:00.000Z,Display,,,,0.2042,observational
PLAID PANTRY,CONVENTIONAL|CONVENIENCE,08-40229-30550,Built Puff Cookies N Cream Protein Bar 1.41 Oz,0_10pct,<10% off,2,2.3125,2.3125,1.1602,3.4648,233.3,,,0.08,2.7,2.83,2025-10-20T00:00:00.000Z,TPR,,,,2.3125,observational
PLAID PANTRY,CONVENTIONAL|CONVENIENCE,08-40229-30550,Built Puff Cookies N Cream Protein Bar 1.41 Oz,10_20pct,10–20% off,14,0.5293,0.2142,0.1361,0.4293,54.5,77.6333,,0.1316,2.66,2.94,2026-04-13T00:00:00.000Z,TPR,,,,0.5293,observational
PUBLIX,CONVENTIONAL|FOOD,00-40962-48365,Built Bar Coconut Almond 1.97 Oz (18 Pk),30pct_plus,≥30% off,4,,,,,63.05,,,0.544,1.54,2.53,2023-09-04T00:00:00.000Z,TPR,,,,,observational
PUBLIX,CONVENTIONAL|FOOD,08-40229-30034,Built Puff Salted Caramel Protein Bar 1.41 Oz,0_10pct,<10% off,31,0.1536,0.1417,0.0947,0.1871,100.5931,51.1839,,0.0189,2.68,2.7,2026-04-06T00:00:00.000Z,TPR,,,,0.1536,observational
PUBLIX,CONVENTIONAL|FOOD,08-40229-30034,Built Puff Salted Caramel Protein Bar 1.41 Oz,20_30pct,20–30% off,4,1.3216,1.4407,0.9583,1.804,109.6667,153.25,186.5,0.2548,2.0,2.67,2026-04-13T00:00:00.000Z,Display,,,,1.3216,observational
PUBLIX,CONVENTIONAL|FOOD,08-40229-30034,Built Puff Salted Caramel Protein Bar 1.41 Oz,30pct_plus,≥30% off,1,5.0,5.0,5.0,5.0,746.6,1111.8,1034.0,0.567,1.16,2.69,2026-01-19T00:00:00.000Z,Display,,,,5.0,observational
PUBLIX,CONVENTIONAL|FOOD,08-40229-30034,Built Puff Salted Caramel Protein Bar 1.41 Oz,no_promo,No price reduction,4,0.1216,0.1249,0.0648,0.1817,,45.375,,0.0,2.7,2.7,2026-03-02T00:00:00.000Z,Display,,,,0.1216,observational
PUBLIX,CONVENTIONAL|FOOD,08-40229-30037,Built Puff Coconut Protein Bar 1.41 Oz,0_10pct,<10% off,107,0.1619,0.1228,0.0657,0.168,83.2528,53.3037,40.8,0.0384,2.82,2.87,2026-04-06T00:00:00.000Z,TPR,,,,0.1619,observational
PUBLIX,CONVENTIONAL|FOOD,08-40229-30037,Built Puff Coconut Protein Bar 1.41 Oz,10_20pct,10–20% off,20,0.2132,0.1735,0.1098,0.3605,61.45,52.715,,0.1246,2.65,2.84,2026-03-09T00:00:00.000Z,TPR,,,,0.2132,observational
PUBLIX,CONVENTIONAL|FOOD,08-40229-30037,Built Puff Coconut Protein Bar 1.41 Oz,20_30pct,20–30% off,13,0.616,0.3906,0.0809,0.57,68.9182,79.1077,165.5,0.2346,2.35,2.8,2026-04-13T00:00:00.000Z,TPR,,,,0.616,observational
PUBLIX,CONVENTIONAL|FOOD,08-40229-30037,Built Puff Coconut Protein Bar 1.41 Oz,30pct_plus,≥30% off,3,3.6288,4.9753,2.9432,4.9876,302.7,446.8333,731.8,0.4517,1.58,2.84,2026-01-19T00:00:00.000Z,Display,,,,3.6288,observational
PUBLIX,CONVENTIONAL|FOOD,08-40229-30050,Built Puff Churro Protein Bar 1.41 Oz,0_10pct,<10% off,38,0.2977,0.3374,0.0793,0.4907,43.2658,11.25,,0.0764,2.79,2.93,2026-02-09T00:00:00.000Z,TPR,,,,0.2977,observational
PUBLIX,CONVENTIONAL|FOOD,08-40229-30050,Built Puff Churro Protein Bar 1.41 Oz,10_20pct,10–20% off,8,0.1336,0.0572,0.0281,0.1204,80.3375,101.8,,0.1383,2.82,2.94,2025-10-06T00:00:00.000Z,TPR,,,,0.1336,observational
PUBLIX,CONVENTIONAL|FOOD,08-40229-30050,Built Puff Churro Protein Bar 1.41 Oz,20_30pct,20–30% off,14,0.3658,0.0575,0.0165,0.5217,132.8,4.0,84.4333,0.2543,2.53,2.81,2026-03-02T00:00:00.000Z,TPR,,,,0.3658,observational
PUBLIX,CONVENTIONAL|FOOD,08-40229-30050,Built Puff Churro Protein Bar 1.41 Oz,30pct_plus,≥30% off,28,0.4525,0.0281,0.0108,0.4656,178.3778,,162.3,0.4642,2.52,2.83,2026-02-16T00:00:00.000Z,TPR,,,,0.4525,observational
PUBLIX,CONVENTIONAL|FOOD,08-40229-30071,Built Double Chocolate Fudge Bar 1.69oz,0_10pct,<10% off,42,0.3175,0.2731,0.0518,0.4741,42.669,74.5667,,0.0724,2.8,2.94,2025-05-19T00:00:00.000Z,TPR,,,,0.3175,observational
PUBLIX,CONVENTIONAL|FOOD,08-40229-30071,Built Double Chocolate Fudge Bar 1.69oz,10_20pct,10–20% off,6,0.4411,0.4664,0.3496,0.6148,53.6,146.9,,0.1267,2.64,2.94,2025-04-28T00:00:00.000Z,TPR,,,,0.4411,observational
PUBLIX,CONVENTIONAL|FOOD,08-40229-30071,Built Double Chocolate Fudge Bar 1.69oz,20_30pct,20–30% off,5,0.0301,0.0212,0.0166,0.0347,106.44,,,0.2534,2.95,2.99,2025-03-10T00:00:00.000Z,TPR,,,,0.0301,observational
PUBLIX,CONVENTIONAL|FOOD,08-40229-30071,Built Double Chocolate Fudge Bar 1.69oz,30pct_plus,≥30% off,15,0.4528,0.0328,0.0159,0.0452,412.16,25.4,443.5,0.493,2.82,2.98,2025-03-03T00:00:00.000Z,TPR,,,,0.4528,observational
PUBLIX,CONVENTIONAL|FOOD,08-40229-30103,Built Coocnut Almond Bar 1.97oz,30pct_plus,≥30% off,4,0.585,0.585,0.348,0.8219,218.4,,,0.4198,1.56,2.48,2023-09-18T00:00:00.000Z,TPR,,,,0.585,observational
PUBLIX,CONVENTIONAL|FOOD,08-40229-30107,Built Mint Brownie Bar 1.69oz,0_10pct,<10% off,27,0.1682,0.118,0.0579,0.2128,61.5308,89.0542,,0.0451,2.9,2.97,2025-03-17T00:00:00.000Z,Display,,,,0.1682,observational
PUBLIX,CONVENTIONAL|FOOD,08-40229-30107,Built Mint Brownie Bar 1.69oz,10_20pct,10–20% off,27,0.2859,0.2947,0.0753,0.48,67.7037,66.1769,,0.12,2.66,2.88,2025-05-12T00:00:00.000Z,TPR,,,,0.2859,observational
PUBLIX,CONVENTIONAL|FOOD,08-40229-30107,Built Mint Brownie Bar 1.69oz,20_30pct,20–30% off,5,0.3229,0.3119,0.2667,0.4096,50.84,43.1,,0.2046,2.46,2.97,2024-05-13T00:00:00.000Z,TPR,,,,0.3229,observational
PUBLIX,CONVENTIONAL|FOOD,08-40229-30107,Built Mint Brownie Bar 1.69oz,30pct_plus,≥30% off,26,0.3222,0.1276,0.03,0.4418,111.472,42.9125,169.2,0.4828,2.4,2.88,2025-10-20T00:00:00.000Z,TPR,,,,0.3222,observational
PUBLIX,CONVENTIONAL|FOOD,08-40229-30107,Built Mint Brownie Bar 1.69oz,no_promo,No price reduction,8,0.0888,0.0736,0.045,0.1187,0.0,85.2714,43.0,0.0,2.96,2.96,2025-07-21T00:00:00.000Z,Display,,,,0.0888,observational
PUBLIX,CONVENTIONAL|FOOD,08-40229-30111,Built Cherry Barcia Bar 1.72oz,0_10pct,<10% off,4,0.1622,0.1214,0.1193,0.1643,58.9,85.1,,0.0245,2.88,2.91,2023-10-16T00:00:00.000Z,Display,,,,0.1622,observational
PUBLIX,CONVENTIONAL|FOOD,08-40229-30111,Built Cherry Barcia Bar 1.72oz,10_20pct,10–20% off,5,0.4213,0.4815,0.2253,0.5385,48.34,49.0,,0.1016,2.75,2.97,2023-11-27T00:00:00.000Z,TPR,,,,0.4213,observational
PUBLIX,CONVENTIONAL|FOOD,08-40229-30111,Built Cherry Barcia Bar 1.72oz,20_30pct,20–30% off,3,0.0996,0.0996,0.082,0.1172,32.7333,50.7,,0.24,2.6,2.98,2024-04-29T00:00:00.000Z,TPR,,,,0.0996,observational
PUBLIX,CONVENTIONAL|FOOD,08-40229-30111,Built Cherry Barcia Bar 1.72oz,30pct_plus,≥30% off,2,0.0055,0.0055,0.005,0.006,44.8,,,0.439,2.94,2.96,2023-09-18T00:00:00.000Z,TPR,,,,0.0055,observational
PUBLIX,CONVENTIONAL|FOOD,08-40229-30111,Built Cherry Barcia Bar 1.72oz,no_promo,No price reduction,1,0.0933,0.0933,0.0933,0.0933,,54.6,,0.0,2.88,2.88,2023-08-28T00:00:00.000Z,Display,,,,0.0933,observational
PUBLIX,CONVENTIONAL|FOOD,08-40229-30119,Built Satled Caramel Bar 1.69oz,10_20pct,10–20% off,1,0.1565,0.1565,0.1565,0.1565,50.2,,,0.171,1.91,2.11,2023-10-16T00:00:00.000Z,TPR,,,,0.1565,observational
PUBLIX,CONVENTIONAL|FOOD,08-40229-30119,Built Satled Caramel Bar 1.69oz,20_30pct,20–30% off,2,0.0811,0.0811,0.0811,0.0811,21.15,,,0.253,2.2,2.37,2023-10-09T00:00:00.000Z,TPR,,,,0.0811,observational
PUBLIX,CONVENTIONAL|FOOD,08-40229-30119,Built Satled Caramel Bar 1.69oz,30pct_plus,≥30% off,11,0.362,0.3792,0.2362,0.4565,140.6182,,,0.4575,1.44,1.92,2023-11-13T00:00:00.000Z,TPR,,,,0.362,observational
PUBLIX,CONVENTIONAL|FOOD,08-40229-30130,Built Cookies & Cream Bar 1.69oz,0_10pct,<10% off,36,0.2027,0.1174,0.0199,0.376,47.4818,74.4296,,0.0622,2.84,2.95,2025-05-12T00:00:00.000Z,Display,,,,0.2027,observational
PUBLIX,CONVENTIONAL|FOOD,08-40229-30130,Built Cookies & Cream Bar 1.69oz,10_20pct,10–20% off,18,0.3066,0.1833,0.0857,0.5089,55.5611,95.6286,82.7,0.1304,2.71,2.95,2025-04-28T00:00:00.000Z,TPR,,,,0.3066,observational
PUBLIX,CONVENTIONAL|FOOD,08-40229-30130,Built Cookies & Cream Bar 1.69oz,20_30pct,20–30% off,9,0.2033,0.2023,0.0309,0.3682,58.0667,21.6667,,0.2324,2.67,2.98,2025-03-10T00:00:00.000Z,TPR,,,,0.2033,observational
PUBLIX,CONVENTIONAL|FOOD,08-40229-30130,Built Cookies & Cream Bar 1.69oz,30pct_plus,≥30% off,20,0.2524,0.0759,0.0268,0.1684,173.4895,113.5833,253.0,0.4976,2.63,2.92,2025-03-03T00:00:00.000Z,TPR,,,,0.2524,observational
PUBLIX,CONVENTIONAL|FOOD,08-40229-30130,Built Cookies & Cream Bar 1.69oz,no_promo,No price reduction,9,0.0341,0.012,0.0024,0.0322,,45.3125,19.0,0.0,2.96,2.96,2025-07-21T00:00:00.000Z,Display,,,,0.0341,observational
PUBLIX,CONVENTIONAL|FOOD,08-40229-30333,Built Puff Cookie Dough Chunk Protein Bar 1.55 Oz,0_10pct,<10% off,16,0.0308,0.0219,0.0108,0.0472,73.8714,50.8562,,0.0308,2.68,2.69,2026-04-06T00:00:00.000Z,TPR,,,,0.0308,observational
PUBLIX,CONVENTIONAL|FOOD,08-40229-30333,Built Puff Cookie Dough Chunk Protein Bar 1.55 Oz,10_20pct,10–20% off,4,0.1028,0.0421,0.0228,0.1221,76.5,35.9,,0.142,2.63,2.71,2026-03-02T00:00:00.000Z,TPR,,,,0.1028,observational
PUBLIX,CONVENTIONAL|FOOD,08-40229-30333,Built Puff Cookie Dough Chunk Protein Bar 1.55 Oz,20_30pct,20–30% off,4,1.3018,1.5179,0.9092,1.9104,162.425,133.625,,0.2452,2.18,2.71,2026-04-13T00:00:00.000Z,TPR,,,,1.3018,observational
PUBLIX,CONVENTIONAL|FOOD,08-40229-30333,Built Puff Cookie Dough Chunk Protein Bar 1.55 Oz,30pct_plus,≥30% off,2,2.5347,2.5347,1.3021,3.7674,420.4,403.55,,0.4135,1.98,2.73,2026-02-16T00:00:00.000Z,Display,,,,2.5347,observational
PUBLIX,CONVENTIONAL|FOOD,08-40229-30333,Built Puff Cookie Dough Chunk Protein Bar 1.55 Oz,no_promo,No price reduction,2,0.0256,0.0256,0.0212,0.0301,0.0,42.3,,0.0,2.69,2.69,2026-03-23T00:00:00.000Z,Display,,,,0.0256,observational
PUBLIX,CONVENTIONAL|FOOD,08-40229-30362,Built Puff Brownie Batter Protein Bar 1.41 Oz,0_10pct,<10% off,117,0.1887,0.1447,0.0725,0.2141,106.4615,59.1239,47.8,0.0443,2.81,2.88,2026-04-06T00:00:00.000Z,TPR,,,,0.1887,observational
PUBLIX,CONVENTIONAL|FOOD,08-40229-30362,Built Puff Brownie Batter Protein Bar 1.41 Oz,10_20pct,10–20% off,15,0.2657,0.1903,0.1555,0.3694,52.4538,60.3133,,0.1249,2.67,2.87,2025-12-15T00:00:00.000Z,Display,,,,0.2657,observational
PUBLIX,CONVENTIONAL|FOOD,08-40229-30362,Built Puff Brownie Batter Protein Bar 1.41 Oz,20_30pct,20–30% off,9,0.8422,0.4018,0.3701,1.4993,70.8,102.4889,154.65,0.2291,2.26,2.84,2026-04-13T00:00:00.000Z,Display,,,,0.8422,observational
PUBLIX,CONVENTIONAL|FOOD,08-40229-30362,Built Puff Brownie Batter Protein Bar 1.41 Oz,30pct_plus,≥30% off,2,4.892,4.892,4.8379,4.946,518.9,609.35,708.1,0.4505,1.52,2.74,2026-01-19T00:00:00.000Z,Display,,,,4.892,observational
PUBLIX,CONVENTIONAL|FOOD,08-40229-30376,Built Cookies & Cream Bar 1.69oz (4pk),0_10pct,<10% off,22,0.1011,0.1252,0.0363,0.1481,15.0182,,,0.0703,11.38,11.7,2024-09-30T00:00:00.000Z,TPR,,,,0.1011,observational
PUBLIX,CONVENTIONAL|FOOD,08-40229-30376,Built Cookies & Cream Bar 1.69oz (4pk),10_20pct,10–20% off,4,0.2139,0.2466,0.1353,0.3252,37.05,,,0.1452,9.74,10.65,2024-07-01T00:00:00.000Z,TPR,,,,0.2139,observational
PUBLIX,CONVENTIONAL|FOOD,08-40229-30376,Built Cookies & Cream Bar 1.69oz (4pk),30pct_plus,≥30% off,19,0.2179,0.1111,0.0448,0.3544,64.1211,,,0.4473,8.21,9.84,2024-09-02T00:00:00.000Z,TPR,,,,0.2179,observational
PUBLIX,CONVENTIONAL|FOOD,08-40229-30378,Built Double Chocolate Bar 1.84oz (4pk),0_10pct,<10% off,17,0.0936,0.0613,0.0039,0.1838,18.0824,,,0.0701,11.43,11.74,2024-04-01T00:00:00.000Z,TPR,,,,0.0936,observational
PUBLIX,CONVENTIONAL|FOOD,08-40229-30378,Built Double Chocolate Bar 1.84oz (4pk),10_20pct,10–20% off,1,0.3434,0.3434,0.3434,0.3434,45.6,,,0.144,9.2,10.48,2024-06-24T00:00:00.000Z,TPR,,,,0.3434,observational
PUBLIX,CONVENTIONAL|FOOD,08-40229-30378,Built Double Chocolate Bar 1.84oz (4pk),20_30pct,20–30% off,3,0.2926,0.2926,0.2453,0.3399,36.9,,,0.2373,8.55,9.85,2024-09-16T00:00:00.000Z,TPR,,,,0.2926,observational
PUBLIX,CONVENTIONAL|FOOD,08-40229-30378,Built Double Chocolate Bar 1.84oz (4pk),30pct_plus,≥30% off,19,0.2377,0.1502,0.0524,0.3406,83.8526,84.85,,0.4472,7.95,9.61,2024-09-02T00:00:00.000Z,TPR,,,,0.2377,observational
PUBLIX,CONVENTIONAL|FOOD,08-40229-30380,Built Puff Brownie Batter Protein Bar 1.41 Oz (4 Pk),0_10pct,<10% off,63,0.1805,0.0126,0.0049,0.0861,84.9672,28.7947,,0.0455,11.36,11.55,2026-04-13T00:00:00.000Z,TPR,,,,0.1805,observational
PUBLIX,CONVENTIONAL|FOOD,08-40229-30380,Built Puff Brownie Batter Protein Bar 1.41 Oz (4 Pk),10_20pct,10–20% off,9,0.5041,0.2403,0.0105,0.837,79.1571,83.95,117.8667,0.1516,10.7,11.53,2026-01-05T00:00:00.000Z,Display,,,,0.5041,observational
PUBLIX,CONVENTIONAL|FOOD,08-40229-30380,Built Puff Brownie Batter Protein Bar 1.41 Oz (4 Pk),20_30pct,20–30% off,5,0.25,0.0017,0.0013,0.002,98.825,139.2,124.4,0.227,11.18,11.79,2026-03-02T00:00:00.000Z,TPR,,,,0.25,observational
PUBLIX,CONVENTIONAL|FOOD,08-40229-30380,Built Puff Brownie Batter Protein Bar 1.41 Oz (4 Pk),30pct_plus,≥30% off,7,0.0012,0.0014,0.0011,0.0015,37.0714,,,0.4647,11.97,11.99,2025-01-20T00:00:00.000Z,TPR,,,,0.0012,observational
PUBLIX,CONVENTIONAL|FOOD,08-40229-30380,Built Puff Brownie Batter Protein Bar 1.41 Oz (4 Pk),no_promo,No price reduction,6,0.012,0.0099,0.0089,0.0129,0.0,36.7667,,0.0,11.16,11.16,2025-12-15T00:00:00.000Z,Display,,,,0.012,observational
PUBLIX,CONVENTIONAL|FOOD,08-40229-30381,Built Puff Coconut Protein Bar 1.41 Oz (4 Pk),0_10pct,<10% off,77,0.1142,0.0116,0.0057,0.1206,41.956,27.505,,0.0495,11.4,11.6,2026-04-13T00:00:00.000Z,TPR,,,,0.1142,observational
PUBLIX,CONVENTIONAL|FOOD,08-40229-30381,Built Puff Coconut Protein Bar 1.41 Oz (4 Pk),10_20pct,10–20% off,14,0.3342,0.0267,0.0236,0.3954,33.4833,101.6,125.6,0.17,11.05,11.66,2026-03-16T00:00:00.000Z,TPR,,,,0.3342,observational
PUBLIX,CONVENTIONAL|FOOD,08-40229-30381,Built Puff Coconut Protein Bar 1.41 Oz (4 Pk),20_30pct,20–30% off,11,0.1443,0.0078,0.0031,0.0202,85.88,56.7333,134.9,0.2485,11.33,11.67,2026-03-02T00:00:00.000Z,TPR,,,,0.1443,observational
PUBLIX,CONVENTIONAL|FOOD,08-40229-30381,Built Puff Coconut Protein Bar 1.41 Oz (4 Pk),30pct_plus,≥30% off,18,0.0071,0.0011,0.0005,0.0022,67.8167,26.2,,0.4064,11.85,11.9,2026-02-16T00:00:00.000Z,TPR,,,,0.0071,observational
PUBLIX,CONVENTIONAL|FOOD,08-40229-30381,Built Puff Coconut Protein Bar 1.41 Oz (4 Pk),no_promo,No price reduction,4,0.0093,0.007,0.0053,0.011,,28.9,,0.0,11.74,11.74,2025-11-24T00:00:00.000Z,Display,,,,0.0093,observational
PUBLIX,CONVENTIONAL|FOOD,08-40229-30394,Built Puff Candy Cane Brownie Protein Bar 1.51 Oz,0_10pct,<10% off,4,0.1249,0.1134,0.1064,0.132,27.35,79.275,,0.0585,2.64,2.69,2025-12-15T00:00:00.000Z,Display,,,,0.1249,observational
PUBLIX,CONVENTIONAL|FOOD,08-40229-30394,Built Puff Candy Cane Brownie Protein Bar 1.51 Oz,10_20pct,10–20% off,3,0.211,0.1762,0.1352,0.2695,49.9667,92.9333,,0.1277,2.4,2.54,2025-12-08T00:00:00.000Z,Display,,,,0.211,observational
PUBLIX,CONVENTIONAL|FOOD,08-40229-30394,Built Puff Candy Cane Brownie Protein Bar 1.51 Oz,20_30pct,20–30% off,4,0.3602,0.448,0.2966,0.5116,55.35,133.15,,0.275,2.12,2.57,2026-04-13T00:00:00.000Z,Display,,,,0.3602,observational
PUBLIX,CONVENTIONAL|FOOD,08-40229-30394,Built Puff Candy Cane Brownie Protein Bar 1.51 Oz,30pct_plus,≥30% off,8,0.3541,0.19,0.1407,0.5618,77.7,188.2667,,0.492,2.08,2.5,2026-04-06T00:00:00.000Z,TPR,,,,0.3541,observational
PUBLIX,CONVENTIONAL|FOOD,08-40229-30550,Built Puff Cookies N Cream Protein Bar 1.41 Oz,0_10pct,<10% off,38,0.1343,0.1266,0.0936,0.1613,89.403,50.6528,,0.0246,2.68,2.71,2026-04-06T00:00:00.000Z,TPR,,,,0.1343,observational
PUBLIX,CONVENTIONAL|FOOD,08-40229-30550,Built Puff Cookies N Cream Protein Bar 1.41 Oz,10_20pct,10–20% off,1,,,,,0.0,,,0.103,2.69,3.0,2025-04-07T00:00:00.000Z,Unknown,,,,,observational
PUBLIX,CONVENTIONAL|FOOD,08-40229-30550,Built Puff Cookies N Cream Protein Bar 1.41 Oz,20_30pct,20–30% off,4,1.1357,1.2755,0.7989,1.6123,93.1333,132.125,166.3,0.2545,2.0,2.68,2026-04-13T00:00:00.000Z,Display,,,,1.1357,observational
PUBLIX,CONVENTIONAL|FOOD,08-40229-30550,Built Puff Cookies N Cream Protein Bar 1.41 Oz,30pct_plus,≥30% off,2,3.2439,3.2439,2.3659,4.122,696.45,846.3,780.4,0.444,1.58,2.84,2026-01-19T00:00:00.000Z,TPR,,,,3.2439,observational
PUBLIX,CONVENTIONAL|FOOD,08-40229-30550,Built Puff Cookies N Cream Protein Bar 1.41 Oz,no_promo,No price reduction,2,0.0095,0.0095,0.0093,0.0097,,57.8,,0.0,2.69,2.69,2025-08-04T00:00:00.000Z,Display,,,,0.0095,observational
PUBLIX,CONVENTIONAL|FOOD,08-40229-30558,Built Puff Cookie Dough Chunk Protein Bar 1.55 Oz (4 Pk),0_10pct,<10% off,61,0.0847,0.0166,0.0086,0.0724,50.0695,28.61,,0.0444,11.36,11.56,2026-03-30T00:00:00.000Z,TPR,,,,0.0847,observational
PUBLIX,CONVENTIONAL|FOOD,08-40229-30558,Built Puff Cookie Dough Chunk Protein Bar 1.55 Oz (4 Pk),10_20pct,10–20% off,17,0.2664,0.008,0.0015,0.0396,96.3133,56.5273,129.5333,0.1461,11.04,11.52,2026-04-13T00:00:00.000Z,TPR,,,,0.2664,observational
PUBLIX,CONVENTIONAL|FOOD,08-40229-30558,Built Puff Cookie Dough Chunk Protein Bar 1.55 Oz (4 Pk),20_30pct,20–30% off,6,0.2174,0.0024,0.0013,0.0026,83.96,120.5,129.6,0.2387,11.31,11.82,2026-03-02T00:00:00.000Z,TPR,,,,0.2174,observational
PUBLIX,CONVENTIONAL|FOOD,08-40229-30558,Built Puff Cookie Dough Chunk Protein Bar 1.55 Oz (4 Pk),30pct_plus,≥30% off,2,0.0093,0.0093,0.0048,0.0138,68.35,17.7,,0.4105,11.4,11.49,2025-12-22T00:00:00.000Z,TPR,,,,0.0093,observational
PUBLIX,CONVENTIONAL|FOOD,08-40229-30558,Built Puff Cookie Dough Chunk Protein Bar 1.55 Oz (4 Pk),no_promo,No price reduction,1,0.0013,0.0013,0.0013,0.0013,,22.0,,0.0,10.99,10.99,2026-04-06T00:00:00.000Z,Display,,,,0.0013,observational
PUBLIX,CONVENTIONAL|FOOD,08-40229-30571,Built Puff Mint Chip Protein Bar 1.41 Oz (4 Pk),0_10pct,<10% off,13,0.006,0.0071,0.0029,0.0094,43.0833,41.67,,0.0462,10.98,10.99,2026-04-06T00:00:00.000Z,Display,,,,0.006,observational
PUBLIX,CONVENTIONAL|FOOD,08-40229-30571,Built Puff Mint Chip Protein Bar 1.41 Oz (4 Pk),10_20pct,10–20% off,4,0.2893,0.037,0.0082,0.3181,110.075,88.4667,,0.1668,9.95,10.51,2026-03-30T00:00:00.000Z,Display,,,,0.2893,observational
PUBLIX,CONVENTIONAL|FOOD,08-40229-30571,Built Puff Mint Chip Protein Bar 1.41 Oz (4 Pk),20_30pct,20–30% off,3,0.4712,0.0018,0.0012,0.7064,101.5,134.3,,0.2713,9.98,10.98,2026-03-02T00:00:00.000Z,TPR,,,,0.4712,observational
PUBLIX,CONVENTIONAL|FOOD,08-40229-30571,Built Puff Mint Chip Protein Bar 1.41 Oz (4 Pk),30pct_plus,≥30% off,5,0.014,0.0078,0.0054,0.0164,68.46,25.6,,0.3984,10.86,10.97,2026-04-13T00:00:00.000Z,TPR,,,,0.014,observational
PUBLIX,CONVENTIONAL|FOOD,08-40229-30571,Built Puff Mint Chip Protein Bar 1.41 Oz (4 Pk),no_promo,No price reduction,4,0.0047,0.0053,0.0026,0.0074,,31.15,,0.0,10.99,10.99,2025-12-15T00:00:00.000Z,Display,,,,0.0047,observational
PUBLIX,CONVENTIONAL|FOOD,08-40229-30577,Built Puff Salted Caramel Protein Bar 1.41 Oz (4 Pk),0_10pct,<10% off,17,0.0062,0.0056,0.0043,0.0094,25.0,52.65,,0.0262,10.99,10.99,2026-04-06T00:00:00.000Z,Display,,,,0.0062,observational
PUBLIX,CONVENTIONAL|FOOD,08-40229-30577,Built Puff Salted Caramel Protein Bar 1.41 Oz (4 Pk),10_20pct,10–20% off,5,0.2712,0.0148,0.0115,0.0674,182.42,68.64,,0.1578,10.15,10.61,2026-03-16T00:00:00.000Z,TPR,,,,0.2712,observational
PUBLIX,CONVENTIONAL|FOOD,08-40229-30577,Built Puff Salted Caramel Protein Bar 1.41 Oz (4 Pk),20_30pct,20–30% off,5,0.2726,0.0032,0.003,0.004,62.12,30.925,,0.2568,10.35,10.96,2026-04-13T00:00:00.000Z,TPR,,,,0.2726,observational
PUBLIX,CONVENTIONAL|FOOD,08-40229-30577,Built Puff Salted Caramel Protein Bar 1.41 Oz (4 Pk),30pct_plus,≥30% off,2,0.0999,0.0999,0.0793,0.1205,151.6,25.45,,0.5445,9.99,10.88,2026-02-23T00:00:00.000Z,TPR,,,,0.0999,observational
PUBLIX,CONVENTIONAL|FOOD,08-40229-30581,Built Puff Cookies N Cream Protein Bar 1.41 Oz (4 Pk),0_10pct,<10% off,15,0.0053,0.0052,0.0024,0.0068,32.0308,19.2133,,0.0273,10.98,10.99,2026-04-06T00:00:00.000Z,Display,,,,0.0053,observational
PUBLIX,CONVENTIONAL|FOOD,08-40229-30581,Built Puff Cookies N Cream Protein Bar 1.41 Oz (4 Pk),10_20pct,10–20% off,5,0.2314,0.0096,0.0065,0.0703,51.34,68.44,,0.1298,10.16,10.62,2026-04-13T00:00:00.000Z,Display,,,,0.2314,observational
PUBLIX,CONVENTIONAL|FOOD,08-40229-30581,Built Puff Cookies N Cream Protein Bar 1.41 Oz (4 Pk),20_30pct,20–30% off,2,0.66,0.66,0.3301,0.99,67.8,72.2,,0.257,9.48,10.96,2026-03-02T00:00:00.000Z,Display,,,,0.66,observational
PUBLIX,CONVENTIONAL|FOOD,08-40229-30581,Built Puff Cookies N Cream Protein Bar 1.41 Oz (4 Pk),30pct_plus,≥30% off,2,0.0347,0.0347,0.0261,0.0433,125.7,17.55,,0.36,10.64,10.95,2026-02-23T00:00:00.000Z,TPR,,,,0.0347,observational
PUBLIX,CONVENTIONAL|FOOD,08-40229-30581,Built Puff Cookies N Cream Protein Bar 1.41 Oz (4 Pk),no_promo,No price reduction,5,0.0071,0.0086,0.0051,0.009,,78.16,,0.0,10.99,10.99,2026-02-02T00:00:00.000Z,Display,,,,0.0071,observational
PUBLIX,CONVENTIONAL|FOOD,08-40229-30615,Built Puff Chocolatey Hazelnut  1.41oz,0_10pct,<10% off,5,0.1506,0.1413,0.1133,0.1973,50.48,71.06,,0.0622,2.62,2.67,2025-12-08T00:00:00.000Z,Display,,,,0.1506,observational
PUBLIX,CONVENTIONAL|FOOD,08-40229-30615,Built Puff Chocolatey Hazelnut  1.41oz,10_20pct,10–20% off,2,0.4628,0.4628,0.2967,0.6289,58.2,106.45,97.8,0.1385,2.29,2.5,2025-12-15T00:00:00.000Z,Display,,,,0.4628,observational
PUBLIX,CONVENTIONAL|FOOD,08-40229-30615,Built Puff Chocolatey Hazelnut  1.41oz,20_30pct,20–30% off,4,0.2279,0.2367,0.1401,0.3201,68.575,35.9333,,0.2548,2.16,2.64,2026-04-13T00:00:00.000Z,Display,,,,0.2279,observational
PUBLIX,CONVENTIONAL|FOOD,08-40229-30615,Built Puff Chocolatey Hazelnut  1.41oz,30pct_plus,≥30% off,9,0.3788,0.2362,0.202,0.4876,144.9889,27.85,97.9,0.3917,2.09,2.58,2026-04-06T00:00:00.000Z,TPR,,,,0.3788,observational
PUBLIX,CONVENTIONAL|FOOD,08-40229-30615,Built Puff Chocolatey Hazelnut  1.41oz,no_promo,No price reduction,1,0.026,0.026,0.026,0.026,,47.1,,0.0,1.74,1.74,2026-02-23T00:00:00.000Z,Display,,,,0.026,observational
PUBLIX,CONVENTIONAL|FOOD,08-40229-30642,Built Puff Peanut Butter Protein Bar 1.41 Oz,0_10pct,<10% off,24,0.0739,0.0773,0.0494,0.0945,48.3652,43.6583,,0.0168,2.69,2.7,2026-04-06T00:00:00.000Z,Display,,,,0.0739,observational
PUBLIX,CONVENTIONAL|FOOD,08-40229-30642,Built Puff Peanut Butter Protein Bar 1.41 Oz,10_20pct,10–20% off,1,0.3248,0.3248,0.3248,0.3248,41.1,64.8,,0.107,2.47,2.68,2025-12-29T00:00:00.000Z,Display,,,,0.3248,observational
PUBLIX,CONVENTIONAL|FOOD,08-40229-30642,Built Puff Peanut Butter Protein Bar 1.41 Oz,20_30pct,20–30% off,3,1.3188,1.4993,1.214,1.5138,83.7667,144.4667,153.1,0.254,2.01,2.68,2026-04-13T00:00:00.000Z,Display,,,,1.3188,observational
PUBLIX,CONVENTIONAL|FOOD,08-40229-30642,Built Puff Peanut Butter Protein Bar 1.41 Oz,30pct_plus,≥30% off,1,5.0,5.0,5.0,5.0,581.5,632.7,596.4,0.43,1.53,2.69,2026-01-19T00:00:00.000Z,Display,,,,5.0,observational
PUBLIX,CONVENTIONAL|FOOD,08-40229-30646,Built Puff Peanut Butter Cup Protein Bar 1.41 Oz (4 Pk),0_10pct,<10% off,1,,,,,0.0,,,0.051,10.99,10.99,2026-04-06T00:00:00.000Z,Unknown,,,,,observational
PUBLIX,CONVENTIONAL|FOOD,08-40229-30646,Built Puff Peanut Butter Cup Protein Bar 1.41 Oz (4 Pk),20_30pct,20–30% off,1,0.0062,0.0062,0.0062,0.0062,84.1,,,0.244,10.94,10.98,2026-04-13T00:00:00.000Z,TPR,,,,0.0062,observational
PUBLIX,CONVENTIONAL|FOOD,08-40229-30646,Built Puff Peanut Butter Cup Protein Bar 1.41 Oz (4 Pk),30pct_plus,≥30% off,1,0.0019,0.0019,0.0019,0.0019,53.4,,,0.434,10.96,10.99,2026-03-30T00:00:00.000Z,TPR,,,,0.0019,observational
PUBLIX,CONVENTIONAL|FOOD,08-40229-30651,Built Protein Bar Puff Sour Peach 1.45 Oz,0_10pct,<10% off,2,0.3175,0.3175,0.286,0.3489,53.55,88.8,,0.085,2.64,2.78,2026-02-16T00:00:00.000Z,Display,,,,0.3175,observational
PUBLIX,CONVENTIONAL|FOOD,08-40229-30651,Built Protein Bar Puff Sour Peach 1.45 Oz,10_20pct,10–20% off,1,0.2042,0.2042,0.2042,0.2042,41.6,88.0,,0.133,2.51,2.67,2026-02-23T00:00:00.000Z,Display,,,,0.2042,observational
PUBLIX,CONVENTIONAL|FOOD,08-40229-30651,Built Protein Bar Puff Sour Peach 1.45 Oz,20_30pct,20–30% off,2,0.2386,0.2386,0.1763,0.3009,50.55,46.2,,0.261,2.24,2.61,2026-04-13T00:00:00.000Z,Display,,,,0.2386,observational
PUBLIX,CONVENTIONAL|FOOD,08-40229-30651,Built Protein Bar Puff Sour Peach 1.45 Oz,30pct_plus,≥30% off,5,0.2059,0.2027,0.1754,0.2241,106.68,31.0333,,0.4442,2.26,2.67,2026-04-06T00:00:00.000Z,TPR,,,,0.2059,observational
PUBLIX,CONVENTIONAL|FOOD,08-40229-30653,Built Puff Sour Blu Razz Blast Bar 1.45 Oz,0_10pct,<10% off,2,0.2829,0.2829,0.2617,0.3041,38.2,89.35,,0.0775,2.66,2.76,2026-02-16T00:00:00.000Z,Display,,,,0.2829,observational
PUBLIX,CONVENTIONAL|FOOD,08-40229-30653,Built Puff Sour Blu Razz Blast Bar 1.45 Oz,10_20pct,10–20% off,4,0.0758,0.0569,0.0296,0.1032,49.65,70.875,,0.1568,2.61,2.68,2026-03-23T00:00:00.000Z,Display,,,,0.0758,observational
PUBLIX,CONVENTIONAL|FOOD,08-40229-30653,Built Puff Sour Blu Razz Blast Bar 1.45 Oz,20_30pct,20–30% off,4,0.3657,0.0248,0.0081,0.3824,80.5,51.2333,,0.2488,2.49,2.67,2026-04-13T00:00:00.000Z,Display,,,,0.3657,observational
PUBLIX,CONVENTIONAL|FOOD,08-40229-30655,Built Puff Sour Green Apple Crush Bar 1.45 Oz,0_10pct,<10% off,2,0.2625,0.2625,0.2234,0.3016,55.45,93.7,,0.084,2.64,2.74,2026-02-16T00:00:00.000Z,Display,,,,0.2625,observational
PUBLIX,CONVENTIONAL|FOOD,08-40229-30655,Built Puff Sour Green Apple Crush Bar 1.45 Oz,10_20pct,10–20% off,3,0.0977,0.0536,0.0306,0.1427,55.2,81.1667,,0.1637,2.59,2.69,2026-04-06T00:00:00.000Z,Display,,,,0.0977,observational
PUBLIX,CONVENTIONAL|FOOD,08-40229-30655,Built Puff Sour Green Apple Crush Bar 1.45 Oz,20_30pct,20–30% off,4,0.2604,0.062,0.0152,0.3071,73.225,68.225,,0.2788,2.45,2.67,2026-04-13T00:00:00.000Z,Display,,,,0.2604,observational
PUBLIX,CONVENTIONAL|FOOD,08-40229-30655,Built Puff Sour Green Apple Crush Bar 1.45 Oz,30pct_plus,≥30% off,1,0.1038,0.1038,0.1038,0.1038,103.3,49.2,,0.352,2.47,2.66,2026-03-09T00:00:00.000Z,TPR,,,,0.1038,observational
PYRAMID FOODS,REGIONAL & INDEP GROCERY,08-40229-30037,Built Puff Coconut Protein Bar 1.41 Oz,0_10pct,<10% off,26,0.4832,0.4929,0.2511,0.628,,,,0.0644,3.28,3.46,2025-04-28T00:00:00.000Z,Unknown,,,,0.4832,observational
PYRAMID FOODS,REGIONAL & INDEP GROCERY,08-40229-30037,Built Puff Coconut Protein Bar 1.41 Oz,10_20pct,10–20% off,4,0.1934,0.1905,0.1234,0.2619,,,,0.1295,2.94,3.11,2024-12-09T00:00:00.000Z,Unknown,,,,0.1934,observational
PYRAMID FOODS,REGIONAL & INDEP GROCERY,08-40229-30037,Built Puff Coconut Protein Bar 1.41 Oz,30pct_plus,≥30% off,2,,,,,,,,0.418,3.3,3.4,2025-10-20T00:00:00.000Z,Unknown,,,,,observational
PYRAMID FOODS,REGIONAL & INDEP GROCERY,08-40229-30071,Built Double Chocolate Fudge Bar 1.69oz,0_10pct,<10% off,23,0.4556,0.4815,0.2361,0.6548,,,,0.0651,3.23,3.43,2025-04-21T00:00:00.000Z,Unknown,,,,0.4556,observational
PYRAMID FOODS,REGIONAL & INDEP GROCERY,08-40229-30071,Built Double Chocolate Fudge Bar 1.69oz,10_20pct,10–20% off,3,0.125,0.125,0.125,0.125,,,,0.1717,3.09,3.26,2024-12-09T00:00:00.000Z,Unknown,,,,0.125,observational
PYRAMID FOODS,REGIONAL & INDEP GROCERY,08-40229-30071,Built Double Chocolate Fudge Bar 1.69oz,30pct_plus,≥30% off,1,,,,,,,,0.369,2.68,3.51,2024-10-14T00:00:00.000Z,Unknown,,,,,observational
PYRAMID FOODS,REGIONAL & INDEP GROCERY,08-40229-30119,Built Satled Caramel Bar 1.69oz,0_10pct,<10% off,29,0.4248,0.3906,0.1656,0.6255,,,,0.0627,3.28,3.44,2025-04-21T00:00:00.000Z,Unknown,,,,0.4248,observational
PYRAMID FOODS,REGIONAL & INDEP GROCERY,08-40229-30119,Built Satled Caramel Bar 1.69oz,10_20pct,10–20% off,3,0.1774,0.1774,0.1233,0.2316,,,,0.1303,2.82,2.97,2024-12-09T00:00:00.000Z,Unknown,,,,0.1774,observational
PYRAMID FOODS,REGIONAL & INDEP GROCERY,08-40229-30119,Built Satled Caramel Bar 1.69oz,30pct_plus,≥30% off,1,,,,,,,,0.329,3.36,3.62,2024-10-07T00:00:00.000Z,Unknown,,,,,observational
PYRAMID FOODS,REGIONAL & INDEP GROCERY,08-40229-30130,Built Cookies & Cream Bar 1.69oz,0_10pct,<10% off,30,0.3583,0.3422,0.1808,0.4812,,,,0.0654,3.28,3.46,2025-04-28T00:00:00.000Z,Unknown,,,,0.3583,observational
PYRAMID FOODS,REGIONAL & INDEP GROCERY,08-40229-30130,Built Cookies & Cream Bar 1.69oz,10_20pct,10–20% off,2,0.1438,0.1438,0.1275,0.1601,,,,0.1865,3.06,3.36,2024-12-09T00:00:00.000Z,Unknown,,,,0.1438,observational
PYRAMID FOODS,REGIONAL & INDEP GROCERY,08-40229-30130,Built Cookies & Cream Bar 1.69oz,20_30pct,20–30% off,8,0.0553,0.0553,0.0553,0.0553,,,,0.2,3.06,3.75,2025-09-01T00:00:00.000Z,Unknown,,,,0.0553,observational
PYRAMID FOODS,REGIONAL & INDEP GROCERY,08-40229-30130,Built Cookies & Cream Bar 1.69oz,30pct_plus,≥30% off,3,0.0526,0.0526,0.0526,0.0526,,,,0.3523,3.28,3.63,2024-10-14T00:00:00.000Z,Unknown,,,,0.0526,observational
PYRAMID FOODS,REGIONAL & INDEP GROCERY,08-40229-30333,Built Puff Cookie Dough Chunk Protein Bar 1.55 Oz,0_10pct,<10% off,2,0.1905,0.1905,0.119,0.2619,,,,0.073,3.37,3.42,2026-01-26T00:00:00.000Z,Unknown,,,,0.1905,observational
PYRAMID FOODS,REGIONAL & INDEP GROCERY,08-40229-30362,Built Puff Brownie Batter Protein Bar 1.41 Oz,0_10pct,<10% off,32,0.4666,0.338,0.0999,0.6818,,,,0.0673,3.24,3.4,2026-03-09T00:00:00.000Z,Unknown,1284.21,ROBUST,1.0,1284.21,causal_robust
PYRAMID FOODS,REGIONAL & INDEP GROCERY,08-40229-30362,Built Puff Brownie Batter Protein Bar 1.41 Oz,10_20pct,10–20% off,1,,,,,,,,0.12,3.69,3.75,2025-08-11T00:00:00.000Z,Unknown,1284.21,ROBUST,1.0,1284.21,causal_robust
PYRAMID FOODS,REGIONAL & INDEP GROCERY,08-40229-30362,Built Puff Brownie Batter Protein Bar 1.41 Oz,20_30pct,20–30% off,1,,,,,,,,0.233,3.57,3.64,2025-10-20T00:00:00.000Z,Unknown,1284.21,ROBUST,1.0,1284.21,causal_robust
PYRAMID FOODS,REGIONAL & INDEP GROCERY,08-40229-30362,Built Puff Brownie Batter Protein Bar 1.41 Oz,30pct_plus,≥30% off,5,,,,,,,,0.349,3.53,3.65,2024-11-04T00:00:00.000Z,Unknown,1284.21,ROBUST,1.0,1284.21,causal_robust
PYRAMID FOODS,REGIONAL & INDEP GROCERY,08-40229-30380,Built Puff Brownie Batter Protein Bar 1.41 Oz (4 Pk),0_10pct,<10% off,5,,,,,,,,0.0626,10.62,11.19,2026-03-16T00:00:00.000Z,Unknown,,,,,observational
PYRAMID FOODS,REGIONAL & INDEP GROCERY,08-40229-30381,Built Puff Coconut Protein Bar 1.41 Oz (4 Pk),10_20pct,10–20% off,1,,,,,,,,0.12,13.42,15.25,2026-03-30T00:00:00.000Z,Unknown,,,,,observational
PYRAMID FOODS,REGIONAL & INDEP GROCERY,08-40229-30381,Built Puff Coconut Protein Bar 1.41 Oz (4 Pk),20_30pct,20–30% off,1,0.2857,0.2857,0.2857,0.2857,,,,0.26,12.63,13.5,2025-04-21T00:00:00.000Z,Unknown,,,,0.2857,observational
PYRAMID FOODS,REGIONAL & INDEP GROCERY,08-40229-30432,Built Puff Mint Chip Protein Bar 1.41 Oz,0_10pct,<10% off,2,0.0526,0.0526,0.0526,0.0526,,,,0.078,2.82,2.84,2026-03-09T00:00:00.000Z,Unknown,,,,0.0526,observational
PYRAMID FOODS,REGIONAL & INDEP GROCERY,08-40229-30449,Built Peanut Butter Puff 1.41oz,0_10pct,<10% off,19,0.3071,0.1473,0.1129,0.4895,,,,0.0705,3.35,3.53,2025-04-21T00:00:00.000Z,Unknown,,,,0.3071,observational
PYRAMID FOODS,REGIONAL & INDEP GROCERY,08-40229-30449,Built Peanut Butter Puff 1.41oz,10_20pct,10–20% off,1,0.4151,0.4151,0.4151,0.4151,,,,0.109,3.29,3.66,2024-12-09T00:00:00.000Z,Unknown,,,,0.4151,observational
PYRAMID FOODS,REGIONAL & INDEP GROCERY,08-40229-30449,Built Peanut Butter Puff 1.41oz,30pct_plus,≥30% off,3,0.0175,0.0175,0.0175,0.0175,,,,0.336,3.57,3.67,2024-10-07T00:00:00.000Z,Unknown,,,,0.0175,observational
PYRAMID FOODS,REGIONAL & INDEP GROCERY,08-40229-30550,Built Puff Cookies N Cream Protein Bar 1.41 Oz,0_10pct,<10% off,2,,,,,,,,0.078,2.33,2.48,2026-01-26T00:00:00.000Z,Unknown,,,,,observational
PYRAMID FOODS,REGIONAL & INDEP GROCERY,08-40229-30558,Built Puff Cookie Dough Chunk Protein Bar 1.55 Oz (4 Pk),0_10pct,<10% off,4,,,,,,,,0.061,10.88,11.59,2026-03-23T00:00:00.000Z,Unknown,,,,,observational
PYRAMID FOODS,REGIONAL & INDEP GROCERY,08-40229-30642,Built Puff Peanut Butter Protein Bar 1.41 Oz,0_10pct,<10% off,1,,,,,,,,0.078,3.19,3.21,2026-03-16T00:00:00.000Z,Unknown,,,,,observational
PYRAMID FOODS,REGIONAL & INDEP GROCERY,08-40229-30642,Built Puff Peanut Butter Protein Bar 1.41 Oz,10_20pct,10–20% off,1,0.1055,0.1055,0.1055,0.1055,,,,0.156,2.8,2.91,2026-03-02T00:00:00.000Z,Unknown,,,,0.1055,observational
PYRAMID FOODS,REGIONAL & INDEP GROCERY,08-40229-30642,Built Puff Peanut Butter Protein Bar 1.41 Oz,30pct_plus,≥30% off,6,0.4335,0.3061,0.2549,0.6364,,,,0.4108,2.57,3.03,2026-02-23T00:00:00.000Z,Unknown,,,,0.4335,observational
QUEENS PRICE CHOPPER,REGIONAL & INDEP GROCERY,08-40229-30034,Built Puff Salted Caramel Protein Bar 1.41 Oz,0_10pct,<10% off,4,0.4074,0.363,0.136,0.6343,,,,0.0772,2.52,2.64,2026-03-02T00:00:00.000Z,Unknown,,,,0.4074,observational
QUEENS PRICE CHOPPER,REGIONAL & INDEP GROCERY,08-40229-30034,Built Puff Salted Caramel Protein Bar 1.41 Oz,10_20pct,10–20% off,6,0.0845,0.0845,0.0667,0.1022,,,,0.145,2.42,2.64,2026-03-16T00:00:00.000Z,Unknown,,,,0.0845,observational
QUEENS PRICE CHOPPER,REGIONAL & INDEP GROCERY,08-40229-30034,Built Puff Salted Caramel Protein Bar 1.41 Oz,20_30pct,20–30% off,8,0.8107,0.6368,0.4593,1.161,,,,0.2507,2.03,2.66,2026-01-19T00:00:00.000Z,Unknown,,,,0.8107,observational
QUEENS PRICE CHOPPER,REGIONAL & INDEP GROCERY,08-40229-30037,Built Puff Coconut Protein Bar 1.41 Oz,0_10pct,<10% off,13,0.4777,0.3453,0.2903,0.5686,,,,0.0733,2.5,2.67,2026-03-02T00:00:00.000Z,Unknown,,,,0.4777,observational
QUEENS PRICE CHOPPER,REGIONAL & INDEP GROCERY,08-40229-30037,Built Puff Coconut Protein Bar 1.41 Oz,20_30pct,20–30% off,10,0.6104,0.5686,0.4545,0.7582,,,,0.2516,2.0,2.62,2026-03-16T00:00:00.000Z,Unknown,,,,0.6104,observational
QUEENS PRICE CHOPPER,REGIONAL & INDEP GROCERY,08-40229-30050,Built Puff Churro Protein Bar 1.41 Oz,0_10pct,<10% off,1,,,,,,,,0.074,2.49,2.69,2026-02-23T00:00:00.000Z,Unknown,,,,,observational
QUEENS PRICE CHOPPER,REGIONAL & INDEP GROCERY,08-40229-30050,Built Puff Churro Protein Bar 1.41 Oz,20_30pct,20–30% off,4,0.2727,0.2727,0.2727,0.2727,,,,0.257,2.0,2.13,2026-01-19T00:00:00.000Z,Unknown,,,,0.2727,observational
QUEENS PRICE CHOPPER,REGIONAL & INDEP GROCERY,08-40229-30119,Built Satled Caramel Bar 1.69oz,0_10pct,<10% off,11,0.7651,0.6637,0.2694,1.2727,,,,0.0742,2.5,2.69,2025-04-07T00:00:00.000Z,Unknown,,,,0.7651,observational
QUEENS PRICE CHOPPER,REGIONAL & INDEP GROCERY,08-40229-30130,Built Cookies & Cream Bar 1.69oz,0_10pct,<10% off,12,0.968,0.8033,0.596,1.3665,,,,0.0729,2.49,2.69,2025-04-07T00:00:00.000Z,Unknown,,,,0.968,observational
QUEENS PRICE CHOPPER,REGIONAL & INDEP GROCERY,08-40229-30333,Built Puff Cookie Dough Chunk Protein Bar 1.55 Oz,0_10pct,<10% off,3,0.1343,0.1343,0.0764,0.1921,,,,0.0703,2.52,2.6,2026-03-02T00:00:00.000Z,Unknown,,,,0.1343,observational
QUEENS PRICE CHOPPER,REGIONAL & INDEP GROCERY,08-40229-30333,Built Puff Cookie Dough Chunk Protein Bar 1.55 Oz,10_20pct,10–20% off,7,0.5277,0.5741,0.2717,0.7708,,,,0.1446,2.43,2.67,2026-03-16T00:00:00.000Z,Unknown,,,,0.5277,observational
QUEENS PRICE CHOPPER,REGIONAL & INDEP GROCERY,08-40229-30333,Built Puff Cookie Dough Chunk Protein Bar 1.55 Oz,20_30pct,20–30% off,9,0.6805,0.5517,0.3878,0.8367,,,,0.2537,2.01,2.67,2026-01-19T00:00:00.000Z,Unknown,,,,0.6805,observational
QUEENS PRICE CHOPPER,REGIONAL & INDEP GROCERY,08-40229-30362,Built Puff Brownie Batter Protein Bar 1.41 Oz,0_10pct,<10% off,17,0.5432,0.4286,0.2722,0.5787,,,,0.0687,2.51,2.66,2026-03-09T00:00:00.000Z,Unknown,,,,0.5432,observational
QUEENS PRICE CHOPPER,REGIONAL & INDEP GROCERY,08-40229-30362,Built Puff Brownie Batter Protein Bar 1.41 Oz,10_20pct,10–20% off,4,0.4062,0.4062,0.4062,0.4062,,,,0.1367,2.56,2.68,2026-02-16T00:00:00.000Z,Unknown,,,,0.4062,observational
QUEENS PRICE CHOPPER,REGIONAL & INDEP GROCERY,08-40229-30362,Built Puff Brownie Batter Protein Bar 1.41 Oz,20_30pct,20–30% off,10,0.4951,0.3885,0.3009,0.6418,,,,0.2459,2.02,2.65,2026-03-16T00:00:00.000Z,Unknown,,,,0.4951,observational
QUEENS PRICE CHOPPER,REGIONAL & INDEP GROCERY,08-40229-30380,Built Puff Brownie Batter Protein Bar 1.41 Oz (4 Pk),0_10pct,<10% off,1,,,,,,,,0.071,9.82,10.32,2026-04-13T00:00:00.000Z,Unknown,,,,,observational
QUEENS PRICE CHOPPER,REGIONAL & INDEP GROCERY,08-40229-30381,Built Puff Coconut Protein Bar 1.41 Oz (4 Pk),0_10pct,<10% off,1,,,,,,,,0.064,9.91,10.24,2026-04-13T00:00:00.000Z,Unknown,,,,,observational
QUEENS PRICE CHOPPER,REGIONAL & INDEP GROCERY,08-40229-30432,Built Puff Mint Chip Protein Bar 1.41 Oz,0_10pct,<10% off,5,0.4127,0.2308,0.2154,0.519,,,,0.0732,2.52,2.69,2026-03-02T00:00:00.000Z,Unknown,,,,0.4127,observational
QUEENS PRICE CHOPPER,REGIONAL & INDEP GROCERY,08-40229-30432,Built Puff Mint Chip Protein Bar 1.41 Oz,10_20pct,10–20% off,1,0.4474,0.4474,0.4474,0.4474,,,,0.124,2.36,2.69,2026-03-09T00:00:00.000Z,Unknown,,,,0.4474,observational
QUEENS PRICE CHOPPER,REGIONAL & INDEP GROCERY,08-40229-30432,Built Puff Mint Chip Protein Bar 1.41 Oz,20_30pct,20–30% off,10,0.4499,0.3208,0.2676,0.4085,,,,0.2548,2.04,2.65,2026-03-16T00:00:00.000Z,Unknown,,,,0.4499,observational
QUEENS PRICE CHOPPER,REGIONAL & INDEP GROCERY,08-40229-30550,Built Puff Cookies N Cream Protein Bar 1.41 Oz,0_10pct,<10% off,4,,,,,,,,0.074,2.49,2.69,2026-03-09T00:00:00.000Z,Unknown,,,,,observational
QUEENS PRICE CHOPPER,REGIONAL & INDEP GROCERY,08-40229-30550,Built Puff Cookies N Cream Protein Bar 1.41 Oz,10_20pct,10–20% off,2,0.1594,0.1594,0.1594,0.1594,,,,0.1815,2.26,2.69,2026-03-16T00:00:00.000Z,Unknown,,,,0.1594,observational
QUEENS PRICE CHOPPER,REGIONAL & INDEP GROCERY,08-40229-30550,Built Puff Cookies N Cream Protein Bar 1.41 Oz,20_30pct,20–30% off,7,0.4527,0.3567,0.2119,0.5976,,,,0.2567,2.0,2.69,2026-01-12T00:00:00.000Z,Unknown,,,,0.4527,observational
QUEENS PRICE CHOPPER,REGIONAL & INDEP GROCERY,08-40229-30615,Built Puff Chocolatey Hazelnut  1.41oz,10_20pct,10–20% off,1,,,,,,,,0.171,2.23,2.69,2025-11-24T00:00:00.000Z,Unknown,,,,,observational
QUEENS PRICE CHOPPER,REGIONAL & INDEP GROCERY,08-40229-30642,Built Puff Peanut Butter Protein Bar 1.41 Oz,0_10pct,<10% off,5,0.5799,0.6096,0.502,0.6875,,,,0.0744,2.52,2.68,2026-03-09T00:00:00.000Z,Unknown,,,,0.5799,observational
QUEENS PRICE CHOPPER,REGIONAL & INDEP GROCERY,08-40229-30642,Built Puff Peanut Butter Protein Bar 1.41 Oz,10_20pct,10–20% off,1,0.1429,0.1429,0.1429,0.1429,,,,0.16,2.26,2.69,2025-11-24T00:00:00.000Z,Unknown,,,,0.1429,observational
QUEENS PRICE CHOPPER,REGIONAL & INDEP GROCERY,08-40229-30642,Built Puff Peanut Butter Protein Bar 1.41 Oz,20_30pct,20–30% off,9,0.6343,0.5789,0.4736,0.7874,,,,0.2504,2.01,2.65,2026-03-16T00:00:00.000Z,Unknown,,,,0.6343,observational
RACETRAC,CONVENTIONAL|CONVENIENCE,08-40229-30333,Built Puff Cookie Dough Chunk Protein Bar 1.55 Oz,0_10pct,<10% off,1,0.0023,0.0023,0.0023,0.0023,119.3,,,0.051,3.29,3.29,2026-03-30T00:00:00.000Z,TPR,,,,0.0023,observational
RACETRAC,CONVENTIONAL|CONVENIENCE,08-40229-30333,Built Puff Cookie Dough Chunk Protein Bar 1.55 Oz,10_20pct,10–20% off,1,0.0013,0.0013,0.0013,0.0013,37.6,,,0.153,3.29,3.29,2026-04-06T00:00:00.000Z,TPR,,,,0.0013,observational
RACETRAC,CONVENTIONAL|CONVENIENCE,08-40229-30333,Built Puff Cookie Dough Chunk Protein Bar 1.55 Oz,30pct_plus,≥30% off,1,,,,,0.0,,,0.304,3.29,3.29,2026-04-13T00:00:00.000Z,Unknown,,,,,observational
RACETRAC,CONVENTIONAL|CONVENIENCE,08-40229-30362,Built Puff Brownie Batter Protein Bar 1.41 Oz,0_10pct,<10% off,1,0.0013,0.0013,0.0013,0.0013,66.7,,,0.061,3.29,3.29,2026-03-23T00:00:00.000Z,TPR,,,,0.0013,observational
RACETRAC,CONVENTIONAL|CONVENIENCE,08-40229-30362,Built Puff Brownie Batter Protein Bar 1.41 Oz,10_20pct,10–20% off,1,0.0002,0.0002,0.0002,0.0002,,16.7,,0.101,3.29,3.29,2026-04-06T00:00:00.000Z,Display,,,,0.0002,observational
RACETRAC,CONVENTIONAL|CONVENIENCE,08-40229-30362,Built Puff Brownie Batter Protein Bar 1.41 Oz,no_promo,No price reduction,1,0.0015,0.0015,0.0015,0.0015,,156.4,,0.0,3.29,3.29,2026-03-16T00:00:00.000Z,Display,,,,0.0015,observational
RALEYS,NATURAL EXPANDED,08-40229-30034,Built Puff Salted Caramel Protein Bar 1.41 Oz,0_10pct,<10% off,20,0.0129,0.011,0.0051,0.0176,,,,0.0722,2.97,2.98,2026-04-13T00:00:00.000Z,Unknown,,,,0.0129,observational
RALEYS,NATURAL EXPANDED,08-40229-30034,Built Puff Salted Caramel Protein Bar 1.41 Oz,10_20pct,10–20% off,11,0.3592,0.3907,0.3227,0.3979,,,,0.1347,2.73,2.98,2026-03-09T00:00:00.000Z,Unknown,,,,0.3592,observational
RALEYS,NATURAL EXPANDED,08-40229-30034,Built Puff Salted Caramel Protein Bar 1.41 Oz,20_30pct,20–30% off,3,0.5805,0.5599,0.5404,0.6103,,,,0.2017,2.39,2.96,2026-02-16T00:00:00.000Z,Unknown,,,,0.5805,observational
RALEYS,NATURAL EXPANDED,08-40229-30037,Built Puff Coconut Protein Bar 1.41 Oz,0_10pct,<10% off,43,0.0231,0.0113,0.0039,0.0254,,,,0.0678,3.0,3.0,2026-04-13T00:00:00.000Z,Unknown,,,,0.0231,observational
RALEYS,NATURAL EXPANDED,08-40229-30037,Built Puff Coconut Protein Bar 1.41 Oz,10_20pct,10–20% off,39,0.311,0.3562,0.1272,0.4218,,,,0.1449,2.7,2.96,2026-03-23T00:00:00.000Z,Unknown,,,,0.311,observational
RALEYS,NATURAL EXPANDED,08-40229-30037,Built Puff Coconut Protein Bar 1.41 Oz,20_30pct,20–30% off,4,0.4668,0.4566,0.2217,0.7017,,,,0.2497,2.35,2.9,2025-08-04T00:00:00.000Z,Unknown,,,,0.4668,observational
RALEYS,NATURAL EXPANDED,08-40229-30037,Built Puff Coconut Protein Bar 1.41 Oz,30pct_plus,≥30% off,9,0.7175,0.7912,0.7086,0.8203,,,,0.3292,1.98,2.91,2025-08-18T00:00:00.000Z,Unknown,,,,0.7175,observational
RALEYS,NATURAL EXPANDED,08-40229-30071,Built Double Chocolate Fudge Bar 1.69oz,0_10pct,<10% off,31,0.0192,0.0081,0.004,0.0215,,,,0.0731,2.99,3.0,2025-04-14T00:00:00.000Z,Unknown,,,,0.0192,observational
RALEYS,NATURAL EXPANDED,08-40229-30071,Built Double Chocolate Fudge Bar 1.69oz,10_20pct,10–20% off,40,0.3735,0.4098,0.1359,0.5275,,,,0.1379,2.74,2.98,2025-01-27T00:00:00.000Z,Unknown,,,,0.3735,observational
RALEYS,NATURAL EXPANDED,08-40229-30071,Built Double Chocolate Fudge Bar 1.69oz,20_30pct,20–30% off,4,0.4647,0.5015,0.2554,0.7109,,,,0.2742,2.47,2.99,2024-12-30T00:00:00.000Z,Unknown,,,,0.4647,observational
RALEYS,NATURAL EXPANDED,08-40229-30071,Built Double Chocolate Fudge Bar 1.69oz,30pct_plus,≥30% off,16,0.8558,0.8474,0.6256,1.0666,,,,0.3668,2.06,3.02,2025-07-07T00:00:00.000Z,Unknown,,,,0.8558,observational
RALEYS,NATURAL EXPANDED,08-40229-30099,Built Coconut Bar 1.69oz,0_10pct,<10% off,32,0.0227,0.0143,0.007,0.0301,,,,0.0742,2.98,2.99,2025-04-14T00:00:00.000Z,Unknown,,,,0.0227,observational
RALEYS,NATURAL EXPANDED,08-40229-30099,Built Coconut Bar 1.69oz,10_20pct,10–20% off,36,0.3838,0.4249,0.1284,0.5799,,,,0.1429,2.71,2.98,2025-02-03T00:00:00.000Z,Unknown,,,,0.3838,observational
RALEYS,NATURAL EXPANDED,08-40229-30099,Built Coconut Bar 1.69oz,20_30pct,20–30% off,7,0.4179,0.4387,0.43,0.5443,,,,0.236,2.39,2.85,2025-07-14T00:00:00.000Z,Unknown,,,,0.4179,observational
RALEYS,NATURAL EXPANDED,08-40229-30099,Built Coconut Bar 1.69oz,30pct_plus,≥30% off,15,0.8356,0.8279,0.6339,0.9235,,,,0.3653,1.92,3.0,2025-06-30T00:00:00.000Z,Unknown,,,,0.8356,observational
RALEYS,NATURAL EXPANDED,08-40229-30119,Built Satled Caramel Bar 1.69oz,0_10pct,<10% off,37,0.0151,0.0127,0.0047,0.0171,,,,0.0722,2.98,3.0,2025-06-02T00:00:00.000Z,Unknown,,,,0.0151,observational
RALEYS,NATURAL EXPANDED,08-40229-30119,Built Satled Caramel Bar 1.69oz,10_20pct,10–20% off,39,0.3749,0.4339,0.1652,0.5399,,,,0.1366,2.73,2.98,2025-04-07T00:00:00.000Z,Unknown,,,,0.3749,observational
RALEYS,NATURAL EXPANDED,08-40229-30119,Built Satled Caramel Bar 1.69oz,20_30pct,20–30% off,3,0.6321,0.6321,0.6192,0.645,,,,0.2847,2.42,2.98,2024-12-30T00:00:00.000Z,Unknown,,,,0.6321,observational
RALEYS,NATURAL EXPANDED,08-40229-30119,Built Satled Caramel Bar 1.69oz,30pct_plus,≥30% off,18,0.791,0.7797,0.6845,0.9827,,,,0.3566,1.97,2.94,2025-08-11T00:00:00.000Z,Unknown,,,,0.791,observational
RALEYS,NATURAL EXPANDED,08-40229-30130,Built Cookies & Cream Bar 1.69oz,0_10pct,<10% off,44,0.0126,0.0078,0.0044,0.0152,,,,0.073,2.99,3.0,2025-04-07T00:00:00.000Z,Unknown,,,,0.0126,observational
RALEYS,NATURAL EXPANDED,08-40229-30130,Built Cookies & Cream Bar 1.69oz,10_20pct,10–20% off,34,0.3823,0.437,0.1877,0.5459,,,,0.142,2.7,2.98,2025-03-10T00:00:00.000Z,Unknown,,,,0.3823,observational
RALEYS,NATURAL EXPANDED,08-40229-30130,Built Cookies & Cream Bar 1.69oz,20_30pct,20–30% off,5,0.4497,0.4863,0.2239,0.7121,,,,0.2496,2.27,2.77,2025-07-14T00:00:00.000Z,Unknown,,,,0.4497,observational
RALEYS,NATURAL EXPANDED,08-40229-30130,Built Cookies & Cream Bar 1.69oz,30pct_plus,≥30% off,17,0.7934,0.7149,0.5864,1.0384,,,,0.3751,2.0,3.03,2025-06-30T00:00:00.000Z,Unknown,,,,0.7934,observational
RALEYS,NATURAL EXPANDED,08-40229-30333,Built Puff Cookie Dough Chunk Protein Bar 1.55 Oz,0_10pct,<10% off,22,0.0124,0.0038,0.0018,0.0192,,,,0.0679,2.96,2.98,2026-04-13T00:00:00.000Z,Unknown,,,,0.0124,observational
RALEYS,NATURAL EXPANDED,08-40229-30333,Built Puff Cookie Dough Chunk Protein Bar 1.55 Oz,10_20pct,10–20% off,10,0.4664,0.391,0.3686,0.5705,,,,0.1582,2.57,2.96,2026-02-23T00:00:00.000Z,Unknown,,,,0.4664,observational
RALEYS,NATURAL EXPANDED,08-40229-30362,Built Puff Brownie Batter Protein Bar 1.41 Oz,0_10pct,<10% off,48,0.0273,0.0129,0.0066,0.0201,,,,0.0676,2.98,3.0,2026-04-06T00:00:00.000Z,Unknown,,,,0.0273,observational
RALEYS,NATURAL EXPANDED,08-40229-30362,Built Puff Brownie Batter Protein Bar 1.41 Oz,10_20pct,10–20% off,33,0.326,0.3421,0.1849,0.4361,,,,0.1483,2.67,2.97,2026-04-13T00:00:00.000Z,Unknown,,,,0.326,observational
RALEYS,NATURAL EXPANDED,08-40229-30362,Built Puff Brownie Batter Protein Bar 1.41 Oz,20_30pct,20–30% off,4,0.3765,0.3719,0.1931,0.5553,,,,0.256,2.35,2.91,2025-08-04T00:00:00.000Z,Unknown,,,,0.3765,observational
RALEYS,NATURAL EXPANDED,08-40229-30362,Built Puff Brownie Batter Protein Bar 1.41 Oz,30pct_plus,≥30% off,9,0.7072,0.709,0.5062,0.8924,,,,0.3324,1.98,2.94,2025-08-18T00:00:00.000Z,Unknown,,,,0.7072,observational
RALEYS,NATURAL EXPANDED,08-40229-30432,Built Puff Mint Chip Protein Bar 1.41 Oz,0_10pct,<10% off,24,0.0077,0.009,0.0024,0.0113,,,,0.0698,2.97,2.98,2026-04-13T00:00:00.000Z,Unknown,,,,0.0077,observational
RALEYS,NATURAL EXPANDED,08-40229-30432,Built Puff Mint Chip Protein Bar 1.41 Oz,10_20pct,10–20% off,12,0.4036,0.4554,0.367,0.4962,,,,0.1471,2.61,2.97,2026-02-23T00:00:00.000Z,Unknown,,,,0.4036,observational
RALEYS,NATURAL EXPANDED,08-40229-30550,Built Puff Cookies N Cream Protein Bar 1.41 Oz,0_10pct,<10% off,25,0.0184,0.0066,0.0018,0.0105,,,,0.0675,2.96,2.98,2026-04-13T00:00:00.000Z,Unknown,,,,0.0184,observational
RALEYS,NATURAL EXPANDED,08-40229-30550,Built Puff Cookies N Cream Protein Bar 1.41 Oz,10_20pct,10–20% off,11,0.3887,0.4426,0.4092,0.4496,,,,0.1519,2.6,2.96,2026-02-23T00:00:00.000Z,Unknown,,,,0.3887,observational
REASORS,REGIONAL & INDEP GROCERY,08-40229-30034,Built Puff Salted Caramel Protein Bar 1.41 Oz,0_10pct,<10% off,7,0.2698,0.2698,0.2698,0.2698,,,,0.0691,2.52,2.68,2026-03-23T00:00:00.000Z,Unknown,,,,0.2698,observational
REASORS,REGIONAL & INDEP GROCERY,08-40229-30037,Built Puff Coconut Protein Bar 1.41 Oz,0_10pct,<10% off,16,0.4978,0.4878,0.3478,0.7232,,,,0.0709,2.89,3.01,2026-01-12T00:00:00.000Z,Unknown,,,,0.4978,observational
REASORS,REGIONAL & INDEP GROCERY,08-40229-30037,Built Puff Coconut Protein Bar 1.41 Oz,10_20pct,10–20% off,35,0.668,0.4744,0.1917,0.978,,,,0.1551,2.56,2.93,2026-03-16T00:00:00.000Z,Unknown,,,,0.668,observational
REASORS,REGIONAL & INDEP GROCERY,08-40229-30037,Built Puff Coconut Protein Bar 1.41 Oz,20_30pct,20–30% off,8,0.44,0.1948,0.0544,0.7297,,,,0.2453,2.29,2.6,2026-03-23T00:00:00.000Z,Unknown,,,,0.44,observational
REASORS,REGIONAL & INDEP GROCERY,08-40229-30037,Built Puff Coconut Protein Bar 1.41 Oz,30pct_plus,≥30% off,20,0.2304,0.139,0.0635,0.3108,,,,0.3954,2.26,2.76,2026-04-06T00:00:00.000Z,Unknown,,,,0.2304,observational
REASORS,REGIONAL & INDEP GROCERY,08-40229-30071,Built Double Chocolate Fudge Bar 1.69oz,0_10pct,<10% off,6,0.3499,0.3142,0.2683,0.3958,,,,0.0773,2.94,3.09,2025-04-14T00:00:00.000Z,Unknown,,,,0.3499,observational
REASORS,REGIONAL & INDEP GROCERY,08-40229-30071,Built Double Chocolate Fudge Bar 1.69oz,10_20pct,10–20% off,26,0.457,0.3414,0.1495,0.6323,,,,0.1577,2.67,3.02,2025-04-21T00:00:00.000Z,Unknown,,,,0.457,observational
REASORS,REGIONAL & INDEP GROCERY,08-40229-30071,Built Double Chocolate Fudge Bar 1.69oz,20_30pct,20–30% off,6,0.1929,0.1811,0.129,0.2509,,,,0.2495,2.54,3.14,2025-05-19T00:00:00.000Z,Unknown,,,,0.1929,observational
REASORS,REGIONAL & INDEP GROCERY,08-40229-30071,Built Double Chocolate Fudge Bar 1.69oz,30pct_plus,≥30% off,5,0.3797,0.4474,0.341,0.4523,,,,0.4622,2.3,3.07,2025-07-07T00:00:00.000Z,Unknown,,,,0.3797,observational
REASORS,REGIONAL & INDEP GROCERY,08-40229-30119,Built Satled Caramel Bar 1.69oz,0_10pct,<10% off,12,0.2416,0.1847,0.1119,0.39,,,,0.0805,2.82,3.0,2025-04-14T00:00:00.000Z,Unknown,,,,0.2416,observational
REASORS,REGIONAL & INDEP GROCERY,08-40229-30119,Built Satled Caramel Bar 1.69oz,10_20pct,10–20% off,22,0.3129,0.3121,0.1779,0.4658,,,,0.1575,2.7,3.0,2025-05-12T00:00:00.000Z,Unknown,,,,0.3129,observational
REASORS,REGIONAL & INDEP GROCERY,08-40229-30119,Built Satled Caramel Bar 1.69oz,20_30pct,20–30% off,10,0.6992,0.6557,0.463,0.8964,,,,0.2233,2.48,3.13,2025-06-09T00:00:00.000Z,Unknown,,,,0.6992,observational
REASORS,REGIONAL & INDEP GROCERY,08-40229-30119,Built Satled Caramel Bar 1.69oz,30pct_plus,≥30% off,5,0.2471,0.2471,0.19,0.3041,,,,0.4042,2.27,2.79,2025-06-23T00:00:00.000Z,Unknown,,,,0.2471,observational
REASORS,REGIONAL & INDEP GROCERY,08-40229-30130,Built Cookies & Cream Bar 1.69oz,0_10pct,<10% off,8,0.4281,0.3166,0.1545,0.6122,,,,0.081,2.88,3.06,2025-04-14T00:00:00.000Z,Unknown,,,,0.4281,observational
REASORS,REGIONAL & INDEP GROCERY,08-40229-30130,Built Cookies & Cream Bar 1.69oz,10_20pct,10–20% off,27,0.3621,0.2658,0.1422,0.591,,,,0.1526,2.65,2.99,2025-05-12T00:00:00.000Z,Unknown,,,,0.3621,observational
REASORS,REGIONAL & INDEP GROCERY,08-40229-30130,Built Cookies & Cream Bar 1.69oz,20_30pct,20–30% off,6,0.3019,0.2195,0.1549,0.4076,,,,0.2323,2.52,3.12,2025-06-02T00:00:00.000Z,Unknown,,,,0.3019,observational
REASORS,REGIONAL & INDEP GROCERY,08-40229-30130,Built Cookies & Cream Bar 1.69oz,30pct_plus,≥30% off,12,0.3061,0.25,0.0714,0.3636,,,,0.4052,2.48,3.08,2025-06-23T00:00:00.000Z,Unknown,,,,0.3061,observational
REASORS,REGIONAL & INDEP GROCERY,08-40229-30333,Built Puff Cookie Dough Chunk Protein Bar 1.55 Oz,0_10pct,<10% off,3,0.063,0.0533,0.0281,0.093,,,,0.0797,2.57,2.61,2026-01-12T00:00:00.000Z,Unknown,,,,0.063,observational
REASORS,REGIONAL & INDEP GROCERY,08-40229-30333,Built Puff Cookie Dough Chunk Protein Bar 1.55 Oz,10_20pct,10–20% off,11,0.3177,0.2495,0.1139,0.3369,,,,0.1244,2.32,2.57,2026-03-23T00:00:00.000Z,Unknown,,,,0.3177,observational
REASORS,REGIONAL & INDEP GROCERY,08-40229-30362,Built Puff Brownie Batter Protein Bar 1.41 Oz,0_10pct,<10% off,15,0.2839,0.1719,0.1353,0.4369,,,,0.0709,2.91,3.01,2025-07-07T00:00:00.000Z,Unknown,279.04,ROBUST,1.0,279.04,causal_robust
REASORS,REGIONAL & INDEP GROCERY,08-40229-30362,Built Puff Brownie Batter Protein Bar 1.41 Oz,10_20pct,10–20% off,44,0.3384,0.258,0.1489,0.458,,,,0.1485,2.61,2.89,2026-03-23T00:00:00.000Z,Unknown,279.04,ROBUST,1.0,279.04,causal_robust
REASORS,REGIONAL & INDEP GROCERY,08-40229-30362,Built Puff Brownie Batter Protein Bar 1.41 Oz,20_30pct,20–30% off,2,0.4349,0.4349,0.2443,0.6255,,,,0.2155,2.23,2.62,2025-10-27T00:00:00.000Z,Unknown,279.04,ROBUST,1.0,279.04,causal_robust
REASORS,REGIONAL & INDEP GROCERY,08-40229-30362,Built Puff Brownie Batter Protein Bar 1.41 Oz,30pct_plus,≥30% off,14,0.3459,0.238,0.1579,0.5476,,,,0.3872,2.25,2.78,2025-11-03T00:00:00.000Z,Unknown,279.04,ROBUST,1.0,279.04,causal_robust
REASORS,REGIONAL & INDEP GROCERY,08-40229-30380,Built Puff Brownie Batter Protein Bar 1.41 Oz (4 Pk),0_10pct,<10% off,5,0.1824,0.1111,0.0849,0.1377,,,,0.0846,9.87,10.41,2026-03-30T00:00:00.000Z,Unknown,,,,0.1824,observational
REASORS,REGIONAL & INDEP GROCERY,08-40229-30380,Built Puff Brownie Batter Protein Bar 1.41 Oz (4 Pk),10_20pct,10–20% off,1,0.1957,0.1957,0.1957,0.1957,,,,0.1,9.63,10.49,2026-02-02T00:00:00.000Z,Unknown,,,,0.1957,observational
REASORS,REGIONAL & INDEP GROCERY,08-40229-30381,Built Puff Coconut Protein Bar 1.41 Oz (4 Pk),0_10pct,<10% off,5,0.2193,0.2193,0.1518,0.2867,,,,0.0888,9.75,10.32,2026-02-16T00:00:00.000Z,Unknown,,,,0.2193,observational
REASORS,REGIONAL & INDEP GROCERY,08-40229-30449,Built Peanut Butter Puff 1.41oz,0_10pct,<10% off,13,0.3762,0.3717,0.0932,0.5996,,,,0.0755,2.81,2.95,2025-04-07T00:00:00.000Z,Unknown,,,,0.3762,observational
REASORS,REGIONAL & INDEP GROCERY,08-40229-30449,Built Peanut Butter Puff 1.41oz,10_20pct,10–20% off,19,0.3463,0.3778,0.1377,0.4754,,,,0.1756,2.64,2.89,2025-05-12T00:00:00.000Z,Unknown,,,,0.3463,observational
REASORS,REGIONAL & INDEP GROCERY,08-40229-30449,Built Peanut Butter Puff 1.41oz,20_30pct,20–30% off,5,0.0749,0.0749,0.0568,0.093,,,,0.2222,2.58,3.07,2025-06-16T00:00:00.000Z,Unknown,,,,0.0749,observational
REASORS,REGIONAL & INDEP GROCERY,08-40229-30449,Built Peanut Butter Puff 1.41oz,30pct_plus,≥30% off,6,0.1103,0.0619,0.0573,0.1391,,,,0.4527,2.37,2.92,2025-07-07T00:00:00.000Z,Unknown,,,,0.1103,observational
REASORS,REGIONAL & INDEP GROCERY,08-40229-30550,Built Puff Cookies N Cream Protein Bar 1.41 Oz,0_10pct,<10% off,7,0.3752,0.3545,0.2605,0.487,,,,0.0719,2.54,2.65,2026-03-30T00:00:00.000Z,Unknown,,,,0.3752,observational
REASORS,REGIONAL & INDEP GROCERY,08-40229-30550,Built Puff Cookies N Cream Protein Bar 1.41 Oz,10_20pct,10–20% off,2,,,,,,,,0.1005,2.54,2.69,2026-03-16T00:00:00.000Z,Unknown,,,,,observational
REASORS,REGIONAL & INDEP GROCERY,08-40229-30550,Built Puff Cookies N Cream Protein Bar 1.41 Oz,20_30pct,20–30% off,1,0.0781,0.0781,0.0781,0.0781,,,,0.232,2.48,2.66,2026-03-02T00:00:00.000Z,Unknown,,,,0.0781,observational
REASORS,REGIONAL & INDEP GROCERY,08-40229-30642,Built Puff Peanut Butter Protein Bar 1.41 Oz,0_10pct,<10% off,3,0.0862,0.0862,0.0589,0.1136,,,,0.0683,2.65,2.68,2026-04-06T00:00:00.000Z,Unknown,,,,0.0862,observational
REASORS,REGIONAL & INDEP GROCERY,08-40229-30642,Built Puff Peanut Butter Protein Bar 1.41 Oz,10_20pct,10–20% off,1,,,,,,,,0.1,2.64,2.65,2026-03-23T00:00:00.000Z,Unknown,,,,,observational
REASORS,REGIONAL & INDEP GROCERY,08-40229-30646,Built Puff Peanut Butter Cup Protein Bar 1.41 Oz (4 Pk),0_10pct,<10% off,1,0.0833,0.0833,0.0833,0.0833,,,,0.05,10.41,10.49,2026-03-02T00:00:00.000Z,Unknown,,,,0.0833,observational
REDNERS MARKETS,REGIONAL & INDEP GROCERY,08-40229-30107,Built Mint Brownie Bar 1.69oz,20_30pct,20–30% off,1,0.0329,0.0329,0.0329,0.0329,,,,0.249,2.43,2.49,2025-03-10T00:00:00.000Z,Unknown,,,,0.0329,observational
REDNERS MARKETS,REGIONAL & INDEP GROCERY,08-40229-30107,Built Mint Brownie Bar 1.69oz,30pct_plus,≥30% off,2,0.1209,0.1209,0.0799,0.1618,,,,0.598,2.28,2.49,2025-02-24T00:00:00.000Z,Unknown,,,,0.1209,observational
REYNOLDS MARKET,REGIONAL & INDEP GROCERY,00-40962-48365,Built Bar Coconut Almond 1.97 Oz (18 Pk),10_20pct,10–20% off,1,,,,,,,,0.149,2.29,2.69,2023-09-18T00:00:00.000Z,Unknown,,,,,observational
REYNOLDS MARKET,REGIONAL & INDEP GROCERY,08-40229-30034,Built Puff Salted Caramel Protein Bar 1.41 Oz,0_10pct,<10% off,6,0.1688,0.1688,0.1688,0.1688,,,,0.0708,3.25,3.49,2026-03-30T00:00:00.000Z,Unknown,,,,0.1688,observational
REYNOLDS MARKET,REGIONAL & INDEP GROCERY,08-40229-30034,Built Puff Salted Caramel Protein Bar 1.41 Oz,10_20pct,10–20% off,7,0.0526,0.0526,0.0526,0.0526,,,,0.1363,3.04,3.47,2026-04-06T00:00:00.000Z,Unknown,,,,0.0526,observational
REYNOLDS MARKET,REGIONAL & INDEP GROCERY,08-40229-30034,Built Puff Salted Caramel Protein Bar 1.41 Oz,20_30pct,20–30% off,1,,,,,,,,0.221,2.72,3.49,2025-10-06T00:00:00.000Z,Unknown,,,,,observational
REYNOLDS MARKET,REGIONAL & INDEP GROCERY,08-40229-30034,Built Puff Salted Caramel Protein Bar 1.41 Oz,30pct_plus,≥30% off,11,1.1765,1.2727,0.9828,1.4514,,,,0.4425,1.94,3.47,2026-02-16T00:00:00.000Z,Unknown,,,,1.1765,observational
REYNOLDS MARKET,REGIONAL & INDEP GROCERY,08-40229-30037,Built Puff Coconut Protein Bar 1.41 Oz,0_10pct,<10% off,13,0.5406,0.5406,0.3585,0.7227,,,,0.0789,3.13,3.34,2026-03-30T00:00:00.000Z,Unknown,,,,0.5406,observational
REYNOLDS MARKET,REGIONAL & INDEP GROCERY,08-40229-30037,Built Puff Coconut Protein Bar 1.41 Oz,10_20pct,10–20% off,24,0.3612,0.2019,0.1528,0.4103,,,,0.148,2.97,3.34,2026-04-06T00:00:00.000Z,Unknown,,,,0.3612,observational
REYNOLDS MARKET,REGIONAL & INDEP GROCERY,08-40229-30037,Built Puff Coconut Protein Bar 1.41 Oz,20_30pct,20–30% off,1,,,,,,,,0.211,2.99,3.59,2024-07-01T00:00:00.000Z,Unknown,,,,,observational
REYNOLDS MARKET,REGIONAL & INDEP GROCERY,08-40229-30037,Built Puff Coconut Protein Bar 1.41 Oz,30pct_plus,≥30% off,24,1.7287,1.4405,0.9864,2.1349,,,,0.4322,2.13,3.43,2026-02-16T00:00:00.000Z,Unknown,,,,1.7287,observational
REYNOLDS MARKET,REGIONAL & INDEP GROCERY,08-40229-30050,Built Puff Churro Protein Bar 1.41 Oz,0_10pct,<10% off,7,,,,,,,,0.0689,3.29,3.53,2026-02-23T00:00:00.000Z,Unknown,,,,,observational
REYNOLDS MARKET,REGIONAL & INDEP GROCERY,08-40229-30050,Built Puff Churro Protein Bar 1.41 Oz,10_20pct,10–20% off,22,,,,,,,,0.1499,2.98,3.45,2026-04-06T00:00:00.000Z,Unknown,,,,,observational
REYNOLDS MARKET,REGIONAL & INDEP GROCERY,08-40229-30050,Built Puff Churro Protein Bar 1.41 Oz,20_30pct,20–30% off,3,,,,,,,,0.249,2.45,3.26,2026-02-16T00:00:00.000Z,Unknown,,,,,observational
REYNOLDS MARKET,REGIONAL & INDEP GROCERY,08-40229-30050,Built Puff Churro Protein Bar 1.41 Oz,30pct_plus,≥30% off,25,1.472,1.472,1.2705,1.6735,,,,0.4477,1.97,3.48,2026-02-09T00:00:00.000Z,Unknown,,,,1.472,observational
REYNOLDS MARKET,REGIONAL & INDEP GROCERY,08-40229-30071,Built Double Chocolate Fudge Bar 1.69oz,0_10pct,<10% off,5,,,,,,,,0.0832,3.12,3.33,2024-12-09T00:00:00.000Z,Unknown,,,,,observational
REYNOLDS MARKET,REGIONAL & INDEP GROCERY,08-40229-30071,Built Double Chocolate Fudge Bar 1.69oz,10_20pct,10–20% off,9,,,,,,,,0.1712,2.75,3.26,2024-07-01T00:00:00.000Z,Unknown,,,,,observational
REYNOLDS MARKET,REGIONAL & INDEP GROCERY,08-40229-30071,Built Double Chocolate Fudge Bar 1.69oz,20_30pct,20–30% off,2,,,,,,,,0.234,2.66,3.13,2024-02-05T00:00:00.000Z,Unknown,,,,,observational
REYNOLDS MARKET,REGIONAL & INDEP GROCERY,08-40229-30071,Built Double Chocolate Fudge Bar 1.69oz,30pct_plus,≥30% off,13,0.2492,0.2492,0.172,0.3264,,,,0.4804,2.14,3.37,2025-04-14T00:00:00.000Z,Unknown,,,,0.2492,observational
REYNOLDS MARKET,REGIONAL & INDEP GROCERY,08-40229-30099,Built Coconut Bar 1.69oz,0_10pct,<10% off,3,,,,,,,,0.0833,3.26,3.56,2024-12-09T00:00:00.000Z,Unknown,,,,,observational
REYNOLDS MARKET,REGIONAL & INDEP GROCERY,08-40229-30099,Built Coconut Bar 1.69oz,10_20pct,10–20% off,9,0.0714,0.0714,0.0714,0.0714,,,,0.1682,2.9,3.42,2024-02-19T00:00:00.000Z,Unknown,,,,0.0714,observational
REYNOLDS MARKET,REGIONAL & INDEP GROCERY,08-40229-30099,Built Coconut Bar 1.69oz,20_30pct,20–30% off,2,,,,,,,,0.225,2.38,3.07,2024-02-05T00:00:00.000Z,Unknown,,,,,observational
REYNOLDS MARKET,REGIONAL & INDEP GROCERY,08-40229-30099,Built Coconut Bar 1.69oz,30pct_plus,≥30% off,17,0.3115,0.3115,0.3115,0.3115,,,,0.4447,1.91,3.42,2025-04-14T00:00:00.000Z,Unknown,,,,0.3115,observational
REYNOLDS MARKET,REGIONAL & INDEP GROCERY,08-40229-30103,Built Coocnut Almond Bar 1.97oz,20_30pct,20–30% off,1,,,,,,,,0.203,2.63,3.29,2023-09-04T00:00:00.000Z,Unknown,,,,,observational
REYNOLDS MARKET,REGIONAL & INDEP GROCERY,08-40229-30103,Built Coocnut Almond Bar 1.97oz,30pct_plus,≥30% off,6,,,,,,,,0.4043,1.96,3.29,2023-11-06T00:00:00.000Z,Unknown,,,,,observational
REYNOLDS MARKET,REGIONAL & INDEP GROCERY,08-40229-30107,Built Mint Brownie Bar 1.69oz,0_10pct,<10% off,6,0.2698,0.2698,0.2698,0.2698,,,,0.0677,3.26,3.47,2024-12-02T00:00:00.000Z,Unknown,,,,0.2698,observational
REYNOLDS MARKET,REGIONAL & INDEP GROCERY,08-40229-30107,Built Mint Brownie Bar 1.69oz,10_20pct,10–20% off,16,,,,,,,,0.1585,2.96,3.42,2024-05-20T00:00:00.000Z,Unknown,,,,,observational
REYNOLDS MARKET,REGIONAL & INDEP GROCERY,08-40229-30107,Built Mint Brownie Bar 1.69oz,20_30pct,20–30% off,4,,,,,,,,0.2432,2.29,3.03,2024-02-05T00:00:00.000Z,Unknown,,,,,observational
REYNOLDS MARKET,REGIONAL & INDEP GROCERY,08-40229-30107,Built Mint Brownie Bar 1.69oz,30pct_plus,≥30% off,18,0.8849,0.8849,0.5774,1.1925,,,,0.4407,1.92,3.44,2025-02-24T00:00:00.000Z,Unknown,,,,0.8849,observational
REYNOLDS MARKET,REGIONAL & INDEP GROCERY,08-40229-30111,Built Cherry Barcia Bar 1.72oz,30pct_plus,≥30% off,6,,,,,,,,0.404,1.96,3.29,2023-11-27T00:00:00.000Z,Unknown,,,,,observational
REYNOLDS MARKET,REGIONAL & INDEP GROCERY,08-40229-30119,Built Satled Caramel Bar 1.69oz,0_10pct,<10% off,3,,,,,,,,0.071,3.24,3.38,2024-12-09T00:00:00.000Z,Unknown,,,,,observational
REYNOLDS MARKET,REGIONAL & INDEP GROCERY,08-40229-30119,Built Satled Caramel Bar 1.69oz,10_20pct,10–20% off,18,0.6667,0.6667,0.6667,0.6667,,,,0.1542,2.96,3.34,2025-03-24T00:00:00.000Z,Unknown,,,,0.6667,observational
REYNOLDS MARKET,REGIONAL & INDEP GROCERY,08-40229-30119,Built Satled Caramel Bar 1.69oz,20_30pct,20–30% off,8,0.1687,0.1687,0.1102,0.2272,,,,0.2429,2.4,3.0,2024-05-20T00:00:00.000Z,Unknown,,,,0.1687,observational
REYNOLDS MARKET,REGIONAL & INDEP GROCERY,08-40229-30119,Built Satled Caramel Bar 1.69oz,30pct_plus,≥30% off,12,0.5385,0.5385,0.5385,0.5385,,,,0.4658,2.1,3.48,2025-04-07T00:00:00.000Z,Unknown,,,,0.5385,observational
REYNOLDS MARKET,REGIONAL & INDEP GROCERY,08-40229-30122,Built Raspberry Bar 1.73oz,10_20pct,10–20% off,1,,,,,,,,0.1,2.69,2.99,2023-08-07T00:00:00.000Z,Unknown,,,,,observational
REYNOLDS MARKET,REGIONAL & INDEP GROCERY,08-40229-30122,Built Raspberry Bar 1.73oz,30pct_plus,≥30% off,4,,,,,,,,0.344,1.96,2.99,2023-09-11T00:00:00.000Z,Unknown,,,,,observational
REYNOLDS MARKET,REGIONAL & INDEP GROCERY,08-40229-30130,Built Cookies & Cream Bar 1.69oz,0_10pct,<10% off,5,,,,,,,,0.0722,3.27,3.39,2024-12-09T00:00:00.000Z,Unknown,,,,,observational
REYNOLDS MARKET,REGIONAL & INDEP GROCERY,08-40229-30130,Built Cookies & Cream Bar 1.69oz,10_20pct,10–20% off,12,0.9231,0.9231,0.9231,0.9231,,,,0.1727,2.75,3.19,2024-07-22T00:00:00.000Z,Unknown,,,,0.9231,observational
REYNOLDS MARKET,REGIONAL & INDEP GROCERY,08-40229-30130,Built Cookies & Cream Bar 1.69oz,20_30pct,20–30% off,4,,,,,,,,0.2705,2.68,3.26,2024-07-15T00:00:00.000Z,Unknown,,,,,observational
REYNOLDS MARKET,REGIONAL & INDEP GROCERY,08-40229-30130,Built Cookies & Cream Bar 1.69oz,30pct_plus,≥30% off,16,1.1053,1.1053,1.1053,1.1053,,,,0.471,2.47,3.77,2025-02-03T00:00:00.000Z,Unknown,,,,1.1053,observational
REYNOLDS MARKET,REGIONAL & INDEP GROCERY,08-40229-30143,Built Bar Peanut Butter Brown Br 2.05oz(18pk),30pct_plus,≥30% off,7,,,,,,,,0.404,1.96,3.29,2023-09-04T00:00:00.000Z,Unknown,,,,,observational
REYNOLDS MARKET,REGIONAL & INDEP GROCERY,08-40229-30333,Built Puff Cookie Dough Chunk Protein Bar 1.55 Oz,0_10pct,<10% off,9,,,,,,,,0.0782,3.27,3.52,2026-03-30T00:00:00.000Z,Unknown,,,,,observational
REYNOLDS MARKET,REGIONAL & INDEP GROCERY,08-40229-30333,Built Puff Cookie Dough Chunk Protein Bar 1.55 Oz,10_20pct,10–20% off,7,0.5094,0.5094,0.5094,0.5094,,,,0.1346,3.05,3.49,2026-04-06T00:00:00.000Z,Unknown,,,,0.5094,observational
REYNOLDS MARKET,REGIONAL & INDEP GROCERY,08-40229-30333,Built Puff Cookie Dough Chunk Protein Bar 1.55 Oz,20_30pct,20–30% off,1,0.9643,0.9643,0.9643,0.9643,,,,0.26,2.54,3.43,2025-10-13T00:00:00.000Z,Unknown,,,,0.9643,observational
REYNOLDS MARKET,REGIONAL & INDEP GROCERY,08-40229-30333,Built Puff Cookie Dough Chunk Protein Bar 1.55 Oz,30pct_plus,≥30% off,17,1.4199,1.4576,0.8858,1.7527,,,,0.4461,1.92,3.47,2026-02-16T00:00:00.000Z,Unknown,,,,1.4199,observational
REYNOLDS MARKET,REGIONAL & INDEP GROCERY,08-40229-30343,Built Puff Smores Chunk Protein Bar 1.52 Oz,0_10pct,<10% off,2,0.2698,0.2698,0.2698,0.2698,,,,0.093,3.17,3.49,2026-03-30T00:00:00.000Z,Unknown,,,,0.2698,observational
REYNOLDS MARKET,REGIONAL & INDEP GROCERY,08-40229-30343,Built Puff Smores Chunk Protein Bar 1.52 Oz,10_20pct,10–20% off,2,0.0959,0.0959,0.0959,0.0959,,,,0.1385,2.99,3.47,2026-04-06T00:00:00.000Z,Unknown,,,,0.0959,observational
REYNOLDS MARKET,REGIONAL & INDEP GROCERY,08-40229-30343,Built Puff Smores Chunk Protein Bar 1.52 Oz,30pct_plus,≥30% off,2,0.6924,0.6924,0.669,0.7157,,,,0.352,2.26,3.48,2026-02-16T00:00:00.000Z,Unknown,,,,0.6924,observational
REYNOLDS MARKET,REGIONAL & INDEP GROCERY,08-40229-30362,Built Puff Brownie Batter Protein Bar 1.41 Oz,0_10pct,<10% off,9,,,,,,,,0.0671,3.33,3.56,2026-02-23T00:00:00.000Z,Unknown,,,,,observational
REYNOLDS MARKET,REGIONAL & INDEP GROCERY,08-40229-30362,Built Puff Brownie Batter Protein Bar 1.41 Oz,10_20pct,10–20% off,20,0.1111,0.1111,0.1111,0.1111,,,,0.1624,2.8,3.31,2026-04-06T00:00:00.000Z,Unknown,,,,0.1111,observational
REYNOLDS MARKET,REGIONAL & INDEP GROCERY,08-40229-30362,Built Puff Brownie Batter Protein Bar 1.41 Oz,20_30pct,20–30% off,11,0.5152,0.5152,0.5152,0.5152,,,,0.2355,2.42,3.13,2025-10-06T00:00:00.000Z,Unknown,,,,0.5152,observational
REYNOLDS MARKET,REGIONAL & INDEP GROCERY,08-40229-30362,Built Puff Brownie Batter Protein Bar 1.41 Oz,30pct_plus,≥30% off,16,1.2637,1.0879,0.8681,1.4176,,,,0.4818,1.86,3.59,2026-02-16T00:00:00.000Z,Unknown,,,,1.2637,observational
REYNOLDS MARKET,REGIONAL & INDEP GROCERY,08-40229-30376,Built Cookies & Cream Bar 1.69oz (4pk),10_20pct,10–20% off,8,,,,,,,,0.1735,8.71,10.2,2024-06-17T00:00:00.000Z,Unknown,,,,,observational
REYNOLDS MARKET,REGIONAL & INDEP GROCERY,08-40229-30376,Built Cookies & Cream Bar 1.69oz (4pk),20_30pct,20–30% off,4,,,,,,,,0.218,9.18,11.43,2024-10-28T00:00:00.000Z,Unknown,,,,,observational
REYNOLDS MARKET,REGIONAL & INDEP GROCERY,08-40229-30376,Built Cookies & Cream Bar 1.69oz (4pk),30pct_plus,≥30% off,2,,,,,,,,0.3575,7.16,11.16,2025-02-03T00:00:00.000Z,Unknown,,,,,observational
REYNOLDS MARKET,REGIONAL & INDEP GROCERY,08-40229-30378,Built Double Chocolate Bar 1.84oz (4pk),0_10pct,<10% off,3,,,,,,,,0.0653,9.62,10.29,2024-06-17T00:00:00.000Z,Unknown,,,,,observational
REYNOLDS MARKET,REGIONAL & INDEP GROCERY,08-40229-30378,Built Double Chocolate Bar 1.84oz (4pk),10_20pct,10–20% off,3,,,,,,,,0.1497,8.16,9.59,2024-06-10T00:00:00.000Z,Unknown,,,,,observational
REYNOLDS MARKET,REGIONAL & INDEP GROCERY,08-40229-30378,Built Double Chocolate Bar 1.84oz (4pk),20_30pct,20–30% off,4,,,,,,,,0.216,9.02,11.04,2024-12-02T00:00:00.000Z,Unknown,,,,,observational
REYNOLDS MARKET,REGIONAL & INDEP GROCERY,08-40229-30378,Built Double Chocolate Bar 1.84oz (4pk),30pct_plus,≥30% off,4,,,,,,,,0.4448,5.97,10.64,2025-01-20T00:00:00.000Z,Unknown,,,,,observational
REYNOLDS MARKET,REGIONAL & INDEP GROCERY,08-40229-30380,Built Puff Brownie Batter Protein Bar 1.41 Oz (4 Pk),0_10pct,<10% off,6,,,,,,,,0.087,10.52,11.31,2026-02-23T00:00:00.000Z,Unknown,,,,,observational
REYNOLDS MARKET,REGIONAL & INDEP GROCERY,08-40229-30380,Built Puff Brownie Batter Protein Bar 1.41 Oz (4 Pk),10_20pct,10–20% off,5,0.2037,0.2037,0.1574,0.25,,,,0.141,9.5,10.41,2025-06-16T00:00:00.000Z,Unknown,,,,0.2037,observational
REYNOLDS MARKET,REGIONAL & INDEP GROCERY,08-40229-30380,Built Puff Brownie Batter Protein Bar 1.41 Oz (4 Pk),30pct_plus,≥30% off,1,,,,,,,,0.367,7.16,11.32,2025-10-06T00:00:00.000Z,Unknown,,,,,observational
REYNOLDS MARKET,REGIONAL & INDEP GROCERY,08-40229-30381,Built Puff Coconut Protein Bar 1.41 Oz (4 Pk),0_10pct,<10% off,11,,,,,,,,0.0733,9.97,10.71,2026-04-06T00:00:00.000Z,Unknown,,,,,observational
REYNOLDS MARKET,REGIONAL & INDEP GROCERY,08-40229-30381,Built Puff Coconut Protein Bar 1.41 Oz (4 Pk),10_20pct,10–20% off,13,,,,,,,,0.1685,9.5,11.21,2025-06-16T00:00:00.000Z,Unknown,,,,,observational
REYNOLDS MARKET,REGIONAL & INDEP GROCERY,08-40229-30381,Built Puff Coconut Protein Bar 1.41 Oz (4 Pk),20_30pct,20–30% off,6,,,,,,,,0.2348,8.61,10.9,2025-10-06T00:00:00.000Z,Unknown,,,,,observational
REYNOLDS MARKET,REGIONAL & INDEP GROCERY,08-40229-30394,Built Puff Candy Cane Brownie Protein Bar 1.51 Oz,0_10pct,<10% off,1,0.1429,0.1429,0.1429,0.1429,,,,0.07,2.78,2.99,2024-12-16T00:00:00.000Z,Unknown,,,,0.1429,observational
REYNOLDS MARKET,REGIONAL & INDEP GROCERY,08-40229-30394,Built Puff Candy Cane Brownie Protein Bar 1.51 Oz,30pct_plus,≥30% off,1,0.4286,0.4286,0.4286,0.4286,,,,0.39,1.82,2.99,2024-12-23T00:00:00.000Z,Unknown,,,,0.4286,observational
REYNOLDS MARKET,REGIONAL & INDEP GROCERY,08-40229-30432,Built Puff Mint Chip Protein Bar 1.41 Oz,0_10pct,<10% off,10,0.4286,0.4286,0.4286,0.4286,,,,0.0713,3.27,3.52,2026-03-30T00:00:00.000Z,Unknown,,,,0.4286,observational
REYNOLDS MARKET,REGIONAL & INDEP GROCERY,08-40229-30432,Built Puff Mint Chip Protein Bar 1.41 Oz,10_20pct,10–20% off,7,,,,,,,,0.1464,2.99,3.5,2026-04-06T00:00:00.000Z,Unknown,,,,,observational
REYNOLDS MARKET,REGIONAL & INDEP GROCERY,08-40229-30432,Built Puff Mint Chip Protein Bar 1.41 Oz,20_30pct,20–30% off,3,0.6923,0.6923,0.6923,0.6923,,,,0.2727,2.57,3.53,2025-10-06T00:00:00.000Z,Unknown,,,,0.6923,observational
REYNOLDS MARKET,REGIONAL & INDEP GROCERY,08-40229-30432,Built Puff Mint Chip Protein Bar 1.41 Oz,30pct_plus,≥30% off,14,0.6088,0.6088,0.3976,0.82,,,,0.4758,1.83,3.49,2026-02-16T00:00:00.000Z,Unknown,,,,0.6088,observational
REYNOLDS MARKET,REGIONAL & INDEP GROCERY,08-40229-30550,Built Puff Cookies N Cream Protein Bar 1.41 Oz,0_10pct,<10% off,7,,,,,,,,0.0797,3.21,3.48,2026-02-23T00:00:00.000Z,Unknown,,,,,observational
REYNOLDS MARKET,REGIONAL & INDEP GROCERY,08-40229-30550,Built Puff Cookies N Cream Protein Bar 1.41 Oz,10_20pct,10–20% off,4,0.4035,0.4035,0.4035,0.4035,,,,0.1358,2.99,3.46,2026-04-06T00:00:00.000Z,Unknown,,,,0.4035,observational
REYNOLDS MARKET,REGIONAL & INDEP GROCERY,08-40229-30550,Built Puff Cookies N Cream Protein Bar 1.41 Oz,30pct_plus,≥30% off,12,0.7167,0.453,0.3675,1.126,,,,0.4412,1.94,3.47,2026-02-16T00:00:00.000Z,Unknown,,,,0.7167,observational
REYNOLDS MARKET,REGIONAL & INDEP GROCERY,08-40229-30558,Built Puff Cookie Dough Chunk Protein Bar 1.55 Oz (4 Pk),0_10pct,<10% off,13,,,,,,,,0.0741,10.51,11.35,2026-04-06T00:00:00.000Z,Unknown,,,,,observational
REYNOLDS MARKET,REGIONAL & INDEP GROCERY,08-40229-30558,Built Puff Cookie Dough Chunk Protein Bar 1.55 Oz (4 Pk),10_20pct,10–20% off,2,,,,,,,,0.15,10.23,10.7,2025-07-28T00:00:00.000Z,Unknown,,,,,observational
REYNOLDS MARKET,REGIONAL & INDEP GROCERY,08-40229-30558,Built Puff Cookie Dough Chunk Protein Bar 1.55 Oz (4 Pk),20_30pct,20–30% off,1,,,,,,,,0.244,9.19,10.62,2025-04-28T00:00:00.000Z,Unknown,,,,,observational
REYNOLDS MARKET,REGIONAL & INDEP GROCERY,08-40229-30558,Built Puff Cookie Dough Chunk Protein Bar 1.55 Oz (4 Pk),30pct_plus,≥30% off,1,,,,,,,,0.496,5.8,11.49,2025-10-06T00:00:00.000Z,Unknown,,,,,observational
REYNOLDS MARKET,REGIONAL & INDEP GROCERY,08-40229-30569,Built Puff Chocolate Milkshake Protein Bar 1.41 Oz,30pct_plus,≥30% off,1,,,,,,,,0.415,1.75,2.99,2025-08-11T00:00:00.000Z,Unknown,,,,,observational
REYNOLDS MARKET,REGIONAL & INDEP GROCERY,08-40229-30571,Built Puff Mint Chip Protein Bar 1.41 Oz (4 Pk),0_10pct,<10% off,4,,,,,,,,0.0857,10.62,11.61,2026-04-06T00:00:00.000Z,Unknown,,,,,observational
REYNOLDS MARKET,REGIONAL & INDEP GROCERY,08-40229-30571,Built Puff Mint Chip Protein Bar 1.41 Oz (4 Pk),10_20pct,10–20% off,15,0.3208,0.3208,0.3208,0.3208,,,,0.1343,10.26,11.18,2026-02-09T00:00:00.000Z,Unknown,,,,0.3208,observational
REYNOLDS MARKET,REGIONAL & INDEP GROCERY,08-40229-30571,Built Puff Mint Chip Protein Bar 1.41 Oz (4 Pk),30pct_plus,≥30% off,2,,,,,,,,0.315,10.79,11.53,2025-10-13T00:00:00.000Z,Unknown,,,,,observational
REYNOLDS MARKET,REGIONAL & INDEP GROCERY,08-40229-30573,Built Puff Strawberries N Cream Protein Bar 1.41 Oz,10_20pct,10–20% off,3,2.7097,2.7097,2.7097,2.7097,,,,0.1367,2.99,3.46,2026-04-06T00:00:00.000Z,Unknown,,,,2.7097,observational
REYNOLDS MARKET,REGIONAL & INDEP GROCERY,08-40229-30573,Built Puff Strawberries N Cream Protein Bar 1.41 Oz,30pct_plus,≥30% off,2,0.8644,0.8644,0.8644,0.8644,,,,0.3415,2.29,3.48,2026-02-16T00:00:00.000Z,Unknown,,,,0.8644,observational
REYNOLDS MARKET,REGIONAL & INDEP GROCERY,08-40229-30642,Built Puff Peanut Butter Protein Bar 1.41 Oz,10_20pct,10–20% off,4,0.5694,0.5694,0.4637,0.6751,,,,0.1238,3.06,3.46,2026-04-06T00:00:00.000Z,Unknown,,,,0.5694,observational
REYNOLDS MARKET,REGIONAL & INDEP GROCERY,08-40229-30642,Built Puff Peanut Butter Protein Bar 1.41 Oz,20_30pct,20–30% off,1,1.9412,1.9412,1.9412,1.9412,,,,0.274,2.51,3.47,2026-02-16T00:00:00.000Z,Unknown,,,,1.9412,observational
REYNOLDS MARKET,REGIONAL & INDEP GROCERY,08-40229-30642,Built Puff Peanut Butter Protein Bar 1.41 Oz,30pct_plus,≥30% off,1,2.3333,2.3333,2.3333,2.3333,,,,0.411,2.05,3.47,2026-02-09T00:00:00.000Z,Unknown,,,,2.3333,observational
REYNOLDS MARKET,REGIONAL & INDEP GROCERY,08-40229-30651,Built Protein Bar Puff Sour Peach 1.45 Oz,0_10pct,<10% off,1,0.4286,0.4286,0.4286,0.4286,,,,0.096,3.16,3.49,2026-02-23T00:00:00.000Z,Unknown,,,,0.4286,observational
REYNOLDS MARKET,REGIONAL & INDEP GROCERY,08-40229-30651,Built Protein Bar Puff Sour Peach 1.45 Oz,10_20pct,10–20% off,3,,,,,,,,0.1263,3.07,3.42,2026-04-06T00:00:00.000Z,Unknown,,,,,observational
REYNOLDS MARKET,REGIONAL & INDEP GROCERY,08-40229-30653,Built Puff Sour Blu Razz Blast Bar 1.45 Oz,0_10pct,<10% off,3,,,,,,,,0.077,3.21,3.48,2026-03-30T00:00:00.000Z,Unknown,,,,,observational
REYNOLDS MARKET,REGIONAL & INDEP GROCERY,08-40229-30653,Built Puff Sour Blu Razz Blast Bar 1.45 Oz,10_20pct,10–20% off,2,,,,,,,,0.1365,2.99,3.46,2026-04-06T00:00:00.000Z,Unknown,,,,,observational
REYNOLDS MARKET,REGIONAL & INDEP GROCERY,08-40229-30653,Built Puff Sour Blu Razz Blast Bar 1.45 Oz,30pct_plus,≥30% off,1,,,,,,,,0.332,2.33,3.49,2026-02-09T00:00:00.000Z,Unknown,,,,,observational
REYNOLDS MARKET,REGIONAL & INDEP GROCERY,08-40229-30655,Built Puff Sour Green Apple Crush Bar 1.45 Oz,0_10pct,<10% off,3,,,,,,,,0.071,3.25,3.47,2026-03-30T00:00:00.000Z,Unknown,,,,,observational
REYNOLDS MARKET,REGIONAL & INDEP GROCERY,08-40229-30655,Built Puff Sour Green Apple Crush Bar 1.45 Oz,10_20pct,10–20% off,1,,,,,,,,0.144,2.99,3.49,2026-02-02T00:00:00.000Z,Unknown,,,,,observational
REYNOLDS MARKET,REGIONAL & INDEP GROCERY,08-40229-30655,Built Puff Sour Green Apple Crush Bar 1.45 Oz,30pct_plus,≥30% off,2,,,,,,,,0.428,2.0,3.5,2026-02-16T00:00:00.000Z,Unknown,,,,,observational
ROSAUERS SUPERMARKETS,NATURAL EXPANDED,08-40229-30034,Built Puff Salted Caramel Protein Bar 1.41 Oz,10_20pct,10–20% off,2,,,,,,,,0.118,3.09,3.39,2026-01-12T00:00:00.000Z,Unknown,,,,,observational
ROSAUERS SUPERMARKETS,NATURAL EXPANDED,08-40229-30034,Built Puff Salted Caramel Protein Bar 1.41 Oz,30pct_plus,≥30% off,1,3.4615,3.4615,3.4615,3.4615,,,,0.422,1.96,3.39,2026-01-05T00:00:00.000Z,Unknown,,,,3.4615,observational
ROSAUERS SUPERMARKETS,NATURAL EXPANDED,08-40229-30037,Built Puff Coconut Protein Bar 1.41 Oz,10_20pct,10–20% off,2,,,,,,,,0.118,3.07,3.39,2026-01-12T00:00:00.000Z,Unknown,,,,,observational
ROSAUERS SUPERMARKETS,NATURAL EXPANDED,08-40229-30037,Built Puff Coconut Protein Bar 1.41 Oz,30pct_plus,≥30% off,1,,,,,,,,0.442,1.89,3.39,2026-01-05T00:00:00.000Z,Unknown,,,,,observational
ROSAUERS SUPERMARKETS,NATURAL EXPANDED,08-40229-30333,Built Puff Cookie Dough Chunk Protein Bar 1.55 Oz,0_10pct,<10% off,1,,,,,,,,0.099,3.06,3.39,2025-12-29T00:00:00.000Z,Unknown,,,,,observational
ROSAUERS SUPERMARKETS,NATURAL EXPANDED,08-40229-30333,Built Puff Cookie Dough Chunk Protein Bar 1.55 Oz,10_20pct,10–20% off,1,0.3208,0.3208,0.3208,0.3208,,,,0.118,2.99,3.39,2026-01-12T00:00:00.000Z,Unknown,,,,0.3208,observational
ROSAUERS SUPERMARKETS,NATURAL EXPANDED,08-40229-30333,Built Puff Cookie Dough Chunk Protein Bar 1.55 Oz,30pct_plus,≥30% off,1,4.3333,4.3333,4.3333,4.3333,,,,0.442,1.89,3.39,2026-01-05T00:00:00.000Z,Unknown,,,,4.3333,observational
ROSAUERS SUPERMARKETS,NATURAL EXPANDED,08-40229-30362,Built Puff Brownie Batter Protein Bar 1.41 Oz,10_20pct,10–20% off,2,,,,,,,,0.118,2.99,3.39,2026-01-12T00:00:00.000Z,Unknown,,,,,observational
ROSAUERS SUPERMARKETS,NATURAL EXPANDED,08-40229-30362,Built Puff Brownie Batter Protein Bar 1.41 Oz,30pct_plus,≥30% off,1,,,,,,,,0.45,1.86,3.39,2026-01-05T00:00:00.000Z,Unknown,,,,,observational
ROSAUERS SUPERMARKETS,NATURAL EXPANDED,08-40229-30432,Built Puff Mint Chip Protein Bar 1.41 Oz,10_20pct,10–20% off,1,2.5385,2.5385,2.5385,2.5385,,,,0.118,2.99,3.39,2026-01-12T00:00:00.000Z,Unknown,,,,2.5385,observational
ROSAUERS SUPERMARKETS,NATURAL EXPANDED,08-40229-30432,Built Puff Mint Chip Protein Bar 1.41 Oz,30pct_plus,≥30% off,1,3.0,3.0,3.0,3.0,,,,0.457,1.84,3.39,2026-01-05T00:00:00.000Z,Unknown,,,,3.0,observational
ROSAUERS SUPERMARKETS,NATURAL EXPANDED,08-40229-30550,Built Puff Cookies N Cream Protein Bar 1.41 Oz,0_10pct,<10% off,1,0.2791,0.2791,0.2791,0.2791,,,,0.073,3.17,3.35,2025-12-29T00:00:00.000Z,Unknown,,,,0.2791,observational
ROSAUERS SUPERMARKETS,NATURAL EXPANDED,08-40229-30550,Built Puff Cookies N Cream Protein Bar 1.41 Oz,10_20pct,10–20% off,1,0.6438,0.6438,0.6438,0.6438,,,,0.118,2.99,3.39,2026-01-12T00:00:00.000Z,Unknown,,,,0.6438,observational
ROSAUERS SUPERMARKETS,NATURAL EXPANDED,08-40229-30550,Built Puff Cookies N Cream Protein Bar 1.41 Oz,30pct_plus,≥30% off,1,3.0449,3.0449,3.0449,3.0449,,,,0.438,1.91,3.39,2026-01-05T00:00:00.000Z,Unknown,,,,3.0449,observational
ROSAUERS SUPERMARKETS,NATURAL EXPANDED,08-40229-30581,Built Puff Cookies N Cream Protein Bar 1.41 Oz (4 Pk),0_10pct,<10% off,1,,,,,,,,0.059,12.69,13.49,2026-02-09T00:00:00.000Z,Unknown,,,,,observational
ROTHS FRESH MARKETS,NATURAL EXPANDED,08-40229-30034,Built Puff Salted Caramel Protein Bar 1.41 Oz,0_10pct,<10% off,7,,,,,,,,0.0629,2.99,3.19,2026-02-23T00:00:00.000Z,Unknown,,,,,observational
ROTHS FRESH MARKETS,NATURAL EXPANDED,08-40229-30037,Built Puff Coconut Protein Bar 1.41 Oz,0_10pct,<10% off,2,,,,,,,,0.063,2.99,3.19,2025-01-27T00:00:00.000Z,Unknown,,,,,observational
ROTHS FRESH MARKETS,NATURAL EXPANDED,08-40229-30037,Built Puff Coconut Protein Bar 1.41 Oz,10_20pct,10–20% off,7,,,,,,,,0.167,2.99,3.59,2026-02-23T00:00:00.000Z,Unknown,,,,,observational
ROTHS FRESH MARKETS,NATURAL EXPANDED,08-40229-30037,Built Puff Coconut Protein Bar 1.41 Oz,20_30pct,20–30% off,1,,,,,,,,0.229,2.77,3.59,2025-08-11T00:00:00.000Z,Unknown,,,,,observational
ROTHS FRESH MARKETS,NATURAL EXPANDED,08-40229-30333,Built Puff Cookie Dough Chunk Protein Bar 1.55 Oz,10_20pct,10–20% off,10,,,,,,,,0.167,2.99,3.59,2026-03-02T00:00:00.000Z,Unknown,,,,,observational
ROTHS FRESH MARKETS,NATURAL EXPANDED,08-40229-30362,Built Puff Brownie Batter Protein Bar 1.41 Oz,0_10pct,<10% off,3,,,,,,,,0.063,2.99,3.19,2025-01-27T00:00:00.000Z,Unknown,,,,,observational
ROTHS FRESH MARKETS,NATURAL EXPANDED,08-40229-30362,Built Puff Brownie Batter Protein Bar 1.41 Oz,10_20pct,10–20% off,9,,,,,,,,0.1643,3.0,3.59,2026-03-02T00:00:00.000Z,Unknown,,,,,observational
ROUSES MARKET,REGIONAL & INDEP GROCERY,08-40229-30037,Built Puff Coconut Protein Bar 1.41 Oz,0_10pct,<10% off,7,0.1777,0.2016,0.0318,0.2465,,,,0.0693,2.73,2.84,2026-03-30T00:00:00.000Z,Unknown,116.04,ROBUST,1.0,116.04,causal_robust
ROUSES MARKET,REGIONAL & INDEP GROCERY,08-40229-30037,Built Puff Coconut Protein Bar 1.41 Oz,10_20pct,10–20% off,2,0.7769,0.7769,0.4976,1.0562,,,,0.1525,2.52,2.88,2026-01-05T00:00:00.000Z,Unknown,116.04,ROBUST,1.0,116.04,causal_robust
ROUSES MARKET,REGIONAL & INDEP GROCERY,08-40229-30037,Built Puff Coconut Protein Bar 1.41 Oz,20_30pct,20–30% off,1,1.1487,1.1487,1.1487,1.1487,,,,0.283,2.06,2.87,2025-12-29T00:00:00.000Z,Unknown,116.04,ROBUST,1.0,116.04,causal_robust
ROUSES MARKET,REGIONAL & INDEP GROCERY,08-40229-30037,Built Puff Coconut Protein Bar 1.41 Oz,30pct_plus,≥30% off,12,0.7077,0.7193,0.2985,1.2173,,,,0.3328,2.05,2.64,2026-04-13T00:00:00.000Z,Unknown,116.04,ROBUST,1.0,116.04,causal_robust
ROUSES MARKET,REGIONAL & INDEP GROCERY,08-40229-30333,Built Puff Cookie Dough Chunk Protein Bar 1.55 Oz,0_10pct,<10% off,6,0.2477,0.2599,0.1245,0.3953,,,,0.0687,2.73,2.87,2026-03-30T00:00:00.000Z,Unknown,,,,0.2477,observational
ROUSES MARKET,REGIONAL & INDEP GROCERY,08-40229-30333,Built Puff Cookie Dough Chunk Protein Bar 1.55 Oz,10_20pct,10–20% off,2,0.9978,0.9978,0.7901,1.2055,,,,0.137,2.52,2.88,2026-01-05T00:00:00.000Z,Unknown,,,,0.9978,observational
ROUSES MARKET,REGIONAL & INDEP GROCERY,08-40229-30333,Built Puff Cookie Dough Chunk Protein Bar 1.55 Oz,20_30pct,20–30% off,4,0.438,0.3179,0.0468,0.7091,,,,0.2623,2.04,2.45,2026-03-02T00:00:00.000Z,Unknown,,,,0.438,observational
ROUSES MARKET,REGIONAL & INDEP GROCERY,08-40229-30333,Built Puff Cookie Dough Chunk Protein Bar 1.55 Oz,30pct_plus,≥30% off,9,0.9674,1.1589,0.6662,1.266,,,,0.344,2.06,2.77,2026-04-13T00:00:00.000Z,Unknown,,,,0.9674,observational
ROUSES MARKET,REGIONAL & INDEP GROCERY,08-40229-30362,Built Puff Brownie Batter Protein Bar 1.41 Oz,0_10pct,<10% off,6,0.2074,0.2529,0.2148,0.2565,,,,0.0643,2.75,2.86,2025-12-22T00:00:00.000Z,Unknown,76.23,ROBUST,1.0,76.23,causal_robust
ROUSES MARKET,REGIONAL & INDEP GROCERY,08-40229-30362,Built Puff Brownie Batter Protein Bar 1.41 Oz,10_20pct,10–20% off,2,0.5725,0.5725,0.3386,0.8064,,,,0.1425,2.58,2.84,2026-03-30T00:00:00.000Z,Unknown,76.23,ROBUST,1.0,76.23,causal_robust
ROUSES MARKET,REGIONAL & INDEP GROCERY,08-40229-30362,Built Puff Brownie Batter Protein Bar 1.41 Oz,20_30pct,20–30% off,5,0.3977,0.3004,0.0536,0.4138,,,,0.26,2.13,2.54,2026-03-02T00:00:00.000Z,Unknown,76.23,ROBUST,1.0,76.23,causal_robust
ROUSES MARKET,REGIONAL & INDEP GROCERY,08-40229-30362,Built Puff Brownie Batter Protein Bar 1.41 Oz,30pct_plus,≥30% off,9,0.925,0.9568,0.6677,1.2774,,,,0.336,2.07,2.76,2026-04-13T00:00:00.000Z,Unknown,76.23,ROBUST,1.0,76.23,causal_robust
ROUSES MARKET,REGIONAL & INDEP GROCERY,08-40229-30394,Built Puff Candy Cane Brownie Protein Bar 1.51 Oz,30pct_plus,≥30% off,5,0.5161,0.5689,0.461,0.624,,,,0.5642,1.09,2.49,2026-01-19T00:00:00.000Z,Unknown,,,,0.5161,observational
ROUSES MARKET,REGIONAL & INDEP GROCERY,08-40229-30615,Built Puff Chocolatey Hazelnut  1.41oz,20_30pct,20–30% off,1,0.4247,0.4247,0.4247,0.4247,,,,0.252,1.92,2.49,2025-12-22T00:00:00.000Z,Unknown,,,,0.4247,observational
ROUSES MARKET,REGIONAL & INDEP GROCERY,08-40229-30615,Built Puff Chocolatey Hazelnut  1.41oz,30pct_plus,≥30% off,5,1.0365,1.1163,0.4825,1.6703,,,,0.6458,0.88,2.49,2026-01-26T00:00:00.000Z,Unknown,,,,1.0365,observational
ROYAL FARMS,CONVENTIONAL|CONVENIENCE,08-40229-30037,Built Puff Coconut Protein Bar 1.41 Oz,0_10pct,<10% off,5,0.1259,0.0895,0.0809,0.1267,66.35,82.15,,0.0732,3.68,3.75,2025-10-20T00:00:00.000Z,TPR,,,,0.1259,observational
ROYAL FARMS,CONVENTIONAL|CONVENIENCE,08-40229-30037,Built Puff Coconut Protein Bar 1.41 Oz,10_20pct,10–20% off,5,0.0333,0.0309,0.0301,0.0407,49.6,65.2,,0.1102,3.72,3.77,2025-11-17T00:00:00.000Z,Display,,,,0.0333,observational
ROYAL FARMS,CONVENTIONAL|CONVENIENCE,08-40229-30037,Built Puff Coconut Protein Bar 1.41 Oz,20_30pct,20–30% off,9,0.5388,0.5889,0.474,0.6338,78.3111,42.575,,0.2391,2.96,3.65,2025-10-27T00:00:00.000Z,TPR,,,,0.5388,observational
ROYAL FARMS,CONVENTIONAL|CONVENIENCE,08-40229-30037,Built Puff Coconut Protein Bar 1.41 Oz,30pct_plus,≥30% off,1,0.7149,0.7149,0.7149,0.7149,80.5,,,0.3,2.66,3.69,2025-06-02T00:00:00.000Z,TPR,,,,0.7149,observational
ROYAL FARMS,CONVENTIONAL|CONVENIENCE,08-40229-30037,Built Puff Coconut Protein Bar 1.41 Oz,no_promo,No price reduction,9,0.0928,0.0547,0.0443,0.1159,,114.125,96.1,0.0,3.72,3.72,2025-12-29T00:00:00.000Z,Display,,,,0.0928,observational
ROYAL FARMS,CONVENTIONAL|CONVENIENCE,08-40229-30333,Built Puff Cookie Dough Chunk Protein Bar 1.55 Oz,0_10pct,<10% off,1,,,,,0.0,,,0.099,3.77,3.79,2025-12-29T00:00:00.000Z,Unknown,,,,,observational
ROYAL FARMS,CONVENTIONAL|CONVENIENCE,08-40229-30362,Built Puff Brownie Batter Protein Bar 1.41 Oz,0_10pct,<10% off,3,0.4321,0.404,0.2702,0.5799,57.1,154.3,,0.029,3.7,3.75,2025-08-04T00:00:00.000Z,Display,,,,0.4321,observational
ROYAL FARMS,CONVENTIONAL|CONVENIENCE,08-40229-30362,Built Puff Brownie Batter Protein Bar 1.41 Oz,10_20pct,10–20% off,6,0.4626,0.4086,0.1399,0.7313,86.26,15.325,,0.1398,3.5,3.73,2025-10-20T00:00:00.000Z,TPR,,,,0.4626,observational
ROYAL FARMS,CONVENTIONAL|CONVENIENCE,08-40229-30362,Built Puff Brownie Batter Protein Bar 1.41 Oz,20_30pct,20–30% off,8,0.8562,0.8945,0.7502,1.077,111.8625,0.0,,0.2488,2.93,3.7,2025-09-15T00:00:00.000Z,TPR,,,,0.8562,observational
ROYAL FARMS,CONVENTIONAL|CONVENIENCE,08-40229-30362,Built Puff Brownie Batter Protein Bar 1.41 Oz,no_promo,No price reduction,5,0.1696,0.1072,0.0735,0.2102,,84.02,,0.0,3.72,3.72,2025-07-28T00:00:00.000Z,Display,,,,0.1696,observational
ROYAL FARMS,CONVENTIONAL|CONVENIENCE,08-40229-30642,Built Puff Peanut Butter Protein Bar 1.41 Oz,0_10pct,<10% off,1,0.0229,0.0229,0.0229,0.0229,37.0,,,0.049,3.77,3.79,2026-02-16T00:00:00.000Z,TPR,,,,0.0229,observational
RUTTERS,CONVENTIONAL|CONVENIENCE,08-40229-30037,Built Puff Coconut Protein Bar 1.41 Oz,30pct_plus,≥30% off,6,,,,,,,,1.0,2.35,3.57,2025-03-03T00:00:00.000Z,Unknown,,,,,observational
RUTTERS,CONVENTIONAL|CONVENIENCE,08-40229-30037,Built Puff Coconut Protein Bar 1.41 Oz,no_promo,No price reduction,93,,,,,,,,,3.61,3.61,2026-04-13T00:00:00.000Z,Unknown,,,,,observational
RUTTERS,CONVENTIONAL|CONVENIENCE,08-40229-30050,Built Puff Churro Protein Bar 1.41 Oz,30pct_plus,≥30% off,6,,,,,,,,1.0,1.0,3.0,2025-03-24T00:00:00.000Z,Unknown,,,,,observational
RUTTERS,CONVENTIONAL|CONVENIENCE,08-40229-30050,Built Puff Churro Protein Bar 1.41 Oz,no_promo,No price reduction,80,,,,,,,,,3.69,3.69,2025-02-10T00:00:00.000Z,Unknown,,,,,observational
RUTTERS,CONVENTIONAL|CONVENIENCE,08-40229-30119,Built Satled Caramel Bar 1.69oz,30pct_plus,≥30% off,8,,,,,,,,1.0,1.93,3.74,2025-03-17T00:00:00.000Z,Unknown,,,,,observational
RUTTERS,CONVENTIONAL|CONVENIENCE,08-40229-30119,Built Satled Caramel Bar 1.69oz,no_promo,No price reduction,78,,,,,,,,,3.69,3.69,2025-02-10T00:00:00.000Z,Unknown,,,,,observational
RUTTERS,CONVENTIONAL|CONVENIENCE,08-40229-30333,Built Puff Cookie Dough Chunk Protein Bar 1.55 Oz,no_promo,No price reduction,11,,,,,,,,,3.99,3.99,2026-04-13T00:00:00.000Z,Unknown,,,,,observational
RUTTERS,CONVENTIONAL|CONVENIENCE,08-40229-30362,Built Puff Brownie Batter Protein Bar 1.41 Oz,30pct_plus,≥30% off,6,,,,,,,,1.0,1.5,3.75,2026-03-09T00:00:00.000Z,Unknown,,,,,observational
RUTTERS,CONVENTIONAL|CONVENIENCE,08-40229-30362,Built Puff Brownie Batter Protein Bar 1.41 Oz,no_promo,No price reduction,92,,,,,,,,,3.72,3.72,2026-04-13T00:00:00.000Z,Unknown,,,,,observational
RUTTERS,CONVENTIONAL|CONVENIENCE,08-40229-30550,Built Puff Cookies N Cream Protein Bar 1.41 Oz,no_promo,No price reduction,11,,,,,,,,,3.99,3.99,2026-04-13T00:00:00.000Z,Unknown,,,,,observational
SAMS,CONVENTIONAL|CLUB,08-40229-30374,Built Bar Vrty Pck Prtn Pff Brs 1.6 Oz (12pk),30pct_plus,≥30% off,22,2.5061,1.6704,1.0449,4.0437,298.2889,17.5,73.8,0.6445,16.02,20.49,2024-04-15T00:00:00.000Z,TPR,,,,2.5061,observational
SAMS,CONVENTIONAL|CLUB,08-40229-30374,Built Bar Vrty Pck Prtn Pff Brs 1.6 Oz (12pk),no_promo,No price reduction,18,,,,,,,,,19.4,19.4,2024-10-28T00:00:00.000Z,Unknown,,,,,observational
SAMS,CONVENTIONAL|CLUB,08-40229-30546,Built Puff Protein Bar Variety Pack 1.48 Oz (13 Pk),30pct_plus,≥30% off,64,1.7032,1.3182,1.135,1.7478,48.6029,60.7,121.2,0.5402,19.35,20.28,2026-04-06T00:00:00.000Z,Display,,,,1.7032,observational
SAMS,CONVENTIONAL|CLUB,08-40229-30546,Built Puff Protein Bar Variety Pack 1.48 Oz (13 Pk),no_promo,No price reduction,66,1.1074,1.0924,1.0106,1.1496,,33.6346,,0.0,20.82,20.82,2026-04-13T00:00:00.000Z,Unknown,,,,1.1074,observational
SAMS,CONVENTIONAL|CLUB,08-40229-30647,Built Puff Peanut Butter Cup  / Smores Chunk Variety Pack 18.3oz (13pk),30pct_plus,≥30% off,15,1.464,1.2244,1.0968,1.5773,26.6571,50.2333,,0.5428,18.45,19.61,2026-04-13T00:00:00.000Z,Display,,,,1.464,observational
SAMS,CONVENTIONAL|CLUB,08-40229-30647,Built Puff Peanut Butter Cup  / Smores Chunk Variety Pack 18.3oz (13pk),no_promo,No price reduction,5,1.0159,1.0159,1.0103,1.0216,,5.05,,0.0,19.99,19.99,2026-02-16T00:00:00.000Z,Unknown,,,,1.0159,observational
SAMS,CONVENTIONAL|CLUB,08-40229-30736,Built Sour Puff Sweet Peach Punch And Green Apple Crush Protein Bar 1.45 Oz (13 Pk),30pct_plus,≥30% off,5,1.1509,1.1428,1.1384,1.1589,73.56,99.38,,0.5257,19.96,20.1,2026-04-13T00:00:00.000Z,Display,,,,1.1509,observational
SAMS,CONVENTIONAL|CLUB,08-40229-30736,Built Sour Puff Sweet Peach Punch And Green Apple Crush Protein Bar 1.45 Oz (13 Pk),no_promo,No price reduction,1,,,,,,,,,19.98,19.98,2026-03-09T00:00:00.000Z,Unknown,,,,,observational
SAVE MART,CONVENTIONAL|FOOD,08-40229-30037,Built Puff Coconut Protein Bar 1.41 Oz,0_10pct,<10% off,21,0.2042,0.1684,0.068,0.305,152.46,70.3238,38.1,0.0447,2.84,2.9,2026-04-13T00:00:00.000Z,Display,91.81,ROBUST,1.0,91.81,causal_robust
SAVE MART,CONVENTIONAL|FOOD,08-40229-30037,Built Puff Coconut Protein Bar 1.41 Oz,10_20pct,10–20% off,19,0.3511,0.4024,0.0984,0.5777,68.6647,114.5769,111.0,0.1423,2.68,2.96,2026-02-23T00:00:00.000Z,TPR,91.81,ROBUST,1.0,91.81,causal_robust
SAVE MART,CONVENTIONAL|FOOD,08-40229-30037,Built Puff Coconut Protein Bar 1.41 Oz,20_30pct,20–30% off,10,0.6991,0.6438,0.4251,0.7112,24969.1333,128.4222,83.05,0.2423,2.52,2.99,2026-01-19T00:00:00.000Z,TPR,91.81,ROBUST,1.0,91.81,causal_robust
SAVE MART,CONVENTIONAL|FOOD,08-40229-30037,Built Puff Coconut Protein Bar 1.41 Oz,30pct_plus,≥30% off,19,0.4751,0.1811,0.0975,0.694,539.6684,76.0071,116.3,0.4872,2.46,3.07,2026-02-16T00:00:00.000Z,TPR,91.81,ROBUST,1.0,91.81,causal_robust
SAVE MART,CONVENTIONAL|FOOD,08-40229-30037,Built Puff Coconut Protein Bar 1.41 Oz,no_promo,No price reduction,8,0.1599,0.0062,0.0044,0.1982,257.6,56.4,99.5,-0.0039,2.77,2.77,2026-03-16T00:00:00.000Z,Display,91.81,ROBUST,1.0,91.81,causal_robust
SAVE MART,CONVENTIONAL|FOOD,08-40229-30050,Built Puff Churro Protein Bar 1.41 Oz,0_10pct,<10% off,8,0.2131,0.1215,0.0242,0.3376,97.9875,57.1667,,0.0806,3.03,3.13,2026-04-06T00:00:00.000Z,TPR,86.04,ROBUST,1.0,86.04,causal_robust
SAVE MART,CONVENTIONAL|FOOD,08-40229-30050,Built Puff Churro Protein Bar 1.41 Oz,10_20pct,10–20% off,24,0.6236,0.3554,0.2466,0.7451,79.6364,247.5333,208.2333,0.1608,2.71,2.96,2026-04-13T00:00:00.000Z,TPR,86.04,ROBUST,1.0,86.04,causal_robust
SAVE MART,CONVENTIONAL|FOOD,08-40229-30050,Built Puff Churro Protein Bar 1.41 Oz,20_30pct,20–30% off,6,0.9074,0.841,0.7527,1.0844,220.52,220.675,96.85,0.2322,2.45,3.07,2026-03-23T00:00:00.000Z,Display,86.04,ROBUST,1.0,86.04,causal_robust
SAVE MART,CONVENTIONAL|FOOD,08-40229-30050,Built Puff Churro Protein Bar 1.41 Oz,30pct_plus,≥30% off,16,0.933,0.9283,0.5533,1.1624,281.45,203.4,171.4333,0.4468,2.23,2.99,2026-03-02T00:00:00.000Z,TPR,86.04,ROBUST,1.0,86.04,causal_robust
SAVE MART,CONVENTIONAL|FOOD,08-40229-30333,Built Puff Cookie Dough Chunk Protein Bar 1.55 Oz,0_10pct,<10% off,10,0.1445,0.1348,0.0327,0.2545,81.2,142.0333,,0.0756,3.04,3.12,2026-04-06T00:00:00.000Z,TPR,105.68,ROBUST,1.0,105.68,causal_robust
SAVE MART,CONVENTIONAL|FOOD,08-40229-30333,Built Puff Cookie Dough Chunk Protein Bar 1.55 Oz,10_20pct,10–20% off,26,0.3266,0.3666,0.0805,0.4827,60.0042,158.6571,95.3667,0.1657,2.76,3.02,2026-04-13T00:00:00.000Z,TPR,105.68,ROBUST,1.0,105.68,causal_robust
SAVE MART,CONVENTIONAL|FOOD,08-40229-30333,Built Puff Cookie Dough Chunk Protein Bar 1.55 Oz,20_30pct,20–30% off,5,0.5502,0.5647,0.5564,0.5853,155.92,335.16,,0.251,2.47,3.05,2026-03-30T00:00:00.000Z,Display,105.68,ROBUST,1.0,105.68,causal_robust
SAVE MART,CONVENTIONAL|FOOD,08-40229-30333,Built Puff Cookie Dough Chunk Protein Bar 1.55 Oz,30pct_plus,≥30% off,18,0.809,0.8091,0.5893,0.8776,175.9167,273.7444,82.16,0.4264,2.27,3.04,2026-03-23T00:00:00.000Z,TPR,105.68,ROBUST,1.0,105.68,causal_robust
SAVE MART,CONVENTIONAL|FOOD,08-40229-30333,Built Puff Cookie Dough Chunk Protein Bar 1.55 Oz,no_promo,No price reduction,6,0.0174,0.0125,0.0031,0.0309,,118.6167,,0.0,2.99,2.99,2025-04-14T00:00:00.000Z,Display,105.68,ROBUST,1.0,105.68,causal_robust
SAVE MART,CONVENTIONAL|FOOD,08-40229-30362,Built Puff Brownie Batter Protein Bar 1.41 Oz,0_10pct,<10% off,26,0.2288,0.1219,0.056,0.3785,63.276,102.4375,129.8333,0.044,2.77,2.82,2026-04-13T00:00:00.000Z,Display,,,,0.2288,observational
SAVE MART,CONVENTIONAL|FOOD,08-40229-30362,Built Puff Brownie Batter Protein Bar 1.41 Oz,10_20pct,10–20% off,22,0.3707,0.3661,0.0487,0.6086,145.5158,118.975,81.85,0.1516,2.73,3.0,2026-01-12T00:00:00.000Z,TPR,,,,0.3707,observational
SAVE MART,CONVENTIONAL|FOOD,08-40229-30362,Built Puff Brownie Batter Protein Bar 1.41 Oz,20_30pct,20–30% off,10,1.2639,0.7371,0.2845,0.8983,412.3444,793.3571,56.3667,0.2639,2.56,3.08,2026-01-26T00:00:00.000Z,Display,,,,1.2639,observational
SAVE MART,CONVENTIONAL|FOOD,08-40229-30362,Built Puff Brownie Batter Protein Bar 1.41 Oz,30pct_plus,≥30% off,12,1.1582,0.673,0.1024,1.6775,58184.4917,1017.29,52.8,0.4692,2.21,3.04,2026-02-16T00:00:00.000Z,TPR,,,,1.1582,observational
SAVE MART,CONVENTIONAL|FOOD,08-40229-30362,Built Puff Brownie Batter Protein Bar 1.41 Oz,no_promo,No price reduction,5,0.0108,0.0042,0.0031,0.0228,,79.5,,0.0,2.99,2.99,2025-05-26T00:00:00.000Z,Display,,,,0.0108,observational
SAVE MART,CONVENTIONAL|FOOD,08-40229-30432,Built Puff Mint Chip Protein Bar 1.41 Oz,0_10pct,<10% off,8,0.3923,0.4276,0.1982,0.5678,137.0,104.22,,0.0728,2.93,3.06,2026-04-13T00:00:00.000Z,TPR,151.04,ROBUST,1.0,151.04,causal_robust
SAVE MART,CONVENTIONAL|FOOD,08-40229-30432,Built Puff Mint Chip Protein Bar 1.41 Oz,10_20pct,10–20% off,25,0.5729,0.4417,0.3095,0.6185,72.3136,175.4143,155.6,0.1519,2.73,2.97,2026-03-23T00:00:00.000Z,TPR,151.04,ROBUST,1.0,151.04,causal_robust
SAVE MART,CONVENTIONAL|FOOD,08-40229-30432,Built Puff Mint Chip Protein Bar 1.41 Oz,20_30pct,20–30% off,7,0.6451,0.7091,0.1755,1.0711,146.6667,109.9333,115.9,0.2389,2.72,3.1,2025-10-27T00:00:00.000Z,TPR,151.04,ROBUST,1.0,151.04,causal_robust
SAVE MART,CONVENTIONAL|FOOD,08-40229-30432,Built Puff Mint Chip Protein Bar 1.41 Oz,30pct_plus,≥30% off,16,0.752,0.6649,0.3865,1.1015,163.62,213.0,242.3,0.4006,2.25,3.03,2026-03-02T00:00:00.000Z,TPR,151.04,ROBUST,1.0,151.04,causal_robust
SAVE MART,CONVENTIONAL|FOOD,08-40229-30432,Built Puff Mint Chip Protein Bar 1.41 Oz,no_promo,No price reduction,4,0.0064,0.0057,0.0029,0.0091,,101.775,,0.0,2.99,2.99,2024-12-16T00:00:00.000Z,Display,151.04,ROBUST,1.0,151.04,causal_robust
SCHNUCKS,REGIONAL & INDEP GROCERY,08-40229-30034,Built Puff Salted Caramel Protein Bar 1.41 Oz,0_10pct,<10% off,22,0.1018,0.0244,0.0053,0.2294,,,,0.0777,2.82,2.88,2026-04-13T00:00:00.000Z,Unknown,,,,0.1018,observational
SCHNUCKS,REGIONAL & INDEP GROCERY,08-40229-30034,Built Puff Salted Caramel Protein Bar 1.41 Oz,10_20pct,10–20% off,14,0.2695,0.221,0.0352,0.3842,,,,0.1296,2.72,2.86,2026-03-23T00:00:00.000Z,Unknown,,,,0.2695,observational
SCHNUCKS,REGIONAL & INDEP GROCERY,08-40229-30034,Built Puff Salted Caramel Protein Bar 1.41 Oz,20_30pct,20–30% off,15,0.4742,0.4295,0.206,0.6509,,,,0.2389,2.35,2.82,2026-02-09T00:00:00.000Z,Unknown,,,,0.4742,observational
SCHNUCKS,REGIONAL & INDEP GROCERY,08-40229-30034,Built Puff Salted Caramel Protein Bar 1.41 Oz,30pct_plus,≥30% off,3,0.448,0.3982,0.208,0.6632,,,,0.3807,2.27,2.75,2026-01-19T00:00:00.000Z,Unknown,,,,0.448,observational
SCHNUCKS,REGIONAL & INDEP GROCERY,08-40229-30037,Built Puff Coconut Protein Bar 1.41 Oz,0_10pct,<10% off,4,0.0398,0.0288,0.0217,0.0469,,,,0.083,2.89,2.91,2026-02-23T00:00:00.000Z,Unknown,,,,0.0398,observational
SCHNUCKS,REGIONAL & INDEP GROCERY,08-40229-30037,Built Puff Coconut Protein Bar 1.41 Oz,10_20pct,10–20% off,16,0.2547,0.1863,0.0286,0.3815,,,,0.1314,2.72,2.84,2026-04-13T00:00:00.000Z,Unknown,,,,0.2547,observational
SCHNUCKS,REGIONAL & INDEP GROCERY,08-40229-30037,Built Puff Coconut Protein Bar 1.41 Oz,20_30pct,20–30% off,8,0.2535,0.0459,0.0271,0.4643,,,,0.2338,2.72,2.9,2026-03-30T00:00:00.000Z,Unknown,,,,0.2535,observational
SCHNUCKS,REGIONAL & INDEP GROCERY,08-40229-30037,Built Puff Coconut Protein Bar 1.41 Oz,30pct_plus,≥30% off,7,0.7932,0.6751,0.0447,1.4451,,,,0.4327,2.45,2.87,2026-02-09T00:00:00.000Z,Unknown,,,,0.7932,observational
SCHNUCKS,REGIONAL & INDEP GROCERY,08-40229-30050,Built Puff Churro Protein Bar 1.41 Oz,0_10pct,<10% off,27,0.1299,0.0546,0.0117,0.1925,,,,0.0735,2.82,2.87,2026-04-13T00:00:00.000Z,Unknown,,,,0.1299,observational
SCHNUCKS,REGIONAL & INDEP GROCERY,08-40229-30050,Built Puff Churro Protein Bar 1.41 Oz,10_20pct,10–20% off,34,0.3457,0.2584,0.1558,0.485,,,,0.1366,2.61,2.84,2026-03-23T00:00:00.000Z,Unknown,,,,0.3457,observational
SCHNUCKS,REGIONAL & INDEP GROCERY,08-40229-30050,Built Puff Churro Protein Bar 1.41 Oz,20_30pct,20–30% off,22,0.241,0.2246,0.0463,0.4522,,,,0.2422,2.44,2.83,2026-01-19T00:00:00.000Z,Unknown,,,,0.241,observational
SCHNUCKS,REGIONAL & INDEP GROCERY,08-40229-30050,Built Puff Churro Protein Bar 1.41 Oz,30pct_plus,≥30% off,13,0.5696,0.611,0.044,0.9405,,,,0.4152,2.26,2.83,2025-06-16T00:00:00.000Z,Unknown,,,,0.5696,observational
SCHNUCKS,REGIONAL & INDEP GROCERY,08-40229-30099,Built Coconut Bar 1.69oz,0_10pct,<10% off,8,0.0833,0.0937,0.05,0.1116,,,,0.0799,2.8,2.84,2024-10-28T00:00:00.000Z,Unknown,,,,0.0833,observational
SCHNUCKS,REGIONAL & INDEP GROCERY,08-40229-30099,Built Coconut Bar 1.69oz,10_20pct,10–20% off,27,0.3537,0.3259,0.0713,0.5229,,,,0.1452,2.58,2.83,2024-10-21T00:00:00.000Z,Unknown,,,,0.3537,observational
SCHNUCKS,REGIONAL & INDEP GROCERY,08-40229-30099,Built Coconut Bar 1.69oz,20_30pct,20–30% off,13,0.456,0.45,0.1137,0.6901,,,,0.2466,2.49,2.87,2024-12-02T00:00:00.000Z,Unknown,,,,0.456,observational
SCHNUCKS,REGIONAL & INDEP GROCERY,08-40229-30099,Built Coconut Bar 1.69oz,30pct_plus,≥30% off,11,0.9366,0.807,0.6168,1.0278,,,,0.5584,1.44,2.68,2025-01-13T00:00:00.000Z,Unknown,,,,0.9366,observational
SCHNUCKS,REGIONAL & INDEP GROCERY,08-40229-30119,Built Satled Caramel Bar 1.69oz,0_10pct,<10% off,12,0.042,0.0233,0.0156,0.0574,,,,0.0802,2.8,2.83,2024-10-21T00:00:00.000Z,Unknown,,,,0.042,observational
SCHNUCKS,REGIONAL & INDEP GROCERY,08-40229-30119,Built Satled Caramel Bar 1.69oz,10_20pct,10–20% off,36,0.268,0.1018,0.0241,0.5533,,,,0.142,2.63,2.82,2024-10-28T00:00:00.000Z,Unknown,,,,0.268,observational
SCHNUCKS,REGIONAL & INDEP GROCERY,08-40229-30119,Built Satled Caramel Bar 1.69oz,20_30pct,20–30% off,13,0.47,0.5414,0.0299,0.705,,,,0.2553,2.3,2.82,2024-12-02T00:00:00.000Z,Unknown,,,,0.47,observational
SCHNUCKS,REGIONAL & INDEP GROCERY,08-40229-30119,Built Satled Caramel Bar 1.69oz,30pct_plus,≥30% off,9,0.8953,0.3627,0.3592,1.0,,,,0.6589,1.26,2.83,2025-01-20T00:00:00.000Z,Unknown,,,,0.8953,observational
SCHNUCKS,REGIONAL & INDEP GROCERY,08-40229-30130,Built Cookies & Cream Bar 1.69oz,0_10pct,<10% off,1,0.0411,0.0411,0.0411,0.0411,,,,0.071,2.82,2.84,2023-10-02T00:00:00.000Z,Unknown,,,,0.0411,observational
SCHNUCKS,REGIONAL & INDEP GROCERY,08-40229-30130,Built Cookies & Cream Bar 1.69oz,10_20pct,10–20% off,3,0.4131,0.4514,0.389,0.4563,,,,0.147,2.46,2.83,2023-09-04T00:00:00.000Z,Unknown,,,,0.4131,observational
SCHNUCKS,REGIONAL & INDEP GROCERY,08-40229-30130,Built Cookies & Cream Bar 1.69oz,20_30pct,20–30% off,7,0.9575,0.9255,0.6397,1.2233,,,,0.2709,2.08,2.84,2024-11-25T00:00:00.000Z,Unknown,,,,0.9575,observational
SCHNUCKS,REGIONAL & INDEP GROCERY,08-40229-30130,Built Cookies & Cream Bar 1.69oz,30pct_plus,≥30% off,9,2.1896,2.1696,1.7366,2.6226,,,,0.7007,0.85,2.8,2024-02-26T00:00:00.000Z,Unknown,,,,2.1896,observational
SCHNUCKS,REGIONAL & INDEP GROCERY,08-40229-30333,Built Puff Cookie Dough Chunk Protein Bar 1.55 Oz,0_10pct,<10% off,32,0.0948,0.0307,0.0156,0.1792,,,,0.0738,2.83,2.89,2026-03-30T00:00:00.000Z,Unknown,,,,0.0948,observational
SCHNUCKS,REGIONAL & INDEP GROCERY,08-40229-30333,Built Puff Cookie Dough Chunk Protein Bar 1.55 Oz,10_20pct,10–20% off,38,0.2862,0.1195,0.0125,0.5579,,,,0.1387,2.69,2.86,2026-04-13T00:00:00.000Z,Unknown,,,,0.2862,observational
SCHNUCKS,REGIONAL & INDEP GROCERY,08-40229-30333,Built Puff Cookie Dough Chunk Protein Bar 1.55 Oz,20_30pct,20–30% off,16,0.4033,0.386,0.1594,0.6675,,,,0.2414,2.35,2.8,2025-12-29T00:00:00.000Z,Unknown,,,,0.4033,observational
SCHNUCKS,REGIONAL & INDEP GROCERY,08-40229-30333,Built Puff Cookie Dough Chunk Protein Bar 1.55 Oz,30pct_plus,≥30% off,21,0.4701,0.0258,0.0113,0.7617,,,,0.4287,2.56,2.91,2026-01-19T00:00:00.000Z,Unknown,,,,0.4701,observational
SCHNUCKS,REGIONAL & INDEP GROCERY,08-40229-30362,Built Puff Brownie Batter Protein Bar 1.41 Oz,0_10pct,<10% off,40,0.0813,0.0178,0.01,0.0921,,,,0.0749,2.85,2.89,2026-04-13T00:00:00.000Z,Unknown,,,,0.0813,observational
SCHNUCKS,REGIONAL & INDEP GROCERY,08-40229-30362,Built Puff Brownie Batter Protein Bar 1.41 Oz,10_20pct,10–20% off,48,0.3381,0.2353,0.0131,0.6196,,,,0.1348,2.67,2.84,2026-03-30T00:00:00.000Z,Unknown,,,,0.3381,observational
SCHNUCKS,REGIONAL & INDEP GROCERY,08-40229-30362,Built Puff Brownie Batter Protein Bar 1.41 Oz,20_30pct,20–30% off,24,0.317,0.237,0.0148,0.4991,,,,0.2433,2.51,2.86,2026-02-23T00:00:00.000Z,Unknown,,,,0.317,observational
SCHNUCKS,REGIONAL & INDEP GROCERY,08-40229-30362,Built Puff Brownie Batter Protein Bar 1.41 Oz,30pct_plus,≥30% off,18,0.4951,0.0531,0.0129,1.1917,,,,0.4033,2.55,2.89,2026-01-19T00:00:00.000Z,Unknown,,,,0.4951,observational
SCHNUCKS,REGIONAL & INDEP GROCERY,08-40229-30376,Built Cookies & Cream Bar 1.69oz (4pk),0_10pct,<10% off,30,0.092,0.0588,0.0279,0.0888,,,,0.0862,10.05,10.41,2024-10-21T00:00:00.000Z,Unknown,,,,0.092,observational
SCHNUCKS,REGIONAL & INDEP GROCERY,08-40229-30376,Built Cookies & Cream Bar 1.69oz (4pk),10_20pct,10–20% off,17,0.2726,0.3158,0.195,0.3483,,,,0.1354,9.19,10.42,2025-01-13T00:00:00.000Z,Unknown,,,,0.2726,observational
SCHNUCKS,REGIONAL & INDEP GROCERY,08-40229-30376,Built Cookies & Cream Bar 1.69oz (4pk),20_30pct,20–30% off,6,0.4306,0.3944,0.3686,0.6274,,,,0.2328,8.54,10.56,2024-12-23T00:00:00.000Z,Unknown,,,,0.4306,observational
SCHNUCKS,REGIONAL & INDEP GROCERY,08-40229-30376,Built Cookies & Cream Bar 1.69oz (4pk),30pct_plus,≥30% off,4,0.4588,0.4588,0.4588,0.4588,,,,0.3942,6.84,11.0,2025-01-27T00:00:00.000Z,Unknown,,,,0.4588,observational
SCHNUCKS,REGIONAL & INDEP GROCERY,08-40229-30378,Built Double Chocolate Bar 1.84oz (4pk),0_10pct,<10% off,25,0.1635,0.1232,0.0731,0.2328,,,,0.0866,10.03,10.46,2024-09-16T00:00:00.000Z,Unknown,,,,0.1635,observational
SCHNUCKS,REGIONAL & INDEP GROCERY,08-40229-30378,Built Double Chocolate Bar 1.84oz (4pk),10_20pct,10–20% off,18,0.284,0.2765,0.1155,0.4086,,,,0.1226,9.22,10.21,2024-12-30T00:00:00.000Z,Unknown,,,,0.284,observational
SCHNUCKS,REGIONAL & INDEP GROCERY,08-40229-30378,Built Double Chocolate Bar 1.84oz (4pk),20_30pct,20–30% off,5,0.4196,0.3439,0.2766,0.4907,,,,0.221,8.2,10.45,2024-12-02T00:00:00.000Z,Unknown,,,,0.4196,observational
SCHNUCKS,REGIONAL & INDEP GROCERY,08-40229-30378,Built Double Chocolate Bar 1.84oz (4pk),30pct_plus,≥30% off,4,0.2842,0.2842,0.1778,0.3906,,,,0.4398,7.03,10.19,2025-01-06T00:00:00.000Z,Unknown,,,,0.2842,observational
SCHNUCKS,REGIONAL & INDEP GROCERY,08-40229-30380,Built Puff Brownie Batter Protein Bar 1.41 Oz (4 Pk),0_10pct,<10% off,47,0.185,0.0645,0.0151,0.2572,,,,0.0749,10.38,10.66,2026-03-23T00:00:00.000Z,Unknown,,,,0.185,observational
SCHNUCKS,REGIONAL & INDEP GROCERY,08-40229-30380,Built Puff Brownie Batter Protein Bar 1.41 Oz (4 Pk),10_20pct,10–20% off,35,0.3357,0.3665,0.0741,0.4965,,,,0.1465,9.76,10.74,2026-04-13T00:00:00.000Z,Unknown,,,,0.3357,observational
SCHNUCKS,REGIONAL & INDEP GROCERY,08-40229-30380,Built Puff Brownie Batter Protein Bar 1.41 Oz (4 Pk),20_30pct,20–30% off,3,0.0023,0.0023,0.0023,0.0023,,,,0.2333,10.72,10.79,2026-03-16T00:00:00.000Z,Unknown,,,,0.0023,observational
SCHNUCKS,REGIONAL & INDEP GROCERY,08-40229-30380,Built Puff Brownie Batter Protein Bar 1.41 Oz (4 Pk),30pct_plus,≥30% off,6,0.0063,0.0024,0.0016,0.009,,,,0.4217,10.46,10.58,2026-01-12T00:00:00.000Z,Unknown,,,,0.0063,observational
SCHNUCKS,REGIONAL & INDEP GROCERY,08-40229-30381,Built Puff Coconut Protein Bar 1.41 Oz (4 Pk),0_10pct,<10% off,41,0.1405,0.0275,0.0103,0.2143,,,,0.0734,10.46,10.71,2026-03-16T00:00:00.000Z,Unknown,,,,0.1405,observational
SCHNUCKS,REGIONAL & INDEP GROCERY,08-40229-30381,Built Puff Coconut Protein Bar 1.41 Oz (4 Pk),10_20pct,10–20% off,34,0.3602,0.4224,0.2451,0.4664,,,,0.1384,9.62,10.68,2026-04-13T00:00:00.000Z,Unknown,,,,0.3602,observational
SCHNUCKS,REGIONAL & INDEP GROCERY,08-40229-30381,Built Puff Coconut Protein Bar 1.41 Oz (4 Pk),20_30pct,20–30% off,8,0.021,0.007,0.0056,0.0236,,,,0.2368,10.51,10.65,2026-02-16T00:00:00.000Z,Unknown,,,,0.021,observational
SCHNUCKS,REGIONAL & INDEP GROCERY,08-40229-30381,Built Puff Coconut Protein Bar 1.41 Oz (4 Pk),30pct_plus,≥30% off,6,0.0303,0.0363,0.0241,0.0367,,,,0.3877,10.52,10.81,2026-02-23T00:00:00.000Z,Unknown,,,,0.0303,observational
SCHNUCKS,REGIONAL & INDEP GROCERY,08-40229-30394,Built Puff Candy Cane Brownie Protein Bar 1.51 Oz,0_10pct,<10% off,8,0.0642,0.0431,0.0201,0.0803,,,,0.0761,2.66,2.69,2025-11-24T00:00:00.000Z,Unknown,,,,0.0642,observational
SCHNUCKS,REGIONAL & INDEP GROCERY,08-40229-30394,Built Puff Candy Cane Brownie Protein Bar 1.51 Oz,10_20pct,10–20% off,5,0.0355,0.0355,0.0355,0.0355,,,,0.1408,2.62,2.83,2026-03-09T00:00:00.000Z,Unknown,,,,0.0355,observational
SCHNUCKS,REGIONAL & INDEP GROCERY,08-40229-30394,Built Puff Candy Cane Brownie Protein Bar 1.51 Oz,20_30pct,20–30% off,10,0.8527,0.9655,0.4461,1.0835,,,,0.2479,2.13,2.63,2026-04-06T00:00:00.000Z,Unknown,,,,0.8527,observational
SCHNUCKS,REGIONAL & INDEP GROCERY,08-40229-30394,Built Puff Candy Cane Brownie Protein Bar 1.51 Oz,30pct_plus,≥30% off,15,0.4193,0.2831,0.1794,0.5007,,,,0.4563,1.66,2.75,2026-02-23T00:00:00.000Z,Unknown,,,,0.4193,observational
SCHNUCKS,REGIONAL & INDEP GROCERY,08-40229-30432,Built Puff Mint Chip Protein Bar 1.41 Oz,20_30pct,20–30% off,2,0.0119,0.0119,0.0107,0.013,,,,0.221,2.25,2.26,2025-06-30T00:00:00.000Z,Unknown,,,,0.0119,observational
SCHNUCKS,REGIONAL & INDEP GROCERY,08-40229-30432,Built Puff Mint Chip Protein Bar 1.41 Oz,30pct_plus,≥30% off,2,0.2857,0.2857,0.2857,0.2857,,,,0.5015,2.23,2.57,2025-12-15T00:00:00.000Z,Unknown,,,,0.2857,observational
SCHNUCKS,REGIONAL & INDEP GROCERY,08-40229-30550,Built Puff Cookies N Cream Protein Bar 1.41 Oz,0_10pct,<10% off,4,0.0047,0.0047,0.0026,0.0068,,,,0.0698,2.91,2.92,2026-04-13T00:00:00.000Z,Unknown,,,,0.0047,observational
SCHNUCKS,REGIONAL & INDEP GROCERY,08-40229-30550,Built Puff Cookies N Cream Protein Bar 1.41 Oz,10_20pct,10–20% off,6,0.2665,0.2511,0.0386,0.4538,,,,0.132,2.67,2.86,2026-03-30T00:00:00.000Z,Unknown,,,,0.2665,observational
SCHNUCKS,REGIONAL & INDEP GROCERY,08-40229-30550,Built Puff Cookies N Cream Protein Bar 1.41 Oz,20_30pct,20–30% off,5,0.5627,0.7134,0.3795,0.8441,,,,0.2636,2.22,2.74,2026-03-23T00:00:00.000Z,Unknown,,,,0.5627,observational
SCHNUCKS,REGIONAL & INDEP GROCERY,08-40229-30550,Built Puff Cookies N Cream Protein Bar 1.41 Oz,30pct_plus,≥30% off,1,0.0019,0.0019,0.0019,0.0019,,,,0.422,2.87,2.89,2026-04-06T00:00:00.000Z,Unknown,,,,0.0019,observational
SCHNUCKS,REGIONAL & INDEP GROCERY,08-40229-30558,Built Puff Cookie Dough Chunk Protein Bar 1.55 Oz (4 Pk),0_10pct,<10% off,15,0.2316,0.1466,0.0193,0.3861,,,,0.0776,10.41,10.75,2026-03-02T00:00:00.000Z,Unknown,,,,0.2316,observational
SCHNUCKS,REGIONAL & INDEP GROCERY,08-40229-30558,Built Puff Cookie Dough Chunk Protein Bar 1.55 Oz (4 Pk),10_20pct,10–20% off,31,0.3035,0.346,0.0192,0.4796,,,,0.1445,9.88,10.77,2026-04-13T00:00:00.000Z,Unknown,,,,0.3035,observational
SCHNUCKS,REGIONAL & INDEP GROCERY,08-40229-30558,Built Puff Cookie Dough Chunk Protein Bar 1.55 Oz (4 Pk),20_30pct,20–30% off,1,0.0049,0.0049,0.0049,0.0049,,,,0.294,10.5,10.67,2025-01-13T00:00:00.000Z,Unknown,,,,0.0049,observational
SCHNUCKS,REGIONAL & INDEP GROCERY,08-40229-30558,Built Puff Cookie Dough Chunk Protein Bar 1.55 Oz (4 Pk),30pct_plus,≥30% off,7,0.0114,0.0098,0.0069,0.0142,,,,0.474,10.64,10.79,2025-12-08T00:00:00.000Z,Unknown,,,,0.0114,observational
SCHNUCKS,REGIONAL & INDEP GROCERY,08-40229-30569,Built Puff Chocolate Milkshake Protein Bar 1.41 Oz,20_30pct,20–30% off,1,,,,,,,,0.264,2.71,2.77,2025-07-28T00:00:00.000Z,Unknown,,,,,observational
SCHNUCKS,REGIONAL & INDEP GROCERY,08-40229-30569,Built Puff Chocolate Milkshake Protein Bar 1.41 Oz,30pct_plus,≥30% off,3,,,,,,,,0.4073,2.24,2.49,2025-10-06T00:00:00.000Z,Unknown,,,,,observational
SCHNUCKS,REGIONAL & INDEP GROCERY,08-40229-30571,Built Puff Mint Chip Protein Bar 1.41 Oz (4 Pk),0_10pct,<10% off,8,0.3609,0.4055,0.1375,0.5333,,,,0.0761,10.2,10.76,2025-12-22T00:00:00.000Z,Unknown,,,,0.3609,observational
SCHNUCKS,REGIONAL & INDEP GROCERY,08-40229-30571,Built Puff Mint Chip Protein Bar 1.41 Oz (4 Pk),10_20pct,10–20% off,24,0.3367,0.3149,0.1305,0.5149,,,,0.147,9.59,10.76,2026-04-06T00:00:00.000Z,Unknown,,,,0.3367,observational
SCHNUCKS,REGIONAL & INDEP GROCERY,08-40229-30571,Built Puff Mint Chip Protein Bar 1.41 Oz (4 Pk),20_30pct,20–30% off,2,0.1511,0.1511,0.0807,0.2215,,,,0.2275,10.03,10.78,2026-04-13T00:00:00.000Z,Unknown,,,,0.1511,observational
SCHNUCKS,REGIONAL & INDEP GROCERY,08-40229-30571,Built Puff Mint Chip Protein Bar 1.41 Oz (4 Pk),30pct_plus,≥30% off,1,,,,,,,,0.5,10.73,10.79,2025-07-14T00:00:00.000Z,Unknown,,,,,observational
SCHNUCKS,REGIONAL & INDEP GROCERY,08-40229-30573,Built Puff Strawberries N Cream Protein Bar 1.41 Oz,0_10pct,<10% off,2,0.0132,0.0132,0.0132,0.0132,,,,0.0625,2.88,2.88,2026-04-06T00:00:00.000Z,Unknown,,,,0.0132,observational
SCHNUCKS,REGIONAL & INDEP GROCERY,08-40229-30573,Built Puff Strawberries N Cream Protein Bar 1.41 Oz,10_20pct,10–20% off,11,0.3574,0.3868,0.1029,0.4902,,,,0.1302,2.48,2.65,2026-04-13T00:00:00.000Z,Unknown,,,,0.3574,observational
SCHNUCKS,REGIONAL & INDEP GROCERY,08-40229-30573,Built Puff Strawberries N Cream Protein Bar 1.41 Oz,20_30pct,20–30% off,2,,,,,,,,0.201,2.88,2.88,2026-03-23T00:00:00.000Z,Unknown,,,,,observational
SCHNUCKS,REGIONAL & INDEP GROCERY,08-40229-30577,Built Puff Salted Caramel Protein Bar 1.41 Oz (4 Pk),10_20pct,10–20% off,8,0.2307,0.1909,0.1249,0.3358,,,,0.135,9.92,10.57,2026-04-13T00:00:00.000Z,Unknown,,,,0.2307,observational
SCHNUCKS,REGIONAL & INDEP GROCERY,08-40229-30581,Built Puff Cookies N Cream Protein Bar 1.41 Oz (4 Pk),0_10pct,<10% off,17,0.1222,0.0964,0.0129,0.1538,,,,0.0754,10.49,10.77,2026-03-23T00:00:00.000Z,Unknown,,,,0.1222,observational
SCHNUCKS,REGIONAL & INDEP GROCERY,08-40229-30581,Built Puff Cookies N Cream Protein Bar 1.41 Oz (4 Pk),10_20pct,10–20% off,21,0.3287,0.3119,0.1959,0.5171,,,,0.1554,9.49,10.74,2026-04-13T00:00:00.000Z,Unknown,,,,0.3287,observational
SCHNUCKS,REGIONAL & INDEP GROCERY,08-40229-30581,Built Puff Cookies N Cream Protein Bar 1.41 Oz (4 Pk),20_30pct,20–30% off,3,0.0072,0.0039,0.0034,0.0094,,,,0.234,10.67,10.8,2026-03-16T00:00:00.000Z,Unknown,,,,0.0072,observational
SCHNUCKS,REGIONAL & INDEP GROCERY,08-40229-30581,Built Puff Cookies N Cream Protein Bar 1.41 Oz (4 Pk),30pct_plus,≥30% off,3,0.0423,0.0371,0.0238,0.0582,,,,0.4493,10.28,10.56,2026-03-02T00:00:00.000Z,Unknown,,,,0.0423,observational
SCHNUCKS,REGIONAL & INDEP GROCERY,08-40229-30614,Built Puff Strawberries N Cream Protein Bars 1.41oz (4pk),0_10pct,<10% off,1,0.0345,0.0345,0.0345,0.0345,,,,0.073,10.37,10.41,2026-02-16T00:00:00.000Z,Unknown,,,,0.0345,observational
SCHNUCKS,REGIONAL & INDEP GROCERY,08-40229-30614,Built Puff Strawberries N Cream Protein Bars 1.41oz (4pk),10_20pct,10–20% off,5,0.3366,0.3269,0.2478,0.4714,,,,0.1368,9.52,10.66,2026-04-13T00:00:00.000Z,Unknown,,,,0.3366,observational
SCHNUCKS,REGIONAL & INDEP GROCERY,08-40229-30614,Built Puff Strawberries N Cream Protein Bars 1.41oz (4pk),30pct_plus,≥30% off,1,,,,,,,,0.437,10.7,10.77,2026-03-16T00:00:00.000Z,Unknown,,,,,observational
SCHNUCKS,REGIONAL & INDEP GROCERY,08-40229-30615,Built Puff Chocolatey Hazelnut  1.41oz,0_10pct,<10% off,2,0.0064,0.0064,0.0064,0.0064,,,,0.0785,2.88,2.89,2025-11-24T00:00:00.000Z,Unknown,,,,0.0064,observational
SCHNUCKS,REGIONAL & INDEP GROCERY,08-40229-30615,Built Puff Chocolatey Hazelnut  1.41oz,10_20pct,10–20% off,5,0.0808,0.1111,0.0567,0.1201,,,,0.125,2.69,2.87,2026-03-09T00:00:00.000Z,Unknown,,,,0.0808,observational
SCHNUCKS,REGIONAL & INDEP GROCERY,08-40229-30615,Built Puff Chocolatey Hazelnut  1.41oz,20_30pct,20–30% off,1,0.4054,0.4054,0.4054,0.4054,,,,0.276,2.18,2.84,2025-12-29T00:00:00.000Z,Unknown,,,,0.4054,observational
SCHNUCKS,REGIONAL & INDEP GROCERY,08-40229-30615,Built Puff Chocolatey Hazelnut  1.41oz,30pct_plus,≥30% off,10,0.5982,0.381,0.2653,0.9012,,,,0.4372,1.84,2.76,2026-04-13T00:00:00.000Z,Unknown,,,,0.5982,observational
SCHNUCKS,REGIONAL & INDEP GROCERY,08-40229-30642,Built Puff Peanut Butter Protein Bar 1.41 Oz,0_10pct,<10% off,2,0.0112,0.0112,0.0065,0.0159,,,,0.0725,2.88,2.89,2025-12-22T00:00:00.000Z,Unknown,,,,0.0112,observational
SCHNUCKS,REGIONAL & INDEP GROCERY,08-40229-30642,Built Puff Peanut Butter Protein Bar 1.41 Oz,10_20pct,10–20% off,11,0.1653,0.0217,0.008,0.3754,,,,0.1471,2.8,2.92,2026-04-13T00:00:00.000Z,Unknown,,,,0.1653,observational
SCHNUCKS,REGIONAL & INDEP GROCERY,08-40229-30642,Built Puff Peanut Butter Protein Bar 1.41 Oz,20_30pct,20–30% off,4,0.8708,0.8907,0.789,0.9725,,,,0.2768,2.08,2.79,2026-01-19T00:00:00.000Z,Unknown,,,,0.8708,observational
SCHNUCKS,REGIONAL & INDEP GROCERY,08-40229-30642,Built Puff Peanut Butter Protein Bar 1.41 Oz,30pct_plus,≥30% off,1,,,,,,,,0.457,2.85,2.88,2026-02-23T00:00:00.000Z,Unknown,,,,,observational
SCHNUCKS,REGIONAL & INDEP GROCERY,08-40229-30646,Built Puff Peanut Butter Cup Protein Bar 1.41 Oz (4 Pk),0_10pct,<10% off,1,0.0044,0.0044,0.0044,0.0044,,,,0.075,10.78,10.79,2026-01-19T00:00:00.000Z,Unknown,,,,0.0044,observational
SCHNUCKS,REGIONAL & INDEP GROCERY,08-40229-30646,Built Puff Peanut Butter Cup Protein Bar 1.41 Oz (4 Pk),10_20pct,10–20% off,6,0.4018,0.4086,0.1738,0.4952,,,,0.1492,9.67,10.66,2026-04-13T00:00:00.000Z,Unknown,,,,0.4018,observational
SCHNUCKS,REGIONAL & INDEP GROCERY,08-40229-30646,Built Puff Peanut Butter Cup Protein Bar 1.41 Oz (4 Pk),20_30pct,20–30% off,1,0.0152,0.0152,0.0152,0.0152,,,,0.22,10.68,10.79,2026-03-23T00:00:00.000Z,Unknown,,,,0.0152,observational
SCHNUCKS,REGIONAL & INDEP GROCERY,08-40229-30646,Built Puff Peanut Butter Cup Protein Bar 1.41 Oz (4 Pk),30pct_plus,≥30% off,2,0.0256,0.0256,0.0256,0.0256,,,,0.369,10.62,10.82,2026-03-16T00:00:00.000Z,Unknown,,,,0.0256,observational
SCHNUCKS,REGIONAL & INDEP GROCERY,08-40229-30651,Built Protein Bar Puff Sour Peach 1.45 Oz,0_10pct,<10% off,2,0.0007,0.0007,0.0007,0.0007,,,,0.0615,2.88,2.89,2026-03-23T00:00:00.000Z,Unknown,,,,0.0007,observational
SCHNUCKS,REGIONAL & INDEP GROCERY,08-40229-30651,Built Protein Bar Puff Sour Peach 1.45 Oz,10_20pct,10–20% off,3,0.1572,0.1265,0.1253,0.1737,,,,0.1153,2.62,2.84,2026-03-16T00:00:00.000Z,Unknown,,,,0.1572,observational
SCHNUCKS,REGIONAL & INDEP GROCERY,08-40229-30651,Built Protein Bar Puff Sour Peach 1.45 Oz,30pct_plus,≥30% off,1,0.0156,0.0156,0.0156,0.0156,,,,0.314,2.89,2.93,2026-04-06T00:00:00.000Z,Unknown,,,,0.0156,observational
SCHNUCKS,REGIONAL & INDEP GROCERY,08-40229-30653,Built Puff Sour Blu Razz Blast Bar 1.45 Oz,0_10pct,<10% off,3,0.0302,0.0302,0.0302,0.0302,,,,0.072,2.86,2.88,2026-03-23T00:00:00.000Z,Unknown,,,,0.0302,observational
SCHNUCKS,REGIONAL & INDEP GROCERY,08-40229-30653,Built Puff Sour Blu Razz Blast Bar 1.45 Oz,10_20pct,10–20% off,3,0.2378,0.2378,0.2326,0.243,,,,0.128,2.66,2.87,2026-03-09T00:00:00.000Z,Unknown,,,,0.2378,observational
SCHNUCKS,REGIONAL & INDEP GROCERY,08-40229-30653,Built Puff Sour Blu Razz Blast Bar 1.45 Oz,20_30pct,20–30% off,1,,,,,,,,0.225,2.95,2.95,2026-04-13T00:00:00.000Z,Unknown,,,,,observational
SCHNUCKS,REGIONAL & INDEP GROCERY,08-40229-30655,Built Puff Sour Green Apple Crush Bar 1.45 Oz,0_10pct,<10% off,4,0.0212,0.01,0.0092,0.0275,,,,0.0837,2.85,2.86,2026-04-06T00:00:00.000Z,Unknown,,,,0.0212,observational
SCHNUCKS,REGIONAL & INDEP GROCERY,08-40229-30655,Built Puff Sour Green Apple Crush Bar 1.45 Oz,10_20pct,10–20% off,2,0.1414,0.1414,0.1363,0.1465,,,,0.1255,2.51,2.69,2026-03-09T00:00:00.000Z,Unknown,,,,0.1414,observational
SENDIKS,NATURAL EXPANDED,08-40229-30037,Built Puff Coconut Protein Bar 1.41 Oz,0_10pct,<10% off,8,0.3977,0.3528,0.238,0.4853,,,,0.071,2.69,2.87,2025-06-09T00:00:00.000Z,Unknown,,,,0.3977,observational
SENDIKS,NATURAL EXPANDED,08-40229-30037,Built Puff Coconut Protein Bar 1.41 Oz,10_20pct,10–20% off,22,0.7058,0.5933,0.502,0.8902,,,,0.139,2.49,2.79,2025-12-15T00:00:00.000Z,Unknown,,,,0.7058,observational
SENDIKS,NATURAL EXPANDED,08-40229-30050,Built Puff Churro Protein Bar 1.41 Oz,0_10pct,<10% off,1,,,,,,,,0.069,2.69,2.89,2025-04-21T00:00:00.000Z,Unknown,,,,,observational
SENDIKS,NATURAL EXPANDED,08-40229-30333,Built Puff Cookie Dough Chunk Protein Bar 1.55 Oz,0_10pct,<10% off,9,0.1739,0.1436,0.1167,0.2241,,,,0.0786,2.69,2.89,2025-10-06T00:00:00.000Z,Unknown,,,,0.1739,observational
SENDIKS,NATURAL EXPANDED,08-40229-30333,Built Puff Cookie Dough Chunk Protein Bar 1.55 Oz,10_20pct,10–20% off,18,0.4323,0.4161,0.2055,0.5683,,,,0.1432,2.49,2.84,2025-12-15T00:00:00.000Z,Unknown,,,,0.4323,observational
SENDIKS,NATURAL EXPANDED,08-40229-30362,Built Puff Brownie Batter Protein Bar 1.41 Oz,0_10pct,<10% off,8,0.5818,0.6342,0.4571,0.7315,,,,0.076,2.69,2.88,2025-06-09T00:00:00.000Z,Unknown,,,,0.5818,observational
SENDIKS,NATURAL EXPANDED,08-40229-30362,Built Puff Brownie Batter Protein Bar 1.41 Oz,10_20pct,10–20% off,17,0.4056,0.3382,0.1828,0.5426,,,,0.1427,2.49,2.89,2025-11-10T00:00:00.000Z,Unknown,,,,0.4056,observational
SENDIKS,NATURAL EXPANDED,08-40229-30394,Built Puff Candy Cane Brownie Protein Bar 1.51 Oz,10_20pct,10–20% off,8,0.5692,0.5258,0.1,0.8881,,,,0.1368,2.5,2.9,2025-03-10T00:00:00.000Z,Unknown,,,,0.5692,observational
SENDIKS,NATURAL EXPANDED,08-40229-30550,Built Puff Cookies N Cream Protein Bar 1.41 Oz,10_20pct,10–20% off,9,0.3994,0.4238,0.3395,0.4479,,,,0.1438,2.49,2.87,2026-04-13T00:00:00.000Z,Unknown,,,,0.3994,observational
SKOGENS FOODLINER,REGIONAL & INDEP GROCERY,00-40962-48332,Built Bar Double Choclt Prtn Br 1.73oz (16pk),10_20pct,10–20% off,2,,,,,,,,0.164,2.5,2.99,2024-01-29T00:00:00.000Z,Unknown,,,,,observational
SKOGENS FOODLINER,REGIONAL & INDEP GROCERY,00-40962-48446,Built Bar Pnt Bttr Brwn Prtn Br 1.73oz (16pk),30pct_plus,≥30% off,1,,,,,,,,0.33,2.0,2.98,2023-07-24T00:00:00.000Z,Unknown,,,,,observational
SKOGENS FOODLINER,REGIONAL & INDEP GROCERY,08-40229-30034,Built Puff Salted Caramel Protein Bar 1.41 Oz,0_10pct,<10% off,16,0.0199,0.0178,0.0147,0.0254,,,,0.0746,2.96,2.98,2025-12-01T00:00:00.000Z,Unknown,,,,0.0199,observational
SKOGENS FOODLINER,REGIONAL & INDEP GROCERY,08-40229-30034,Built Puff Salted Caramel Protein Bar 1.41 Oz,10_20pct,10–20% off,18,0.3912,0.293,0.1221,0.4005,,,,0.1581,2.61,2.91,2026-03-30T00:00:00.000Z,Unknown,,,,0.3912,observational
SKOGENS FOODLINER,REGIONAL & INDEP GROCERY,08-40229-30034,Built Puff Salted Caramel Protein Bar 1.41 Oz,20_30pct,20–30% off,9,1.0357,1.0579,0.4664,1.5,,,,0.2282,2.21,2.76,2026-03-23T00:00:00.000Z,Unknown,,,,1.0357,observational
SKOGENS FOODLINER,REGIONAL & INDEP GROCERY,08-40229-30034,Built Puff Salted Caramel Protein Bar 1.41 Oz,30pct_plus,≥30% off,3,0.0472,0.0472,0.0291,0.0652,,,,0.502,2.89,2.97,2025-05-05T00:00:00.000Z,Unknown,,,,0.0472,observational
SKOGENS FOODLINER,REGIONAL & INDEP GROCERY,08-40229-30037,Built Puff Coconut Protein Bar 1.41 Oz,0_10pct,<10% off,22,0.0462,0.0179,0.0039,0.022,,,,0.0721,2.96,2.98,2025-10-13T00:00:00.000Z,Unknown,,,,0.0462,observational
SKOGENS FOODLINER,REGIONAL & INDEP GROCERY,08-40229-30037,Built Puff Coconut Protein Bar 1.41 Oz,10_20pct,10–20% off,40,0.5905,0.4314,0.2524,0.9555,,,,0.1582,2.67,2.94,2026-03-30T00:00:00.000Z,Unknown,,,,0.5905,observational
SKOGENS FOODLINER,REGIONAL & INDEP GROCERY,08-40229-30037,Built Puff Coconut Protein Bar 1.41 Oz,20_30pct,20–30% off,15,0.8542,0.9136,0.0494,1.3914,,,,0.2279,2.49,2.85,2026-03-23T00:00:00.000Z,Unknown,,,,0.8542,observational
SKOGENS FOODLINER,REGIONAL & INDEP GROCERY,08-40229-30037,Built Puff Coconut Protein Bar 1.41 Oz,30pct_plus,≥30% off,7,0.0965,0.0518,0.0251,0.1232,,,,0.4644,2.82,2.98,2025-05-12T00:00:00.000Z,Unknown,,,,0.0965,observational
SKOGENS FOODLINER,REGIONAL & INDEP GROCERY,08-40229-30050,Built Puff Churro Protein Bar 1.41 Oz,0_10pct,<10% off,46,0.0347,0.0188,0.0071,0.0394,,,,0.0671,2.96,2.98,2025-10-27T00:00:00.000Z,Unknown,,,,0.0347,observational
SKOGENS FOODLINER,REGIONAL & INDEP GROCERY,08-40229-30050,Built Puff Churro Protein Bar 1.41 Oz,10_20pct,10–20% off,48,0.3462,0.1799,0.0254,0.6044,,,,0.1481,2.75,2.96,2026-03-30T00:00:00.000Z,Unknown,,,,0.3462,observational
SKOGENS FOODLINER,REGIONAL & INDEP GROCERY,08-40229-30050,Built Puff Churro Protein Bar 1.41 Oz,20_30pct,20–30% off,9,0.8451,0.648,0.4552,1.2857,,,,0.2262,2.2,2.76,2026-03-23T00:00:00.000Z,Unknown,,,,0.8451,observational
SKOGENS FOODLINER,REGIONAL & INDEP GROCERY,08-40229-30050,Built Puff Churro Protein Bar 1.41 Oz,30pct_plus,≥30% off,12,0.358,0.25,0.0598,0.5,,,,0.4316,2.64,2.98,2025-12-08T00:00:00.000Z,Unknown,,,,0.358,observational
SKOGENS FOODLINER,REGIONAL & INDEP GROCERY,08-40229-30071,Built Double Chocolate Fudge Bar 1.69oz,0_10pct,<10% off,19,0.069,0.0417,0.023,0.0694,,,,0.0729,2.93,2.97,2025-06-09T00:00:00.000Z,Unknown,,,,0.069,observational
SKOGENS FOODLINER,REGIONAL & INDEP GROCERY,08-40229-30071,Built Double Chocolate Fudge Bar 1.69oz,10_20pct,10–20% off,33,0.3397,0.106,0.073,0.5757,,,,0.1438,2.81,2.97,2025-06-02T00:00:00.000Z,Unknown,,,,0.3397,observational
SKOGENS FOODLINER,REGIONAL & INDEP GROCERY,08-40229-30071,Built Double Chocolate Fudge Bar 1.69oz,20_30pct,20–30% off,7,0.1247,0.0511,0.0394,0.082,,,,0.2611,2.79,2.97,2025-03-31T00:00:00.000Z,Unknown,,,,0.1247,observational
SKOGENS FOODLINER,REGIONAL & INDEP GROCERY,08-40229-30071,Built Double Chocolate Fudge Bar 1.69oz,30pct_plus,≥30% off,24,0.2591,0.1533,0.0468,0.3778,,,,0.4382,2.59,2.97,2025-05-05T00:00:00.000Z,Unknown,,,,0.2591,observational
SKOGENS FOODLINER,REGIONAL & INDEP GROCERY,08-40229-30099,Built Coconut Bar 1.69oz,0_10pct,<10% off,13,0.0772,0.0628,0.0236,0.1308,,,,0.0589,2.95,2.98,2025-01-06T00:00:00.000Z,Unknown,,,,0.0772,observational
SKOGENS FOODLINER,REGIONAL & INDEP GROCERY,08-40229-30099,Built Coconut Bar 1.69oz,10_20pct,10–20% off,29,0.5167,0.2552,0.1167,0.6399,,,,0.15,2.8,2.99,2025-04-14T00:00:00.000Z,Unknown,,,,0.5167,observational
SKOGENS FOODLINER,REGIONAL & INDEP GROCERY,08-40229-30099,Built Coconut Bar 1.69oz,20_30pct,20–30% off,8,0.2291,0.049,0.0201,0.1603,,,,0.2422,2.79,2.98,2025-04-28T00:00:00.000Z,Unknown,,,,0.2291,observational
SKOGENS FOODLINER,REGIONAL & INDEP GROCERY,08-40229-30099,Built Coconut Bar 1.69oz,30pct_plus,≥30% off,19,0.3619,0.3276,0.1494,0.461,,,,0.4727,2.49,2.99,2025-05-05T00:00:00.000Z,Unknown,,,,0.3619,observational
SKOGENS FOODLINER,REGIONAL & INDEP GROCERY,08-40229-30103,Built Coocnut Almond Bar 1.97oz,0_10pct,<10% off,3,0.0526,0.0258,0.0205,0.0713,,,,0.0693,2.97,2.99,2023-09-04T00:00:00.000Z,Unknown,,,,0.0526,observational
SKOGENS FOODLINER,REGIONAL & INDEP GROCERY,08-40229-30103,Built Coocnut Almond Bar 1.97oz,10_20pct,10–20% off,5,0.4088,0.2821,0.1765,0.6619,,,,0.1608,2.61,3.0,2024-01-29T00:00:00.000Z,Unknown,,,,0.4088,observational
SKOGENS FOODLINER,REGIONAL & INDEP GROCERY,08-40229-30103,Built Coocnut Almond Bar 1.97oz,20_30pct,20–30% off,1,1.5221,1.5221,1.5221,1.5221,,,,0.232,2.3,2.99,2023-12-25T00:00:00.000Z,Unknown,,,,1.5221,observational
SKOGENS FOODLINER,REGIONAL & INDEP GROCERY,08-40229-30103,Built Coocnut Almond Bar 1.97oz,30pct_plus,≥30% off,28,0.8624,0.7529,0.3657,1.2936,,,,0.5296,1.81,2.98,2025-04-14T00:00:00.000Z,Unknown,,,,0.8624,observational
SKOGENS FOODLINER,REGIONAL & INDEP GROCERY,08-40229-30107,Built Mint Brownie Bar 1.69oz,0_10pct,<10% off,15,0.1201,0.0534,0.0291,0.1364,,,,0.0671,2.95,2.99,2024-11-18T00:00:00.000Z,Unknown,,,,0.1201,observational
SKOGENS FOODLINER,REGIONAL & INDEP GROCERY,08-40229-30107,Built Mint Brownie Bar 1.69oz,10_20pct,10–20% off,18,0.2933,0.0718,0.0319,0.6684,,,,0.1417,2.8,2.99,2024-12-02T00:00:00.000Z,Unknown,,,,0.2933,observational
SKOGENS FOODLINER,REGIONAL & INDEP GROCERY,08-40229-30107,Built Mint Brownie Bar 1.69oz,20_30pct,20–30% off,3,0.2392,0.038,0.0379,0.3399,,,,0.2367,2.8,2.99,2024-07-22T00:00:00.000Z,Unknown,,,,0.2392,observational
SKOGENS FOODLINER,REGIONAL & INDEP GROCERY,08-40229-30107,Built Mint Brownie Bar 1.69oz,30pct_plus,≥30% off,24,0.5057,0.3055,0.1139,0.8272,,,,0.4722,2.48,2.99,2025-01-20T00:00:00.000Z,Unknown,,,,0.5057,observational
SKOGENS FOODLINER,REGIONAL & INDEP GROCERY,08-40229-30111,Built Cherry Barcia Bar 1.72oz,0_10pct,<10% off,3,0.1167,0.1167,0.1167,0.1167,,,,0.0673,2.97,2.99,2023-10-02T00:00:00.000Z,Unknown,,,,0.1167,observational
SKOGENS FOODLINER,REGIONAL & INDEP GROCERY,08-40229-30111,Built Cherry Barcia Bar 1.72oz,10_20pct,10–20% off,9,0.6786,0.1027,0.0677,0.7136,,,,0.1476,2.86,2.99,2024-01-29T00:00:00.000Z,Unknown,,,,0.6786,observational
SKOGENS FOODLINER,REGIONAL & INDEP GROCERY,08-40229-30111,Built Cherry Barcia Bar 1.72oz,20_30pct,20–30% off,4,0.168,0.1702,0.1005,0.2377,,,,0.223,2.69,2.99,2024-02-05T00:00:00.000Z,Unknown,,,,0.168,observational
SKOGENS FOODLINER,REGIONAL & INDEP GROCERY,08-40229-30111,Built Cherry Barcia Bar 1.72oz,30pct_plus,≥30% off,15,0.3134,0.2016,0.086,0.381,,,,0.4983,2.07,2.99,2024-04-08T00:00:00.000Z,Unknown,,,,0.3134,observational
SKOGENS FOODLINER,REGIONAL & INDEP GROCERY,08-40229-30119,Built Satled Caramel Bar 1.69oz,0_10pct,<10% off,26,0.0395,0.0182,0.0088,0.0319,,,,0.0665,2.96,2.98,2025-03-10T00:00:00.000Z,Unknown,,,,0.0395,observational
SKOGENS FOODLINER,REGIONAL & INDEP GROCERY,08-40229-30119,Built Satled Caramel Bar 1.69oz,10_20pct,10–20% off,24,0.6196,0.445,0.0898,1.0742,,,,0.1517,2.76,2.98,2025-03-24T00:00:00.000Z,Unknown,,,,0.6196,observational
SKOGENS FOODLINER,REGIONAL & INDEP GROCERY,08-40229-30119,Built Satled Caramel Bar 1.69oz,20_30pct,20–30% off,3,0.0261,0.0261,0.0217,0.0305,,,,0.249,2.95,2.99,2025-03-31T00:00:00.000Z,Unknown,,,,0.0261,observational
SKOGENS FOODLINER,REGIONAL & INDEP GROCERY,08-40229-30119,Built Satled Caramel Bar 1.69oz,30pct_plus,≥30% off,18,0.2634,0.1131,0.0707,0.3023,,,,0.4327,2.62,2.99,2025-04-28T00:00:00.000Z,Unknown,,,,0.2634,observational
SKOGENS FOODLINER,REGIONAL & INDEP GROCERY,08-40229-30122,Built Raspberry Bar 1.73oz,0_10pct,<10% off,4,0.0388,0.0388,0.0388,0.0388,,,,0.0538,2.98,2.99,2023-12-04T00:00:00.000Z,Unknown,,,,0.0388,observational
SKOGENS FOODLINER,REGIONAL & INDEP GROCERY,08-40229-30122,Built Raspberry Bar 1.73oz,10_20pct,10–20% off,9,0.3195,0.4286,0.0645,0.4629,,,,0.1508,2.75,2.98,2024-01-29T00:00:00.000Z,Unknown,,,,0.3195,observational
SKOGENS FOODLINER,REGIONAL & INDEP GROCERY,08-40229-30122,Built Raspberry Bar 1.73oz,30pct_plus,≥30% off,16,1.3619,1.0,0.4803,1.6738,,,,0.5668,1.74,2.9,2024-06-24T00:00:00.000Z,Unknown,,,,1.3619,observational
SKOGENS FOODLINER,REGIONAL & INDEP GROCERY,08-40229-30130,Built Cookies & Cream Bar 1.69oz,0_10pct,<10% off,23,0.0825,0.0247,0.015,0.0451,,,,0.0776,2.95,2.98,2025-01-06T00:00:00.000Z,Unknown,,,,0.0825,observational
SKOGENS FOODLINER,REGIONAL & INDEP GROCERY,08-40229-30130,Built Cookies & Cream Bar 1.69oz,10_20pct,10–20% off,22,0.3967,0.2598,0.0274,0.7056,,,,0.143,2.85,2.99,2024-12-09T00:00:00.000Z,Unknown,,,,0.3967,observational
SKOGENS FOODLINER,REGIONAL & INDEP GROCERY,08-40229-30130,Built Cookies & Cream Bar 1.69oz,20_30pct,20–30% off,1,,,,,,,,0.241,2.95,2.98,2024-08-26T00:00:00.000Z,Unknown,,,,,observational
SKOGENS FOODLINER,REGIONAL & INDEP GROCERY,08-40229-30130,Built Cookies & Cream Bar 1.69oz,30pct_plus,≥30% off,20,0.6171,0.6331,0.0662,1.0807,,,,0.4151,2.25,2.99,2025-03-31T00:00:00.000Z,Unknown,,,,0.6171,observational
SKOGENS FOODLINER,REGIONAL & INDEP GROCERY,08-40229-30143,Built Bar Peanut Butter Brown Br 2.05oz(18pk),0_10pct,<10% off,4,0.0118,0.0118,0.0078,0.0158,,,,0.06,2.98,2.99,2023-11-27T00:00:00.000Z,Unknown,,,,0.0118,observational
SKOGENS FOODLINER,REGIONAL & INDEP GROCERY,08-40229-30143,Built Bar Peanut Butter Brown Br 2.05oz(18pk),10_20pct,10–20% off,12,0.4884,0.4894,0.3899,0.5405,,,,0.1524,2.78,2.99,2024-01-29T00:00:00.000Z,Unknown,,,,0.4884,observational
SKOGENS FOODLINER,REGIONAL & INDEP GROCERY,08-40229-30143,Built Bar Peanut Butter Brown Br 2.05oz(18pk),30pct_plus,≥30% off,7,0.8991,0.7862,0.7483,0.8692,,,,0.3754,2.22,2.99,2024-02-26T00:00:00.000Z,Unknown,,,,0.8991,observational
SKOGENS FOODLINER,REGIONAL & INDEP GROCERY,08-40229-30333,Built Puff Cookie Dough Chunk Protein Bar 1.55 Oz,0_10pct,<10% off,16,0.0285,0.0233,0.0186,0.0307,,,,0.0734,2.96,2.98,2025-10-27T00:00:00.000Z,Unknown,,,,0.0285,observational
SKOGENS FOODLINER,REGIONAL & INDEP GROCERY,08-40229-30333,Built Puff Cookie Dough Chunk Protein Bar 1.55 Oz,10_20pct,10–20% off,21,0.3532,0.2526,0.1035,0.6029,,,,0.144,2.68,2.92,2026-03-30T00:00:00.000Z,Unknown,,,,0.3532,observational
SKOGENS FOODLINER,REGIONAL & INDEP GROCERY,08-40229-30333,Built Puff Cookie Dough Chunk Protein Bar 1.55 Oz,20_30pct,20–30% off,13,0.7787,0.6867,0.4063,1.0767,,,,0.2391,2.22,2.76,2026-03-23T00:00:00.000Z,Unknown,,,,0.7787,observational
SKOGENS FOODLINER,REGIONAL & INDEP GROCERY,08-40229-30333,Built Puff Cookie Dough Chunk Protein Bar 1.55 Oz,30pct_plus,≥30% off,2,0.0143,0.0143,0.0117,0.017,,,,0.316,2.7,2.78,2025-12-01T00:00:00.000Z,Unknown,,,,0.0143,observational
SKOGENS FOODLINER,REGIONAL & INDEP GROCERY,08-40229-30362,Built Puff Brownie Batter Protein Bar 1.41 Oz,0_10pct,<10% off,34,0.0306,0.0151,0.0094,0.0471,,,,0.0721,2.96,2.98,2025-10-27T00:00:00.000Z,Unknown,,,,0.0306,observational
SKOGENS FOODLINER,REGIONAL & INDEP GROCERY,08-40229-30362,Built Puff Brownie Batter Protein Bar 1.41 Oz,10_20pct,10–20% off,46,0.6163,0.4374,0.119,0.7949,,,,0.1525,2.66,2.94,2026-03-30T00:00:00.000Z,Unknown,,,,0.6163,observational
SKOGENS FOODLINER,REGIONAL & INDEP GROCERY,08-40229-30362,Built Puff Brownie Batter Protein Bar 1.41 Oz,20_30pct,20–30% off,13,0.768,0.7265,0.0223,1.4699,,,,0.2373,2.36,2.82,2026-03-23T00:00:00.000Z,Unknown,,,,0.768,observational
SKOGENS FOODLINER,REGIONAL & INDEP GROCERY,08-40229-30362,Built Puff Brownie Batter Protein Bar 1.41 Oz,30pct_plus,≥30% off,3,0.0341,0.0178,0.0137,0.0463,,,,0.497,2.87,2.98,2025-05-19T00:00:00.000Z,Unknown,,,,0.0341,observational
SKOGENS FOODLINER,REGIONAL & INDEP GROCERY,08-40229-30376,Built Cookies & Cream Bar 1.69oz (4pk),0_10pct,<10% off,5,0.0458,0.0458,0.0424,0.0492,,,,0.0794,10.36,10.49,2025-01-06T00:00:00.000Z,Unknown,,,,0.0458,observational
SKOGENS FOODLINER,REGIONAL & INDEP GROCERY,08-40229-30376,Built Cookies & Cream Bar 1.69oz (4pk),10_20pct,10–20% off,12,0.5729,0.6327,0.4259,0.772,,,,0.1535,9.75,10.74,2025-01-20T00:00:00.000Z,Unknown,,,,0.5729,observational
SKOGENS FOODLINER,REGIONAL & INDEP GROCERY,08-40229-30376,Built Cookies & Cream Bar 1.69oz (4pk),30pct_plus,≥30% off,8,0.2797,0.2465,0.188,0.3779,,,,0.4299,8.88,10.81,2024-08-12T00:00:00.000Z,Unknown,,,,0.2797,observational
SKOGENS FOODLINER,REGIONAL & INDEP GROCERY,08-40229-30378,Built Double Chocolate Bar 1.84oz (4pk),0_10pct,<10% off,9,0.1412,0.1184,0.087,0.1429,,,,0.0731,10.44,10.72,2025-07-14T00:00:00.000Z,Unknown,,,,0.1412,observational
SKOGENS FOODLINER,REGIONAL & INDEP GROCERY,08-40229-30378,Built Double Chocolate Bar 1.84oz (4pk),10_20pct,10–20% off,16,0.6092,0.5882,0.457,0.8375,,,,0.1541,9.99,10.84,2025-01-27T00:00:00.000Z,Unknown,,,,0.6092,observational
SKOGENS FOODLINER,REGIONAL & INDEP GROCERY,08-40229-30378,Built Double Chocolate Bar 1.84oz (4pk),20_30pct,20–30% off,1,0.0563,0.0563,0.0563,0.0563,,,,0.258,10.12,10.85,2024-06-10T00:00:00.000Z,Unknown,,,,0.0563,observational
SKOGENS FOODLINER,REGIONAL & INDEP GROCERY,08-40229-30378,Built Double Chocolate Bar 1.84oz (4pk),30pct_plus,≥30% off,7,0.2446,0.1316,0.0752,0.2753,,,,0.4684,8.71,10.89,2024-08-12T00:00:00.000Z,Unknown,,,,0.2446,observational
SKOGENS FOODLINER,REGIONAL & INDEP GROCERY,08-40229-30380,Built Puff Brownie Batter Protein Bar 1.41 Oz (4 Pk),0_10pct,<10% off,14,0.1638,0.125,0.1111,0.2533,,,,0.0736,10.46,10.85,2026-03-16T00:00:00.000Z,Unknown,,,,0.1638,observational
SKOGENS FOODLINER,REGIONAL & INDEP GROCERY,08-40229-30380,Built Puff Brownie Batter Protein Bar 1.41 Oz (4 Pk),10_20pct,10–20% off,13,0.3366,0.2914,0.1346,0.4832,,,,0.1392,10.18,10.82,2026-03-30T00:00:00.000Z,Unknown,,,,0.3366,observational
SKOGENS FOODLINER,REGIONAL & INDEP GROCERY,08-40229-30380,Built Puff Brownie Batter Protein Bar 1.41 Oz (4 Pk),20_30pct,20–30% off,1,0.912,0.912,0.912,0.912,,,,0.266,7.89,10.76,2026-03-23T00:00:00.000Z,Unknown,,,,0.912,observational
SKOGENS FOODLINER,REGIONAL & INDEP GROCERY,08-40229-30380,Built Puff Brownie Batter Protein Bar 1.41 Oz (4 Pk),30pct_plus,≥30% off,4,0.6983,0.9084,0.5474,0.9542,,,,0.502,7.44,10.39,2025-06-02T00:00:00.000Z,Unknown,,,,0.6983,observational
SKOGENS FOODLINER,REGIONAL & INDEP GROCERY,08-40229-30381,Built Puff Coconut Protein Bar 1.41 Oz (4 Pk),0_10pct,<10% off,29,0.109,0.0458,0.0299,0.1579,,,,0.0682,10.61,10.88,2026-03-30T00:00:00.000Z,Unknown,,,,0.109,observational
SKOGENS FOODLINER,REGIONAL & INDEP GROCERY,08-40229-30381,Built Puff Coconut Protein Bar 1.41 Oz (4 Pk),10_20pct,10–20% off,30,0.323,0.2921,0.0359,0.497,,,,0.1506,10.33,10.89,2026-03-02T00:00:00.000Z,Unknown,,,,0.323,observational
SKOGENS FOODLINER,REGIONAL & INDEP GROCERY,08-40229-30381,Built Puff Coconut Protein Bar 1.41 Oz (4 Pk),20_30pct,20–30% off,3,1.0611,1.0611,1.0611,1.0611,,,,0.242,9.83,10.95,2026-03-23T00:00:00.000Z,Unknown,,,,1.0611,observational
SKOGENS FOODLINER,REGIONAL & INDEP GROCERY,08-40229-30381,Built Puff Coconut Protein Bar 1.41 Oz (4 Pk),30pct_plus,≥30% off,7,0.1385,0.0914,0.0744,0.1199,,,,0.516,9.48,10.76,2025-02-24T00:00:00.000Z,Unknown,,,,0.1385,observational
SKOGENS FOODLINER,REGIONAL & INDEP GROCERY,08-40229-30432,Built Puff Mint Chip Protein Bar 1.41 Oz,0_10pct,<10% off,20,0.0474,0.0298,0.026,0.0519,,,,0.0696,2.96,2.97,2025-12-08T00:00:00.000Z,Unknown,,,,0.0474,observational
SKOGENS FOODLINER,REGIONAL & INDEP GROCERY,08-40229-30432,Built Puff Mint Chip Protein Bar 1.41 Oz,10_20pct,10–20% off,15,0.3395,0.2443,0.1773,0.547,,,,0.1505,2.56,2.89,2026-03-30T00:00:00.000Z,Unknown,,,,0.3395,observational
SKOGENS FOODLINER,REGIONAL & INDEP GROCERY,08-40229-30432,Built Puff Mint Chip Protein Bar 1.41 Oz,20_30pct,20–30% off,8,1.0739,0.9484,0.6657,1.2728,,,,0.224,2.12,2.74,2026-03-23T00:00:00.000Z,Unknown,,,,1.0739,observational
SKOGENS FOODLINER,REGIONAL & INDEP GROCERY,08-40229-30550,Built Puff Cookies N Cream Protein Bar 1.41 Oz,0_10pct,<10% off,1,0.1053,0.1053,0.1053,0.1053,,,,0.091,2.52,2.61,2026-02-23T00:00:00.000Z,Unknown,,,,0.1053,observational
SKOGENS FOODLINER,REGIONAL & INDEP GROCERY,08-40229-30550,Built Puff Cookies N Cream Protein Bar 1.41 Oz,10_20pct,10–20% off,7,0.0568,0.0223,0.0138,0.0826,,,,0.1546,2.44,2.49,2026-03-30T00:00:00.000Z,Unknown,,,,0.0568,observational
SKOGENS FOODLINER,REGIONAL & INDEP GROCERY,08-40229-30550,Built Puff Cookies N Cream Protein Bar 1.41 Oz,20_30pct,20–30% off,5,0.9772,0.9283,0.8635,1.042,,,,0.2162,2.03,2.44,2026-03-23T00:00:00.000Z,Unknown,,,,0.9772,observational
SKOGENS FOODLINER,REGIONAL & INDEP GROCERY,08-40229-30558,Built Puff Cookie Dough Chunk Protein Bar 1.55 Oz (4 Pk),0_10pct,<10% off,7,0.2749,0.2209,0.1369,0.3419,,,,0.0833,10.18,10.7,2026-03-30T00:00:00.000Z,Unknown,,,,0.2749,observational
SKOGENS FOODLINER,REGIONAL & INDEP GROCERY,08-40229-30558,Built Puff Cookie Dough Chunk Protein Bar 1.55 Oz (4 Pk),10_20pct,10–20% off,3,,,,,,,,0.15,10.55,10.72,2026-02-23T00:00:00.000Z,Unknown,,,,,observational
SKOGENS FOODLINER,REGIONAL & INDEP GROCERY,08-40229-30558,Built Puff Cookie Dough Chunk Protein Bar 1.55 Oz (4 Pk),20_30pct,20–30% off,1,1.2485,1.2485,1.2485,1.2485,,,,0.26,7.93,10.72,2026-03-23T00:00:00.000Z,Unknown,,,,1.2485,observational
SKOGENS FOODLINER,REGIONAL & INDEP GROCERY,08-40229-30571,Built Puff Mint Chip Protein Bar 1.41 Oz (4 Pk),0_10pct,<10% off,11,0.1248,0.1326,0.1015,0.1559,,,,0.0766,10.31,10.73,2026-03-30T00:00:00.000Z,Unknown,,,,0.1248,observational
SKOGENS FOODLINER,REGIONAL & INDEP GROCERY,08-40229-30571,Built Puff Mint Chip Protein Bar 1.41 Oz (4 Pk),10_20pct,10–20% off,1,,,,,,,,0.101,10.29,10.51,2026-01-19T00:00:00.000Z,Unknown,,,,,observational
SKOGENS FOODLINER,REGIONAL & INDEP GROCERY,08-40229-30571,Built Puff Mint Chip Protein Bar 1.41 Oz (4 Pk),20_30pct,20–30% off,1,1.0356,1.0356,1.0356,1.0356,,,,0.259,7.94,10.71,2026-03-23T00:00:00.000Z,Unknown,,,,1.0356,observational
SKOGENS FOODLINER,REGIONAL & INDEP GROCERY,08-40229-30577,Built Puff Salted Caramel Protein Bar 1.41 Oz (4 Pk),0_10pct,<10% off,12,0.1033,0.0623,0.0526,0.125,,,,0.0748,10.35,10.72,2026-03-30T00:00:00.000Z,Unknown,,,,0.1033,observational
SKOGENS FOODLINER,REGIONAL & INDEP GROCERY,08-40229-30577,Built Puff Salted Caramel Protein Bar 1.41 Oz (4 Pk),10_20pct,10–20% off,2,0.0995,0.0995,0.0995,0.0995,,,,0.1255,10.24,10.65,2026-01-19T00:00:00.000Z,Unknown,,,,0.0995,observational
SKOGENS FOODLINER,REGIONAL & INDEP GROCERY,08-40229-30577,Built Puff Salted Caramel Protein Bar 1.41 Oz (4 Pk),20_30pct,20–30% off,1,0.9121,0.9121,0.9121,0.9121,,,,0.25,7.91,10.55,2026-03-23T00:00:00.000Z,Unknown,,,,0.9121,observational
SKOGENS FOODLINER,REGIONAL & INDEP GROCERY,08-40229-30581,Built Puff Cookies N Cream Protein Bar 1.41 Oz (4 Pk),0_10pct,<10% off,5,0.1313,0.1243,0.1148,0.1443,,,,0.0768,10.3,10.61,2026-03-16T00:00:00.000Z,Unknown,,,,0.1313,observational
SKOGENS FOODLINER,REGIONAL & INDEP GROCERY,08-40229-30581,Built Puff Cookies N Cream Protein Bar 1.41 Oz (4 Pk),10_20pct,10–20% off,2,0.0718,0.0718,0.0671,0.0764,,,,0.142,9.75,10.44,2026-03-30T00:00:00.000Z,Unknown,,,,0.0718,observational
SKOGENS FOODLINER,REGIONAL & INDEP GROCERY,08-40229-30581,Built Puff Cookies N Cream Protein Bar 1.41 Oz (4 Pk),20_30pct,20–30% off,1,0.519,0.519,0.519,0.519,,,,0.256,7.96,10.39,2026-03-23T00:00:00.000Z,Unknown,,,,0.519,observational
SKOGENS FOODLINER,REGIONAL & INDEP GROCERY,08-40229-30614,Built Puff Strawberries N Cream Protein Bars 1.41oz (4pk),0_10pct,<10% off,7,0.1547,0.1567,0.0769,0.1877,,,,0.0814,10.06,10.55,2026-03-30T00:00:00.000Z,Unknown,,,,0.1547,observational
SKOGENS FOODLINER,REGIONAL & INDEP GROCERY,08-40229-30614,Built Puff Strawberries N Cream Protein Bars 1.41oz (4pk),20_30pct,20–30% off,1,0.4846,0.4846,0.4846,0.4846,,,,0.24,7.92,10.42,2026-03-23T00:00:00.000Z,Unknown,,,,0.4846,observational
SKOGENS FOODLINER,REGIONAL & INDEP GROCERY,08-40229-30615,Built Puff Chocolatey Hazelnut  1.41oz,0_10pct,<10% off,1,0.2343,0.2343,0.2343,0.2343,,,,0.065,2.59,2.66,2026-02-23T00:00:00.000Z,Unknown,,,,0.2343,observational
SKOGENS FOODLINER,REGIONAL & INDEP GROCERY,08-40229-30615,Built Puff Chocolatey Hazelnut  1.41oz,10_20pct,10–20% off,2,0.3043,0.3043,0.3043,0.3043,,,,0.1375,2.28,2.48,2026-03-16T00:00:00.000Z,Unknown,,,,0.3043,observational
SKOGENS FOODLINER,REGIONAL & INDEP GROCERY,08-40229-30615,Built Puff Chocolatey Hazelnut  1.41oz,20_30pct,20–30% off,2,0.4623,0.4623,0.3185,0.6062,,,,0.226,1.98,2.36,2026-03-09T00:00:00.000Z,Unknown,,,,0.4623,observational
SKOGENS FOODLINER,REGIONAL & INDEP GROCERY,08-40229-30642,Built Puff Peanut Butter Protein Bar 1.41 Oz,0_10pct,<10% off,1,,,,,,,,0.075,2.97,2.98,2026-02-16T00:00:00.000Z,Unknown,,,,,observational
SKOGENS FOODLINER,REGIONAL & INDEP GROCERY,08-40229-30642,Built Puff Peanut Butter Protein Bar 1.41 Oz,10_20pct,10–20% off,4,0.2004,0.1765,0.1505,0.2383,,,,0.1345,2.66,2.91,2026-03-30T00:00:00.000Z,Unknown,,,,0.2004,observational
SKOGENS FOODLINER,REGIONAL & INDEP GROCERY,08-40229-30642,Built Puff Peanut Butter Protein Bar 1.41 Oz,20_30pct,20–30% off,2,0.3079,0.3079,0.2572,0.3586,,,,0.2645,2.22,2.72,2026-03-09T00:00:00.000Z,Unknown,,,,0.3079,observational
SKOGENS FOODLINER,REGIONAL & INDEP GROCERY,08-40229-30642,Built Puff Peanut Butter Protein Bar 1.41 Oz,30pct_plus,≥30% off,3,0.4506,0.5045,0.3546,0.5736,,,,0.313,1.98,2.61,2026-03-23T00:00:00.000Z,Unknown,,,,0.4506,observational
SKOGENS FOODLINER,REGIONAL & INDEP GROCERY,08-40229-30646,Built Puff Peanut Butter Cup Protein Bar 1.41 Oz (4 Pk),0_10pct,<10% off,7,0.1128,0.0877,0.0714,0.1228,,,,0.0807,10.22,10.6,2026-03-30T00:00:00.000Z,Unknown,,,,0.1128,observational
SKOGENS FOODLINER,REGIONAL & INDEP GROCERY,08-40229-30646,Built Puff Peanut Butter Cup Protein Bar 1.41 Oz (4 Pk),10_20pct,10–20% off,1,,,,,,,,0.15,9.34,10.99,2025-12-15T00:00:00.000Z,Unknown,,,,,observational
SKOGENS FOODLINER,REGIONAL & INDEP GROCERY,08-40229-30646,Built Puff Peanut Butter Cup Protein Bar 1.41 Oz (4 Pk),20_30pct,20–30% off,1,1.191,1.191,1.191,1.191,,,,0.26,7.86,10.54,2026-03-23T00:00:00.000Z,Unknown,,,,1.191,observational
SOUTHEASTERN GROCERS,CONVENTIONAL|FOOD,08-40229-30380,Built Puff Brownie Batter Protein Bar 1.41 Oz (4 Pk),no_promo,No price reduction,3,0.1027,0.039,0.0376,0.1359,,13.4333,,0.0,8.79,8.79,2026-04-13T00:00:00.000Z,Display,,,,0.1027,observational
SOUTHEASTERN GROCERS,CONVENTIONAL|FOOD,08-40229-30558,Built Puff Cookie Dough Chunk Protein Bar 1.55 Oz (4 Pk),no_promo,No price reduction,4,0.4614,0.5299,0.445,0.5463,,69.175,,0.0,8.79,8.79,2026-04-13T00:00:00.000Z,Display,,,,0.4614,observational
SPARTANNASH,CONVENTIONAL|FOOD,08-40229-30034,Built Puff Salted Caramel Protein Bar 1.41 Oz,0_10pct,<10% off,55,0.0552,0.0116,0.0041,0.0416,35.7222,226.3714,,0.0521,2.51,2.53,2026-04-13T00:00:00.000Z,TPR,,,,0.0552,observational
SPARTANNASH,CONVENTIONAL|FOOD,08-40229-30034,Built Puff Salted Caramel Protein Bar 1.41 Oz,10_20pct,10–20% off,20,0.2032,0.163,0.0632,0.3209,36.68,107.6333,,0.1444,2.28,2.45,2026-01-19T00:00:00.000Z,Display,,,,0.2032,observational
SPARTANNASH,CONVENTIONAL|FOOD,08-40229-30034,Built Puff Salted Caramel Protein Bar 1.41 Oz,20_30pct,20–30% off,2,0.0606,0.0606,0.0316,0.0895,80.3,78.3,,0.2295,2.48,2.54,2026-03-02T00:00:00.000Z,Display,,,,0.0606,observational
SPARTANNASH,CONVENTIONAL|FOOD,08-40229-30034,Built Puff Salted Caramel Protein Bar 1.41 Oz,30pct_plus,≥30% off,2,0.1605,0.1605,0.1282,0.1928,291.05,41.2,,0.41,2.33,2.56,2026-03-23T00:00:00.000Z,TPR,,,,0.1605,observational
SPARTANNASH,CONVENTIONAL|FOOD,08-40229-30034,Built Puff Salted Caramel Protein Bar 1.41 Oz,no_promo,No price reduction,2,0.0037,0.0037,0.0032,0.0042,,19.8,,0.0,2.53,2.53,2025-10-20T00:00:00.000Z,Display,,,,0.0037,observational
SPARTANNASH,CONVENTIONAL|FOOD,08-40229-30037,Built Puff Coconut Protein Bar 1.41 Oz,0_10pct,<10% off,53,0.0759,0.0283,0.0113,0.0582,39.3365,71.9921,,0.0576,2.5,2.53,2026-04-13T00:00:00.000Z,Display,,,,0.0759,observational
SPARTANNASH,CONVENTIONAL|FOOD,08-40229-30037,Built Puff Coconut Protein Bar 1.41 Oz,10_20pct,10–20% off,26,0.1367,0.0703,0.0478,0.2416,77.304,66.02,,0.1449,2.32,2.46,2026-03-23T00:00:00.000Z,TPR,,,,0.1367,observational
SPARTANNASH,CONVENTIONAL|FOOD,08-40229-30037,Built Puff Coconut Protein Bar 1.41 Oz,20_30pct,20–30% off,1,0.0891,0.0891,0.0891,0.0891,92.9,,,0.276,2.4,2.52,2024-10-07T00:00:00.000Z,TPR,,,,0.0891,observational
SPARTANNASH,CONVENTIONAL|FOOD,08-40229-30333,Built Puff Cookie Dough Chunk Protein Bar 1.55 Oz,0_10pct,<10% off,54,0.0703,0.0274,0.0098,0.0889,36.2111,94.0195,,0.0484,2.51,2.53,2026-04-13T00:00:00.000Z,Display,,,,0.0703,observational
SPARTANNASH,CONVENTIONAL|FOOD,08-40229-30333,Built Puff Cookie Dough Chunk Protein Bar 1.55 Oz,10_20pct,10–20% off,19,0.22,0.1357,0.0592,0.3721,63.6947,34.0846,,0.1525,2.28,2.46,2025-12-15T00:00:00.000Z,TPR,,,,0.22,observational
SPARTANNASH,CONVENTIONAL|FOOD,08-40229-30333,Built Puff Cookie Dough Chunk Protein Bar 1.55 Oz,20_30pct,20–30% off,2,0.0269,0.0269,0.0256,0.0282,111.4,6.7,,0.2755,2.5,2.55,2026-03-23T00:00:00.000Z,TPR,,,,0.0269,observational
SPARTANNASH,CONVENTIONAL|FOOD,08-40229-30333,Built Puff Cookie Dough Chunk Protein Bar 1.55 Oz,no_promo,No price reduction,4,0.018,0.0172,0.0137,0.0215,,39.175,,0.0,2.54,2.54,2026-02-09T00:00:00.000Z,Display,,,,0.018,observational
SPARTANNASH,CONVENTIONAL|FOOD,08-40229-30362,Built Puff Brownie Batter Protein Bar 1.41 Oz,0_10pct,<10% off,56,0.0684,0.0223,0.0071,0.0956,37.037,71.9372,,0.0554,2.49,2.52,2026-04-13T00:00:00.000Z,TPR,,,,0.0684,observational
SPARTANNASH,CONVENTIONAL|FOOD,08-40229-30362,Built Puff Brownie Batter Protein Bar 1.41 Oz,10_20pct,10–20% off,20,0.1734,0.125,0.0492,0.2902,40.445,69.6824,,0.1534,2.3,2.48,2026-03-23T00:00:00.000Z,TPR,,,,0.1734,observational
SPARTANNASH,CONVENTIONAL|FOOD,08-40229-30362,Built Puff Brownie Batter Protein Bar 1.41 Oz,no_promo,No price reduction,2,0.0072,0.0072,0.0062,0.0082,,165.2,,0.0,2.54,2.54,2025-04-21T00:00:00.000Z,Display,,,,0.0072,observational
SPARTANNASH,CONVENTIONAL|FOOD,08-40229-30380,Built Puff Brownie Batter Protein Bar 1.41 Oz (4 Pk),0_10pct,<10% off,13,0.0201,0.0192,0.0082,0.0248,13.3333,84.25,,0.0671,9.64,9.69,2026-04-13T00:00:00.000Z,TPR,,,,0.0201,observational
SPARTANNASH,CONVENTIONAL|FOOD,08-40229-30380,Built Puff Brownie Batter Protein Bar 1.41 Oz (4 Pk),10_20pct,10–20% off,3,0.0432,0.0432,0.0344,0.052,49.3,25.7,,0.1313,9.51,9.63,2026-02-16T00:00:00.000Z,TPR,,,,0.0432,observational
SPARTANNASH,CONVENTIONAL|FOOD,08-40229-30380,Built Puff Brownie Batter Protein Bar 1.41 Oz (4 Pk),30pct_plus,≥30% off,2,0.0406,0.0406,0.0285,0.0528,184.1,,,0.42,9.41,9.64,2026-03-23T00:00:00.000Z,TPR,,,,0.0406,observational
SPARTANNASH,CONVENTIONAL|FOOD,08-40229-30381,Built Puff Coconut Protein Bar 1.41 Oz (4 Pk),0_10pct,<10% off,4,0.035,0.035,0.035,0.035,0.0,88.8,,0.0818,9.7,9.75,2026-03-16T00:00:00.000Z,Unknown,,,,0.035,observational
SPARTANNASH,CONVENTIONAL|FOOD,08-40229-30381,Built Puff Coconut Protein Bar 1.41 Oz (4 Pk),10_20pct,10–20% off,8,0.0248,0.0243,0.0164,0.033,14.375,0.0,,0.1439,9.67,9.76,2026-03-09T00:00:00.000Z,TPR,,,,0.0248,observational
SPARTANNASH,CONVENTIONAL|FOOD,08-40229-30381,Built Puff Coconut Protein Bar 1.41 Oz (4 Pk),20_30pct,20–30% off,4,0.03,0.0328,0.0247,0.0367,23.675,0.0,,0.2498,9.52,9.75,2026-03-02T00:00:00.000Z,TPR,,,,0.03,observational
SPARTANNASH,CONVENTIONAL|FOOD,08-40229-30381,Built Puff Coconut Protein Bar 1.41 Oz (4 Pk),30pct_plus,≥30% off,2,0.0251,0.0251,0.0168,0.0335,48.65,,,0.4565,9.3,9.66,2026-03-23T00:00:00.000Z,TPR,,,,0.0251,observational
SPARTANNASH,CONVENTIONAL|FOOD,08-40229-30381,Built Puff Coconut Protein Bar 1.41 Oz (4 Pk),no_promo,No price reduction,2,0.1147,0.1147,0.1104,0.119,8460.9,400.0,,-0.026,9.62,9.59,2026-04-13T00:00:00.000Z,Display,,,,0.1147,observational
SPARTANNASH,CONVENTIONAL|FOOD,08-40229-30432,Built Puff Mint Chip Protein Bar 1.41 Oz,0_10pct,<10% off,14,0.0606,0.029,0.0182,0.0733,38.5071,39.2,,0.0669,2.51,2.54,2026-04-13T00:00:00.000Z,TPR,,,,0.0606,observational
SPARTANNASH,CONVENTIONAL|FOOD,08-40229-30432,Built Puff Mint Chip Protein Bar 1.41 Oz,10_20pct,10–20% off,11,0.0329,0.0226,0.0104,0.047,89.6091,55.8571,,0.1252,2.52,2.54,2026-03-09T00:00:00.000Z,TPR,,,,0.0329,observational
SPARTANNASH,CONVENTIONAL|FOOD,08-40229-30550,Built Puff Cookies N Cream Protein Bar 1.41 Oz,0_10pct,<10% off,24,0.0443,0.0143,0.0077,0.0485,18.0875,63.3636,,0.0553,2.52,2.55,2026-04-13T00:00:00.000Z,TPR,,,,0.0443,observational
SPARTANNASH,CONVENTIONAL|FOOD,08-40229-30550,Built Puff Cookies N Cream Protein Bar 1.41 Oz,10_20pct,10–20% off,2,0.0058,0.0058,0.0058,0.0058,13.4,0.0,,0.145,2.51,2.52,2026-03-02T00:00:00.000Z,Unknown,,,,0.0058,observational
SPARTANNASH,CONVENTIONAL|FOOD,08-40229-30558,Built Puff Cookie Dough Chunk Protein Bar 1.55 Oz (4 Pk),0_10pct,<10% off,13,0.0406,0.0362,0.0117,0.0546,20.6846,101.5,,0.057,9.64,9.68,2026-04-13T00:00:00.000Z,Unknown,,,,0.0406,observational
SPARTANNASH,CONVENTIONAL|FOOD,08-40229-30558,Built Puff Cookie Dough Chunk Protein Bar 1.55 Oz (4 Pk),10_20pct,10–20% off,4,0.0294,0.0335,0.021,0.0399,50.025,0.0,,0.1367,9.5,9.63,2026-02-23T00:00:00.000Z,TPR,,,,0.0294,observational
SPARTANNASH,CONVENTIONAL|FOOD,08-40229-30558,Built Puff Cookie Dough Chunk Protein Bar 1.55 Oz (4 Pk),30pct_plus,≥30% off,2,0.0744,0.0744,0.0562,0.0927,161.9,49.3,,0.324,9.34,9.71,2026-03-23T00:00:00.000Z,TPR,,,,0.0744,observational
SPINX,CONVENTIONAL|CONVENIENCE,08-40229-30037,Built Puff Coconut Protein Bar 1.41 Oz,30pct_plus,≥30% off,25,,,,,,,,1.0,2.98,3.27,2026-01-12T00:00:00.000Z,Unknown,,,,,observational
SPINX,CONVENTIONAL|CONVENIENCE,08-40229-30037,Built Puff Coconut Protein Bar 1.41 Oz,no_promo,No price reduction,104,,,,,,,,,3.29,3.29,2026-04-13T00:00:00.000Z,Unknown,,,,,observational
SPINX,CONVENTIONAL|CONVENIENCE,08-40229-30130,Built Cookies & Cream Bar 1.69oz,30pct_plus,≥30% off,15,,,,,,,,1.0,3.04,3.26,2024-09-30T00:00:00.000Z,Unknown,,,,,observational
SPINX,CONVENTIONAL|CONVENIENCE,08-40229-30130,Built Cookies & Cream Bar 1.69oz,no_promo,No price reduction,63,,,,,,,,,3.29,3.29,2025-05-05T00:00:00.000Z,Unknown,,,,,observational
SPINX,CONVENTIONAL|CONVENIENCE,08-40229-30333,Built Puff Cookie Dough Chunk Protein Bar 1.55 Oz,30pct_plus,≥30% off,6,,,,,,,,1.0,3.01,3.33,2026-01-12T00:00:00.000Z,Unknown,,,,,observational
SPINX,CONVENTIONAL|CONVENIENCE,08-40229-30333,Built Puff Cookie Dough Chunk Protein Bar 1.55 Oz,no_promo,No price reduction,17,,,,,,,,,3.29,3.29,2026-04-13T00:00:00.000Z,Unknown,,,,,observational
SPINX,CONVENTIONAL|CONVENIENCE,08-40229-30362,Built Puff Brownie Batter Protein Bar 1.41 Oz,30pct_plus,≥30% off,11,,,,,,,,1.0,2.87,3.31,2026-01-12T00:00:00.000Z,Unknown,,,,,observational
SPINX,CONVENTIONAL|CONVENIENCE,08-40229-30362,Built Puff Brownie Batter Protein Bar 1.41 Oz,no_promo,No price reduction,60,,,,,,,,,3.29,3.29,2026-04-13T00:00:00.000Z,Unknown,,,,,observational
SPINX,CONVENTIONAL|CONVENIENCE,08-40229-30550,Built Puff Cookies N Cream Protein Bar 1.41 Oz,30pct_plus,≥30% off,2,,,,,,,,1.0,2.84,3.29,2026-01-12T00:00:00.000Z,Unknown,,,,,observational
SPINX,CONVENTIONAL|CONVENIENCE,08-40229-30550,Built Puff Cookies N Cream Protein Bar 1.41 Oz,no_promo,No price reduction,21,,,,,,,,,3.29,3.29,2026-04-13T00:00:00.000Z,Unknown,,,,,observational
SPINX,CONVENTIONAL|CONVENIENCE,08-40229-30573,Built Puff Strawberries N Cream Protein Bar 1.41 Oz,30pct_plus,≥30% off,1,,,,,,,,1.0,3.19,3.29,2026-01-12T00:00:00.000Z,Unknown,,,,,observational
SPINX,CONVENTIONAL|CONVENIENCE,08-40229-30573,Built Puff Strawberries N Cream Protein Bar 1.41 Oz,no_promo,No price reduction,14,,,,,,,,,3.29,3.29,2026-04-13T00:00:00.000Z,Unknown,,,,,observational
SPROUTS FARMERS MARKET,NATURAL EXPANDED,08-40229-30037,Built Puff Coconut Protein Bar 1.41 Oz,0_10pct,<10% off,1,1.7419,1.7419,1.7419,1.7419,,,,0.093,3.06,3.29,2026-03-09T00:00:00.000Z,Unknown,,,,1.7419,observational
SPROUTS FARMERS MARKET,NATURAL EXPANDED,08-40229-30037,Built Puff Coconut Protein Bar 1.41 Oz,20_30pct,20–30% off,4,,,,,,,,0.2172,2.58,3.29,2026-02-23T00:00:00.000Z,Unknown,,,,,observational
SPROUTS FARMERS MARKET,NATURAL EXPANDED,08-40229-30037,Built Puff Coconut Protein Bar 1.41 Oz,30pct_plus,≥30% off,1,0.1321,0.1321,0.1321,0.1321,,,,0.304,2.29,3.29,2026-01-26T00:00:00.000Z,Unknown,,,,0.1321,observational
SPROUTS FARMERS MARKET,NATURAL EXPANDED,08-40229-30333,Built Puff Cookie Dough Chunk Protein Bar 1.55 Oz,0_10pct,<10% off,1,,,,,,,,0.051,3.12,3.29,2026-02-23T00:00:00.000Z,Unknown,,,,,observational
SPROUTS FARMERS MARKET,NATURAL EXPANDED,08-40229-30333,Built Puff Cookie Dough Chunk Protein Bar 1.55 Oz,10_20pct,10–20% off,3,0.4516,0.2903,0.2903,0.5323,,,,0.166,2.74,3.29,2026-02-16T00:00:00.000Z,Unknown,,,,0.4516,observational
SPROUTS FARMERS MARKET,NATURAL EXPANDED,08-40229-30333,Built Puff Cookie Dough Chunk Protein Bar 1.55 Oz,30pct_plus,≥30% off,1,0.2281,0.2281,0.2281,0.2281,,,,0.304,2.29,3.29,2026-01-26T00:00:00.000Z,Unknown,,,,0.2281,observational
SPROUTS FARMERS MARKET,NATURAL EXPANDED,08-40229-30362,Built Puff Brownie Batter Protein Bar 1.41 Oz,10_20pct,10–20% off,7,0.3723,0.3622,0.2329,0.5674,,,,0.1497,2.62,2.91,2026-03-23T00:00:00.000Z,Unknown,,,,0.3723,observational
SPROUTS FARMERS MARKET,NATURAL EXPANDED,08-40229-30362,Built Puff Brownie Batter Protein Bar 1.41 Oz,20_30pct,20–30% off,2,0.85,0.85,0.8332,0.8668,,,,0.245,2.21,2.89,2026-02-16T00:00:00.000Z,Unknown,,,,0.85,observational
SPROUTS FARMERS MARKET,NATURAL EXPANDED,08-40229-30362,Built Puff Brownie Batter Protein Bar 1.41 Oz,30pct_plus,≥30% off,5,0.0738,0.0771,0.0512,0.085,,,,0.4904,2.79,2.91,2026-04-13T00:00:00.000Z,Unknown,,,,0.0738,observational
SPROUTS FARMERS MARKET,NATURAL EXPANDED,08-40229-30363,Built Puff Brownie Batter Protein Bar 1.41 Oz (12 Pk),0_10pct,<10% off,1,0.0526,0.0526,0.0526,0.0526,,,,0.093,31.5,31.99,2026-03-16T00:00:00.000Z,Unknown,,,,0.0526,observational
SPROUTS FARMERS MARKET,NATURAL EXPANDED,08-40229-30363,Built Puff Brownie Batter Protein Bar 1.41 Oz (12 Pk),10_20pct,10–20% off,1,,,,,,,,0.178,30.39,30.71,2026-01-26T00:00:00.000Z,Unknown,,,,,observational
SPROUTS FARMERS MARKET,NATURAL EXPANDED,08-40229-30363,Built Puff Brownie Batter Protein Bar 1.41 Oz (12 Pk),20_30pct,20–30% off,2,0.0175,0.0175,0.0175,0.0175,,,,0.247,26.04,27.33,2026-02-16T00:00:00.000Z,Unknown,,,,0.0175,observational
SPROUTS FARMERS MARKET,NATURAL EXPANDED,08-40229-30569,Built Puff Chocolate Milkshake Protein Bar 1.41 Oz,0_10pct,<10% off,9,0.0213,0.0017,0.0007,0.0022,,,,0.0787,2.97,2.99,2026-04-13T00:00:00.000Z,Unknown,,,,0.0213,observational
SPROUTS FARMERS MARKET,NATURAL EXPANDED,08-40229-30569,Built Puff Chocolate Milkshake Protein Bar 1.41 Oz,10_20pct,10–20% off,8,0.29,0.3564,0.1798,0.4225,,,,0.1482,2.71,2.99,2026-03-23T00:00:00.000Z,Unknown,,,,0.29,observational
SPROUTS FARMERS MARKET,NATURAL EXPANDED,08-40229-30569,Built Puff Chocolate Milkshake Protein Bar 1.41 Oz,20_30pct,20–30% off,4,0.4525,0.5773,0.4259,0.6039,,,,0.2332,2.46,2.99,2026-03-16T00:00:00.000Z,Unknown,,,,0.4525,observational
SPROUTS FARMERS MARKET,NATURAL EXPANDED,08-40229-30569,Built Puff Chocolate Milkshake Protein Bar 1.41 Oz,30pct_plus,≥30% off,5,0.014,0.0153,0.0067,0.0226,,,,0.5522,2.96,2.99,2026-01-05T00:00:00.000Z,Unknown,,,,0.014,observational
SPROUTS FARMERS MARKET,NATURAL EXPANDED,08-40229-30573,Built Puff Strawberries N Cream Protein Bar 1.41 Oz,0_10pct,<10% off,7,0.0409,0.0007,0.0003,0.0017,,,,0.0727,2.97,2.99,2026-04-13T00:00:00.000Z,Unknown,,,,0.0409,observational
SPROUTS FARMERS MARKET,NATURAL EXPANDED,08-40229-30573,Built Puff Strawberries N Cream Protein Bar 1.41 Oz,10_20pct,10–20% off,8,0.3123,0.3594,0.1931,0.4762,,,,0.1508,2.74,2.99,2026-03-23T00:00:00.000Z,Unknown,,,,0.3123,observational
SPROUTS FARMERS MARKET,NATURAL EXPANDED,08-40229-30573,Built Puff Strawberries N Cream Protein Bar 1.41 Oz,20_30pct,20–30% off,4,0.5924,0.5991,0.5099,0.6815,,,,0.2435,2.27,2.99,2026-03-16T00:00:00.000Z,Unknown,,,,0.5924,observational
SPROUTS FARMERS MARKET,NATURAL EXPANDED,08-40229-30573,Built Puff Strawberries N Cream Protein Bar 1.41 Oz,30pct_plus,≥30% off,2,0.0045,0.0045,0.0041,0.0049,,,,0.3945,2.98,2.99,2026-01-19T00:00:00.000Z,Unknown,,,,0.0045,observational
SPROUTS FARMERS MARKET,NATURAL EXPANDED,08-40229-30576,Built Puff Chocolate Milkshake Protein Bar 1.41 Oz (12 Pk),0_10pct,<10% off,1,0.0309,0.0309,0.0309,0.0309,,,,0.082,34.34,34.93,2026-02-23T00:00:00.000Z,Unknown,,,,0.0309,observational
SPROUTS FARMERS MARKET,NATURAL EXPANDED,08-40229-30576,Built Puff Chocolate Milkshake Protein Bar 1.41 Oz (12 Pk),10_20pct,10–20% off,1,,,,,,,,0.178,29.28,31.52,2026-02-02T00:00:00.000Z,Unknown,,,,,observational
SPROUTS FARMERS MARKET,NATURAL EXPANDED,08-40229-30576,Built Puff Chocolate Milkshake Protein Bar 1.41 Oz (12 Pk),20_30pct,20–30% off,3,0.0221,0.0221,0.0179,0.0262,,,,0.2487,28.03,30.25,2026-03-16T00:00:00.000Z,Unknown,,,,0.0221,observational
SPROUTS FARMERS MARKET,NATURAL EXPANDED,08-40229-30590,Built Puff Strawberries N Cream Protein Bar 1.41 Oz (12 Pk),0_10pct,<10% off,1,0.0769,0.0769,0.0769,0.0769,,,,0.087,30.75,31.12,2026-03-16T00:00:00.000Z,Unknown,,,,0.0769,observational
SPROUTS FARMERS MARKET,NATURAL EXPANDED,08-40229-30590,Built Puff Strawberries N Cream Protein Bar 1.41 Oz (12 Pk),10_20pct,10–20% off,2,,,,,,,,0.178,30.65,32.05,2026-02-02T00:00:00.000Z,Unknown,,,,,observational
SPROUTS FARMERS MARKET,NATURAL EXPANDED,08-40229-30590,Built Puff Strawberries N Cream Protein Bar 1.41 Oz (12 Pk),20_30pct,20–30% off,3,0.0323,0.0323,0.0323,0.0323,,,,0.244,28.15,29.59,2026-03-09T00:00:00.000Z,Unknown,,,,0.0323,observational
SPROUTS FARMERS MARKET,NATURAL EXPANDED,08-40229-30642,Built Puff Peanut Butter Protein Bar 1.41 Oz,0_10pct,<10% off,2,0.1346,0.1346,0.1346,0.1346,,,,0.069,2.91,2.96,2026-04-13T00:00:00.000Z,Unknown,,,,0.1346,observational
SPROUTS FARMERS MARKET,NATURAL EXPANDED,08-40229-30642,Built Puff Peanut Butter Protein Bar 1.41 Oz,10_20pct,10–20% off,4,0.3295,0.3526,0.273,0.3976,,,,0.1522,2.68,2.96,2026-03-23T00:00:00.000Z,Unknown,,,,0.3295,observational
SPROUTS FARMERS MARKET,NATURAL EXPANDED,08-40229-30642,Built Puff Peanut Butter Protein Bar 1.41 Oz,20_30pct,20–30% off,4,0.5088,0.4932,0.4193,0.5827,,,,0.2495,2.22,2.94,2026-03-16T00:00:00.000Z,Unknown,,,,0.5088,observational
SPROUTS FARMERS MARKET,NATURAL EXPANDED,08-40229-30642,Built Puff Peanut Butter Protein Bar 1.41 Oz,30pct_plus,≥30% off,3,0.2369,0.2369,0.1192,0.3546,,,,0.5513,2.74,2.96,2026-01-19T00:00:00.000Z,Unknown,,,,0.2369,observational
SPROUTS FARMERS MARKET,NATURAL EXPANDED,08-40229-30643,Built Puff Peanut Butter Puff Bar 1.41oz (12pk),10_20pct,10–20% off,2,,,,,,,,0.1665,27.64,28.14,2026-03-16T00:00:00.000Z,Unknown,,,,,observational
STRACK AND VAN TIL,REGIONAL & INDEP GROCERY,08-40229-30034,Built Puff Salted Caramel Protein Bar 1.41 Oz,0_10pct,<10% off,4,0.2691,0.2691,0.2416,0.2966,,,,0.0725,2.49,2.55,2026-02-02T00:00:00.000Z,Unknown,-67.42,ROBUST,1.0,-67.42,causal_robust
STRACK AND VAN TIL,REGIONAL & INDEP GROCERY,08-40229-30034,Built Puff Salted Caramel Protein Bar 1.41 Oz,10_20pct,10–20% off,27,0.138,0.1123,0.0361,0.198,,,,0.1291,2.39,2.62,2026-01-12T00:00:00.000Z,Unknown,-67.42,ROBUST,1.0,-67.42,causal_robust
STRACK AND VAN TIL,REGIONAL & INDEP GROCERY,08-40229-30034,Built Puff Salted Caramel Protein Bar 1.41 Oz,20_30pct,20–30% off,1,0.0807,0.0807,0.0807,0.0807,,,,0.218,2.2,2.44,2025-06-23T00:00:00.000Z,Unknown,-67.42,ROBUST,1.0,-67.42,causal_robust
STRACK AND VAN TIL,REGIONAL & INDEP GROCERY,08-40229-30037,Built Puff Coconut Protein Bar 1.41 Oz,0_10pct,<10% off,15,0.4137,0.3268,0.1637,0.4588,,,,0.0772,2.36,2.48,2025-11-24T00:00:00.000Z,Unknown,,,,0.4137,observational
STRACK AND VAN TIL,REGIONAL & INDEP GROCERY,08-40229-30037,Built Puff Coconut Protein Bar 1.41 Oz,10_20pct,10–20% off,19,0.5707,0.4297,0.283,0.731,,,,0.1321,2.19,2.47,2026-04-13T00:00:00.000Z,Unknown,,,,0.5707,observational
STRACK AND VAN TIL,REGIONAL & INDEP GROCERY,08-40229-30037,Built Puff Coconut Protein Bar 1.41 Oz,20_30pct,20–30% off,5,0.0251,0.0251,0.0218,0.0285,,,,0.204,2.46,2.5,2026-03-30T00:00:00.000Z,Unknown,,,,0.0251,observational
STRACK AND VAN TIL,REGIONAL & INDEP GROCERY,08-40229-30050,Built Puff Churro Protein Bar 1.41 Oz,0_10pct,<10% off,1,,,,,,,,0.082,2.99,2.99,2026-01-26T00:00:00.000Z,Unknown,,,,,observational
STRACK AND VAN TIL,REGIONAL & INDEP GROCERY,08-40229-30050,Built Puff Churro Protein Bar 1.41 Oz,10_20pct,10–20% off,1,,,,,,,,0.164,2.95,2.99,2026-02-09T00:00:00.000Z,Unknown,,,,,observational
STRACK AND VAN TIL,REGIONAL & INDEP GROCERY,08-40229-30050,Built Puff Churro Protein Bar 1.41 Oz,20_30pct,20–30% off,3,0.2664,0.2418,0.2049,0.3157,,,,0.273,2.47,2.98,2026-04-13T00:00:00.000Z,Unknown,,,,0.2664,observational
STRACK AND VAN TIL,REGIONAL & INDEP GROCERY,08-40229-30050,Built Puff Churro Protein Bar 1.41 Oz,30pct_plus,≥30% off,5,0.2668,0.1155,0.0814,0.3764,,,,0.3302,2.63,2.99,2026-03-30T00:00:00.000Z,Unknown,,,,0.2668,observational
STRACK AND VAN TIL,REGIONAL & INDEP GROCERY,08-40229-30333,Built Puff Cookie Dough Chunk Protein Bar 1.55 Oz,0_10pct,<10% off,5,0.0647,0.0647,0.0502,0.0792,,,,0.069,2.49,2.5,2025-11-03T00:00:00.000Z,Unknown,,,,0.0647,observational
STRACK AND VAN TIL,REGIONAL & INDEP GROCERY,08-40229-30333,Built Puff Cookie Dough Chunk Protein Bar 1.55 Oz,10_20pct,10–20% off,20,0.2806,0.2758,0.1792,0.4086,,,,0.137,2.37,2.57,2026-04-13T00:00:00.000Z,Unknown,,,,0.2806,observational
STRACK AND VAN TIL,REGIONAL & INDEP GROCERY,08-40229-30333,Built Puff Cookie Dough Chunk Protein Bar 1.55 Oz,20_30pct,20–30% off,7,0.2714,0.2714,0.1571,0.3857,,,,0.206,2.38,2.51,2026-03-30T00:00:00.000Z,Unknown,,,,0.2714,observational
STRACK AND VAN TIL,REGIONAL & INDEP GROCERY,08-40229-30362,Built Puff Brownie Batter Protein Bar 1.41 Oz,0_10pct,<10% off,19,0.7429,0.7656,0.1853,1.0151,,,,0.0741,2.36,2.48,2025-11-10T00:00:00.000Z,Unknown,,,,0.7429,observational
STRACK AND VAN TIL,REGIONAL & INDEP GROCERY,08-40229-30362,Built Puff Brownie Batter Protein Bar 1.41 Oz,10_20pct,10–20% off,17,0.3944,0.348,0.3065,0.4809,,,,0.1384,2.2,2.47,2026-04-13T00:00:00.000Z,Unknown,,,,0.3944,observational
STRACK AND VAN TIL,REGIONAL & INDEP GROCERY,08-40229-30362,Built Puff Brownie Batter Protein Bar 1.41 Oz,20_30pct,20–30% off,5,0.0393,0.0287,0.0171,0.0562,,,,0.204,2.47,2.5,2026-03-30T00:00:00.000Z,Unknown,,,,0.0393,observational
STRACK AND VAN TIL,REGIONAL & INDEP GROCERY,08-40229-30380,Built Puff Brownie Batter Protein Bar 1.41 Oz (4 Pk),0_10pct,<10% off,7,0.6293,0.6327,0.5698,0.768,,,,0.0904,9.09,9.76,2026-04-13T00:00:00.000Z,Unknown,,,,0.6293,observational
STRACK AND VAN TIL,REGIONAL & INDEP GROCERY,08-40229-30380,Built Puff Brownie Batter Protein Bar 1.41 Oz (4 Pk),10_20pct,10–20% off,7,0.5044,0.5281,0.1624,0.8501,,,,0.1229,9.02,9.66,2026-04-06T00:00:00.000Z,Unknown,,,,0.5044,observational
STRACK AND VAN TIL,REGIONAL & INDEP GROCERY,08-40229-30381,Built Puff Coconut Protein Bar 1.41 Oz (4 Pk),0_10pct,<10% off,2,0.4155,0.4155,0.2316,0.5995,,,,0.083,9.32,9.86,2026-02-23T00:00:00.000Z,Unknown,,,,0.4155,observational
STRACK AND VAN TIL,REGIONAL & INDEP GROCERY,08-40229-30381,Built Puff Coconut Protein Bar 1.41 Oz (4 Pk),10_20pct,10–20% off,11,0.4119,0.4239,0.3849,0.4732,,,,0.1011,9.02,9.65,2026-04-13T00:00:00.000Z,Unknown,,,,0.4119,observational
STRACK AND VAN TIL,REGIONAL & INDEP GROCERY,08-40229-30394,Built Puff Candy Cane Brownie Protein Bar 1.51 Oz,10_20pct,10–20% off,2,,,,,,,,0.1675,2.74,2.97,2025-12-01T00:00:00.000Z,Unknown,,,,,observational
STRACK AND VAN TIL,REGIONAL & INDEP GROCERY,08-40229-30394,Built Puff Candy Cane Brownie Protein Bar 1.51 Oz,30pct_plus,≥30% off,3,0.9469,0.9469,0.9469,0.9469,,,,0.799,1.79,2.99,2026-01-26T00:00:00.000Z,Unknown,,,,0.9469,observational
STRACK AND VAN TIL,REGIONAL & INDEP GROCERY,08-40229-30432,Built Puff Mint Chip Protein Bar 1.41 Oz,0_10pct,<10% off,1,0.0044,0.0044,0.0044,0.0044,,,,0.059,2.71,2.71,2025-06-30T00:00:00.000Z,Unknown,,,,0.0044,observational
STRACK AND VAN TIL,REGIONAL & INDEP GROCERY,08-40229-30432,Built Puff Mint Chip Protein Bar 1.41 Oz,10_20pct,10–20% off,27,0.2278,0.1003,0.0599,0.2864,,,,0.1395,2.49,2.7,2026-02-23T00:00:00.000Z,Unknown,,,,0.2278,observational
STRACK AND VAN TIL,REGIONAL & INDEP GROCERY,08-40229-30432,Built Puff Mint Chip Protein Bar 1.41 Oz,20_30pct,20–30% off,11,0.4044,0.2076,0.0724,0.7046,,,,0.2369,2.45,2.83,2026-04-13T00:00:00.000Z,Unknown,,,,0.4044,observational
STRACK AND VAN TIL,REGIONAL & INDEP GROCERY,08-40229-30550,Built Puff Cookies N Cream Protein Bar 1.41 Oz,0_10pct,<10% off,4,0.2076,0.1811,0.1771,0.2249,,,,0.0738,2.65,2.75,2025-12-15T00:00:00.000Z,Unknown,,,,0.2076,observational
STRACK AND VAN TIL,REGIONAL & INDEP GROCERY,08-40229-30550,Built Puff Cookies N Cream Protein Bar 1.41 Oz,10_20pct,10–20% off,21,0.302,0.329,0.1414,0.43,,,,0.134,2.37,2.61,2026-01-19T00:00:00.000Z,Unknown,,,,0.302,observational
STRACK AND VAN TIL,REGIONAL & INDEP GROCERY,08-40229-30550,Built Puff Cookies N Cream Protein Bar 1.41 Oz,20_30pct,20–30% off,4,0.1317,0.1317,0.1151,0.1482,,,,0.228,2.24,2.62,2025-11-03T00:00:00.000Z,Unknown,,,,0.1317,observational
STRACK AND VAN TIL,REGIONAL & INDEP GROCERY,08-40229-30558,Built Puff Cookie Dough Chunk Protein Bar 1.55 Oz (4 Pk),0_10pct,<10% off,5,0.0532,0.0625,0.0344,0.0767,,,,0.0686,9.79,9.89,2026-03-02T00:00:00.000Z,Unknown,,,,0.0532,observational
STRACK AND VAN TIL,REGIONAL & INDEP GROCERY,08-40229-30558,Built Puff Cookie Dough Chunk Protein Bar 1.55 Oz (4 Pk),10_20pct,10–20% off,1,,,,,,,,0.15,9.92,9.98,2026-02-23T00:00:00.000Z,Unknown,,,,,observational
STRACK AND VAN TIL,REGIONAL & INDEP GROCERY,08-40229-30558,Built Puff Cookie Dough Chunk Protein Bar 1.55 Oz (4 Pk),30pct_plus,≥30% off,1,,,,,,,,0.375,7.49,9.99,2026-03-30T00:00:00.000Z,Unknown,,,,,observational
STRACK AND VAN TIL,REGIONAL & INDEP GROCERY,08-40229-30569,Built Puff Chocolate Milkshake Protein Bar 1.41 Oz,0_10pct,<10% off,3,0.0812,0.0812,0.0795,0.0829,,,,0.078,2.31,2.42,2026-01-26T00:00:00.000Z,Unknown,,,,0.0812,observational
STRACK AND VAN TIL,REGIONAL & INDEP GROCERY,08-40229-30569,Built Puff Chocolate Milkshake Protein Bar 1.41 Oz,10_20pct,10–20% off,4,0.0667,0.0667,0.0667,0.0667,,,,0.1595,2.53,2.99,2026-04-13T00:00:00.000Z,Unknown,,,,0.0667,observational
STRACK AND VAN TIL,REGIONAL & INDEP GROCERY,08-40229-30569,Built Puff Chocolate Milkshake Protein Bar 1.41 Oz,30pct_plus,≥30% off,1,,,,,,,,0.331,2.5,2.99,2026-02-02T00:00:00.000Z,Unknown,,,,,observational
STRACK AND VAN TIL,REGIONAL & INDEP GROCERY,08-40229-30571,Built Puff Mint Chip Protein Bar 1.41 Oz (4 Pk),0_10pct,<10% off,1,,,,,,,,0.075,9.87,9.93,2026-03-02T00:00:00.000Z,Unknown,,,,,observational
STRACK AND VAN TIL,REGIONAL & INDEP GROCERY,08-40229-30571,Built Puff Mint Chip Protein Bar 1.41 Oz (4 Pk),10_20pct,10–20% off,7,0.0317,0.0317,0.0317,0.0317,,,,0.1266,9.76,9.87,2026-04-13T00:00:00.000Z,Unknown,,,,0.0317,observational
STRACK AND VAN TIL,REGIONAL & INDEP GROCERY,08-40229-30573,Built Puff Strawberries N Cream Protein Bar 1.41 Oz,0_10pct,<10% off,1,,,,,,,,0.086,2.03,2.06,2025-06-23T00:00:00.000Z,Unknown,,,,,observational
STRACK AND VAN TIL,REGIONAL & INDEP GROCERY,08-40229-30573,Built Puff Strawberries N Cream Protein Bar 1.41 Oz,10_20pct,10–20% off,2,0.2727,0.2727,0.2727,0.2727,,,,0.153,2.54,2.99,2026-04-13T00:00:00.000Z,Unknown,,,,0.2727,observational
STRACK AND VAN TIL,REGIONAL & INDEP GROCERY,08-40229-30573,Built Puff Strawberries N Cream Protein Bar 1.41 Oz,30pct_plus,≥30% off,1,,,,,,,,0.331,2.0,2.99,2026-04-06T00:00:00.000Z,Unknown,,,,,observational
STRACK AND VAN TIL,REGIONAL & INDEP GROCERY,08-40229-30577,Built Puff Salted Caramel Protein Bar 1.41 Oz (4 Pk),0_10pct,<10% off,3,0.1226,0.1226,0.1168,0.1283,,,,0.0567,9.75,9.94,2026-03-16T00:00:00.000Z,Unknown,,,,0.1226,observational
STRACK AND VAN TIL,REGIONAL & INDEP GROCERY,08-40229-30577,Built Puff Salted Caramel Protein Bar 1.41 Oz (4 Pk),10_20pct,10–20% off,1,0.129,0.129,0.129,0.129,,,,0.1,9.78,9.99,2026-04-06T00:00:00.000Z,Unknown,,,,0.129,observational
STRACK AND VAN TIL,REGIONAL & INDEP GROCERY,08-40229-30581,Built Puff Cookies N Cream Protein Bar 1.41 Oz (4 Pk),0_10pct,<10% off,1,0.0526,0.0526,0.0526,0.0526,,,,0.05,9.91,9.97,2026-02-23T00:00:00.000Z,Unknown,,,,0.0526,observational
STRACK AND VAN TIL,REGIONAL & INDEP GROCERY,08-40229-30581,Built Puff Cookies N Cream Protein Bar 1.41 Oz (4 Pk),10_20pct,10–20% off,2,,,,,,,,0.125,9.83,9.9,2026-04-13T00:00:00.000Z,Unknown,,,,,observational
STRACK AND VAN TIL,REGIONAL & INDEP GROCERY,08-40229-30615,Built Puff Chocolatey Hazelnut  1.41oz,0_10pct,<10% off,1,0.3208,0.3208,0.3208,0.3208,,,,0.083,2.85,2.99,2026-02-02T00:00:00.000Z,Unknown,,,,0.3208,observational
STRACK AND VAN TIL,REGIONAL & INDEP GROCERY,08-40229-30615,Built Puff Chocolatey Hazelnut  1.41oz,30pct_plus,≥30% off,2,0.8205,0.8205,0.7606,0.8804,,,,0.7545,1.6,2.95,2026-01-19T00:00:00.000Z,Unknown,,,,0.8205,observational
STRACK AND VAN TIL,REGIONAL & INDEP GROCERY,08-40229-30642,Built Puff Peanut Butter Protein Bar 1.41 Oz,10_20pct,10–20% off,1,0.3467,0.3467,0.3467,0.3467,,,,0.105,2.84,2.99,2026-02-16T00:00:00.000Z,Unknown,,,,0.3467,observational
STRACK AND VAN TIL,REGIONAL & INDEP GROCERY,08-40229-30642,Built Puff Peanut Butter Protein Bar 1.41 Oz,20_30pct,20–30% off,7,0.4296,0.4187,0.1514,0.6425,,,,0.2551,2.47,2.99,2026-04-13T00:00:00.000Z,Unknown,,,,0.4296,observational
STRACK AND VAN TIL,REGIONAL & INDEP GROCERY,08-40229-30642,Built Puff Peanut Butter Protein Bar 1.41 Oz,30pct_plus,≥30% off,1,0.1377,0.1377,0.1377,0.1377,,,,0.312,2.69,2.98,2026-03-30T00:00:00.000Z,Unknown,,,,0.1377,observational
SUNSET FOODS,NATURAL EXPANDED,08-40229-30050,Built Puff Churro Protein Bar 1.41 Oz,0_10pct,<10% off,4,,,,,,,,0.063,2.99,3.19,2025-02-24T00:00:00.000Z,Unknown,,,,,observational
SUNSET FOODS,NATURAL EXPANDED,08-40229-30558,Built Puff Cookie Dough Chunk Protein Bar 1.55 Oz (4 Pk),0_10pct,<10% off,1,,,,,,,,0.065,11.59,12.39,2026-01-05T00:00:00.000Z,Unknown,,,,,observational
SUNSET FOODS,NATURAL EXPANDED,08-40229-30558,Built Puff Cookie Dough Chunk Protein Bar 1.55 Oz (4 Pk),10_20pct,10–20% off,1,,,,,,,,0.194,9.99,12.39,2026-01-12T00:00:00.000Z,Unknown,,,,,observational
TARGET,CONVENTIONAL|MASS MERCH,08-40229-30034,Built Puff Salted Caramel Protein Bar 1.41 Oz,30pct_plus,≥30% off,24,1.4603,1.32,1.1522,1.6597,28.8208,81.1846,31.2,0.6289,1.98,2.39,2026-04-13T00:00:00.000Z,TPR,,,,1.4603,observational
TARGET,CONVENTIONAL|MASS MERCH,08-40229-30034,Built Puff Salted Caramel Protein Bar 1.41 Oz,no_promo,No price reduction,7,,,,,,,,,2.77,2.77,2026-04-06T00:00:00.000Z,Unknown,,,,,observational
TARGET,CONVENTIONAL|MASS MERCH,08-40229-30037,Built Puff Coconut Protein Bar 1.41 Oz,30pct_plus,≥30% off,26,1.4532,1.347,1.1657,1.7251,32.608,101.3077,48.2,0.6304,2.08,2.37,2026-04-13T00:00:00.000Z,TPR,,,,1.4532,observational
TARGET,CONVENTIONAL|MASS MERCH,08-40229-30037,Built Puff Coconut Protein Bar 1.41 Oz,no_promo,No price reduction,12,,,,,,,,,2.92,2.92,2025-10-13T00:00:00.000Z,Unknown,,,,,observational
TARGET,CONVENTIONAL|MASS MERCH,08-40229-30209,Built Puff Coconut Protein Bar 1.41 Oz (12 Pk),no_promo,No price reduction,3,,,,,,,,,27.53,27.53,2025-12-22T00:00:00.000Z,Unknown,,,,,observational
TARGET,CONVENTIONAL|MASS MERCH,08-40229-30229,Built Puff Churro Protein Bar 1.41 Oz (12 Pk),no_promo,No price reduction,1,,,,,,,,,25.64,25.64,2025-02-24T00:00:00.000Z,Unknown,,,,,observational
TARGET,CONVENTIONAL|MASS MERCH,08-40229-30333,Built Puff Cookie Dough Chunk Protein Bar 1.55 Oz,30pct_plus,≥30% off,31,1.2498,1.0572,1.0279,1.343,33.7267,109.2111,14.4,0.5551,2.52,2.56,2026-04-13T00:00:00.000Z,Display,,,,1.2498,observational
TARGET,CONVENTIONAL|MASS MERCH,08-40229-30333,Built Puff Cookie Dough Chunk Protein Bar 1.55 Oz,no_promo,No price reduction,1,,,,,,,,,2.92,2.92,2025-09-08T00:00:00.000Z,Unknown,,,,,observational
TARGET,CONVENTIONAL|MASS MERCH,08-40229-30334,Built Puff Cookie Dough Chunk Protein Bar 1.55 Oz (12 Pk),30pct_plus,≥30% off,4,,,,,0.6667,,0.0,0.6275,24.94,29.99,2026-02-16T00:00:00.000Z,Unknown,,,,,observational
TARGET,CONVENTIONAL|MASS MERCH,08-40229-30334,Built Puff Cookie Dough Chunk Protein Bar 1.55 Oz (12 Pk),no_promo,No price reduction,20,,,,,,,,,29.32,29.32,2026-03-23T00:00:00.000Z,Unknown,,,,,observational
TARGET,CONVENTIONAL|MASS MERCH,08-40229-30362,Built Puff Brownie Batter Protein Bar 1.41 Oz,30pct_plus,≥30% off,31,1.3438,1.0783,1.031,1.5643,41.469,135.0176,30.1,0.5524,2.48,2.53,2026-04-13T00:00:00.000Z,Display,,,,1.3438,observational
TARGET,CONVENTIONAL|MASS MERCH,08-40229-30362,Built Puff Brownie Batter Protein Bar 1.41 Oz,no_promo,No price reduction,8,,,,,,,,,2.99,2.99,2025-09-08T00:00:00.000Z,Unknown,,,,,observational
TARGET,CONVENTIONAL|MASS MERCH,08-40229-30363,Built Puff Brownie Batter Protein Bar 1.41 Oz (12 Pk),30pct_plus,≥30% off,5,1.0253,1.0253,1.0253,1.0253,62.375,,86.3,0.5875,24.22,26.82,2026-01-05T00:00:00.000Z,TPR,,,,1.0253,observational
TARGET,CONVENTIONAL|MASS MERCH,08-40229-30363,Built Puff Brownie Batter Protein Bar 1.41 Oz (12 Pk),no_promo,No price reduction,18,,,,,,,,,27.87,27.87,2026-04-13T00:00:00.000Z,Unknown,,,,,observational
TARGET,CONVENTIONAL|MASS MERCH,08-40229-30380,Built Puff Brownie Batter Protein Bar 1.41 Oz (4 Pk),30pct_plus,≥30% off,45,1.5045,1.049,1.0295,1.2152,46.5409,70.1,136.45,0.537,8.73,8.91,2026-04-13T00:00:00.000Z,TPR,,,,1.5045,observational
TARGET,CONVENTIONAL|MASS MERCH,08-40229-30380,Built Puff Brownie Batter Protein Bar 1.41 Oz (4 Pk),no_promo,No price reduction,2,,,,,,,,,8.03,8.03,2025-06-02T00:00:00.000Z,Unknown,,,,,observational
TARGET,CONVENTIONAL|MASS MERCH,08-40229-30381,Built Puff Coconut Protein Bar 1.41 Oz (4 Pk),30pct_plus,≥30% off,45,1.5232,1.0588,1.0353,1.2741,51.3955,66.7125,141.05,0.5408,8.74,8.93,2026-04-13T00:00:00.000Z,TPR,,,,1.5232,observational
TARGET,CONVENTIONAL|MASS MERCH,08-40229-30381,Built Puff Coconut Protein Bar 1.41 Oz (4 Pk),no_promo,No price reduction,1,,,,,,,,,8.89,8.89,2025-06-02T00:00:00.000Z,Unknown,,,,,observational
TARGET,CONVENTIONAL|MASS MERCH,08-40229-30394,Built Puff Candy Cane Brownie Protein Bar 1.51 Oz,30pct_plus,≥30% off,19,1.1601,1.1221,1.0095,1.2078,59.6556,92.2333,0.0,0.6437,1.87,2.38,2026-04-13T00:00:00.000Z,Display,,,,1.1601,observational
TARGET,CONVENTIONAL|MASS MERCH,08-40229-30394,Built Puff Candy Cane Brownie Protein Bar 1.51 Oz,no_promo,No price reduction,4,,,,,,,,,1.8,1.8,2026-03-30T00:00:00.000Z,Unknown,,,,,observational
TARGET,CONVENTIONAL|MASS MERCH,08-40229-30413,Built Bar Puff Brownie Batter 1.41 Oz,30pct_plus,≥30% off,1,,,,,0.0,,,0.569,2.13,2.47,2025-12-22T00:00:00.000Z,Unknown,,,,,observational
TARGET,CONVENTIONAL|MASS MERCH,08-40229-30413,Built Bar Puff Brownie Batter 1.41 Oz,no_promo,No price reduction,19,,,,,,,,,2.61,2.61,2026-04-13T00:00:00.000Z,Unknown,,,,,observational
TARGET,CONVENTIONAL|MASS MERCH,08-40229-30467,Built Puff Mint Chip Protein Bar 1.41 Oz (12 Pk),no_promo,No price reduction,1,,,,,,,,,30.12,30.12,2025-11-24T00:00:00.000Z,Unknown,,,,,observational
TARGET,CONVENTIONAL|MASS MERCH,08-40229-30550,Built Puff Cookies N Cream Protein Bar 1.41 Oz,no_promo,No price reduction,8,,,,,,,,,2.43,2.43,2026-04-13T00:00:00.000Z,Unknown,,,,,observational
TARGET,CONVENTIONAL|MASS MERCH,08-40229-30558,Built Puff Cookie Dough Chunk Protein Bar 1.55 Oz (4 Pk),30pct_plus,≥30% off,31,1.6418,1.0716,1.0315,1.9052,61.42,72.5136,142.25,0.5347,8.67,8.9,2026-04-13T00:00:00.000Z,TPR,,,,1.6418,observational
TARGET,CONVENTIONAL|MASS MERCH,08-40229-30558,Built Puff Cookie Dough Chunk Protein Bar 1.55 Oz (4 Pk),no_promo,No price reduction,1,,,,,,,,,8.7,8.7,2025-09-08T00:00:00.000Z,Unknown,,,,,observational
TARGET,CONVENTIONAL|MASS MERCH,08-40229-30573,Built Puff Strawberries N Cream Protein Bar 1.41 Oz,no_promo,No price reduction,8,,,,,,,,,2.4,2.4,2026-04-06T00:00:00.000Z,Unknown,,,,,observational
TARGET,CONVENTIONAL|MASS MERCH,08-40229-30577,Built Puff Salted Caramel Protein Bar 1.41 Oz (4 Pk),30pct_plus,≥30% off,44,1.5192,1.0469,1.0297,1.3851,50.9682,66.1542,,0.5407,8.73,8.92,2026-04-13T00:00:00.000Z,TPR,,,,1.5192,observational
TARGET,CONVENTIONAL|MASS MERCH,08-40229-30577,Built Puff Salted Caramel Protein Bar 1.41 Oz (4 Pk),no_promo,No price reduction,2,,,,,,,,,8.95,8.95,2025-06-09T00:00:00.000Z,Unknown,,,,,observational
TARGET,CONVENTIONAL|MASS MERCH,08-40229-30581,Built Puff Cookies N Cream Protein Bar 1.41 Oz (4 Pk),30pct_plus,≥30% off,30,1.6946,1.0716,1.0261,1.8326,49.6533,75.7471,,0.5355,8.68,8.9,2026-04-13T00:00:00.000Z,TPR,,,,1.6946,observational
TARGET,CONVENTIONAL|MASS MERCH,08-40229-30581,Built Puff Cookies N Cream Protein Bar 1.41 Oz (4 Pk),no_promo,No price reduction,1,,,,,,,,,8.89,8.89,2025-09-15T00:00:00.000Z,Unknown,,,,,observational
TARGET,CONVENTIONAL|MASS MERCH,08-40229-30614,Built Puff Strawberries N Cream Protein Bars 1.41oz (4pk),30pct_plus,≥30% off,30,1.6844,1.07,1.0297,1.7699,54.4067,69.8818,,0.5326,8.68,8.89,2026-04-13T00:00:00.000Z,Display,,,,1.6844,observational
TARGET,CONVENTIONAL|MASS MERCH,08-40229-30614,Built Puff Strawberries N Cream Protein Bars 1.41oz (4pk),no_promo,No price reduction,3,,,,,,,,,8.82,8.82,2025-09-15T00:00:00.000Z,Unknown,,,,,observational
TARGET,CONVENTIONAL|MASS MERCH,08-40229-30615,Built Puff Chocolatey Hazelnut  1.41oz,30pct_plus,≥30% off,24,1.4363,1.3691,1.0904,1.5527,27.6125,101.5545,,0.6469,2.0,2.45,2026-04-13T00:00:00.000Z,Display,,,,1.4363,observational
TARGET,CONVENTIONAL|MASS MERCH,08-40229-30615,Built Puff Chocolatey Hazelnut  1.41oz,no_promo,No price reduction,3,,,,,,,,,2.28,2.28,2026-03-23T00:00:00.000Z,Unknown,,,,,observational
TARGET,CONVENTIONAL|MASS MERCH,08-40229-30644,Built Puff Brownie Batter Protein Bar 1.41 Oz (8 Pk),30pct_plus,≥30% off,2,1.1081,1.1081,1.06,1.1563,30.6,,,0.554,15.85,16.06,2026-04-13T00:00:00.000Z,TPR,,,,1.1081,observational
TARGET,CONVENTIONAL|MASS MERCH,08-40229-30644,Built Puff Brownie Batter Protein Bar 1.41 Oz (8 Pk),no_promo,No price reduction,1,,,,,,,,,16.08,16.08,2026-03-30T00:00:00.000Z,Unknown,,,,,observational
TARGET,CONVENTIONAL|MASS MERCH,08-40229-30645,Built Puff Coconut Protein Bar 1.41 Oz (8 Pk),30pct_plus,≥30% off,1,1.011,1.011,1.011,1.011,19.0,,,0.5273,16.19,16.19,2026-04-13T00:00:00.000Z,TPR,,,,1.011,observational
TARGET,CONVENTIONAL|MASS MERCH,08-40229-30645,Built Puff Coconut Protein Bar 1.41 Oz (8 Pk),no_promo,No price reduction,2,,,,,,,,,15.64,15.64,2026-04-06T00:00:00.000Z,Unknown,,,,,observational
TARGET,CONVENTIONAL|MASS MERCH,08-40229-30646,Built Puff Peanut Butter Cup Protein Bar 1.41 Oz (4 Pk),30pct_plus,≥30% off,2,,,,,9.35,,,0.648,6.28,8.94,2026-03-09T00:00:00.000Z,TPR,,,,,observational
TARGET,CONVENTIONAL|MASS MERCH,08-40229-30646,Built Puff Peanut Butter Cup Protein Bar 1.41 Oz (4 Pk),no_promo,No price reduction,13,,,,,,,,,8.91,8.91,2026-04-13T00:00:00.000Z,Unknown,,,,,observational
TARGET,CONVENTIONAL|MASS MERCH,08-40229-30651,Built Protein Bar Puff Sour Peach 1.45 Oz,no_promo,No price reduction,2,,,,,,,,,2.5,2.5,2026-04-06T00:00:00.000Z,Unknown,,,,,observational
TARGET,CONVENTIONAL|MASS MERCH,08-40229-30652,Built Sweet Peach Punch Sour Puff 1.45 Oz (4pk),30pct_plus,≥30% off,5,1.4959,1.5879,1.3091,1.6207,29.725,93.92,,0.531,8.87,9.02,2026-04-13T00:00:00.000Z,Display,,,,1.4959,observational
TARGET,CONVENTIONAL|MASS MERCH,08-40229-30652,Built Sweet Peach Punch Sour Puff 1.45 Oz (4pk),no_promo,No price reduction,1,,,,,,,,,8.8,8.8,2026-03-09T00:00:00.000Z,Unknown,,,,,observational
TARGET,CONVENTIONAL|MASS MERCH,08-40229-30653,Built Puff Sour Blu Razz Blast Bar 1.45 Oz,no_promo,No price reduction,2,,,,,,,,,2.5,2.5,2026-03-30T00:00:00.000Z,Unknown,,,,,observational
TARGET,CONVENTIONAL|MASS MERCH,08-40229-30654,Built Sweet Sour Puff Blue Raz Blast 1.45 Oz (4pk),30pct_plus,≥30% off,5,1.4797,1.5537,1.3114,1.5634,29.125,86.06,,0.5281,8.86,8.99,2026-04-13T00:00:00.000Z,Display,,,,1.4797,observational
TARGET,CONVENTIONAL|MASS MERCH,08-40229-30654,Built Sweet Sour Puff Blue Raz Blast 1.45 Oz (4pk),no_promo,No price reduction,1,,,,,,,,,8.82,8.82,2026-03-09T00:00:00.000Z,Unknown,,,,,observational
TARGET,CONVENTIONAL|MASS MERCH,08-40229-30656,Built Green Apple Crush Sour Puff 1.45 Oz (4pk),30pct_plus,≥30% off,5,1.5287,1.6428,1.3412,1.6524,36.0,96.64,,0.5302,8.85,9.0,2026-04-13T00:00:00.000Z,Display,,,,1.5287,observational
TARGET,CONVENTIONAL|MASS MERCH,08-40229-30656,Built Green Apple Crush Sour Puff 1.45 Oz (4pk),no_promo,No price reduction,1,,,,,,,,,8.86,8.86,2026-03-09T00:00:00.000Z,Unknown,,,,,observational
TARGET,CONVENTIONAL|MASS MERCH,08-40229-30689,Built Puff Cookies N Cream Protein Nutritional Snack Bar Ss 11.29oz,30pct_plus,≥30% off,2,1.0665,1.0665,1.0406,1.0925,57.25,,,0.5456,16.05,16.13,2026-04-13T00:00:00.000Z,TPR,,,,1.0665,observational
TARGET,CONVENTIONAL|MASS MERCH,08-40229-30689,Built Puff Cookies N Cream Protein Nutritional Snack Bar Ss 11.29oz,no_promo,No price reduction,1,,,,,,,,,16.05,16.05,2026-03-30T00:00:00.000Z,Unknown,,,,,observational
TARGET,CONVENTIONAL|MASS MERCH,08-40229-30690,Built Puff Mint Chip Protein Nutritional Snack Bar Ss 11.29oz,30pct_plus,≥30% off,2,1.1226,1.1226,1.0657,1.1796,43.7,,,0.5376,15.85,16.06,2026-04-13T00:00:00.000Z,TPR,,,,1.1226,observational
TARGET,CONVENTIONAL|MASS MERCH,08-40229-30690,Built Puff Mint Chip Protein Nutritional Snack Bar Ss 11.29oz,no_promo,No price reduction,1,,,,,,,,,15.65,15.65,2026-03-30T00:00:00.000Z,Unknown,,,,,observational
THE FRESH MARKET,NATURAL EXPANDED,08-40229-30037,Built Puff Coconut Protein Bar 1.41 Oz,10_20pct,10–20% off,11,0.468,0.4383,0.3826,0.6277,,,,0.1538,2.71,3.06,2026-04-06T00:00:00.000Z,Unknown,,,,0.468,observational
THE FRESH MARKET,NATURAL EXPANDED,08-40229-30037,Built Puff Coconut Protein Bar 1.41 Oz,20_30pct,20–30% off,5,0.5373,0.6543,0.6354,0.6578,,,,0.2384,2.62,3.23,2026-01-26T00:00:00.000Z,Unknown,,,,0.5373,observational
THE FRESH MARKET,NATURAL EXPANDED,08-40229-30037,Built Puff Coconut Protein Bar 1.41 Oz,30pct_plus,≥30% off,2,0.0298,0.0298,0.0178,0.0419,,,,0.3665,2.29,2.41,2025-11-03T00:00:00.000Z,Unknown,,,,0.0298,observational
THE FRESH MARKET,NATURAL EXPANDED,08-40229-30333,Built Puff Cookie Dough Chunk Protein Bar 1.55 Oz,10_20pct,10–20% off,17,0.4458,0.4329,0.1278,0.6599,,,,0.1535,2.94,3.13,2026-04-06T00:00:00.000Z,Unknown,,,,0.4458,observational
THE FRESH MARKET,NATURAL EXPANDED,08-40229-30333,Built Puff Cookie Dough Chunk Protein Bar 1.55 Oz,20_30pct,20–30% off,5,0.6882,0.7831,0.6075,0.7984,,,,0.2332,2.53,3.25,2026-01-26T00:00:00.000Z,Unknown,,,,0.6882,observational
THE FRESH MARKET,NATURAL EXPANDED,08-40229-30333,Built Puff Cookie Dough Chunk Protein Bar 1.55 Oz,30pct_plus,≥30% off,3,0.0465,0.015,0.0128,0.0644,,,,0.365,2.63,2.75,2025-11-03T00:00:00.000Z,Unknown,,,,0.0465,observational
THE FRESH MARKET,NATURAL EXPANDED,08-40229-30362,Built Puff Brownie Batter Protein Bar 1.41 Oz,0_10pct,<10% off,1,0.0249,0.0249,0.0249,0.0249,,,,0.098,3.12,3.15,2026-04-06T00:00:00.000Z,Unknown,,,,0.0249,observational
THE FRESH MARKET,NATURAL EXPANDED,08-40229-30362,Built Puff Brownie Batter Protein Bar 1.41 Oz,10_20pct,10–20% off,9,0.4623,0.4239,0.2986,0.6013,,,,0.1523,2.66,3.03,2026-03-30T00:00:00.000Z,Unknown,,,,0.4623,observational
THE FRESH MARKET,NATURAL EXPANDED,08-40229-30362,Built Puff Brownie Batter Protein Bar 1.41 Oz,20_30pct,20–30% off,7,0.4063,0.5574,0.2027,0.5799,,,,0.2297,2.52,3.04,2026-01-26T00:00:00.000Z,Unknown,,,,0.4063,observational
THE FRESH MARKET,NATURAL EXPANDED,08-40229-30362,Built Puff Brownie Batter Protein Bar 1.41 Oz,30pct_plus,≥30% off,2,0.0601,0.0601,0.0318,0.0884,,,,0.3415,2.85,2.99,2025-11-17T00:00:00.000Z,Unknown,,,,0.0601,observational
THE FRESH MARKET,NATURAL EXPANDED,08-40229-30573,Built Puff Strawberries N Cream Protein Bar 1.41 Oz,10_20pct,10–20% off,2,0.0189,0.0189,0.0189,0.0189,,,,0.1195,3.25,3.29,2026-03-23T00:00:00.000Z,Unknown,,,,0.0189,observational
THE FRESH MARKET,NATURAL EXPANDED,08-40229-30573,Built Puff Strawberries N Cream Protein Bar 1.41 Oz,30pct_plus,≥30% off,3,0.3809,0.4506,0.3297,0.4669,,,,0.4513,2.31,3.21,2026-03-09T00:00:00.000Z,Unknown,,,,0.3809,observational
TOMS FOOD MARKETS,REGIONAL & INDEP GROCERY,08-40229-30034,Built Puff Salted Caramel Protein Bar 1.41 Oz,10_20pct,10–20% off,6,0.2069,0.2069,0.2069,0.2069,,,,0.1732,2.39,2.79,2026-04-13T00:00:00.000Z,Unknown,,,,0.2069,observational
TOMS FOOD MARKETS,REGIONAL & INDEP GROCERY,08-40229-30034,Built Puff Salted Caramel Protein Bar 1.41 Oz,20_30pct,20–30% off,1,0.1538,0.1538,0.1538,0.1538,,,,0.267,2.12,2.89,2025-07-14T00:00:00.000Z,Unknown,,,,0.1538,observational
TOMS FOOD MARKETS,REGIONAL & INDEP GROCERY,08-40229-30034,Built Puff Salted Caramel Protein Bar 1.41 Oz,30pct_plus,≥30% off,9,0.5865,0.4179,0.1811,0.6312,,,,0.311,1.99,2.73,2025-09-15T00:00:00.000Z,Unknown,,,,0.5865,observational
TOMS FOOD MARKETS,REGIONAL & INDEP GROCERY,08-40229-30037,Built Puff Coconut Protein Bar 1.41 Oz,0_10pct,<10% off,2,0.7085,0.7085,0.7085,0.7085,,,,0.079,3.26,3.49,2025-10-27T00:00:00.000Z,Unknown,,,,0.7085,observational
TOMS FOOD MARKETS,REGIONAL & INDEP GROCERY,08-40229-30037,Built Puff Coconut Protein Bar 1.41 Oz,20_30pct,20–30% off,5,0.8622,0.8653,0.6575,1.2147,,,,0.2764,2.53,3.49,2025-07-21T00:00:00.000Z,Unknown,,,,0.8622,observational
TOMS FOOD MARKETS,REGIONAL & INDEP GROCERY,08-40229-30333,Built Puff Cookie Dough Chunk Protein Bar 1.55 Oz,0_10pct,<10% off,1,0.1667,0.1667,0.1667,0.1667,,,,0.063,3.4,3.49,2025-07-28T00:00:00.000Z,Unknown,,,,0.1667,observational
TOMS FOOD MARKETS,REGIONAL & INDEP GROCERY,08-40229-30333,Built Puff Cookie Dough Chunk Protein Bar 1.55 Oz,10_20pct,10–20% off,1,,,,,,,,0.189,3.12,3.49,2025-10-27T00:00:00.000Z,Unknown,,,,,observational
TOMS FOOD MARKETS,REGIONAL & INDEP GROCERY,08-40229-30333,Built Puff Cookie Dough Chunk Protein Bar 1.55 Oz,20_30pct,20–30% off,6,1.3464,1.5,1.0398,1.7473,,,,0.275,2.64,3.49,2025-10-20T00:00:00.000Z,Unknown,,,,1.3464,observational
TOMS FOOD MARKETS,REGIONAL & INDEP GROCERY,08-40229-30362,Built Puff Brownie Batter Protein Bar 1.41 Oz,0_10pct,<10% off,1,0.7105,0.7105,0.7105,0.7105,,,,0.078,3.26,3.46,2025-07-28T00:00:00.000Z,Unknown,,,,0.7105,observational
TOMS FOOD MARKETS,REGIONAL & INDEP GROCERY,08-40229-30362,Built Puff Brownie Batter Protein Bar 1.41 Oz,10_20pct,10–20% off,1,,,,,,,,0.142,3.16,3.49,2025-10-27T00:00:00.000Z,Unknown,,,,,observational
TOMS FOOD MARKETS,REGIONAL & INDEP GROCERY,08-40229-30362,Built Puff Brownie Batter Protein Bar 1.41 Oz,20_30pct,20–30% off,5,1.0156,0.907,0.8229,1.0652,,,,0.271,2.55,3.49,2025-07-21T00:00:00.000Z,Unknown,,,,1.0156,observational
TOMS FOOD MARKETS,REGIONAL & INDEP GROCERY,08-40229-30380,Built Puff Brownie Batter Protein Bar 1.41 Oz (4 Pk),10_20pct,10–20% off,2,,,,,,,,0.109,9.79,10.69,2026-04-13T00:00:00.000Z,Unknown,,,,,observational
TOMS FOOD MARKETS,REGIONAL & INDEP GROCERY,08-40229-30381,Built Puff Coconut Protein Bar 1.41 Oz (4 Pk),10_20pct,10–20% off,3,,,,,,,,0.109,9.79,10.99,2026-04-13T00:00:00.000Z,Unknown,,,,,observational
TOMS FOOD MARKETS,REGIONAL & INDEP GROCERY,08-40229-30432,Built Puff Mint Chip Protein Bar 1.41 Oz,30pct_plus,≥30% off,3,0.1111,0.1111,0.1111,0.1111,,,,0.315,2.39,3.49,2026-04-13T00:00:00.000Z,Unknown,,,,0.1111,observational
TOMS FOOD MARKETS,REGIONAL & INDEP GROCERY,08-40229-30550,Built Puff Cookies N Cream Protein Bar 1.41 Oz,30pct_plus,≥30% off,3,,,,,,,,0.3153,2.39,3.49,2026-04-13T00:00:00.000Z,Unknown,,,,,observational
TOMS FOOD MARKETS,REGIONAL & INDEP GROCERY,08-40229-30558,Built Puff Cookie Dough Chunk Protein Bar 1.55 Oz (4 Pk),10_20pct,10–20% off,2,,,,,,,,0.109,9.79,10.99,2026-04-13T00:00:00.000Z,Unknown,,,,,observational
TONYS FINER FOODS,REGIONAL & INDEP GROCERY,08-40229-30034,Built Puff Salted Caramel Protein Bar 1.41 Oz,30pct_plus,≥30% off,5,0.5014,0.3646,0.2594,0.6066,,,,0.5688,1.78,2.63,2026-02-23T00:00:00.000Z,Unknown,,,,0.5014,observational
TONYS FINER FOODS,REGIONAL & INDEP GROCERY,08-40229-30333,Built Puff Cookie Dough Chunk Protein Bar 1.55 Oz,30pct_plus,≥30% off,6,0.1069,0.0883,0.0752,0.1201,,,,0.6035,2.04,2.5,2026-01-19T00:00:00.000Z,Unknown,,,,0.1069,observational
TONYS FINER FOODS,REGIONAL & INDEP GROCERY,08-40229-30380,Built Puff Brownie Batter Protein Bar 1.41 Oz (4 Pk),0_10pct,<10% off,6,0.1946,0.1946,0.1669,0.2223,,,,0.0797,11.25,11.88,2026-04-13T00:00:00.000Z,Unknown,,,,0.1946,observational
TONYS FINER FOODS,REGIONAL & INDEP GROCERY,08-40229-30381,Built Puff Coconut Protein Bar 1.41 Oz (4 Pk),0_10pct,<10% off,6,,,,,,,,0.083,11.16,11.89,2026-04-13T00:00:00.000Z,Unknown,,,,,observational
TONYS FINER FOODS,REGIONAL & INDEP GROCERY,08-40229-30432,Built Puff Mint Chip Protein Bar 1.41 Oz,30pct_plus,≥30% off,1,,,,,,,,0.638,1.72,2.99,2025-12-29T00:00:00.000Z,Unknown,,,,,observational
TONYS FINER FOODS,REGIONAL & INDEP GROCERY,08-40229-30550,Built Puff Cookies N Cream Protein Bar 1.41 Oz,30pct_plus,≥30% off,1,,,,,,,,0.572,2.94,2.99,2026-01-05T00:00:00.000Z,Unknown,,,,,observational
TOWN AND COUNTRY,NATURAL EXPANDED,08-40229-30037,Built Puff Coconut Protein Bar 1.41 Oz,0_10pct,<10% off,3,0.1813,0.1881,0.1204,0.2457,,,,0.084,3.11,3.35,2025-12-01T00:00:00.000Z,Unknown,,,,0.1813,observational
TOWN AND COUNTRY,NATURAL EXPANDED,08-40229-30037,Built Puff Coconut Protein Bar 1.41 Oz,10_20pct,10–20% off,19,0.4792,0.4446,0.2307,0.6164,,,,0.1509,2.96,3.42,2026-02-02T00:00:00.000Z,Unknown,,,,0.4792,observational
TOWN AND COUNTRY,NATURAL EXPANDED,08-40229-30333,Built Puff Cookie Dough Chunk Protein Bar 1.55 Oz,0_10pct,<10% off,3,0.4994,0.4257,0.3183,0.6437,,,,0.0897,2.92,3.19,2025-12-01T00:00:00.000Z,Unknown,,,,0.4994,observational
TOWN AND COUNTRY,NATURAL EXPANDED,08-40229-30333,Built Puff Cookie Dough Chunk Protein Bar 1.55 Oz,10_20pct,10–20% off,18,0.6537,0.7045,0.3487,0.8561,,,,0.1512,2.98,3.45,2026-01-26T00:00:00.000Z,Unknown,,,,0.6537,observational
TOWN AND COUNTRY,NATURAL EXPANDED,08-40229-30362,Built Puff Brownie Batter Protein Bar 1.41 Oz,0_10pct,<10% off,4,0.0656,0.043,0.0273,0.0926,,,,0.079,3.05,3.25,2025-12-01T00:00:00.000Z,Unknown,,,,0.0656,observational
TOWN AND COUNTRY,NATURAL EXPANDED,08-40229-30362,Built Puff Brownie Batter Protein Bar 1.41 Oz,10_20pct,10–20% off,17,0.5248,0.5984,0.2931,0.7738,,,,0.1536,2.97,3.47,2026-01-26T00:00:00.000Z,Unknown,,,,0.5248,observational
TOWN AND COUNTRY,NATURAL EXPANDED,08-40229-30432,Built Puff Mint Chip Protein Bar 1.41 Oz,0_10pct,<10% off,1,0.2432,0.2432,0.2432,0.2432,,,,0.07,3.26,3.48,2025-05-19T00:00:00.000Z,Unknown,,,,0.2432,observational
TOWN AND COUNTRY,NATURAL EXPANDED,08-40229-30432,Built Puff Mint Chip Protein Bar 1.41 Oz,10_20pct,10–20% off,17,0.469,0.5679,0.066,0.7213,,,,0.1523,3.01,3.42,2026-02-09T00:00:00.000Z,Unknown,,,,0.469,observational
TOWN AND COUNTRY,NATURAL EXPANDED,08-40229-30432,Built Puff Mint Chip Protein Bar 1.41 Oz,20_30pct,20–30% off,2,0.7693,0.7693,0.6323,0.9062,,,,0.2525,2.61,3.49,2025-07-07T00:00:00.000Z,Unknown,,,,0.7693,observational
UNCLE GIUSEPPES MARKETPLACE,NATURAL EXPANDED,08-40229-30037,Built Puff Coconut Protein Bar 1.41 Oz,0_10pct,<10% off,15,0.2632,0.2083,0.1706,0.308,,,,0.0695,3.24,3.38,2026-03-30T00:00:00.000Z,Unknown,,,,0.2632,observational
UNCLE GIUSEPPES MARKETPLACE,NATURAL EXPANDED,08-40229-30037,Built Puff Coconut Protein Bar 1.41 Oz,10_20pct,10–20% off,13,0.3664,0.3684,0.2889,0.4737,,,,0.1373,3.08,3.37,2026-03-16T00:00:00.000Z,Unknown,,,,0.3664,observational
UNCLE GIUSEPPES MARKETPLACE,NATURAL EXPANDED,08-40229-30037,Built Puff Coconut Protein Bar 1.41 Oz,20_30pct,20–30% off,1,,,,,,,,0.225,2.62,3.38,2024-11-25T00:00:00.000Z,Unknown,,,,,observational
UNCLE GIUSEPPES MARKETPLACE,NATURAL EXPANDED,08-40229-30333,Built Puff Cookie Dough Chunk Protein Bar 1.55 Oz,0_10pct,<10% off,16,0.3911,0.1705,0.0948,0.3492,,,,0.0714,3.25,3.41,2026-03-16T00:00:00.000Z,Unknown,,,,0.3911,observational
UNCLE GIUSEPPES MARKETPLACE,NATURAL EXPANDED,08-40229-30333,Built Puff Cookie Dough Chunk Protein Bar 1.55 Oz,10_20pct,10–20% off,10,0.4634,0.4634,0.4634,0.4634,,,,0.1306,3.07,3.34,2026-02-16T00:00:00.000Z,Unknown,,,,0.4634,observational
UNCLE GIUSEPPES MARKETPLACE,NATURAL EXPANDED,08-40229-30362,Built Puff Brownie Batter Protein Bar 1.41 Oz,0_10pct,<10% off,10,0.3888,0.1304,0.129,0.2281,,,,0.0728,3.25,3.45,2026-04-13T00:00:00.000Z,Unknown,,,,0.3888,observational
UNCLE GIUSEPPES MARKETPLACE,NATURAL EXPANDED,08-40229-30362,Built Puff Brownie Batter Protein Bar 1.41 Oz,10_20pct,10–20% off,8,0.739,0.3208,0.2537,0.4474,,,,0.1332,3.04,3.38,2026-03-30T00:00:00.000Z,Unknown,,,,0.739,observational
UNCLE GIUSEPPES MARKETPLACE,NATURAL EXPANDED,08-40229-30362,Built Puff Brownie Batter Protein Bar 1.41 Oz,20_30pct,20–30% off,3,,,,,,,,0.2387,3.07,3.39,2026-03-09T00:00:00.000Z,Unknown,,,,,observational
UNCLE GIUSEPPES MARKETPLACE,NATURAL EXPANDED,08-40229-30432,Built Puff Mint Chip Protein Bar 1.41 Oz,0_10pct,<10% off,3,0.0769,0.0769,0.0769,0.0769,,,,0.079,3.25,3.41,2026-01-26T00:00:00.000Z,Unknown,,,,0.0769,observational
UNCLE GIUSEPPES MARKETPLACE,NATURAL EXPANDED,08-40229-30432,Built Puff Mint Chip Protein Bar 1.41 Oz,10_20pct,10–20% off,9,0.6364,0.6364,0.6364,0.6364,,,,0.1452,3.1,3.42,2026-03-16T00:00:00.000Z,Unknown,,,,0.6364,observational
UNCLE GIUSEPPES MARKETPLACE,NATURAL EXPANDED,08-40229-30432,Built Puff Mint Chip Protein Bar 1.41 Oz,20_30pct,20–30% off,3,0.2389,0.2389,0.2389,0.2389,,,,0.2477,2.81,3.48,2026-03-30T00:00:00.000Z,Unknown,,,,0.2389,observational
UNCLE GIUSEPPES MARKETPLACE,NATURAL EXPANDED,08-40229-30569,Built Puff Chocolate Milkshake Protein Bar 1.41 Oz,0_10pct,<10% off,1,,,,,,,,0.049,2.97,3.06,2025-10-13T00:00:00.000Z,Unknown,,,,,observational
UNCLE GIUSEPPES MARKETPLACE,NATURAL EXPANDED,08-40229-30569,Built Puff Chocolate Milkshake Protein Bar 1.41 Oz,10_20pct,10–20% off,2,,,,,,,,0.1255,2.76,3.01,2025-12-08T00:00:00.000Z,Unknown,,,,,observational
UNCLE GIUSEPPES MARKETPLACE,NATURAL EXPANDED,08-40229-30573,Built Puff Strawberries N Cream Protein Bar 1.41 Oz,0_10pct,<10% off,4,0.0787,0.0787,0.0466,0.1108,,,,0.0685,3.1,3.2,2026-03-30T00:00:00.000Z,Unknown,,,,0.0787,observational
UNCLE GIUSEPPES MARKETPLACE,NATURAL EXPANDED,08-40229-30573,Built Puff Strawberries N Cream Protein Bar 1.41 Oz,10_20pct,10–20% off,9,,,,,,,,0.148,2.8,3.18,2026-03-09T00:00:00.000Z,Unknown,,,,,observational
UNCLE GIUSEPPES MARKETPLACE,NATURAL EXPANDED,08-40229-30573,Built Puff Strawberries N Cream Protein Bar 1.41 Oz,20_30pct,20–30% off,3,0.6216,0.6216,0.6216,0.6216,,,,0.2413,2.93,3.23,2026-02-02T00:00:00.000Z,Unknown,,,,0.6216,observational
UNFI,CONVENTIONAL|FOOD,00-40962-48350,Built Bar Mint Brownie Choc 1.73 Oz (18 Pk),no_promo,No price reduction,3,,,,,,402.4333,,0.0,3.49,3.49,2024-07-01T00:00:00.000Z,Display,,,,,observational
UNFI,CONVENTIONAL|FOOD,08-40229-30034,Built Puff Salted Caramel Protein Bar 1.41 Oz,0_10pct,<10% off,27,0.089,0.054,0.0342,0.095,58.14,62.0926,260.5,0.0474,3.04,3.07,2025-12-22T00:00:00.000Z,Display,,,,0.089,observational
UNFI,CONVENTIONAL|FOOD,08-40229-30034,Built Puff Salted Caramel Protein Bar 1.41 Oz,10_20pct,10–20% off,21,0.1355,0.1118,0.0833,0.1575,47.525,63.5095,76.92,0.1418,2.85,3.0,2026-04-13T00:00:00.000Z,Display,,,,0.1355,observational
UNFI,CONVENTIONAL|FOOD,08-40229-30034,Built Puff Salted Caramel Protein Bar 1.41 Oz,20_30pct,20–30% off,8,0.2749,0.238,0.2061,0.3728,68.1875,71.1857,131.7333,0.2331,2.64,2.98,2026-02-23T00:00:00.000Z,TPR,,,,0.2749,observational
UNFI,CONVENTIONAL|FOOD,08-40229-30034,Built Puff Salted Caramel Protein Bar 1.41 Oz,30pct_plus,≥30% off,5,0.2097,0.1351,0.1279,0.2541,22.04,,,0.5538,1.89,2.76,2025-01-27T00:00:00.000Z,TPR,,,,0.2097,observational
UNFI,CONVENTIONAL|FOOD,08-40229-30034,Built Puff Salted Caramel Protein Bar 1.41 Oz,no_promo,No price reduction,8,0.1565,0.0597,0.0415,0.2096,,116.1375,,0.0,3.05,3.05,2025-04-14T00:00:00.000Z,Display,,,,0.1565,observational
UNFI,CONVENTIONAL|FOOD,08-40229-30037,Built Puff Coconut Protein Bar 1.41 Oz,0_10pct,<10% off,25,0.0628,0.0632,0.0299,0.0861,45.54,76.81,73.7375,0.0653,2.88,2.92,2026-02-23T00:00:00.000Z,Display,,,,0.0628,observational
UNFI,CONVENTIONAL|FOOD,08-40229-30037,Built Puff Coconut Protein Bar 1.41 Oz,10_20pct,10–20% off,62,0.1019,0.0852,0.0492,0.1348,59.82,92.9722,145.6273,0.1479,2.81,2.92,2026-04-13T00:00:00.000Z,TPR,,,,0.1019,observational
UNFI,CONVENTIONAL|FOOD,08-40229-30037,Built Puff Coconut Protein Bar 1.41 Oz,20_30pct,20–30% off,27,0.255,0.1914,0.1225,0.3597,55.7259,66.1077,153.4,0.2254,2.53,2.87,2026-03-30T00:00:00.000Z,TPR,,,,0.255,observational
UNFI,CONVENTIONAL|FOOD,08-40229-30037,Built Puff Coconut Protein Bar 1.41 Oz,30pct_plus,≥30% off,1,0.2427,0.2427,0.2427,0.2427,71.9,144.2,266.1,0.314,2.65,3.11,2026-02-16T00:00:00.000Z,Feature,,,,0.2427,observational
UNFI,CONVENTIONAL|FOOD,08-40229-30050,Built Puff Churro Protein Bar 1.41 Oz,0_10pct,<10% off,33,0.0621,0.0398,0.0146,0.0611,42.0094,36.0053,82.2,0.0654,2.96,3.0,2026-04-13T00:00:00.000Z,TPR,,,,0.0621,observational
UNFI,CONVENTIONAL|FOOD,08-40229-30050,Built Puff Churro Protein Bar 1.41 Oz,10_20pct,10–20% off,65,0.0977,0.0636,0.0336,0.1392,391.3905,57.6036,70.25,0.1364,2.84,2.93,2026-04-06T00:00:00.000Z,TPR,,,,0.0977,observational
UNFI,CONVENTIONAL|FOOD,08-40229-30050,Built Puff Churro Protein Bar 1.41 Oz,20_30pct,20–30% off,14,0.2511,0.2393,0.1141,0.3801,343.8857,45.4333,60.9,0.2434,2.52,2.76,2026-01-12T00:00:00.000Z,TPR,,,,0.2511,observational
UNFI,CONVENTIONAL|FOOD,08-40229-30050,Built Puff Churro Protein Bar 1.41 Oz,30pct_plus,≥30% off,8,0.1297,0.0143,0.003,0.1577,70.8125,,,0.453,2.71,2.9,2024-12-02T00:00:00.000Z,TPR,,,,0.1297,observational
UNFI,CONVENTIONAL|FOOD,08-40229-30050,Built Puff Churro Protein Bar 1.41 Oz,no_promo,No price reduction,3,0.0234,0.0152,0.0125,0.0302,,52.4333,,0.0,3.01,3.01,2025-07-21T00:00:00.000Z,Display,,,,0.0234,observational
UNFI,CONVENTIONAL|FOOD,08-40229-30053,Built Puff Banana Cream Pie Protein Bar 1.41 Oz,10_20pct,10–20% off,1,,,,,,110.4,,0.1,3.49,3.87,2024-06-24T00:00:00.000Z,Display,,,,,observational
UNFI,CONVENTIONAL|FOOD,08-40229-30053,Built Puff Banana Cream Pie Protein Bar 1.41 Oz,no_promo,No price reduction,6,,,,,,191.9667,,0.0,3.49,3.49,2024-11-11T00:00:00.000Z,Display,,,,,observational
UNFI,CONVENTIONAL|FOOD,08-40229-30071,Built Double Chocolate Fudge Bar 1.69oz,0_10pct,<10% off,15,0.0084,0.0039,0.0028,0.0131,33.64,,,0.0765,2.91,2.93,2025-06-09T00:00:00.000Z,TPR,,,,0.0084,observational
UNFI,CONVENTIONAL|FOOD,08-40229-30071,Built Double Chocolate Fudge Bar 1.69oz,10_20pct,10–20% off,61,0.1106,0.0486,0.0166,0.1525,49.2721,,30.1,0.1437,2.81,2.92,2025-10-06T00:00:00.000Z,TPR,,,,0.1106,observational
UNFI,CONVENTIONAL|FOOD,08-40229-30071,Built Double Chocolate Fudge Bar 1.69oz,20_30pct,20–30% off,15,0.2778,0.2805,0.0671,0.3427,64.9267,56.375,75.0,0.2539,2.61,2.93,2025-05-26T00:00:00.000Z,TPR,,,,0.2778,observational
UNFI,CONVENTIONAL|FOOD,08-40229-30071,Built Double Chocolate Fudge Bar 1.69oz,30pct_plus,≥30% off,12,0.16,0.0499,0.0357,0.2391,91.8917,,,0.3532,2.76,3.02,2025-06-23T00:00:00.000Z,TPR,,,,0.16,observational
UNFI,CONVENTIONAL|FOOD,08-40229-30099,Built Coconut Bar 1.69oz,0_10pct,<10% off,16,0.0156,0.0064,0.0044,0.0278,31.8188,,,0.0809,2.96,2.98,2025-03-03T00:00:00.000Z,TPR,,,,0.0156,observational
UNFI,CONVENTIONAL|FOOD,08-40229-30099,Built Coconut Bar 1.69oz,10_20pct,10–20% off,44,0.186,0.1512,0.0263,0.2782,50.8465,110.95,12.45,0.1547,2.8,2.96,2025-06-30T00:00:00.000Z,TPR,,,,0.186,observational
UNFI,CONVENTIONAL|FOOD,08-40229-30099,Built Coconut Bar 1.69oz,20_30pct,20–30% off,15,0.1838,0.1077,0.0704,0.1911,52.8867,,14.4,0.2449,2.72,3.1,2025-07-14T00:00:00.000Z,TPR,,,,0.1838,observational
UNFI,CONVENTIONAL|FOOD,08-40229-30099,Built Coconut Bar 1.69oz,30pct_plus,≥30% off,22,0.1834,0.1246,0.0278,0.3138,106.3091,,,0.3852,2.7,3.06,2025-06-23T00:00:00.000Z,TPR,,,,0.1834,observational
UNFI,CONVENTIONAL|FOOD,08-40229-30103,Built Coocnut Almond Bar 1.97oz,10_20pct,10–20% off,7,0.2389,0.2065,0.0329,0.3123,39.2,,,0.164,2.68,2.93,2024-01-22T00:00:00.000Z,TPR,,,,0.2389,observational
UNFI,CONVENTIONAL|FOOD,08-40229-30103,Built Coocnut Almond Bar 1.97oz,30pct_plus,≥30% off,2,0.5792,0.5792,0.3868,0.7716,96.75,,,0.3315,2.24,2.9,2024-01-01T00:00:00.000Z,TPR,,,,0.5792,observational
UNFI,CONVENTIONAL|FOOD,08-40229-30107,Built Mint Brownie Bar 1.69oz,0_10pct,<10% off,3,0.2394,0.2394,0.2394,0.2394,80.0667,,,0.0673,2.78,2.83,2024-12-23T00:00:00.000Z,Unknown,,,,0.2394,observational
UNFI,CONVENTIONAL|FOOD,08-40229-30107,Built Mint Brownie Bar 1.69oz,10_20pct,10–20% off,20,0.1112,0.1151,0.0394,0.153,56.72,,,0.1494,2.7,2.78,2025-01-27T00:00:00.000Z,TPR,,,,0.1112,observational
UNFI,CONVENTIONAL|FOOD,08-40229-30107,Built Mint Brownie Bar 1.69oz,20_30pct,20–30% off,5,0.2612,0.2393,0.1524,0.362,158.04,,,0.2784,2.56,2.85,2024-03-04T00:00:00.000Z,TPR,,,,0.2612,observational
UNFI,CONVENTIONAL|FOOD,08-40229-30107,Built Mint Brownie Bar 1.69oz,30pct_plus,≥30% off,11,0.6543,0.1723,0.0585,0.3754,170.42,,245.5,0.4583,2.33,2.79,2024-08-19T00:00:00.000Z,TPR,,,,0.6543,observational
UNFI,CONVENTIONAL|FOOD,08-40229-30111,Built Cherry Barcia Bar 1.72oz,10_20pct,10–20% off,6,0.0117,0.0049,0.0049,0.0151,53.0833,,,0.1638,2.82,2.83,2023-10-09T00:00:00.000Z,TPR,,,,0.0117,observational
UNFI,CONVENTIONAL|FOOD,08-40229-30111,Built Cherry Barcia Bar 1.72oz,30pct_plus,≥30% off,5,0.4895,0.4895,0.4895,0.4895,17.16,,,0.3894,2.19,2.74,2024-02-26T00:00:00.000Z,Unknown,,,,0.4895,observational
UNFI,CONVENTIONAL|FOOD,08-40229-30115,Built Peanut Butter Bar 1.69oz,no_promo,No price reduction,7,,,,,,112.2,,0.0,3.51,3.51,2025-02-10T00:00:00.000Z,Display,,,,,observational
UNFI,CONVENTIONAL|FOOD,08-40229-30119,Built Satled Caramel Bar 1.69oz,0_10pct,<10% off,11,0.0105,0.004,0.0034,0.0119,21.2818,31.9333,,0.0856,2.86,2.87,2024-10-14T00:00:00.000Z,TPR,,,,0.0105,observational
UNFI,CONVENTIONAL|FOOD,08-40229-30119,Built Satled Caramel Bar 1.69oz,10_20pct,10–20% off,46,0.0934,0.0754,0.0216,0.1485,52.863,66.3846,23.8,0.1422,2.78,2.86,2025-06-16T00:00:00.000Z,TPR,,,,0.0934,observational
UNFI,CONVENTIONAL|FOOD,08-40229-30119,Built Satled Caramel Bar 1.69oz,20_30pct,20–30% off,25,0.3543,0.2309,0.1826,0.4239,81.732,62.1375,86.7,0.2517,2.61,3.01,2025-05-26T00:00:00.000Z,TPR,,,,0.3543,observational
UNFI,CONVENTIONAL|FOOD,08-40229-30119,Built Satled Caramel Bar 1.69oz,30pct_plus,≥30% off,16,0.2507,0.2335,0.0849,0.2892,123.2688,95.3,,0.3463,2.64,3.03,2025-06-09T00:00:00.000Z,TPR,,,,0.2507,observational
UNFI,CONVENTIONAL|FOOD,08-40229-30119,Built Satled Caramel Bar 1.69oz,no_promo,No price reduction,1,0.0019,0.0019,0.0019,0.0019,,25.3,,0.0,2.83,2.83,2024-06-24T00:00:00.000Z,Display,,,,0.0019,observational
UNFI,CONVENTIONAL|FOOD,08-40229-30122,Built Raspberry Bar 1.73oz,10_20pct,10–20% off,7,0.2224,0.174,0.0913,0.3293,17.6,,96.1,0.1427,2.72,2.83,2024-06-03T00:00:00.000Z,Unknown,,,,0.2224,observational
UNFI,CONVENTIONAL|FOOD,08-40229-30122,Built Raspberry Bar 1.73oz,30pct_plus,≥30% off,3,0.3546,0.3546,0.3546,0.3546,0.0,,204.3,0.44,2.37,2.8,2024-02-05T00:00:00.000Z,Unknown,,,,0.3546,observational
UNFI,CONVENTIONAL|FOOD,08-40229-30130,Built Cookies & Cream Bar 1.69oz,0_10pct,<10% off,18,0.0328,0.0145,0.0095,0.043,31.1353,224.8286,,0.0581,2.98,3.0,2025-02-24T00:00:00.000Z,TPR,,,,0.0328,observational
UNFI,CONVENTIONAL|FOOD,08-40229-30130,Built Cookies & Cream Bar 1.69oz,10_20pct,10–20% off,43,0.126,0.1023,0.016,0.1571,68.9326,188.05,42.0,0.1456,2.85,2.96,2025-01-27T00:00:00.000Z,TPR,,,,0.126,observational
UNFI,CONVENTIONAL|FOOD,08-40229-30130,Built Cookies & Cream Bar 1.69oz,20_30pct,20–30% off,19,0.1756,0.1366,0.0855,0.1835,60.6579,61.1,217.8,0.2517,2.64,2.86,2025-06-16T00:00:00.000Z,TPR,,,,0.1756,observational
UNFI,CONVENTIONAL|FOOD,08-40229-30130,Built Cookies & Cream Bar 1.69oz,30pct_plus,≥30% off,23,0.2043,0.1287,0.1004,0.3085,117.7043,67.2,,0.3872,2.64,3.1,2025-07-14T00:00:00.000Z,TPR,,,,0.2043,observational
UNFI,CONVENTIONAL|FOOD,08-40229-30143,Built Bar Peanut Butter Brown Br 2.05oz(18pk),0_10pct,<10% off,1,0.067,0.067,0.067,0.067,7.5,,,0.048,2.85,2.97,2023-11-27T00:00:00.000Z,TPR,,,,0.067,observational
UNFI,CONVENTIONAL|FOOD,08-40229-30143,Built Bar Peanut Butter Brown Br 2.05oz(18pk),10_20pct,10–20% off,7,0.4255,0.4177,0.1575,0.6857,27.4429,,,0.1569,2.54,2.78,2024-01-29T00:00:00.000Z,TPR,,,,0.4255,observational
UNFI,CONVENTIONAL|FOOD,08-40229-30143,Built Bar Peanut Butter Brown Br 2.05oz(18pk),30pct_plus,≥30% off,3,1.1206,1.3865,0.9212,1.453,132.2,,,0.32,2.03,2.93,2024-01-08T00:00:00.000Z,TPR,,,,1.1206,observational
UNFI,CONVENTIONAL|FOOD,08-40229-30209,Built Puff Coconut Protein Bar 1.41 Oz (12 Pk),0_10pct,<10% off,2,0.0962,0.0962,0.0962,0.0962,0.0,15.6,,0.0455,27.84,27.99,2026-01-26T00:00:00.000Z,Unknown,,,,0.0962,observational
UNFI,CONVENTIONAL|FOOD,08-40229-30209,Built Puff Coconut Protein Bar 1.41 Oz (12 Pk),10_20pct,10–20% off,3,0.9682,0.8908,0.8809,1.0168,95.2,98.3667,,0.1877,22.75,28.0,2026-01-19T00:00:00.000Z,TPR,,,,0.9682,observational
UNFI,CONVENTIONAL|FOOD,08-40229-30209,Built Puff Coconut Protein Bar 1.41 Oz (12 Pk),20_30pct,20–30% off,17,1.1407,1.1028,0.5647,1.72,124.6412,133.9,,0.2538,21.44,27.91,2025-12-29T00:00:00.000Z,TPR,,,,1.1407,observational
UNFI,CONVENTIONAL|FOOD,08-40229-30209,Built Puff Coconut Protein Bar 1.41 Oz (12 Pk),no_promo,No price reduction,11,0.0644,0.0609,0.0266,0.0867,,35.8545,,0.0,27.99,27.99,2026-02-16T00:00:00.000Z,Display,,,,0.0644,observational
UNFI,CONVENTIONAL|FOOD,08-40229-30229,Built Puff Churro Protein Bar 1.41 Oz (12 Pk),20_30pct,20–30% off,5,1.0641,0.9841,0.09,1.0661,638.16,,,0.2784,20.32,24.5,2024-03-25T00:00:00.000Z,TPR,,,,1.0641,observational
UNFI,CONVENTIONAL|FOOD,08-40229-30229,Built Puff Churro Protein Bar 1.41 Oz (12 Pk),30pct_plus,≥30% off,3,3.7059,3.7059,3.7059,3.7059,251.8333,,,0.497,14.39,27.9,2024-12-02T00:00:00.000Z,TPR,,,,3.7059,observational
UNFI,CONVENTIONAL|FOOD,08-40229-30253,Built Coconut Bar 1.69oz (12pk),30pct_plus,≥30% off,2,,,,,82.0,,,0.4375,15.72,27.95,2023-09-11T00:00:00.000Z,TPR,,,,,observational
UNFI,CONVENTIONAL|FOOD,08-40229-30254,Built Bar Mint Brownie Protein Nutritional Snack Bar Ss 20.32oz,30pct_plus,≥30% off,1,,,,,58.7,,,0.501,16.3,27.98,2023-09-04T00:00:00.000Z,TPR,,,,,observational
UNFI,CONVENTIONAL|FOOD,08-40229-30257,Built Double Chocolate Bar 1.84oz (12pk),10_20pct,10–20% off,2,0.9154,0.9154,0.8224,1.0084,109.9,,,0.192,23.0,27.98,2023-10-16T00:00:00.000Z,TPR,,,,0.9154,observational
UNFI,CONVENTIONAL|FOOD,08-40229-30257,Built Double Chocolate Bar 1.84oz (12pk),20_30pct,20–30% off,5,0.9682,1.2785,0.7783,1.3132,95.12,,,0.2508,21.15,27.36,2024-03-18T00:00:00.000Z,TPR,,,,0.9682,observational
UNFI,CONVENTIONAL|FOOD,08-40229-30257,Built Double Chocolate Bar 1.84oz (12pk),30pct_plus,≥30% off,1,,,,,0.0,,,0.503,27.25,27.99,2023-09-11T00:00:00.000Z,Unknown,,,,,observational
UNFI,CONVENTIONAL|FOOD,08-40229-30258,Built Salted Caramel Bar 1.69oz (12pk),10_20pct,10–20% off,2,0.3515,0.3515,0.2214,0.4815,165.65,,,0.1555,25.12,27.68,2025-03-03T00:00:00.000Z,TPR,,,,0.3515,observational
UNFI,CONVENTIONAL|FOOD,08-40229-30258,Built Salted Caramel Bar 1.69oz (12pk),20_30pct,20–30% off,15,1.0322,1.1333,0.6142,1.4077,110.5733,413.62,,0.2597,21.23,27.81,2025-02-10T00:00:00.000Z,TPR,,,,1.0322,observational
UNFI,CONVENTIONAL|FOOD,08-40229-30258,Built Salted Caramel Bar 1.69oz (12pk),30pct_plus,≥30% off,1,,,,,0.0,,,0.501,27.35,27.99,2023-09-11T00:00:00.000Z,Unknown,,,,,observational
UNFI,CONVENTIONAL|FOOD,08-40229-30258,Built Salted Caramel Bar 1.69oz (12pk),no_promo,No price reduction,3,0.0256,0.0294,0.0189,0.0342,,33.5333,,0.0,27.99,27.99,2024-10-21T00:00:00.000Z,Display,,,,0.0256,observational
UNFI,CONVENTIONAL|FOOD,08-40229-30333,Built Puff Cookie Dough Chunk Protein Bar 1.55 Oz,0_10pct,<10% off,44,0.0326,0.028,0.0121,0.0424,60.5974,43.4821,199.6,0.0497,2.94,2.96,2025-12-22T00:00:00.000Z,Display,26.12,ROBUST,1.0,26.12,causal_robust
UNFI,CONVENTIONAL|FOOD,08-40229-30333,Built Puff Cookie Dough Chunk Protein Bar 1.55 Oz,10_20pct,10–20% off,36,0.0743,0.0645,0.0388,0.1002,46.2,40.0615,59.75,0.1466,2.82,2.91,2026-04-13T00:00:00.000Z,TPR,26.12,ROBUST,1.0,26.12,causal_robust
UNFI,CONVENTIONAL|FOOD,08-40229-30333,Built Puff Cookie Dough Chunk Protein Bar 1.55 Oz,20_30pct,20–30% off,13,0.3186,0.2386,0.194,0.4163,71.8077,35.22,129.125,0.2265,2.56,2.92,2026-03-02T00:00:00.000Z,TPR,26.12,ROBUST,1.0,26.12,causal_robust
UNFI,CONVENTIONAL|FOOD,08-40229-30333,Built Puff Cookie Dough Chunk Protein Bar 1.55 Oz,no_promo,No price reduction,2,0.0104,0.0104,0.0063,0.0146,,54.85,,0.0,2.96,2.96,2025-04-14T00:00:00.000Z,Display,26.12,ROBUST,1.0,26.12,causal_robust
UNFI,CONVENTIONAL|FOOD,08-40229-30334,Built Puff Cookie Dough Chunk Protein Bar 1.55 Oz (12 Pk),0_10pct,<10% off,1,0.0275,0.0275,0.0275,0.0275,3.1,35.3,,0.01,28.01,28.04,2025-10-13T00:00:00.000Z,Display,,,,0.0275,observational
UNFI,CONVENTIONAL|FOOD,08-40229-30334,Built Puff Cookie Dough Chunk Protein Bar 1.55 Oz (12 Pk),10_20pct,10–20% off,3,0.795,0.7808,0.7765,0.8064,81.6333,77.4,,0.1937,22.61,28.02,2026-01-19T00:00:00.000Z,TPR,,,,0.795,observational
UNFI,CONVENTIONAL|FOOD,08-40229-30334,Built Puff Cookie Dough Chunk Protein Bar 1.55 Oz (12 Pk),20_30pct,20–30% off,7,1.4317,1.1291,0.9742,1.8094,144.6143,162.9833,,0.2587,20.77,27.92,2026-01-12T00:00:00.000Z,Display,,,,1.4317,observational
UNFI,CONVENTIONAL|FOOD,08-40229-30334,Built Puff Cookie Dough Chunk Protein Bar 1.55 Oz (12 Pk),no_promo,No price reduction,11,0.0924,0.088,0.0587,0.1149,,49.5091,,0.0,28.02,28.02,2026-02-16T00:00:00.000Z,Display,,,,0.0924,observational
UNFI,CONVENTIONAL|FOOD,08-40229-30362,Built Puff Brownie Batter Protein Bar 1.41 Oz,0_10pct,<10% off,35,0.0785,0.074,0.0429,0.1083,51.5114,80.0704,122.0,0.0715,2.85,2.89,2026-02-23T00:00:00.000Z,TPR,,,,0.0785,observational
UNFI,CONVENTIONAL|FOOD,08-40229-30362,Built Puff Brownie Batter Protein Bar 1.41 Oz,10_20pct,10–20% off,68,0.0959,0.0729,0.0501,0.1408,52.5606,113.4203,159.1,0.1445,2.8,2.9,2026-04-13T00:00:00.000Z,Display,,,,0.0959,observational
UNFI,CONVENTIONAL|FOOD,08-40229-30362,Built Puff Brownie Batter Protein Bar 1.41 Oz,20_30pct,20–30% off,22,0.2697,0.2534,0.0703,0.4541,46.3955,107.0375,135.3,0.2433,2.46,2.84,2026-01-12T00:00:00.000Z,TPR,,,,0.2697,observational
UNFI,CONVENTIONAL|FOOD,08-40229-30362,Built Puff Brownie Batter Protein Bar 1.41 Oz,30pct_plus,≥30% off,1,0.3023,0.3023,0.3023,0.3023,76.8,164.3,298.8,0.32,2.63,3.15,2026-02-16T00:00:00.000Z,Feature,,,,0.3023,observational
UNFI,CONVENTIONAL|FOOD,08-40229-30363,Built Puff Brownie Batter Protein Bar 1.41 Oz (12 Pk),0_10pct,<10% off,2,0.001,0.001,0.001,0.001,4.95,,,0.0915,27.98,28.03,2025-10-20T00:00:00.000Z,Unknown,,,,0.001,observational
UNFI,CONVENTIONAL|FOOD,08-40229-30363,Built Puff Brownie Batter Protein Bar 1.41 Oz (12 Pk),10_20pct,10–20% off,2,1.2527,1.2527,0.9934,1.512,174.1,161.4,,0.192,22.51,27.08,2026-01-19T00:00:00.000Z,TPR,,,,1.2527,observational
UNFI,CONVENTIONAL|FOOD,08-40229-30363,Built Puff Brownie Batter Protein Bar 1.41 Oz (12 Pk),20_30pct,20–30% off,18,1.4648,1.3333,1.0761,1.8242,173.2111,223.7286,,0.2463,21.57,27.69,2026-01-12T00:00:00.000Z,TPR,,,,1.4648,observational
UNFI,CONVENTIONAL|FOOD,08-40229-30363,Built Puff Brownie Batter Protein Bar 1.41 Oz (12 Pk),no_promo,No price reduction,9,0.139,0.0531,0.0302,0.0831,,41.1,,0.0,27.99,27.99,2026-02-16T00:00:00.000Z,Display,,,,0.139,observational
UNFI,CONVENTIONAL|FOOD,08-40229-30376,Built Cookies & Cream Bar 1.69oz (4pk),0_10pct,<10% off,9,0.2586,0.2586,0.2586,0.2586,21.7,,,0.0872,10.1,10.61,2024-12-02T00:00:00.000Z,Unknown,,,,0.2586,observational
UNFI,CONVENTIONAL|FOOD,08-40229-30376,Built Cookies & Cream Bar 1.69oz (4pk),10_20pct,10–20% off,5,0.6818,0.3333,0.1,0.819,47.775,,183.85,0.1508,9.58,10.79,2024-11-11T00:00:00.000Z,TPR,,,,0.6818,observational
UNFI,CONVENTIONAL|FOOD,08-40229-30376,Built Cookies & Cream Bar 1.69oz (4pk),20_30pct,20–30% off,1,0.0283,0.0283,0.0283,0.0283,16.7,,,0.249,10.45,10.95,2024-11-25T00:00:00.000Z,TPR,,,,0.0283,observational
UNFI,CONVENTIONAL|FOOD,08-40229-30376,Built Cookies & Cream Bar 1.69oz (4pk),30pct_plus,≥30% off,2,,,,,42.95,,,0.381,6.68,10.2,2024-12-09T00:00:00.000Z,Unknown,,,,,observational
UNFI,CONVENTIONAL|FOOD,08-40229-30378,Built Double Chocolate Bar 1.84oz (4pk),0_10pct,<10% off,2,0.034,0.034,0.034,0.034,38.85,,,0.081,9.98,10.2,2024-12-02T00:00:00.000Z,TPR,,,,0.034,observational
UNFI,CONVENTIONAL|FOOD,08-40229-30378,Built Double Chocolate Bar 1.84oz (4pk),10_20pct,10–20% off,7,2.9421,2.9421,2.9421,2.9421,92.225,,56.9,0.1604,9.11,10.65,2024-11-11T00:00:00.000Z,Unknown,,,,2.9421,observational
UNFI,CONVENTIONAL|FOOD,08-40229-30378,Built Double Chocolate Bar 1.84oz (4pk),20_30pct,20–30% off,1,,,,,774.1,,,0.238,6.24,7.81,2024-12-09T00:00:00.000Z,TPR,,,,,observational
UNFI,CONVENTIONAL|FOOD,08-40229-30378,Built Double Chocolate Bar 1.84oz (4pk),30pct_plus,≥30% off,5,1.1056,1.1056,0.7404,1.4707,87.25,,,0.7804,2.83,9.21,2025-01-06T00:00:00.000Z,TPR,,,,1.1056,observational
UNFI,CONVENTIONAL|FOOD,08-40229-30380,Built Puff Brownie Batter Protein Bar 1.41 Oz (4 Pk),0_10pct,<10% off,39,0.1459,0.1111,0.0411,0.1945,43.7694,89.0593,,0.0593,10.6,10.87,2026-04-06T00:00:00.000Z,TPR,,,,0.1459,observational
UNFI,CONVENTIONAL|FOOD,08-40229-30380,Built Puff Brownie Batter Protein Bar 1.41 Oz (4 Pk),10_20pct,10–20% off,14,0.0498,0.0424,0.0196,0.058,61.0846,105.38,101.9667,0.1518,10.64,10.85,2026-04-13T00:00:00.000Z,TPR,,,,0.0498,observational
UNFI,CONVENTIONAL|FOOD,08-40229-30380,Built Puff Brownie Batter Protein Bar 1.41 Oz (4 Pk),no_promo,No price reduction,6,0.028,0.0229,0.0217,0.0393,,42.4667,,0.0,10.8,10.8,2026-01-05T00:00:00.000Z,Display,,,,0.028,observational
UNFI,CONVENTIONAL|FOOD,08-40229-30381,Built Puff Coconut Protein Bar 1.41 Oz (4 Pk),0_10pct,<10% off,39,0.1568,0.0753,0.0432,0.2293,45.1882,71.1759,35.5,0.0541,10.7,10.9,2026-04-13T00:00:00.000Z,Display,,,,0.1568,observational
UNFI,CONVENTIONAL|FOOD,08-40229-30381,Built Puff Coconut Protein Bar 1.41 Oz (4 Pk),10_20pct,10–20% off,29,0.2307,0.0718,0.0352,0.2409,808.1926,61.8556,102.12,0.1486,10.16,10.88,2026-04-06T00:00:00.000Z,TPR,,,,0.2307,observational
UNFI,CONVENTIONAL|FOOD,08-40229-30381,Built Puff Coconut Protein Bar 1.41 Oz (4 Pk),20_30pct,20–30% off,2,0.0152,0.0152,0.0093,0.021,26.05,37.5,,0.254,11.0,11.18,2025-08-11T00:00:00.000Z,TPR,,,,0.0152,observational
UNFI,CONVENTIONAL|FOOD,08-40229-30381,Built Puff Coconut Protein Bar 1.41 Oz (4 Pk),no_promo,No price reduction,4,0.06,0.0535,0.0266,0.0869,,46.45,,0.0,11.14,11.14,2025-12-22T00:00:00.000Z,Display,,,,0.06,observational
UNFI,CONVENTIONAL|FOOD,08-40229-30394,Built Puff Candy Cane Brownie Protein Bar 1.51 Oz,0_10pct,<10% off,7,0.2386,0.128,0.0764,0.3193,133.4333,151.2429,225.2,0.0653,2.8,2.86,2025-12-08T00:00:00.000Z,Display,,,,0.2386,observational
UNFI,CONVENTIONAL|FOOD,08-40229-30394,Built Puff Candy Cane Brownie Protein Bar 1.51 Oz,10_20pct,10–20% off,2,0.1787,0.1787,0.0942,0.2632,24.4,110.3,,0.1,2.79,2.87,2024-10-07T00:00:00.000Z,Display,,,,0.1787,observational
UNFI,CONVENTIONAL|FOOD,08-40229-30394,Built Puff Candy Cane Brownie Protein Bar 1.51 Oz,20_30pct,20–30% off,2,0.3795,0.3795,0.2203,0.5388,60.5,,,0.2635,2.36,2.78,2025-12-22T00:00:00.000Z,TPR,,,,0.3795,observational
UNFI,CONVENTIONAL|FOOD,08-40229-30394,Built Puff Candy Cane Brownie Protein Bar 1.51 Oz,30pct_plus,≥30% off,8,0.2557,0.2582,0.1186,0.3952,60.1375,,0.0,0.5869,1.21,2.48,2026-01-19T00:00:00.000Z,TPR,,,,0.2557,observational
UNFI,CONVENTIONAL|FOOD,08-40229-30394,Built Puff Candy Cane Brownie Protein Bar 1.51 Oz,no_promo,No price reduction,2,0.2666,0.2666,0.1575,0.3757,,117.25,,0.0,2.79,2.79,2024-11-25T00:00:00.000Z,Display,,,,0.2666,observational
UNFI,CONVENTIONAL|FOOD,08-40229-30395,Built Puff Candy Cane Brownie Protein Bar 1.52oz (12pk),0_10pct,<10% off,5,0.181,0.205,0.1642,0.2218,52.7667,105.98,,0.0726,26.59,27.32,2025-12-08T00:00:00.000Z,Display,,,,0.181,observational
UNFI,CONVENTIONAL|FOOD,08-40229-30395,Built Puff Candy Cane Brownie Protein Bar 1.52oz (12pk),10_20pct,10–20% off,2,0.3402,0.3402,0.3402,0.3402,70.9,124.7,,0.1005,27.99,30.51,2024-09-30T00:00:00.000Z,Display,,,,0.3402,observational
UNFI,CONVENTIONAL|FOOD,08-40229-30395,Built Puff Candy Cane Brownie Protein Bar 1.52oz (12pk),20_30pct,20–30% off,1,0.0145,0.0145,0.0145,0.0145,6.4,,,0.251,25.99,28.0,2025-12-22T00:00:00.000Z,TPR,,,,0.0145,observational
UNFI,CONVENTIONAL|FOOD,08-40229-30395,Built Puff Candy Cane Brownie Protein Bar 1.52oz (12pk),30pct_plus,≥30% off,3,,,,,70.8333,,,0.5023,11.62,19.88,2025-12-29T00:00:00.000Z,TPR,,,,,observational
UNFI,CONVENTIONAL|FOOD,08-40229-30395,Built Puff Candy Cane Brownie Protein Bar 1.52oz (12pk),no_promo,No price reduction,1,0.25,0.25,0.25,0.25,,85.2,,0.0,27.99,27.99,2024-11-11T00:00:00.000Z,Display,,,,0.25,observational
UNFI,CONVENTIONAL|FOOD,08-40229-30432,Built Puff Mint Chip Protein Bar 1.41 Oz,0_10pct,<10% off,15,0.2721,0.0947,0.0646,0.1403,75.4231,142.05,185.7,0.0517,3.06,3.12,2025-12-22T00:00:00.000Z,Display,,,,0.2721,observational
UNFI,CONVENTIONAL|FOOD,08-40229-30432,Built Puff Mint Chip Protein Bar 1.41 Oz,10_20pct,10–20% off,29,0.1322,0.0826,0.0469,0.1764,52.0724,80.8893,131.925,0.1406,2.83,2.96,2026-04-13T00:00:00.000Z,Display,,,,0.1322,observational
UNFI,CONVENTIONAL|FOOD,08-40229-30432,Built Puff Mint Chip Protein Bar 1.41 Oz,20_30pct,20–30% off,25,0.2163,0.0544,0.0146,0.3087,64.9133,76.3045,147.0,0.2411,2.8,3.03,2026-02-16T00:00:00.000Z,Display,,,,0.2163,observational
UNFI,CONVENTIONAL|FOOD,08-40229-30432,Built Puff Mint Chip Protein Bar 1.41 Oz,no_promo,No price reduction,6,0.5816,0.4884,0.0586,1.0413,,144.85,,0.0,3.16,3.16,2025-06-02T00:00:00.000Z,Display,,,,0.5816,observational
UNFI,CONVENTIONAL|FOOD,08-40229-30449,Built Peanut Butter Puff 1.41oz,10_20pct,10–20% off,5,0.0804,0.0202,0.0157,0.1151,58.78,,,0.1194,4.25,4.41,2024-11-11T00:00:00.000Z,TPR,,,,0.0804,observational
UNFI,CONVENTIONAL|FOOD,08-40229-30467,Built Puff Mint Chip Protein Bar 1.41 Oz (12 Pk),0_10pct,<10% off,4,0.062,0.0573,0.0248,0.0945,113.5667,60.3,,0.0665,27.84,28.02,2025-12-01T00:00:00.000Z,TPR,,,,0.062,observational
UNFI,CONVENTIONAL|FOOD,08-40229-30467,Built Puff Mint Chip Protein Bar 1.41 Oz (12 Pk),10_20pct,10–20% off,3,1.9095,1.9513,1.8281,2.0118,228.9333,175.1333,,0.1823,22.96,28.04,2026-01-19T00:00:00.000Z,TPR,,,,1.9095,observational
UNFI,CONVENTIONAL|FOOD,08-40229-30467,Built Puff Mint Chip Protein Bar 1.41 Oz (12 Pk),20_30pct,20–30% off,7,0.8959,0.9913,0.5708,1.1102,96.9429,106.0,,0.2559,20.73,27.58,2025-12-29T00:00:00.000Z,TPR,,,,0.8959,observational
UNFI,CONVENTIONAL|FOOD,08-40229-30467,Built Puff Mint Chip Protein Bar 1.41 Oz (12 Pk),no_promo,No price reduction,10,0.0832,0.0386,0.0242,0.0901,,42.35,,0.0,28.08,28.08,2026-02-16T00:00:00.000Z,Display,,,,0.0832,observational
UNFI,CONVENTIONAL|FOOD,08-40229-30550,Built Puff Cookies N Cream Protein Bar 1.41 Oz,0_10pct,<10% off,28,0.1236,0.0749,0.0459,0.1344,34.615,69.9857,,0.0435,3.11,3.15,2025-12-22T00:00:00.000Z,Display,,,,0.1236,observational
UNFI,CONVENTIONAL|FOOD,08-40229-30550,Built Puff Cookies N Cream Protein Bar 1.41 Oz,10_20pct,10–20% off,19,0.1454,0.1391,0.0633,0.2268,64.0263,72.8611,113.6,0.1423,2.89,3.04,2026-04-13T00:00:00.000Z,Display,,,,0.1454,observational
UNFI,CONVENTIONAL|FOOD,08-40229-30550,Built Puff Cookies N Cream Protein Bar 1.41 Oz,20_30pct,20–30% off,8,0.2196,0.2315,0.1636,0.3032,74.9,102.6429,175.9,0.2288,2.74,3.03,2026-03-02T00:00:00.000Z,TPR,,,,0.2196,observational
UNFI,CONVENTIONAL|FOOD,08-40229-30550,Built Puff Cookies N Cream Protein Bar 1.41 Oz,no_promo,No price reduction,5,0.5072,0.6073,0.4199,0.6446,,78.84,,0.0,3.67,3.67,2025-06-23T00:00:00.000Z,Display,,,,0.5072,observational
UNFI,CONVENTIONAL|FOOD,08-40229-30558,Built Puff Cookie Dough Chunk Protein Bar 1.55 Oz (4 Pk),0_10pct,<10% off,33,0.25,0.1158,0.051,0.3383,72.275,82.5043,523.2,0.0575,10.81,11.13,2026-04-06T00:00:00.000Z,Display,,,,0.25,observational
UNFI,CONVENTIONAL|FOOD,08-40229-30558,Built Puff Cookie Dough Chunk Protein Bar 1.55 Oz (4 Pk),10_20pct,10–20% off,15,0.1391,0.0932,0.0398,0.1771,82.4571,70.1,191.0,0.1393,10.58,11.0,2026-04-13T00:00:00.000Z,TPR,,,,0.1391,observational
UNFI,CONVENTIONAL|FOOD,08-40229-30558,Built Puff Cookie Dough Chunk Protein Bar 1.55 Oz (4 Pk),20_30pct,20–30% off,1,0.0522,0.0522,0.0522,0.0522,46.9,,,0.226,11.35,11.74,2025-08-11T00:00:00.000Z,TPR,,,,0.0522,observational
UNFI,CONVENTIONAL|FOOD,08-40229-30558,Built Puff Cookie Dough Chunk Protein Bar 1.55 Oz (4 Pk),30pct_plus,≥30% off,1,,,,,0.0,,,0.536,8.87,10.78,2025-02-03T00:00:00.000Z,Unknown,,,,,observational
UNFI,CONVENTIONAL|FOOD,08-40229-30558,Built Puff Cookie Dough Chunk Protein Bar 1.55 Oz (4 Pk),no_promo,No price reduction,3,0.2589,0.2918,0.2044,0.3298,,79.5,,0.0,11.62,11.62,2025-07-21T00:00:00.000Z,Display,,,,0.2589,observational
UNFI,CONVENTIONAL|FOOD,08-40229-30561,Built Bar Puff Peanut Butter Cookie Chunk 1.52 Oz,no_promo,No price reduction,4,,,,,,121.75,,0.0,2.99,2.99,2024-08-26T00:00:00.000Z,Display,,,,,observational
UNFI,CONVENTIONAL|FOOD,08-40229-30569,Built Puff Chocolate Milkshake Protein Bar 1.41 Oz,0_10pct,<10% off,9,0.2372,0.0611,0.0248,0.2719,22.15,139.5222,211.7,0.0519,3.37,3.41,2025-10-06T00:00:00.000Z,Display,,,,0.2372,observational
UNFI,CONVENTIONAL|FOOD,08-40229-30569,Built Puff Chocolate Milkshake Protein Bar 1.41 Oz,10_20pct,10–20% off,2,0.1604,0.1604,0.1604,0.1604,40.2,150.0,,0.101,3.87,3.92,2025-11-17T00:00:00.000Z,Display,,,,0.1604,observational
UNFI,CONVENTIONAL|FOOD,08-40229-30569,Built Puff Chocolate Milkshake Protein Bar 1.41 Oz,20_30pct,20–30% off,1,,,,,0.0,,,0.252,4.14,4.32,2025-12-15T00:00:00.000Z,Unknown,,,,,observational
UNFI,CONVENTIONAL|FOOD,08-40229-30569,Built Puff Chocolate Milkshake Protein Bar 1.41 Oz,no_promo,No price reduction,4,0.0119,0.0086,0.0018,0.0187,,53.325,,0.0,3.7,3.7,2025-09-29T00:00:00.000Z,Display,,,,0.0119,observational
UNFI,CONVENTIONAL|FOOD,08-40229-30571,Built Puff Mint Chip Protein Bar 1.41 Oz (4 Pk),0_10pct,<10% off,13,0.4184,0.2014,0.0845,0.5354,46.1231,164.7,,0.0628,10.43,10.86,2026-03-16T00:00:00.000Z,TPR,,,,0.4184,observational
UNFI,CONVENTIONAL|FOOD,08-40229-30571,Built Puff Mint Chip Protein Bar 1.41 Oz (4 Pk),10_20pct,10–20% off,25,0.2946,0.1914,0.0914,0.431,62.816,156.4,,0.1482,9.76,10.73,2026-04-13T00:00:00.000Z,TPR,,,,0.2946,observational
UNFI,CONVENTIONAL|FOOD,08-40229-30571,Built Puff Mint Chip Protein Bar 1.41 Oz (4 Pk),no_promo,No price reduction,3,0.0025,0.0025,0.0025,0.0025,,103.3,,0.0,11.53,11.53,2026-03-02T00:00:00.000Z,Display,,,,0.0025,observational
UNFI,CONVENTIONAL|FOOD,08-40229-30573,Built Puff Strawberries N Cream Protein Bar 1.41 Oz,0_10pct,<10% off,13,0.4073,0.1843,0.0204,0.2548,17.8,71.8818,122.8,0.0522,3.24,3.3,2026-03-16T00:00:00.000Z,Display,,,,0.4073,observational
UNFI,CONVENTIONAL|FOOD,08-40229-30573,Built Puff Strawberries N Cream Protein Bar 1.41 Oz,10_20pct,10–20% off,15,0.2401,0.2378,0.0741,0.2927,28.2462,105.7143,,0.1269,3.14,3.28,2026-04-13T00:00:00.000Z,Display,,,,0.2401,observational
UNFI,CONVENTIONAL|FOOD,08-40229-30573,Built Puff Strawberries N Cream Protein Bar 1.41 Oz,20_30pct,20–30% off,2,0.2561,0.2561,0.2381,0.274,87.7,23.65,87.9,0.208,2.76,3.16,2026-01-19T00:00:00.000Z,TPR,,,,0.2561,observational
UNFI,CONVENTIONAL|FOOD,08-40229-30573,Built Puff Strawberries N Cream Protein Bar 1.41 Oz,30pct_plus,≥30% off,1,0.3957,0.3957,0.3957,0.3957,11.8,49.7,48.9,0.3,2.19,2.97,2026-01-12T00:00:00.000Z,Display,,,,0.3957,observational
UNFI,CONVENTIONAL|FOOD,08-40229-30573,Built Puff Strawberries N Cream Protein Bar 1.41 Oz,no_promo,No price reduction,5,0.4324,0.2654,0.1276,0.5683,,60.94,,0.0,3.57,3.57,2025-12-22T00:00:00.000Z,Display,,,,0.4324,observational
UNFI,CONVENTIONAL|FOOD,08-40229-30577,Built Puff Salted Caramel Protein Bar 1.41 Oz (4 Pk),0_10pct,<10% off,18,0.4655,0.4773,0.1602,0.6667,22.9818,84.22,,0.0534,11.06,11.44,2026-04-13T00:00:00.000Z,Display,,,,0.4655,observational
UNFI,CONVENTIONAL|FOOD,08-40229-30577,Built Puff Salted Caramel Protein Bar 1.41 Oz (4 Pk),10_20pct,10–20% off,13,0.1285,0.118,0.0258,0.189,23.5923,153.7,,0.1246,10.19,11.01,2026-04-06T00:00:00.000Z,TPR,,,,0.1285,observational
UNFI,CONVENTIONAL|FOOD,08-40229-30577,Built Puff Salted Caramel Protein Bar 1.41 Oz (4 Pk),30pct_plus,≥30% off,2,0.1225,0.1225,0.0885,0.1565,80.95,,,0.5005,10.58,11.99,2025-08-18T00:00:00.000Z,TPR,,,,0.1225,observational
UNFI,CONVENTIONAL|FOOD,08-40229-30577,Built Puff Salted Caramel Protein Bar 1.41 Oz (4 Pk),no_promo,No price reduction,2,0.3559,0.3559,0.3559,0.3559,,48.45,,0.0,11.99,11.99,2025-07-21T00:00:00.000Z,Display,,,,0.3559,observational
UNFI,CONVENTIONAL|FOOD,08-40229-30578,Built Puff Salted Caramel Protein Bar 1.41 Oz (12 Pk),0_10pct,<10% off,1,,,,,,144.9,,0.099,27.99,31.08,2024-09-23T00:00:00.000Z,Display,,,,,observational
UNFI,CONVENTIONAL|FOOD,08-40229-30578,Built Puff Salted Caramel Protein Bar 1.41 Oz (12 Pk),10_20pct,10–20% off,3,2.4994,2.176,2.088,2.7492,330.1333,214.1667,,0.196,22.44,27.92,2026-01-19T00:00:00.000Z,TPR,,,,2.4994,observational
UNFI,CONVENTIONAL|FOOD,08-40229-30578,Built Puff Salted Caramel Protein Bar 1.41 Oz (12 Pk),20_30pct,20–30% off,2,1.0026,1.0026,0.5838,1.4214,137.4,,,0.245,24.01,28.58,2025-12-29T00:00:00.000Z,TPR,,,,1.0026,observational
UNFI,CONVENTIONAL|FOOD,08-40229-30578,Built Puff Salted Caramel Protein Bar 1.41 Oz (12 Pk),30pct_plus,≥30% off,3,1.5125,1.5125,1.5125,1.5125,82.8667,393.8,,0.48,15.36,27.98,2025-01-06T00:00:00.000Z,Display,,,,1.5125,observational
UNFI,CONVENTIONAL|FOOD,08-40229-30578,Built Puff Salted Caramel Protein Bar 1.41 Oz (12 Pk),no_promo,No price reduction,6,0.3526,0.2135,0.0796,0.4772,,114.35,,0.0,27.26,27.26,2026-02-09T00:00:00.000Z,Display,,,,0.3526,observational
UNFI,CONVENTIONAL|FOOD,08-40229-30581,Built Puff Cookies N Cream Protein Bar 1.41 Oz (4 Pk),0_10pct,<10% off,26,0.2899,0.219,0.0817,0.4474,20.0864,77.4727,,0.0518,10.56,10.89,2026-04-13T00:00:00.000Z,Display,,,,0.2899,observational
UNFI,CONVENTIONAL|FOOD,08-40229-30581,Built Puff Cookies N Cream Protein Bar 1.41 Oz (4 Pk),10_20pct,10–20% off,9,0.794,0.3833,0.3286,1.1967,95.3333,46.25,,0.1592,9.32,10.84,2025-10-27T00:00:00.000Z,TPR,,,,0.794,observational
UNFI,CONVENTIONAL|FOOD,08-40229-30581,Built Puff Cookies N Cream Protein Bar 1.41 Oz (4 Pk),20_30pct,20–30% off,1,,,,,0.0,,,0.218,10.26,10.92,2026-03-23T00:00:00.000Z,Unknown,,,,,observational
UNFI,CONVENTIONAL|FOOD,08-40229-30581,Built Puff Cookies N Cream Protein Bar 1.41 Oz (4 Pk),no_promo,No price reduction,1,0.337,0.337,0.337,0.337,,50.1,,0.0,10.99,10.99,2025-12-22T00:00:00.000Z,Display,,,,0.337,observational
UNFI,CONVENTIONAL|FOOD,08-40229-30582,Built Puff Cookies N Cream Protein Bar 1.41 Oz (12 Pk),10_20pct,10–20% off,4,0.8245,0.8899,0.7546,0.9598,73.575,98.7667,,0.1878,22.77,27.9,2026-01-19T00:00:00.000Z,TPR,,,,0.8245,observational
UNFI,CONVENTIONAL|FOOD,08-40229-30582,Built Puff Cookies N Cream Protein Bar 1.41 Oz (12 Pk),no_promo,No price reduction,5,0.11,0.0798,0.0721,0.1554,,76.12,,0.0,28.14,28.14,2026-02-09T00:00:00.000Z,Display,,,,0.11,observational
UNFI,CONVENTIONAL|FOOD,08-40229-30614,Built Puff Strawberries N Cream Protein Bars 1.41oz (4pk),0_10pct,<10% off,4,0.0193,0.0221,0.0149,0.0265,13.15,,,0.0878,10.7,10.88,2026-03-16T00:00:00.000Z,TPR,,,,0.0193,observational
UNFI,CONVENTIONAL|FOOD,08-40229-30614,Built Puff Strawberries N Cream Protein Bars 1.41oz (4pk),10_20pct,10–20% off,7,0.1329,0.069,0.064,0.1153,29.3857,,,0.1354,10.14,10.87,2026-04-13T00:00:00.000Z,TPR,,,,0.1329,observational
UNFI,CONVENTIONAL|FOOD,08-40229-30615,Built Puff Chocolatey Hazelnut  1.41oz,0_10pct,<10% off,3,0.0929,0.0972,0.0819,0.106,0.0,127.0,,0.023,2.79,2.8,2025-12-01T00:00:00.000Z,Display,,,,0.0929,observational
UNFI,CONVENTIONAL|FOOD,08-40229-30615,Built Puff Chocolatey Hazelnut  1.41oz,10_20pct,10–20% off,1,0.0169,0.0169,0.0169,0.0169,,150.0,,0.1,2.81,2.81,2025-11-03T00:00:00.000Z,Display,,,,0.0169,observational
UNFI,CONVENTIONAL|FOOD,08-40229-30615,Built Puff Chocolatey Hazelnut  1.41oz,20_30pct,20–30% off,1,0.3566,0.3566,0.3566,0.3566,54.2,,,0.242,2.27,2.77,2025-12-22T00:00:00.000Z,TPR,,,,0.3566,observational
UNFI,CONVENTIONAL|FOOD,08-40229-30615,Built Puff Chocolatey Hazelnut  1.41oz,30pct_plus,≥30% off,4,0.4197,0.4197,0.3015,0.5378,25.3333,66.3,46.7,0.475,1.88,2.9,2026-02-02T00:00:00.000Z,Unknown,,,,0.4197,observational
UNFI,CONVENTIONAL|FOOD,08-40229-30615,Built Puff Chocolatey Hazelnut  1.41oz,no_promo,No price reduction,2,0.111,0.111,0.0924,0.1297,,169.1,,0.0,2.78,2.78,2025-12-08T00:00:00.000Z,Display,,,,0.111,observational
UNFI,CONVENTIONAL|FOOD,08-40229-30616,Built Puff Chocolatey Hazelnut 16.93oz (12pk),0_10pct,<10% off,1,0.1921,0.1921,0.1921,0.1921,,55.6,,0.027,27.99,28.33,2025-11-24T00:00:00.000Z,Display,,,,0.1921,observational
UNFI,CONVENTIONAL|FOOD,08-40229-30616,Built Puff Chocolatey Hazelnut 16.93oz (12pk),30pct_plus,≥30% off,1,,,,,23.5,,,0.499,13.96,27.87,2025-12-22T00:00:00.000Z,TPR,,,,,observational
UNFI,CONVENTIONAL|FOOD,08-40229-30616,Built Puff Chocolatey Hazelnut 16.93oz (12pk),no_promo,No price reduction,2,0.0239,0.0239,0.0204,0.0274,,46.15,,0.0,27.99,27.99,2025-12-01T00:00:00.000Z,Display,,,,0.0239,observational
UNFI,CONVENTIONAL|FOOD,08-40229-30642,Built Puff Peanut Butter Protein Bar 1.41 Oz,0_10pct,<10% off,11,0.1656,0.1106,0.0228,0.2533,27.0182,112.27,,0.056,2.96,3.01,2026-02-23T00:00:00.000Z,Display,,,,0.1656,observational
UNFI,CONVENTIONAL|FOOD,08-40229-30642,Built Puff Peanut Butter Protein Bar 1.41 Oz,10_20pct,10–20% off,8,0.0567,0.0538,0.0409,0.0676,56.15,39.9667,,0.1294,2.94,3.01,2026-04-13T00:00:00.000Z,TPR,,,,0.0567,observational
UNFI,CONVENTIONAL|FOOD,08-40229-30642,Built Puff Peanut Butter Protein Bar 1.41 Oz,20_30pct,20–30% off,7,0.4771,0.5495,0.1109,0.8245,70.4429,42.0286,74.2,0.2416,2.46,2.91,2026-03-16T00:00:00.000Z,TPR,,,,0.4771,observational
UNFI,CONVENTIONAL|FOOD,08-40229-30642,Built Puff Peanut Butter Protein Bar 1.41 Oz,no_promo,No price reduction,1,0.0816,0.0816,0.0816,0.0816,,218.5,,0.0,3.05,3.05,2025-12-08T00:00:00.000Z,Display,,,,0.0816,observational
UNFI,CONVENTIONAL|FOOD,08-40229-30643,Built Puff Peanut Butter Puff Bar 1.41oz (12pk),10_20pct,10–20% off,1,2.2016,2.2016,2.2016,2.2016,229.1,201.9,,0.198,22.43,27.97,2026-01-05T00:00:00.000Z,TPR,,,,2.2016,observational
UNFI,CONVENTIONAL|FOOD,08-40229-30643,Built Puff Peanut Butter Puff Bar 1.41oz (12pk),20_30pct,20–30% off,3,1.6214,1.6396,1.5783,1.6736,210.5667,113.0,,0.2027,22.32,27.99,2026-01-19T00:00:00.000Z,TPR,,,,1.6214,observational
UNFI,CONVENTIONAL|FOOD,08-40229-30643,Built Puff Peanut Butter Puff Bar 1.41oz (12pk),no_promo,No price reduction,4,0.1228,0.1199,0.0648,0.178,,49.85,,0.0,27.99,27.99,2026-02-16T00:00:00.000Z,Display,,,,0.1228,observational
UNFI,CONVENTIONAL|FOOD,08-40229-30646,Built Puff Peanut Butter Cup Protein Bar 1.41 Oz (4 Pk),0_10pct,<10% off,17,0.2275,0.1793,0.044,0.2923,25.6923,59.8733,,0.0541,10.65,10.89,2026-04-13T00:00:00.000Z,Display,,,,0.2275,observational
UNFI,CONVENTIONAL|FOOD,08-40229-30646,Built Puff Peanut Butter Cup Protein Bar 1.41 Oz (4 Pk),10_20pct,10–20% off,3,0.0873,0.1059,0.063,0.1209,43.9667,20.7,,0.1407,10.56,10.97,2026-04-06T00:00:00.000Z,TPR,,,,0.0873,observational
UNFI,CONVENTIONAL|FOOD,08-40229-30646,Built Puff Peanut Butter Cup Protein Bar 1.41 Oz (4 Pk),20_30pct,20–30% off,1,0.4618,0.4618,0.4618,0.4618,123.6,34.1,,0.236,9.32,10.86,2026-03-23T00:00:00.000Z,TPR,,,,0.4618,observational
UNFI,CONVENTIONAL|FOOD,08-40229-30651,Built Protein Bar Puff Sour Peach 1.45 Oz,0_10pct,<10% off,7,0.108,0.1307,0.0613,0.1329,39.3167,100.8,,0.0731,2.92,2.98,2026-03-23T00:00:00.000Z,Display,,,,0.108,observational
UNFI,CONVENTIONAL|FOOD,08-40229-30651,Built Protein Bar Puff Sour Peach 1.45 Oz,10_20pct,10–20% off,3,0.281,0.2359,0.1721,0.3674,51.7667,50.5667,,0.1283,2.63,2.85,2026-04-13T00:00:00.000Z,Display,,,,0.281,observational
UNFI,CONVENTIONAL|FOOD,08-40229-30652,Built Sweet Peach Punch Sour Puff 1.45 Oz (4pk),0_10pct,<10% off,3,0.5151,0.495,0.3677,0.6525,38.9,89.6,,0.016,10.75,10.85,2026-04-06T00:00:00.000Z,Display,,,,0.5151,observational
UNFI,CONVENTIONAL|FOOD,08-40229-30652,Built Sweet Peach Punch Sour Puff 1.45 Oz (4pk),no_promo,No price reduction,3,0.7498,0.8295,0.5309,1.0085,161.0,121.0333,,0.0,10.76,10.76,2026-04-13T00:00:00.000Z,Display,,,,0.7498,observational
UNFI,CONVENTIONAL|FOOD,08-40229-30653,Built Puff Sour Blu Razz Blast Bar 1.45 Oz,0_10pct,<10% off,4,0.0761,0.0776,0.046,0.1076,22.025,53.6,,0.0322,2.92,2.96,2026-03-23T00:00:00.000Z,Display,,,,0.0761,observational
UNFI,CONVENTIONAL|FOOD,08-40229-30653,Built Puff Sour Blu Razz Blast Bar 1.45 Oz,10_20pct,10–20% off,5,0.1718,0.1085,0.1031,0.2185,47.775,76.45,,0.12,2.85,2.99,2026-04-13T00:00:00.000Z,Display,,,,0.1718,observational
UNFI,CONVENTIONAL|FOOD,08-40229-30654,Built Sweet Sour Puff Blue Raz Blast 1.45 Oz (4pk),0_10pct,<10% off,2,0.5917,0.5917,0.5895,0.5938,0.0,75.4,,0.0085,10.68,10.76,2026-03-23T00:00:00.000Z,Display,,,,0.5917,observational
UNFI,CONVENTIONAL|FOOD,08-40229-30654,Built Sweet Sour Puff Blue Raz Blast 1.45 Oz (4pk),no_promo,No price reduction,4,0.4205,0.414,0.306,0.5285,,62.35,,0.0,10.71,10.71,2026-04-13T00:00:00.000Z,Display,,,,0.4205,observational
UNFI,CONVENTIONAL|FOOD,08-40229-30655,Built Puff Sour Green Apple Crush Bar 1.45 Oz,0_10pct,<10% off,4,0.1518,0.0799,0.0198,0.2119,63.0,43.125,,0.0468,2.8,2.86,2026-03-23T00:00:00.000Z,Display,,,,0.1518,observational
UNFI,CONVENTIONAL|FOOD,08-40229-30655,Built Puff Sour Green Apple Crush Bar 1.45 Oz,10_20pct,10–20% off,3,0.3488,0.3788,0.2795,0.4331,50.8,50.8667,,0.131,2.61,2.88,2026-04-13T00:00:00.000Z,TPR,,,,0.3488,observational
UNFI,CONVENTIONAL|FOOD,08-40229-30656,Built Green Apple Crush Sour Puff 1.45 Oz (4pk),0_10pct,<10% off,2,0.4498,0.4498,0.437,0.4626,,98.85,,0.0155,10.76,10.85,2026-04-06T00:00:00.000Z,Display,,,,0.4498,observational
UNFI,CONVENTIONAL|FOOD,08-40229-30656,Built Green Apple Crush Sour Puff 1.45 Oz (4pk),no_promo,No price reduction,4,0.3868,0.3289,0.2839,0.4318,18.9,62.7,,-0.002,10.74,10.73,2026-04-13T00:00:00.000Z,Display,,,,0.3868,observational
VITAMIN SHOPPE,VITAMINS & SUPPLEMENTS,08-40229-30034,Built Puff Salted Caramel Protein Bar 1.41 Oz,0_10pct,<10% off,3,0.0201,0.0159,0.0135,0.0247,,,,0.0873,3.2,3.22,2025-07-28T00:00:00.000Z,Unknown,,,,0.0201,observational
VITAMIN SHOPPE,VITAMINS & SUPPLEMENTS,08-40229-30034,Built Puff Salted Caramel Protein Bar 1.41 Oz,10_20pct,10–20% off,27,0.08,0.0401,0.0273,0.0584,,,,0.135,3.17,3.28,2026-04-06T00:00:00.000Z,Unknown,,,,0.08,observational
VITAMIN SHOPPE,VITAMINS & SUPPLEMENTS,08-40229-30034,Built Puff Salted Caramel Protein Bar 1.41 Oz,20_30pct,20–30% off,7,0.2126,0.136,0.1093,0.3182,,,,0.2523,2.88,3.28,2026-04-13T00:00:00.000Z,Unknown,,,,0.2126,observational
VITAMIN SHOPPE,VITAMINS & SUPPLEMENTS,08-40229-30034,Built Puff Salted Caramel Protein Bar 1.41 Oz,30pct_plus,≥30% off,3,2.3268,1.5327,0.9903,3.2663,,,,0.506,1.7,3.26,2026-02-16T00:00:00.000Z,Unknown,,,,2.3268,observational
VITAMIN SHOPPE,VITAMINS & SUPPLEMENTS,08-40229-30037,Built Puff Coconut Protein Bar 1.41 Oz,0_10pct,<10% off,4,0.0555,0.0545,0.053,0.057,,,,0.098,3.21,3.27,2025-06-16T00:00:00.000Z,Unknown,,,,0.0555,observational
VITAMIN SHOPPE,VITAMINS & SUPPLEMENTS,08-40229-30037,Built Puff Coconut Protein Bar 1.41 Oz,10_20pct,10–20% off,65,0.083,0.0598,0.0432,0.0856,,,,0.1388,3.16,3.25,2026-03-30T00:00:00.000Z,Unknown,,,,0.083,observational
VITAMIN SHOPPE,VITAMINS & SUPPLEMENTS,08-40229-30037,Built Puff Coconut Protein Bar 1.41 Oz,20_30pct,20–30% off,25,0.4948,0.5204,0.12,0.7603,,,,0.2419,2.75,3.27,2026-04-06T00:00:00.000Z,Unknown,,,,0.4948,observational
VITAMIN SHOPPE,VITAMINS & SUPPLEMENTS,08-40229-30037,Built Puff Coconut Protein Bar 1.41 Oz,30pct_plus,≥30% off,7,2.2562,1.5812,0.7883,3.7524,,,,0.5179,1.84,3.25,2026-04-13T00:00:00.000Z,Unknown,,,,2.2562,observational
VITAMIN SHOPPE,VITAMINS & SUPPLEMENTS,08-40229-30209,Built Puff Coconut Protein Bar 1.41 Oz (12 Pk),0_10pct,<10% off,2,0.2763,0.2763,0.2688,0.2838,,,,0.091,30.8,31.67,2025-03-03T00:00:00.000Z,Unknown,,,,0.2763,observational
VITAMIN SHOPPE,VITAMINS & SUPPLEMENTS,08-40229-30209,Built Puff Coconut Protein Bar 1.41 Oz (12 Pk),10_20pct,10–20% off,49,0.0928,0.0539,0.0288,0.1256,,,,0.1605,30.68,31.93,2026-04-06T00:00:00.000Z,Unknown,,,,0.0928,observational
VITAMIN SHOPPE,VITAMINS & SUPPLEMENTS,08-40229-30209,Built Puff Coconut Protein Bar 1.41 Oz (12 Pk),20_30pct,20–30% off,37,0.2523,0.1381,0.0534,0.2762,,,,0.2382,28.26,31.28,2026-03-30T00:00:00.000Z,Unknown,,,,0.2523,observational
VITAMIN SHOPPE,VITAMINS & SUPPLEMENTS,08-40229-30209,Built Puff Coconut Protein Bar 1.41 Oz (12 Pk),30pct_plus,≥30% off,13,0.2994,0.2931,0.0552,0.3448,,,,0.3225,26.38,31.13,2026-04-13T00:00:00.000Z,Unknown,,,,0.2994,observational
VITAMIN SHOPPE,VITAMINS & SUPPLEMENTS,08-40229-30333,Built Puff Cookie Dough Chunk Protein Bar 1.55 Oz,0_10pct,<10% off,8,0.0713,0.0658,0.0541,0.0829,,,,0.0938,3.21,3.26,2025-12-22T00:00:00.000Z,Unknown,,,,0.0713,observational
VITAMIN SHOPPE,VITAMINS & SUPPLEMENTS,08-40229-30333,Built Puff Cookie Dough Chunk Protein Bar 1.55 Oz,10_20pct,10–20% off,68,0.102,0.0577,0.0435,0.1026,,,,0.1288,3.14,3.25,2026-04-13T00:00:00.000Z,Unknown,,,,0.102,observational
VITAMIN SHOPPE,VITAMINS & SUPPLEMENTS,08-40229-30333,Built Puff Cookie Dough Chunk Protein Bar 1.55 Oz,20_30pct,20–30% off,19,0.5065,0.4356,0.2106,0.7356,,,,0.2377,2.68,3.25,2026-03-16T00:00:00.000Z,Unknown,,,,0.5065,observational
VITAMIN SHOPPE,VITAMINS & SUPPLEMENTS,08-40229-30333,Built Puff Cookie Dough Chunk Protein Bar 1.55 Oz,30pct_plus,≥30% off,6,2.5586,1.9932,1.3585,4.3641,,,,0.534,1.7,3.26,2026-04-06T00:00:00.000Z,Unknown,,,,2.5586,observational
VITAMIN SHOPPE,VITAMINS & SUPPLEMENTS,08-40229-30334,Built Puff Cookie Dough Chunk Protein Bar 1.55 Oz (12 Pk),10_20pct,10–20% off,59,0.1625,0.0582,0.0214,0.1273,,,,0.1616,30.27,31.67,2026-04-13T00:00:00.000Z,Unknown,,,,0.1625,observational
VITAMIN SHOPPE,VITAMINS & SUPPLEMENTS,08-40229-30334,Built Puff Cookie Dough Chunk Protein Bar 1.55 Oz (12 Pk),20_30pct,20–30% off,38,0.2155,0.1396,0.0198,0.3492,,,,0.2502,27.97,31.23,2026-02-16T00:00:00.000Z,Unknown,,,,0.2155,observational
VITAMIN SHOPPE,VITAMINS & SUPPLEMENTS,08-40229-30334,Built Puff Cookie Dough Chunk Protein Bar 1.55 Oz (12 Pk),30pct_plus,≥30% off,3,0.2272,0.0394,0.0358,0.3247,,,,0.3107,25.18,29.19,2025-09-15T00:00:00.000Z,Unknown,,,,0.2272,observational
VITAMIN SHOPPE,VITAMINS & SUPPLEMENTS,08-40229-30362,Built Puff Brownie Batter Protein Bar 1.41 Oz,0_10pct,<10% off,5,0.0543,0.053,0.0515,0.0643,,,,0.0938,3.21,3.26,2025-07-21T00:00:00.000Z,Unknown,,,,0.0543,observational
VITAMIN SHOPPE,VITAMINS & SUPPLEMENTS,08-40229-30362,Built Puff Brownie Batter Protein Bar 1.41 Oz,10_20pct,10–20% off,60,0.0846,0.0648,0.0548,0.0905,,,,0.1308,3.15,3.24,2026-03-09T00:00:00.000Z,Unknown,,,,0.0846,observational
VITAMIN SHOPPE,VITAMINS & SUPPLEMENTS,08-40229-30362,Built Puff Brownie Batter Protein Bar 1.41 Oz,20_30pct,20–30% off,28,0.4674,0.4277,0.0898,0.7508,,,,0.2376,2.79,3.26,2026-03-30T00:00:00.000Z,Unknown,,,,0.4674,observational
VITAMIN SHOPPE,VITAMINS & SUPPLEMENTS,08-40229-30362,Built Puff Brownie Batter Protein Bar 1.41 Oz,30pct_plus,≥30% off,8,2.06,1.5543,0.2093,3.3523,,,,0.4914,1.98,3.24,2026-04-13T00:00:00.000Z,Unknown,,,,2.06,observational
VITAMIN SHOPPE,VITAMINS & SUPPLEMENTS,08-40229-30363,Built Puff Brownie Batter Protein Bar 1.41 Oz (12 Pk),10_20pct,10–20% off,51,0.1403,0.0467,0.0173,0.0708,,,,0.1622,30.5,31.76,2026-03-09T00:00:00.000Z,Unknown,,,,0.1403,observational
VITAMIN SHOPPE,VITAMINS & SUPPLEMENTS,08-40229-30363,Built Puff Brownie Batter Protein Bar 1.41 Oz (12 Pk),20_30pct,20–30% off,42,0.1898,0.1248,0.0348,0.3267,,,,0.246,28.04,31.37,2026-03-30T00:00:00.000Z,Unknown,,,,0.1898,observational
VITAMIN SHOPPE,VITAMINS & SUPPLEMENTS,08-40229-30363,Built Puff Brownie Batter Protein Bar 1.41 Oz (12 Pk),30pct_plus,≥30% off,7,0.1312,0.0624,0.05,0.2208,,,,0.3147,26.89,30.44,2026-04-13T00:00:00.000Z,Unknown,,,,0.1312,observational
VITAMIN SHOPPE,VITAMINS & SUPPLEMENTS,08-40229-30394,Built Puff Candy Cane Brownie Protein Bar 1.51 Oz,0_10pct,<10% off,1,0.017,0.017,0.017,0.017,,,,0.089,2.45,2.46,2025-12-08T00:00:00.000Z,Unknown,,,,0.017,observational
VITAMIN SHOPPE,VITAMINS & SUPPLEMENTS,08-40229-30394,Built Puff Candy Cane Brownie Protein Bar 1.51 Oz,10_20pct,10–20% off,8,0.1027,0.0894,0.0321,0.1107,,,,0.1198,2.4,2.49,2026-01-26T00:00:00.000Z,Unknown,,,,0.1027,observational
VITAMIN SHOPPE,VITAMINS & SUPPLEMENTS,08-40229-30394,Built Puff Candy Cane Brownie Protein Bar 1.51 Oz,30pct_plus,≥30% off,8,0.6178,0.4516,0.358,0.75,,,,0.3805,1.53,2.46,2026-03-30T00:00:00.000Z,Unknown,,,,0.6178,observational
VITAMIN SHOPPE,VITAMINS & SUPPLEMENTS,08-40229-30395,Built Puff Candy Cane Brownie Protein Bar 1.52oz (12pk),0_10pct,<10% off,2,0.002,0.002,0.0012,0.0028,,,,0.087,30.0,30.83,2025-11-24T00:00:00.000Z,Unknown,,,,0.002,observational
VITAMIN SHOPPE,VITAMINS & SUPPLEMENTS,08-40229-30395,Built Puff Candy Cane Brownie Protein Bar 1.52oz (12pk),10_20pct,10–20% off,2,0.0248,0.0248,0.0248,0.0248,,,,0.1715,29.53,31.38,2025-12-08T00:00:00.000Z,Unknown,,,,0.0248,observational
VITAMIN SHOPPE,VITAMINS & SUPPLEMENTS,08-40229-30395,Built Puff Candy Cane Brownie Protein Bar 1.52oz (12pk),20_30pct,20–30% off,3,,,,,,,,0.222,26.37,29.92,2026-01-05T00:00:00.000Z,Unknown,,,,,observational
VITAMIN SHOPPE,VITAMINS & SUPPLEMENTS,08-40229-30550,Built Puff Cookies N Cream Protein Bar 1.41 Oz,0_10pct,<10% off,9,0.0224,0.0229,0.0124,0.0269,,,,0.0892,3.21,3.24,2026-03-16T00:00:00.000Z,Unknown,,,,0.0224,observational
VITAMIN SHOPPE,VITAMINS & SUPPLEMENTS,08-40229-30550,Built Puff Cookies N Cream Protein Bar 1.41 Oz,10_20pct,10–20% off,24,0.0897,0.0437,0.0314,0.064,,,,0.1312,3.16,3.27,2026-04-13T00:00:00.000Z,Unknown,,,,0.0897,observational
VITAMIN SHOPPE,VITAMINS & SUPPLEMENTS,08-40229-30550,Built Puff Cookies N Cream Protein Bar 1.41 Oz,20_30pct,20–30% off,5,0.3285,0.3491,0.2971,0.3794,,,,0.24,2.7,3.27,2026-02-16T00:00:00.000Z,Unknown,,,,0.3285,observational
VITAMIN SHOPPE,VITAMINS & SUPPLEMENTS,08-40229-30550,Built Puff Cookies N Cream Protein Bar 1.41 Oz,30pct_plus,≥30% off,2,3.1599,3.1599,2.2399,4.08,,,,0.592,1.37,3.24,2025-10-20T00:00:00.000Z,Unknown,,,,3.1599,observational
VITAMIN SHOPPE,VITAMINS & SUPPLEMENTS,08-40229-30569,Built Puff Chocolate Milkshake Protein Bar 1.41 Oz,0_10pct,<10% off,5,0.026,0.0208,0.0138,0.0361,,,,0.0894,3.21,3.25,2025-10-06T00:00:00.000Z,Unknown,,,,0.026,observational
VITAMIN SHOPPE,VITAMINS & SUPPLEMENTS,08-40229-30569,Built Puff Chocolate Milkshake Protein Bar 1.41 Oz,10_20pct,10–20% off,17,0.0453,0.0286,0.0207,0.048,,,,0.1355,3.13,3.26,2026-03-16T00:00:00.000Z,Unknown,,,,0.0453,observational
VITAMIN SHOPPE,VITAMINS & SUPPLEMENTS,08-40229-30569,Built Puff Chocolate Milkshake Protein Bar 1.41 Oz,30pct_plus,≥30% off,11,1.1026,0.9214,0.6825,1.2106,,,,0.6358,1.22,3.21,2026-01-12T00:00:00.000Z,Unknown,,,,1.1026,observational
VITAMIN SHOPPE,VITAMINS & SUPPLEMENTS,08-40229-30573,Built Puff Strawberries N Cream Protein Bar 1.41 Oz,0_10pct,<10% off,4,0.0149,0.0138,0.0129,0.0157,,,,0.0863,3.22,3.25,2025-09-08T00:00:00.000Z,Unknown,,,,0.0149,observational
VITAMIN SHOPPE,VITAMINS & SUPPLEMENTS,08-40229-30573,Built Puff Strawberries N Cream Protein Bar 1.41 Oz,10_20pct,10–20% off,16,0.0404,0.0221,0.0181,0.045,,,,0.1284,3.19,3.26,2025-11-10T00:00:00.000Z,Unknown,,,,0.0404,observational
VITAMIN SHOPPE,VITAMINS & SUPPLEMENTS,08-40229-30573,Built Puff Strawberries N Cream Protein Bar 1.41 Oz,20_30pct,20–30% off,10,0.3205,0.2765,0.228,0.4491,,,,0.2703,2.32,3.13,2026-03-16T00:00:00.000Z,Unknown,,,,0.3205,observational
VITAMIN SHOPPE,VITAMINS & SUPPLEMENTS,08-40229-30573,Built Puff Strawberries N Cream Protein Bar 1.41 Oz,30pct_plus,≥30% off,14,0.7405,0.4967,0.3754,0.8456,,,,0.476,1.53,2.74,2026-04-13T00:00:00.000Z,Unknown,,,,0.7405,observational
VITAMIN SHOPPE,VITAMINS & SUPPLEMENTS,08-40229-30576,Built Puff Chocolate Milkshake Protein Bar 1.41 Oz (12 Pk),10_20pct,10–20% off,10,0.1462,0.0486,0.023,0.133,,,,0.1564,30.06,31.45,2025-09-01T00:00:00.000Z,Unknown,,,,0.1462,observational
VITAMIN SHOPPE,VITAMINS & SUPPLEMENTS,08-40229-30576,Built Puff Chocolate Milkshake Protein Bar 1.41 Oz (12 Pk),20_30pct,20–30% off,7,0.0569,0.04,0.034,0.0714,,,,0.2193,28.5,31.45,2025-11-10T00:00:00.000Z,Unknown,,,,0.0569,observational
VITAMIN SHOPPE,VITAMINS & SUPPLEMENTS,08-40229-30576,Built Puff Chocolate Milkshake Protein Bar 1.41 Oz (12 Pk),30pct_plus,≥30% off,16,0.1199,0.1296,0.1094,0.1439,,,,0.5178,17.96,29.38,2026-01-12T00:00:00.000Z,Unknown,,,,0.1199,observational
VITAMIN SHOPPE,VITAMINS & SUPPLEMENTS,08-40229-30578,Built Puff Salted Caramel Protein Bar 1.41 Oz (12 Pk),0_10pct,<10% off,1,0.0137,0.0137,0.0137,0.0137,,,,0.099,31.37,32.07,2025-08-18T00:00:00.000Z,Unknown,,,,0.0137,observational
VITAMIN SHOPPE,VITAMINS & SUPPLEMENTS,08-40229-30578,Built Puff Salted Caramel Protein Bar 1.41 Oz (12 Pk),10_20pct,10–20% off,13,0.045,0.0242,0.0125,0.0738,,,,0.1576,30.65,31.7,2026-03-23T00:00:00.000Z,Unknown,,,,0.045,observational
VITAMIN SHOPPE,VITAMINS & SUPPLEMENTS,08-40229-30578,Built Puff Salted Caramel Protein Bar 1.41 Oz (12 Pk),20_30pct,20–30% off,17,0.1961,0.0852,0.0293,0.349,,,,0.2428,28.05,31.05,2026-04-13T00:00:00.000Z,Unknown,,,,0.1961,observational
VITAMIN SHOPPE,VITAMINS & SUPPLEMENTS,08-40229-30578,Built Puff Salted Caramel Protein Bar 1.41 Oz (12 Pk),30pct_plus,≥30% off,9,0.2326,0.2209,0.1525,0.3088,,,,0.3276,25.25,30.36,2026-03-30T00:00:00.000Z,Unknown,,,,0.2326,observational
VITAMIN SHOPPE,VITAMINS & SUPPLEMENTS,08-40229-30582,Built Puff Cookies N Cream Protein Bar 1.41 Oz (12 Pk),10_20pct,10–20% off,19,0.0274,0.0232,0.008,0.0419,,,,0.1646,31.01,32.09,2026-04-13T00:00:00.000Z,Unknown,,,,0.0274,observational
VITAMIN SHOPPE,VITAMINS & SUPPLEMENTS,08-40229-30582,Built Puff Cookies N Cream Protein Bar 1.41 Oz (12 Pk),20_30pct,20–30% off,16,0.255,0.3025,0.0529,0.3943,,,,0.2419,27.22,31.08,2026-02-23T00:00:00.000Z,Unknown,,,,0.255,observational
VITAMIN SHOPPE,VITAMINS & SUPPLEMENTS,08-40229-30582,Built Puff Cookies N Cream Protein Bar 1.41 Oz (12 Pk),30pct_plus,≥30% off,5,0.2017,0.2116,0.1174,0.296,,,,0.3256,26.17,30.86,2026-01-19T00:00:00.000Z,Unknown,,,,0.2017,observational
VITAMIN SHOPPE,VITAMINS & SUPPLEMENTS,08-40229-30590,Built Puff Strawberries N Cream Protein Bar 1.41 Oz (12 Pk),0_10pct,<10% off,1,,,,,,,,0.063,24.72,26.39,2025-12-15T00:00:00.000Z,Unknown,,,,,observational
VITAMIN SHOPPE,VITAMINS & SUPPLEMENTS,08-40229-30590,Built Puff Strawberries N Cream Protein Bar 1.41 Oz (12 Pk),10_20pct,10–20% off,13,0.1315,0.0187,0.0105,0.0378,,,,0.1565,29.88,31.6,2025-12-22T00:00:00.000Z,Unknown,,,,0.1315,observational
VITAMIN SHOPPE,VITAMINS & SUPPLEMENTS,08-40229-30590,Built Puff Strawberries N Cream Protein Bar 1.41 Oz (12 Pk),20_30pct,20–30% off,6,0.0529,0.0462,0.0404,0.0621,,,,0.2512,26.88,31.77,2026-01-05T00:00:00.000Z,Unknown,,,,0.0529,observational
VITAMIN SHOPPE,VITAMINS & SUPPLEMENTS,08-40229-30590,Built Puff Strawberries N Cream Protein Bar 1.41 Oz (12 Pk),30pct_plus,≥30% off,15,0.101,0.1247,0.0719,0.1405,,,,0.4035,21.68,31.12,2026-03-02T00:00:00.000Z,Unknown,,,,0.101,observational
VITAMIN SHOPPE,VITAMINS & SUPPLEMENTS,08-40229-30615,Built Puff Chocolatey Hazelnut  1.41oz,0_10pct,<10% off,3,0.0127,0.0083,0.007,0.0162,,,,0.0883,2.46,2.47,2025-12-15T00:00:00.000Z,Unknown,,,,0.0127,observational
VITAMIN SHOPPE,VITAMINS & SUPPLEMENTS,08-40229-30615,Built Puff Chocolatey Hazelnut  1.41oz,10_20pct,10–20% off,7,0.0453,0.0215,0.0073,0.0551,,,,0.1736,2.74,2.83,2026-02-09T00:00:00.000Z,Unknown,,,,0.0453,observational
VITAMIN SHOPPE,VITAMINS & SUPPLEMENTS,08-40229-30615,Built Puff Chocolatey Hazelnut  1.41oz,20_30pct,20–30% off,7,0.1415,0.1478,0.1199,0.1527,,,,0.2133,2.42,2.77,2026-03-23T00:00:00.000Z,Unknown,,,,0.1415,observational
VITAMIN SHOPPE,VITAMINS & SUPPLEMENTS,08-40229-30615,Built Puff Chocolatey Hazelnut  1.41oz,30pct_plus,≥30% off,3,0.6246,0.6327,0.6175,0.6358,,,,0.3843,1.63,2.45,2026-04-13T00:00:00.000Z,Unknown,,,,0.6246,observational
VITAMIN SHOPPE,VITAMINS & SUPPLEMENTS,08-40229-30616,Built Puff Chocolatey Hazelnut 16.93oz (12pk),10_20pct,10–20% off,7,0.1311,0.0324,0.0136,0.1906,,,,0.1716,29.09,30.94,2026-01-05T00:00:00.000Z,Unknown,,,,0.1311,observational
VITAMIN SHOPPE,VITAMINS & SUPPLEMENTS,08-40229-30616,Built Puff Chocolatey Hazelnut 16.93oz (12pk),20_30pct,20–30% off,8,0.1274,0.1292,0.1104,0.1461,,,,0.2488,25.22,29.91,2026-03-16T00:00:00.000Z,Unknown,,,,0.1274,observational
VITAMIN SHOPPE,VITAMINS & SUPPLEMENTS,08-40229-30616,Built Puff Chocolatey Hazelnut 16.93oz (12pk),30pct_plus,≥30% off,6,0.2206,0.2233,0.1231,0.3209,,,,0.3868,19.85,28.19,2026-04-13T00:00:00.000Z,Unknown,,,,0.2206,observational
VITAMIN SHOPPE,VITAMINS & SUPPLEMENTS,08-40229-30642,Built Puff Peanut Butter Protein Bar 1.41 Oz,0_10pct,<10% off,9,0.0207,0.0203,0.0194,0.0214,,,,0.0927,3.23,3.26,2026-04-13T00:00:00.000Z,Unknown,,,,0.0207,observational
VITAMIN SHOPPE,VITAMINS & SUPPLEMENTS,08-40229-30642,Built Puff Peanut Butter Protein Bar 1.41 Oz,10_20pct,10–20% off,13,0.1054,0.0393,0.0192,0.0793,,,,0.1312,3.15,3.27,2026-04-06T00:00:00.000Z,Unknown,,,,0.1054,observational
VITAMIN SHOPPE,VITAMINS & SUPPLEMENTS,08-40229-30642,Built Puff Peanut Butter Protein Bar 1.41 Oz,20_30pct,20–30% off,4,0.3366,0.3571,0.2939,0.3998,,,,0.2288,2.6,3.24,2026-02-16T00:00:00.000Z,Unknown,,,,0.3366,observational
VITAMIN SHOPPE,VITAMINS & SUPPLEMENTS,08-40229-30642,Built Puff Peanut Butter Protein Bar 1.41 Oz,30pct_plus,≥30% off,2,1.601,1.601,1.1185,2.0835,,,,0.522,1.6,3.06,2025-10-20T00:00:00.000Z,Unknown,,,,1.601,observational
VITAMIN SHOPPE,VITAMINS & SUPPLEMENTS,08-40229-30643,Built Puff Peanut Butter Puff Bar 1.41oz (12pk),10_20pct,10–20% off,15,0.058,0.0135,0.0043,0.028,,,,0.1726,29.89,30.82,2026-04-13T00:00:00.000Z,Unknown,,,,0.058,observational
VITAMIN SHOPPE,VITAMINS & SUPPLEMENTS,08-40229-30643,Built Puff Peanut Butter Puff Bar 1.41oz (12pk),20_30pct,20–30% off,12,0.056,0.0314,0.015,0.0664,,,,0.2451,27.05,28.82,2026-02-23T00:00:00.000Z,Unknown,,,,0.056,observational
VITAMIN SHOPPE,VITAMINS & SUPPLEMENTS,08-40229-30643,Built Puff Peanut Butter Puff Bar 1.41oz (12pk),30pct_plus,≥30% off,1,0.042,0.042,0.042,0.042,,,,0.321,25.89,27.39,2026-01-12T00:00:00.000Z,Unknown,,,,0.042,observational
VITAMIN SHOPPE,VITAMINS & SUPPLEMENTS,08-40229-30651,Built Protein Bar Puff Sour Peach 1.45 Oz,0_10pct,<10% off,4,0.0102,0.0107,0.0082,0.0127,,,,0.0838,3.24,3.26,2026-04-13T00:00:00.000Z,Unknown,,,,0.0102,observational
VITAMIN SHOPPE,VITAMINS & SUPPLEMENTS,08-40229-30651,Built Protein Bar Puff Sour Peach 1.45 Oz,10_20pct,10–20% off,2,0.2512,0.2512,0.1776,0.3247,,,,0.124,2.92,3.15,2026-03-30T00:00:00.000Z,Unknown,,,,0.2512,observational
VITAMIN SHOPPE,VITAMINS & SUPPLEMENTS,08-40229-30653,Built Puff Sour Blu Razz Blast Bar 1.45 Oz,0_10pct,<10% off,4,0.0132,0.0119,0.0106,0.0145,,,,0.084,3.24,3.26,2026-04-13T00:00:00.000Z,Unknown,,,,0.0132,observational
VITAMIN SHOPPE,VITAMINS & SUPPLEMENTS,08-40229-30653,Built Puff Sour Blu Razz Blast Bar 1.45 Oz,10_20pct,10–20% off,2,0.2708,0.2708,0.1823,0.3592,,,,0.122,2.92,3.16,2026-03-30T00:00:00.000Z,Unknown,,,,0.2708,observational
VITAMIN SHOPPE,VITAMINS & SUPPLEMENTS,08-40229-30655,Built Puff Sour Green Apple Crush Bar 1.45 Oz,0_10pct,<10% off,4,0.0144,0.0136,0.0123,0.0157,,,,0.0857,3.22,3.24,2026-04-13T00:00:00.000Z,Unknown,,,,0.0144,observational
VITAMIN SHOPPE,VITAMINS & SUPPLEMENTS,08-40229-30655,Built Puff Sour Green Apple Crush Bar 1.45 Oz,10_20pct,10–20% off,2,0.2659,0.2659,0.1808,0.351,,,,0.122,2.91,3.14,2026-03-30T00:00:00.000Z,Unknown,,,,0.2659,observational
VITAMIN SHOPPE,VITAMINS & SUPPLEMENTS,08-40229-30658,Built Sour Puff  Protein Bar  Blue Razz Blast  1.45 Oz (12pk),10_20pct,10–20% off,5,0.0144,0.0144,0.0115,0.0173,,,,0.157,31.51,31.89,2026-04-13T00:00:00.000Z,Unknown,,,,0.0144,observational
VITAMIN SHOPPE,VITAMINS & SUPPLEMENTS,08-40229-30658,Built Sour Puff  Protein Bar  Blue Razz Blast  1.45 Oz (12pk),20_30pct,20–30% off,1,,,,,,,,0.207,31.91,32.18,2026-03-23T00:00:00.000Z,Unknown,,,,,observational
VITAMIN SHOPPE,VITAMINS & SUPPLEMENTS,08-40229-30659,Built Sour Puff Protein Bar Green Apple Crush  1.45oz (12pk),10_20pct,10–20% off,5,0.0262,0.016,0.0106,0.0221,,,,0.147,31.3,31.88,2026-04-13T00:00:00.000Z,Unknown,,,,0.0262,observational
VITAMIN SHOPPE,VITAMINS & SUPPLEMENTS,08-40229-30659,Built Sour Puff Protein Bar Green Apple Crush  1.45oz (12pk),30pct_plus,≥30% off,1,,,,,,,,0.322,30.59,30.77,2026-03-09T00:00:00.000Z,Unknown,,,,,observational
VITAMIN SHOPPE,VITAMINS & SUPPLEMENTS,08-40229-30660,Built Sour Puff Protein Bar Sweet Peach Punch 1.45 Oz (12pk),0_10pct,<10% off,1,0.0328,0.0328,0.0328,0.0328,,,,0.067,30.57,30.86,2026-03-02T00:00:00.000Z,Unknown,,,,0.0328,observational
VITAMIN SHOPPE,VITAMINS & SUPPLEMENTS,08-40229-30660,Built Sour Puff Protein Bar Sweet Peach Punch 1.45 Oz (12pk),10_20pct,10–20% off,5,0.0408,0.0285,0.0166,0.0589,,,,0.1438,31.23,31.81,2026-04-13T00:00:00.000Z,Unknown,,,,0.0408,observational
WAKEFERN,CONVENTIONAL|FOOD,08-40229-30034,Built Puff Salted Caramel Protein Bar 1.41 Oz,0_10pct,<10% off,1,,,,,0.0,,,0.096,2.49,2.76,2026-02-16T00:00:00.000Z,Unknown,,,,,observational
WAKEFERN,CONVENTIONAL|FOOD,08-40229-30034,Built Puff Salted Caramel Protein Bar 1.41 Oz,10_20pct,10–20% off,1,0.2308,0.2308,0.2308,0.2308,60.0,,,0.121,2.19,2.34,2026-03-02T00:00:00.000Z,TPR,,,,0.2308,observational
WAKEFERN,CONVENTIONAL|FOOD,08-40229-30034,Built Puff Salted Caramel Protein Bar 1.41 Oz,20_30pct,20–30% off,3,0.1242,0.1667,0.0863,0.1833,37.3333,,,0.247,2.09,2.32,2026-03-23T00:00:00.000Z,TPR,,,,0.1242,observational
WAKEFERN,CONVENTIONAL|FOOD,08-40229-30037,Built Puff Coconut Protein Bar 1.41 Oz,0_10pct,<10% off,15,0.0057,0.0058,0.0014,0.0078,73.9077,39.15,,0.0706,3.03,3.03,2026-02-23T00:00:00.000Z,TPR,30.18,ROBUST,1.0,30.18,causal_robust
WAKEFERN,CONVENTIONAL|FOOD,08-40229-30037,Built Puff Coconut Protein Bar 1.41 Oz,10_20pct,10–20% off,17,0.3749,0.4196,0.3025,0.4823,51.1294,46.56,,0.1761,2.52,2.88,2026-03-23T00:00:00.000Z,TPR,30.18,ROBUST,1.0,30.18,causal_robust
WAKEFERN,CONVENTIONAL|FOOD,08-40229-30037,Built Puff Coconut Protein Bar 1.41 Oz,20_30pct,20–30% off,6,0.3265,0.3132,0.1624,0.4244,44.3333,39.6667,0.0,0.2053,2.64,3.13,2026-02-02T00:00:00.000Z,TPR,30.18,ROBUST,1.0,30.18,causal_robust
WAKEFERN,CONVENTIONAL|FOOD,08-40229-30037,Built Puff Coconut Protein Bar 1.41 Oz,30pct_plus,≥30% off,6,1.7043,1.9633,1.2124,2.1932,116.3333,215.6,236.35,0.389,1.92,3.1,2026-01-26T00:00:00.000Z,Display,30.18,ROBUST,1.0,30.18,causal_robust
WAKEFERN,CONVENTIONAL|FOOD,08-40229-30037,Built Puff Coconut Protein Bar 1.41 Oz,no_promo,No price reduction,4,0.0051,0.0034,0.0017,0.0069,,46.275,,0.0,3.11,3.11,2026-04-06T00:00:00.000Z,Display,30.18,ROBUST,1.0,30.18,causal_robust
WAKEFERN,CONVENTIONAL|FOOD,08-40229-30050,Built Puff Churro Protein Bar 1.41 Oz,0_10pct,<10% off,1,,,,,0.0,,,0.067,3.15,3.15,2025-09-08T00:00:00.000Z,Unknown,,,,,observational
WAKEFERN,CONVENTIONAL|FOOD,08-40229-30050,Built Puff Churro Protein Bar 1.41 Oz,10_20pct,10–20% off,19,0.2982,0.3231,0.1027,0.4946,47.4737,70.56,,0.1649,2.57,2.87,2026-03-23T00:00:00.000Z,TPR,,,,0.2982,observational
WAKEFERN,CONVENTIONAL|FOOD,08-40229-30050,Built Puff Churro Protein Bar 1.41 Oz,20_30pct,20–30% off,5,0.4503,0.4909,0.2926,0.621,55.14,65.8333,74.7,0.206,2.41,2.94,2026-03-09T00:00:00.000Z,TPR,,,,0.4503,observational
WAKEFERN,CONVENTIONAL|FOOD,08-40229-30050,Built Puff Churro Protein Bar 1.41 Oz,30pct_plus,≥30% off,5,1.805,1.8446,1.6975,2.2228,148.18,181.78,238.65,0.383,1.91,3.04,2026-01-26T00:00:00.000Z,Display,,,,1.805,observational
WAKEFERN,CONVENTIONAL|FOOD,08-40229-30050,Built Puff Churro Protein Bar 1.41 Oz,no_promo,No price reduction,3,0.0082,0.0116,0.006,0.0121,,65.2667,,0.0,3.15,3.15,2026-04-06T00:00:00.000Z,Display,,,,0.0082,observational
WAKEFERN,CONVENTIONAL|FOOD,08-40229-30107,Built Mint Brownie Bar 1.69oz,0_10pct,<10% off,9,0.3907,0.4509,0.2034,0.5739,44.7,,,0.0779,3.45,3.62,2024-12-09T00:00:00.000Z,TPR,,,,0.3907,observational
WAKEFERN,CONVENTIONAL|FOOD,08-40229-30107,Built Mint Brownie Bar 1.69oz,10_20pct,10–20% off,8,0.4054,0.3889,0.3089,0.4894,71.3625,,,0.1334,3.12,3.42,2024-12-30T00:00:00.000Z,TPR,,,,0.4054,observational
WAKEFERN,CONVENTIONAL|FOOD,08-40229-30119,Built Satled Caramel Bar 1.69oz,0_10pct,<10% off,8,0.1683,0.1818,0.0871,0.2299,27.975,,,0.079,3.52,3.68,2024-07-08T00:00:00.000Z,TPR,,,,0.1683,observational
WAKEFERN,CONVENTIONAL|FOOD,08-40229-30119,Built Satled Caramel Bar 1.69oz,10_20pct,10–20% off,5,0.503,0.4904,0.4386,0.5209,65.62,,,0.1374,3.14,3.54,2024-10-28T00:00:00.000Z,TPR,,,,0.503,observational
WAKEFERN,CONVENTIONAL|FOOD,08-40229-30130,Built Cookies & Cream Bar 1.69oz,0_10pct,<10% off,7,0.1904,0.1604,0.1188,0.1969,61.8571,,,0.0793,3.61,3.72,2024-07-15T00:00:00.000Z,TPR,,,,0.1904,observational
WAKEFERN,CONVENTIONAL|FOOD,08-40229-30130,Built Cookies & Cream Bar 1.69oz,10_20pct,10–20% off,6,0.3931,0.405,0.2418,0.5476,35.8833,5.3,,0.1338,3.1,3.46,2024-11-04T00:00:00.000Z,TPR,,,,0.3931,observational
WAKEFERN,CONVENTIONAL|FOOD,08-40229-30130,Built Cookies & Cream Bar 1.69oz,30pct_plus,≥30% off,1,,,,,0.0,,,0.402,3.27,3.31,2024-08-26T00:00:00.000Z,Unknown,,,,,observational
WAKEFERN,CONVENTIONAL|FOOD,08-40229-30130,Built Cookies & Cream Bar 1.69oz,no_promo,No price reduction,2,,,,,,74.25,,0.0,4.99,4.99,2025-01-06T00:00:00.000Z,Display,,,,,observational
WAKEFERN,CONVENTIONAL|FOOD,08-40229-30229,Built Puff Churro Protein Bar 1.41 Oz (12 Pk),30pct_plus,≥30% off,1,,,,,0.0,,,0.878,30.6,35.01,2026-01-12T00:00:00.000Z,Unknown,,,,,observational
WAKEFERN,CONVENTIONAL|FOOD,08-40229-30333,Built Puff Cookie Dough Chunk Protein Bar 1.55 Oz,0_10pct,<10% off,5,0.0012,0.0011,0.001,0.0013,16.2,16.6,,0.068,3.11,3.11,2025-12-22T00:00:00.000Z,TPR,,,,0.0012,observational
WAKEFERN,CONVENTIONAL|FOOD,08-40229-30333,Built Puff Cookie Dough Chunk Protein Bar 1.55 Oz,10_20pct,10–20% off,22,0.2873,0.2844,0.0332,0.5361,109.8,66.75,,0.1717,2.64,2.91,2026-03-23T00:00:00.000Z,TPR,,,,0.2873,observational
WAKEFERN,CONVENTIONAL|FOOD,08-40229-30333,Built Puff Cookie Dough Chunk Protein Bar 1.55 Oz,20_30pct,20–30% off,8,0.3365,0.3787,0.1403,0.4738,40.45,58.0,6.1,0.2049,2.62,3.14,2026-02-09T00:00:00.000Z,TPR,,,,0.3365,observational
WAKEFERN,CONVENTIONAL|FOOD,08-40229-30333,Built Puff Cookie Dough Chunk Protein Bar 1.55 Oz,30pct_plus,≥30% off,6,1.58,1.8086,1.0394,1.9688,130.3333,180.68,218.55,0.3867,1.93,3.12,2026-01-26T00:00:00.000Z,Display,,,,1.58,observational
WAKEFERN,CONVENTIONAL|FOOD,08-40229-30333,Built Puff Cookie Dough Chunk Protein Bar 1.55 Oz,no_promo,No price reduction,4,0.0018,0.0021,0.0012,0.0027,,89.05,,0.0,3.14,3.14,2025-12-15T00:00:00.000Z,Display,,,,0.0018,observational
WAKEFERN,CONVENTIONAL|FOOD,08-40229-30362,Built Puff Brownie Batter Protein Bar 1.41 Oz,0_10pct,<10% off,2,,,,,0.0,,,0.0935,3.15,3.15,2025-12-22T00:00:00.000Z,Unknown,,,,,observational
WAKEFERN,CONVENTIONAL|FOOD,08-40229-30362,Built Puff Brownie Batter Protein Bar 1.41 Oz,10_20pct,10–20% off,14,0.2892,0.2904,0.0813,0.4763,62.9929,80.275,14.5,0.1691,2.62,2.92,2026-03-23T00:00:00.000Z,TPR,,,,0.2892,observational
WAKEFERN,CONVENTIONAL|FOOD,08-40229-30362,Built Puff Brownie Batter Protein Bar 1.41 Oz,20_30pct,20–30% off,6,0.6725,0.5268,0.4626,0.6545,127.05,47.15,,0.2207,2.48,3.07,2026-02-09T00:00:00.000Z,TPR,,,,0.6725,observational
WAKEFERN,CONVENTIONAL|FOOD,08-40229-30362,Built Puff Brownie Batter Protein Bar 1.41 Oz,30pct_plus,≥30% off,5,2.0523,2.2154,1.9997,2.3686,141.48,184.7,258.6,0.4052,1.86,3.1,2026-01-26T00:00:00.000Z,Feature,,,,2.0523,observational
WAKEFERN,CONVENTIONAL|FOOD,08-40229-30362,Built Puff Brownie Batter Protein Bar 1.41 Oz,no_promo,No price reduction,1,0.0068,0.0068,0.0068,0.0068,,87.4,,0.0,2.48,2.48,2026-02-23T00:00:00.000Z,Display,,,,0.0068,observational
WAKEFERN,CONVENTIONAL|FOOD,08-40229-30432,Built Puff Mint Chip Protein Bar 1.41 Oz,0_10pct,<10% off,5,0.0883,0.0699,0.0667,0.1187,49.6667,0.0,60.35,0.0672,3.18,3.28,2026-01-19T00:00:00.000Z,TPR,221.69,MODERATE,1.0,221.69,causal_moderate
WAKEFERN,CONVENTIONAL|FOOD,08-40229-30432,Built Puff Mint Chip Protein Bar 1.41 Oz,10_20pct,10–20% off,8,0.2132,0.1894,0.0483,0.3418,45.925,9900.0,,0.1452,2.85,3.1,2025-08-25T00:00:00.000Z,TPR,221.69,MODERATE,1.0,221.69,causal_moderate
WAKEFERN,CONVENTIONAL|FOOD,08-40229-30432,Built Puff Mint Chip Protein Bar 1.41 Oz,20_30pct,20–30% off,2,0.1006,0.1006,0.0943,0.1068,36.3,383.9,151.6,0.2095,2.72,2.88,2025-08-18T00:00:00.000Z,Feature,221.69,MODERATE,1.0,221.69,causal_moderate
WAKEFERN,CONVENTIONAL|FOOD,08-40229-30432,Built Puff Mint Chip Protein Bar 1.41 Oz,no_promo,No price reduction,5,0.0483,0.0349,0.0166,0.0439,,104.08,,0.0,3.2,3.2,2026-01-05T00:00:00.000Z,Display,221.69,MODERATE,1.0,221.69,causal_moderate
WAKEFERN,CONVENTIONAL|FOOD,08-40229-30569,Built Puff Chocolate Milkshake Protein Bar 1.41 Oz,0_10pct,<10% off,1,,,,,,,104.1,0.099,2.99,3.32,2025-12-29T00:00:00.000Z,Feature,,,,,observational
WAKEFERN,CONVENTIONAL|FOOD,08-40229-30569,Built Puff Chocolate Milkshake Protein Bar 1.41 Oz,no_promo,No price reduction,1,,,,,,,179.3,0.0,2.99,2.99,2026-01-12T00:00:00.000Z,Feature,,,,,observational
WAKEFERN,CONVENTIONAL|FOOD,08-40229-30573,Built Puff Strawberries N Cream Protein Bar 1.41 Oz,0_10pct,<10% off,2,0.1268,0.1268,0.1268,0.1268,0.0,,23.3,0.0615,2.86,2.88,2026-01-19T00:00:00.000Z,Feature,,,,0.1268,observational
WAKEFERN,CONVENTIONAL|FOOD,08-40229-30573,Built Puff Strawberries N Cream Protein Bar 1.41 Oz,20_30pct,20–30% off,5,0.0443,0.0443,0.0299,0.0587,17.32,,,0.234,2.86,2.92,2026-04-06T00:00:00.000Z,Unknown,,,,0.0443,observational
WAKEFERN,CONVENTIONAL|FOOD,08-40229-30573,Built Puff Strawberries N Cream Protein Bar 1.41 Oz,no_promo,No price reduction,1,0.838,0.838,0.838,0.838,,,83.8,0.0,2.99,2.99,2025-12-29T00:00:00.000Z,Feature,,,,0.838,observational
WAKEFERN,CONVENTIONAL|FOOD,08-40229-30642,Built Puff Peanut Butter Protein Bar 1.41 Oz,10_20pct,10–20% off,1,0.0786,0.0786,0.0786,0.0786,64.6,,,0.121,2.88,2.95,2025-12-29T00:00:00.000Z,TPR,,,,0.0786,observational
WALGREENS BOOTS ALLIANCE,CONVENTIONAL|DRUG,08-40229-30034,Built Puff Salted Caramel Protein Bar 1.41 Oz,no_promo,No price reduction,5,,,,,,,,,1.91,1.91,2026-02-23T00:00:00.000Z,Unknown,,,,,observational
WALGREENS BOOTS ALLIANCE,CONVENTIONAL|DRUG,08-40229-30037,Built Puff Coconut Protein Bar 1.41 Oz,30pct_plus,≥30% off,30,1.346,1.2338,1.1518,1.5908,64.7724,86.3692,,0.6028,2.63,2.79,2026-04-13T00:00:00.000Z,Display,,,,1.346,observational
WALGREENS BOOTS ALLIANCE,CONVENTIONAL|DRUG,08-40229-30037,Built Puff Coconut Protein Bar 1.41 Oz,no_promo,No price reduction,19,,,,,,,,,1.81,1.81,2025-09-22T00:00:00.000Z,Unknown,,,,,observational
WALGREENS BOOTS ALLIANCE,CONVENTIONAL|DRUG,08-40229-30130,Built Cookies & Cream Bar 1.69oz,no_promo,No price reduction,3,,,,,,,,,1.13,1.13,2025-02-24T00:00:00.000Z,Unknown,,,,,observational
WALGREENS BOOTS ALLIANCE,CONVENTIONAL|DRUG,08-40229-30333,Built Puff Cookie Dough Chunk Protein Bar 1.55 Oz,30pct_plus,≥30% off,29,1.5218,1.4701,1.4037,1.6319,121.1655,93.8036,,0.7181,2.22,2.71,2026-04-13T00:00:00.000Z,TPR,,,,1.5218,observational
WALGREENS BOOTS ALLIANCE,CONVENTIONAL|DRUG,08-40229-30333,Built Puff Cookie Dough Chunk Protein Bar 1.55 Oz,no_promo,No price reduction,5,,,,,,,,,1.73,1.73,2025-09-29T00:00:00.000Z,Unknown,,,,,observational
WALGREENS BOOTS ALLIANCE,CONVENTIONAL|DRUG,08-40229-30362,Built Puff Brownie Batter Protein Bar 1.41 Oz,30pct_plus,≥30% off,33,1.313,1.2073,1.1355,1.5683,50.7688,78.0778,,0.581,2.6,2.75,2026-04-13T00:00:00.000Z,Display,,,,1.313,observational
WALGREENS BOOTS ALLIANCE,CONVENTIONAL|DRUG,08-40229-30362,Built Puff Brownie Batter Protein Bar 1.41 Oz,no_promo,No price reduction,26,,,,,,,,,1.94,1.94,2025-09-22T00:00:00.000Z,Unknown,,,,,observational
WALGREENS BOOTS ALLIANCE,CONVENTIONAL|DRUG,08-40229-30363,Built Puff Brownie Batter Protein Bar 1.41 Oz (12 Pk),no_promo,No price reduction,1,,,,,,,,,10.99,10.99,2026-02-02T00:00:00.000Z,Unknown,,,,,observational
WALGREENS BOOTS ALLIANCE,CONVENTIONAL|DRUG,08-40229-30380,Built Puff Brownie Batter Protein Bar 1.41 Oz (4 Pk),no_promo,No price reduction,4,,,,,,,,,2.09,2.09,2026-04-13T00:00:00.000Z,Unknown,,,,,observational
WALGREENS BOOTS ALLIANCE,CONVENTIONAL|DRUG,08-40229-30381,Built Puff Coconut Protein Bar 1.41 Oz (4 Pk),no_promo,No price reduction,1,,,,,,,,,0.85,0.85,2023-12-04T00:00:00.000Z,Unknown,,,,,observational
WALGREENS BOOTS ALLIANCE,CONVENTIONAL|DRUG,08-40229-30449,Built Peanut Butter Puff 1.41oz,30pct_plus,≥30% off,1,,,,,0.0,,,0.5475,2.49,2.75,2025-05-12T00:00:00.000Z,Unknown,,,,,observational
WALGREENS BOOTS ALLIANCE,CONVENTIONAL|DRUG,08-40229-30449,Built Peanut Butter Puff 1.41oz,no_promo,No price reduction,1,,,,,,,,,2.75,2.75,2025-04-14T00:00:00.000Z,Unknown,,,,,observational
WALGREENS BOOTS ALLIANCE,CONVENTIONAL|DRUG,08-40229-30550,Built Puff Cookies N Cream Protein Bar 1.41 Oz,30pct_plus,≥30% off,1,,,,,35.1,,,0.5385,2.77,3.0,2026-03-30T00:00:00.000Z,TPR,,,,,observational
WALGREENS BOOTS ALLIANCE,CONVENTIONAL|DRUG,08-40229-30550,Built Puff Cookies N Cream Protein Bar 1.41 Oz,no_promo,No price reduction,3,,,,,,,,,2.08,2.08,2026-04-13T00:00:00.000Z,Unknown,,,,,observational
WALGREENS BOOTS ALLIANCE,CONVENTIONAL|DRUG,08-40229-30558,Built Puff Cookie Dough Chunk Protein Bar 1.55 Oz (4 Pk),30pct_plus,≥30% off,1,,,,,4.2,,,0.6145,7.29,9.45,2025-10-20T00:00:00.000Z,TPR,,,,,observational
WALGREENS BOOTS ALLIANCE,CONVENTIONAL|DRUG,08-40229-30558,Built Puff Cookie Dough Chunk Protein Bar 1.55 Oz (4 Pk),no_promo,No price reduction,3,,,,,,,,,9.15,9.15,2025-10-27T00:00:00.000Z,Unknown,,,,,observational
WALGREENS BOOTS ALLIANCE,CONVENTIONAL|DRUG,08-40229-30655,Built Puff Sour Green Apple Crush Bar 1.45 Oz,no_promo,No price reduction,1,,,,,,,,,1.27,1.27,2026-03-23T00:00:00.000Z,Unknown,,,,,observational
WALGREENS BOOTS ALLIANCE,CONVENTIONAL|DRUG,08-40229-30680,Built Protein Bar Sour Puff Pink Lemonade Squeeze 1.45 Oz (4pk),no_promo,No price reduction,2,,,,,,,,,8.9,8.9,2026-01-19T00:00:00.000Z,Unknown,,,,,observational
WALMART,CONVENTIONAL|MASS MERCH,08-40229-30034,Built Puff Salted Caramel Protein Bar 1.41 Oz,0_10pct,<10% off,6,0.3516,0.371,0.3339,0.3875,97.0333,93.6833,,0.0517,2.44,2.5,2026-02-16T00:00:00.000Z,Display,,,,0.3516,observational
WALMART,CONVENTIONAL|MASS MERCH,08-40229-30034,Built Puff Salted Caramel Protein Bar 1.41 Oz,10_20pct,10–20% off,2,0.2019,0.2019,0.1446,0.2592,155.4,108.45,,0.114,2.41,2.5,2026-02-23T00:00:00.000Z,Display,,,,0.2019,observational
WALMART,CONVENTIONAL|MASS MERCH,08-40229-30034,Built Puff Salted Caramel Protein Bar 1.41 Oz,20_30pct,20–30% off,7,0.4394,0.4225,0.4217,0.4586,208.7286,125.8143,,0.2766,2.13,2.48,2026-04-13T00:00:00.000Z,TPR,,,,0.4394,observational
WALMART,CONVENTIONAL|MASS MERCH,08-40229-30037,Built Puff Coconut Protein Bar 1.41 Oz,0_10pct,<10% off,10,0.3207,0.437,0.0909,0.4541,63.34,109.9667,,0.054,2.55,2.6,2026-02-16T00:00:00.000Z,TPR,,,,0.3207,observational
WALMART,CONVENTIONAL|MASS MERCH,08-40229-30037,Built Puff Coconut Protein Bar 1.41 Oz,10_20pct,10–20% off,8,0.2123,0.2798,0.0964,0.313,94.0875,101.85,,0.1445,2.37,2.5,2026-03-30T00:00:00.000Z,TPR,,,,0.2123,observational
WALMART,CONVENTIONAL|MASS MERCH,08-40229-30037,Built Puff Coconut Protein Bar 1.41 Oz,20_30pct,20–30% off,6,0.2908,0.3045,0.2816,0.3218,114.3333,93.7,,0.249,2.44,2.7,2026-04-13T00:00:00.000Z,TPR,,,,0.2908,observational
WALMART,CONVENTIONAL|MASS MERCH,08-40229-30037,Built Puff Coconut Protein Bar 1.41 Oz,30pct_plus,≥30% off,17,0.2648,0.1684,0.0509,0.4462,96.9294,,,0.4968,2.24,2.93,2025-02-10T00:00:00.000Z,Unknown,,,,0.2648,observational
WALMART,CONVENTIONAL|MASS MERCH,08-40229-30071,Built Double Chocolate Fudge Bar 1.69oz,10_20pct,10–20% off,2,0.0171,0.0171,0.0105,0.0237,14.9,85.2,,0.12,2.98,2.99,2024-01-22T00:00:00.000Z,Display,,,,0.0171,observational
WALMART,CONVENTIONAL|MASS MERCH,08-40229-30071,Built Double Chocolate Fudge Bar 1.69oz,20_30pct,20–30% off,1,0.1559,0.1559,0.1559,0.1559,63.1,,,0.257,2.71,2.98,2024-07-15T00:00:00.000Z,TPR,,,,0.1559,observational
WALMART,CONVENTIONAL|MASS MERCH,08-40229-30071,Built Double Chocolate Fudge Bar 1.69oz,30pct_plus,≥30% off,7,0.4896,0.3793,0.3636,0.6867,118.7286,,,0.4453,2.06,2.63,2024-08-19T00:00:00.000Z,TPR,,,,0.4896,observational
WALMART,CONVENTIONAL|MASS MERCH,08-40229-30130,Built Cookies & Cream Bar 1.69oz,10_20pct,10–20% off,5,0.1238,0.0407,0.0376,0.1685,73.04,,,0.1648,2.88,3.08,2024-12-16T00:00:00.000Z,TPR,,,,0.1238,observational
WALMART,CONVENTIONAL|MASS MERCH,08-40229-30130,Built Cookies & Cream Bar 1.69oz,20_30pct,20–30% off,2,,,,,0.0,,,0.2005,2.98,3.08,2024-06-17T00:00:00.000Z,Unknown,,,,,observational
WALMART,CONVENTIONAL|MASS MERCH,08-40229-30130,Built Cookies & Cream Bar 1.69oz,30pct_plus,≥30% off,20,0.1765,0.0606,0.0329,0.3062,40.63,,,0.4437,2.41,3.05,2025-01-13T00:00:00.000Z,TPR,,,,0.1765,observational
WALMART,CONVENTIONAL|MASS MERCH,08-40229-30333,Built Puff Cookie Dough Chunk Protein Bar 1.55 Oz,0_10pct,<10% off,8,0.3458,0.3464,0.3055,0.378,86.15,105.7429,,0.046,2.49,2.56,2026-02-23T00:00:00.000Z,Display,,,,0.3458,observational
WALMART,CONVENTIONAL|MASS MERCH,08-40229-30333,Built Puff Cookie Dough Chunk Protein Bar 1.55 Oz,10_20pct,10–20% off,6,0.2555,0.2424,0.2117,0.2926,109.0667,103.325,,0.157,2.41,2.58,2026-03-30T00:00:00.000Z,TPR,,,,0.2555,observational
WALMART,CONVENTIONAL|MASS MERCH,08-40229-30333,Built Puff Cookie Dough Chunk Protein Bar 1.55 Oz,20_30pct,20–30% off,4,0.2444,0.2459,0.2313,0.259,179.575,90.325,,0.2218,2.28,2.48,2026-04-13T00:00:00.000Z,TPR,,,,0.2444,observational
WALMART,CONVENTIONAL|MASS MERCH,08-40229-30362,Built Puff Brownie Batter Protein Bar 1.41 Oz,0_10pct,<10% off,6,0.4427,0.4761,0.3744,0.5686,91.5167,117.9,,0.0522,2.52,2.6,2026-02-09T00:00:00.000Z,Display,,,,0.4427,observational
WALMART,CONVENTIONAL|MASS MERCH,08-40229-30362,Built Puff Brownie Batter Protein Bar 1.41 Oz,10_20pct,10–20% off,6,0.3472,0.36,0.2132,0.4693,116.82,118.05,,0.1442,2.34,2.52,2026-03-02T00:00:00.000Z,TPR,,,,0.3472,observational
WALMART,CONVENTIONAL|MASS MERCH,08-40229-30362,Built Puff Brownie Batter Protein Bar 1.41 Oz,20_30pct,20–30% off,2,0.4872,0.4872,0.4832,0.4911,198.6,116.2,,0.244,2.07,2.4,2026-03-16T00:00:00.000Z,TPR,,,,0.4872,observational
WALMART,CONVENTIONAL|MASS MERCH,08-40229-30362,Built Puff Brownie Batter Protein Bar 1.41 Oz,30pct_plus,≥30% off,12,0.5159,0.5582,0.5279,0.5715,164.675,125.3,,0.4603,1.83,2.78,2026-04-13T00:00:00.000Z,TPR,,,,0.5159,observational
WALMART,CONVENTIONAL|MASS MERCH,08-40229-30376,Built Cookies & Cream Bar 1.69oz (4pk),0_10pct,<10% off,28,0.3809,0.3302,0.2023,0.5317,73.0429,174.9667,,0.0945,8.99,9.59,2024-04-15T00:00:00.000Z,TPR,,,,0.3809,observational
WALMART,CONVENTIONAL|MASS MERCH,08-40229-30376,Built Cookies & Cream Bar 1.69oz (4pk),10_20pct,10–20% off,7,0.0104,0.0018,0.0016,0.0167,71.8429,23.1,,0.1703,9.36,9.41,2024-07-01T00:00:00.000Z,TPR,,,,0.0104,observational
WALMART,CONVENTIONAL|MASS MERCH,08-40229-30376,Built Cookies & Cream Bar 1.69oz (4pk),20_30pct,20–30% off,6,0.0135,0.001,0.0007,0.0138,36.2333,0.0,,0.2348,7.78,7.93,2024-09-23T00:00:00.000Z,TPR,,,,0.0135,observational
WALMART,CONVENTIONAL|MASS MERCH,08-40229-30376,Built Cookies & Cream Bar 1.69oz (4pk),30pct_plus,≥30% off,21,0.1379,0.0096,0.0016,0.2235,64.1286,77.0,,0.4487,7.72,8.85,2024-09-09T00:00:00.000Z,TPR,,,,0.1379,observational
WALMART,CONVENTIONAL|MASS MERCH,08-40229-30378,Built Double Chocolate Bar 1.84oz (4pk),0_10pct,<10% off,28,0.3423,0.2752,0.1651,0.5641,64.9536,102.7,,0.0914,8.97,9.51,2024-07-01T00:00:00.000Z,TPR,,,,0.3423,observational
WALMART,CONVENTIONAL|MASS MERCH,08-40229-30378,Built Double Chocolate Bar 1.84oz (4pk),10_20pct,10–20% off,4,0.1969,0.1318,0.0839,0.2448,77.675,,,0.1465,9.16,9.67,2024-04-22T00:00:00.000Z,TPR,,,,0.1969,observational
WALMART,CONVENTIONAL|MASS MERCH,08-40229-30378,Built Double Chocolate Bar 1.84oz (4pk),20_30pct,20–30% off,2,0.0088,0.0088,0.006,0.0116,114.7,44.5,,0.234,8.91,8.96,2024-05-27T00:00:00.000Z,TPR,,,,0.0088,observational
WALMART,CONVENTIONAL|MASS MERCH,08-40229-30378,Built Double Chocolate Bar 1.84oz (4pk),30pct_plus,≥30% off,32,0.1305,0.0257,0.0038,0.2389,57.8062,,,0.4655,7.14,8.14,2024-12-30T00:00:00.000Z,TPR,,,,0.1305,observational
WALMART,CONVENTIONAL|MASS MERCH,08-40229-30380,Built Puff Brownie Batter Protein Bar 1.41 Oz (4 Pk),0_10pct,<10% off,72,0.0575,0.0422,0.0083,0.1108,56.3343,33.4413,,0.0315,8.91,8.94,2026-04-13T00:00:00.000Z,TPR,,,,0.0575,observational
WALMART,CONVENTIONAL|MASS MERCH,08-40229-30380,Built Puff Brownie Batter Protein Bar 1.41 Oz (4 Pk),10_20pct,10–20% off,22,0.0005,0.0002,0.0001,0.0007,55.1409,58.3333,,0.1473,8.98,8.98,2025-03-31T00:00:00.000Z,TPR,,,,0.0005,observational
WALMART,CONVENTIONAL|MASS MERCH,08-40229-30380,Built Puff Brownie Batter Protein Bar 1.41 Oz (4 Pk),20_30pct,20–30% off,13,0.0016,0.0002,0.0002,0.0007,41.0538,7.0,,0.25,8.97,8.98,2025-02-24T00:00:00.000Z,TPR,,,,0.0016,observational
WALMART,CONVENTIONAL|MASS MERCH,08-40229-30380,Built Puff Brownie Batter Protein Bar 1.41 Oz (4 Pk),30pct_plus,≥30% off,13,0.0076,0.0006,0.0001,0.0125,47.3154,6.65,,0.4191,8.92,8.98,2025-04-07T00:00:00.000Z,TPR,,,,0.0076,observational
WALMART,CONVENTIONAL|MASS MERCH,08-40229-30381,Built Puff Coconut Protein Bar 1.41 Oz (4 Pk),0_10pct,<10% off,87,0.2397,0.0917,0.0227,0.5218,67.0322,35.6759,,0.049,8.95,9.2,2026-04-13T00:00:00.000Z,TPR,,,,0.2397,observational
WALMART,CONVENTIONAL|MASS MERCH,08-40229-30381,Built Puff Coconut Protein Bar 1.41 Oz (4 Pk),10_20pct,10–20% off,22,0.0016,0.0008,0.0003,0.0012,51.3591,72.4,,0.1458,9.15,9.16,2025-07-21T00:00:00.000Z,TPR,,,,0.0016,observational
WALMART,CONVENTIONAL|MASS MERCH,08-40229-30381,Built Puff Coconut Protein Bar 1.41 Oz (4 Pk),20_30pct,20–30% off,12,0.0048,0.0009,0.0004,0.0015,32.425,122.7,,0.2273,9.2,9.22,2025-07-28T00:00:00.000Z,TPR,,,,0.0048,observational
WALMART,CONVENTIONAL|MASS MERCH,08-40229-30381,Built Puff Coconut Protein Bar 1.41 Oz (4 Pk),30pct_plus,≥30% off,16,0.0013,0.0012,0.0003,0.0017,71.5625,21.7,,0.3869,9.22,9.23,2025-04-07T00:00:00.000Z,TPR,,,,0.0013,observational
WALMART,CONVENTIONAL|MASS MERCH,08-40229-30381,Built Puff Coconut Protein Bar 1.41 Oz (4 Pk),no_promo,No price reduction,1,0.0011,0.0011,0.0011,0.0011,,16.9,,0.0,8.98,8.98,2025-04-14T00:00:00.000Z,Display,,,,0.0011,observational
WALMART,CONVENTIONAL|MASS MERCH,08-40229-30550,Built Puff Cookies N Cream Protein Bar 1.41 Oz,0_10pct,<10% off,7,0.3171,0.3277,0.2785,0.358,80.7571,88.8429,,0.0393,2.45,2.5,2026-02-23T00:00:00.000Z,Display,,,,0.3171,observational
WALMART,CONVENTIONAL|MASS MERCH,08-40229-30550,Built Puff Cookies N Cream Protein Bar 1.41 Oz,10_20pct,10–20% off,5,0.2202,0.2596,0.1766,0.2655,135.125,88.82,,0.1592,2.33,2.48,2026-04-13T00:00:00.000Z,TPR,,,,0.2202,observational
WALMART,CONVENTIONAL|MASS MERCH,08-40229-30550,Built Puff Cookies N Cream Protein Bar 1.41 Oz,20_30pct,20–30% off,3,0.2776,0.2567,0.2548,0.2899,182.3333,90.4667,,0.2273,2.24,2.47,2026-04-06T00:00:00.000Z,TPR,,,,0.2776,observational
WALMART,CONVENTIONAL|MASS MERCH,08-40229-30558,Built Puff Cookie Dough Chunk Protein Bar 1.55 Oz (4 Pk),0_10pct,<10% off,54,0.0636,0.0667,0.019,0.0981,50.087,34.9163,,0.0219,8.92,8.94,2026-04-13T00:00:00.000Z,TPR,,,,0.0636,observational
WALMART,CONVENTIONAL|MASS MERCH,08-40229-30558,Built Puff Cookie Dough Chunk Protein Bar 1.55 Oz (4 Pk),10_20pct,10–20% off,6,0.0005,0.0005,0.0004,0.0006,76.5833,,,0.1418,8.98,8.98,2025-01-13T00:00:00.000Z,TPR,,,,0.0005,observational
WALMART,CONVENTIONAL|MASS MERCH,08-40229-30558,Built Puff Cookie Dough Chunk Protein Bar 1.55 Oz (4 Pk),20_30pct,20–30% off,3,0.0008,0.0007,0.0005,0.0012,44.1667,,,0.2427,8.96,8.96,2024-09-16T00:00:00.000Z,TPR,,,,0.0008,observational
WALMART,CONVENTIONAL|MASS MERCH,08-40229-30558,Built Puff Cookie Dough Chunk Protein Bar 1.55 Oz (4 Pk),30pct_plus,≥30% off,11,0.0006,0.0005,0.0002,0.0011,67.4727,,,0.4407,8.97,8.98,2025-05-26T00:00:00.000Z,TPR,,,,0.0006,observational
WALMART,CONVENTIONAL|MASS MERCH,08-40229-30558,Built Puff Cookie Dough Chunk Protein Bar 1.55 Oz (4 Pk),no_promo,No price reduction,3,0.0011,0.0003,0.0003,0.0015,,32.2667,,0.0,8.98,8.98,2025-06-09T00:00:00.000Z,Display,,,,0.0011,observational
WALMART,CONVENTIONAL|MASS MERCH,08-40229-30577,Built Puff Salted Caramel Protein Bar 1.41 Oz (4 Pk),0_10pct,<10% off,36,0.0292,0.0267,0.0183,0.0361,73.3229,36.0889,,0.0145,8.97,8.99,2026-04-13T00:00:00.000Z,TPR,,,,0.0292,observational
WALMART,CONVENTIONAL|MASS MERCH,08-40229-30577,Built Puff Salted Caramel Protein Bar 1.41 Oz (4 Pk),no_promo,No price reduction,1,0.0183,0.0183,0.0183,0.0183,,36.3,,0.0,8.98,8.98,2025-10-13T00:00:00.000Z,Display,,,,0.0183,observational
WALMART,CONVENTIONAL|MASS MERCH,08-40229-30581,Built Puff Cookies N Cream Protein Bar 1.41 Oz (4 Pk),0_10pct,<10% off,30,0.0455,0.0376,0.0194,0.0654,76.5567,43.5433,,0.013,8.97,8.99,2026-04-13T00:00:00.000Z,TPR,,,,0.0455,observational
WALMART,CONVENTIONAL|MASS MERCH,08-40229-30581,Built Puff Cookies N Cream Protein Bar 1.41 Oz (4 Pk),no_promo,No price reduction,7,0.048,0.043,0.0359,0.0581,56.8,26.8,,0.0,8.98,8.98,2026-02-02T00:00:00.000Z,Display,,,,0.048,observational
WALMART,CONVENTIONAL|MASS MERCH,08-40229-30642,Built Puff Peanut Butter Protein Bar 1.41 Oz,0_10pct,<10% off,7,0.3763,0.3894,0.3468,0.4133,65.6429,97.7143,,0.0379,2.45,2.51,2026-02-23T00:00:00.000Z,Display,,,,0.3763,observational
WALMART,CONVENTIONAL|MASS MERCH,08-40229-30642,Built Puff Peanut Butter Protein Bar 1.41 Oz,10_20pct,10–20% off,6,0.2599,0.2531,0.2412,0.2667,135.9,96.4167,,0.1545,2.34,2.49,2026-03-30T00:00:00.000Z,TPR,,,,0.2599,observational
WALMART,CONVENTIONAL|MASS MERCH,08-40229-30642,Built Puff Peanut Butter Protein Bar 1.41 Oz,20_30pct,20–30% off,2,0.2551,0.2551,0.2199,0.2902,194.15,83.5,,0.248,2.24,2.48,2026-04-13T00:00:00.000Z,TPR,,,,0.2551,observational
WALMART,CONVENTIONAL|MASS MERCH,08-40229-30644,Built Puff Brownie Batter Protein Bar 1.41 Oz (8 Pk),0_10pct,<10% off,37,0.0103,0.0105,0.0077,0.0137,43.1676,46.4054,,0.0429,16.44,16.46,2026-03-23T00:00:00.000Z,Display,,,,0.0103,observational
WALMART,CONVENTIONAL|MASS MERCH,08-40229-30644,Built Puff Brownie Batter Protein Bar 1.41 Oz (8 Pk),10_20pct,10–20% off,5,0.0087,0.0057,0.0021,0.014,58.56,35.76,,0.1462,16.39,16.47,2026-04-13T00:00:00.000Z,TPR,,,,0.0087,observational
WALMART,CONVENTIONAL|MASS MERCH,08-40229-30644,Built Puff Brownie Batter Protein Bar 1.41 Oz (8 Pk),20_30pct,20–30% off,5,0.022,0.0327,0.0049,0.0335,107.3,27.28,,0.2344,16.28,16.47,2026-04-06T00:00:00.000Z,TPR,,,,0.022,observational
WALMART,CONVENTIONAL|MASS MERCH,08-40229-30644,Built Puff Brownie Batter Protein Bar 1.41 Oz (8 Pk),30pct_plus,≥30% off,2,0.035,0.035,0.0292,0.0407,72.95,0.0,,0.416,15.92,16.45,2025-08-04T00:00:00.000Z,TPR,,,,0.035,observational
WALMART,CONVENTIONAL|MASS MERCH,08-40229-30645,Built Puff Coconut Protein Bar 1.41 Oz (8 Pk),0_10pct,<10% off,19,0.0113,0.0101,0.0074,0.0157,43.6895,61.8158,,0.0403,16.45,16.47,2025-10-27T00:00:00.000Z,Display,,,,0.0113,observational
WALMART,CONVENTIONAL|MASS MERCH,08-40229-30645,Built Puff Coconut Protein Bar 1.41 Oz (8 Pk),10_20pct,10–20% off,6,0.0184,0.0185,0.0149,0.0238,106.8167,71.7667,,0.1577,16.36,16.47,2025-11-24T00:00:00.000Z,TPR,,,,0.0184,observational
WALMART,CONVENTIONAL|MASS MERCH,08-40229-30645,Built Puff Coconut Protein Bar 1.41 Oz (8 Pk),20_30pct,20–30% off,6,0.0726,0.0764,0.0227,0.1199,132.6167,67.12,,0.2455,15.93,16.45,2025-12-15T00:00:00.000Z,TPR,,,,0.0726,observational
WALMART,CONVENTIONAL|MASS MERCH,08-40229-30645,Built Puff Coconut Protein Bar 1.41 Oz (8 Pk),30pct_plus,≥30% off,17,0.3029,0.1726,0.1278,0.3715,61.0353,71.2364,,0.4155,10.17,13.37,2026-04-13T00:00:00.000Z,TPR,,,,0.3029,observational
WALMART,CONVENTIONAL|MASS MERCH,08-40229-30646,Built Puff Peanut Butter Cup Protein Bar 1.41 Oz (4 Pk),0_10pct,<10% off,38,0.1042,0.0902,0.0674,0.1214,100.8703,49.1605,,0.0123,8.96,8.99,2026-04-13T00:00:00.000Z,TPR,,,,0.1042,observational
WALMART,CONVENTIONAL|MASS MERCH,08-40229-30651,Built Protein Bar Puff Sour Peach 1.45 Oz,0_10pct,<10% off,7,0.2722,0.2786,0.2183,0.2926,72.5714,89.6143,,0.0406,2.46,2.5,2026-02-23T00:00:00.000Z,Display,,,,0.2722,observational
WALMART,CONVENTIONAL|MASS MERCH,08-40229-30651,Built Protein Bar Puff Sour Peach 1.45 Oz,10_20pct,10–20% off,3,0.209,0.2434,0.1795,0.2557,139.15,99.2667,,0.1553,2.36,2.5,2026-03-16T00:00:00.000Z,TPR,,,,0.209,observational
WALMART,CONVENTIONAL|MASS MERCH,08-40229-30651,Built Protein Bar Puff Sour Peach 1.45 Oz,20_30pct,20–30% off,3,0.2513,0.2472,0.2457,0.2549,151.4667,89.4333,,0.2383,2.24,2.48,2026-03-30T00:00:00.000Z,TPR,,,,0.2513,observational
WALMART,CONVENTIONAL|MASS MERCH,08-40229-30651,Built Protein Bar Puff Sour Peach 1.45 Oz,30pct_plus,≥30% off,2,0.2886,0.2886,0.286,0.2911,202.85,72.45,,0.3605,2.13,2.48,2026-04-13T00:00:00.000Z,TPR,,,,0.2886,observational
WALMART,CONVENTIONAL|MASS MERCH,08-40229-30652,Built Sweet Peach Punch Sour Puff 1.45 Oz (4pk),0_10pct,<10% off,16,0.203,0.164,0.1418,0.2082,42.6125,65.7688,,0.0374,9.0,9.17,2026-04-13T00:00:00.000Z,Display,,,,0.203,observational
WALMART,CONVENTIONAL|MASS MERCH,08-40229-30652,Built Sweet Peach Punch Sour Puff 1.45 Oz (4pk),10_20pct,10–20% off,1,0.1402,0.1402,0.1402,0.1402,,121.2,,0.1,9.97,10.22,2025-12-22T00:00:00.000Z,Display,,,,0.1402,observational
WALMART,CONVENTIONAL|MASS MERCH,08-40229-30653,Built Puff Sour Blu Razz Blast Bar 1.45 Oz,0_10pct,<10% off,7,0.2524,0.2678,0.1947,0.2774,57.0714,80.7429,,0.0321,2.47,2.51,2026-02-23T00:00:00.000Z,Display,,,,0.2524,observational
WALMART,CONVENTIONAL|MASS MERCH,08-40229-30653,Built Puff Sour Blu Razz Blast Bar 1.45 Oz,10_20pct,10–20% off,5,0.1823,0.1919,0.174,0.1949,163.275,78.44,,0.147,2.36,2.48,2026-03-23T00:00:00.000Z,TPR,,,,0.1823,observational
WALMART,CONVENTIONAL|MASS MERCH,08-40229-30653,Built Puff Sour Blu Razz Blast Bar 1.45 Oz,20_30pct,20–30% off,1,0.1687,0.1687,0.1687,0.1687,136.8,71.3,,0.211,2.31,2.47,2026-03-30T00:00:00.000Z,TPR,,,,0.1687,observational
WALMART,CONVENTIONAL|MASS MERCH,08-40229-30653,Built Puff Sour Blu Razz Blast Bar 1.45 Oz,30pct_plus,≥30% off,2,0.179,0.179,0.1604,0.1976,171.65,60.0,,0.326,2.24,2.47,2026-04-13T00:00:00.000Z,TPR,,,,0.179,observational
WALMART,CONVENTIONAL|MASS MERCH,08-40229-30654,Built Sweet Sour Puff Blue Raz Blast 1.45 Oz (4pk),0_10pct,<10% off,4,0.2464,0.2576,0.2125,0.2915,48.0,104.575,,0.0662,8.94,9.19,2026-04-13T00:00:00.000Z,Display,,,,0.2464,observational
WALMART,CONVENTIONAL|MASS MERCH,08-40229-30655,Built Puff Sour Green Apple Crush Bar 1.45 Oz,0_10pct,<10% off,7,0.2788,0.2725,0.2361,0.2938,79.9,93.1143,,0.0384,2.46,2.5,2026-02-23T00:00:00.000Z,Display,,,,0.2788,observational
WALMART,CONVENTIONAL|MASS MERCH,08-40229-30655,Built Puff Sour Green Apple Crush Bar 1.45 Oz,10_20pct,10–20% off,4,0.203,0.2236,0.1908,0.2358,135.1667,94.75,,0.1478,2.36,2.49,2026-03-16T00:00:00.000Z,TPR,,,,0.203,observational
WALMART,CONVENTIONAL|MASS MERCH,08-40229-30655,Built Puff Sour Green Apple Crush Bar 1.45 Oz,20_30pct,20–30% off,3,0.2072,0.2191,0.1958,0.2246,139.9333,77.8,,0.2703,2.25,2.47,2026-04-06T00:00:00.000Z,TPR,,,,0.2072,observational
WALMART,CONVENTIONAL|MASS MERCH,08-40229-30655,Built Puff Sour Green Apple Crush Bar 1.45 Oz,30pct_plus,≥30% off,1,0.1852,0.1852,0.1852,0.1852,151.2,58.5,,0.3,2.23,2.47,2026-04-13T00:00:00.000Z,TPR,,,,0.1852,observational
WALMART,CONVENTIONAL|MASS MERCH,08-40229-30656,Built Green Apple Crush Sour Puff 1.45 Oz (4pk),0_10pct,<10% off,4,0.2528,0.2502,0.2209,0.2821,51.5333,106.525,,0.0688,8.94,9.2,2026-04-13T00:00:00.000Z,Display,,,,0.2528,observational
WALMART,CONVENTIONAL|MASS MERCH,08-40229-30678,Built Puff Lemon Meringue Pie Puff 1.41 Oz (4 Pk),0_10pct,<10% off,16,0.1424,0.1307,0.0996,0.1624,35.8188,59.8438,,0.0379,9.0,9.15,2026-04-13T00:00:00.000Z,Display,,,,0.1424,observational
WALMART,CONVENTIONAL|MASS MERCH,08-40229-30680,Built Protein Bar Sour Puff Pink Lemonade Squeeze 1.45 Oz (4pk),0_10pct,<10% off,16,0.1933,0.1437,0.1207,0.2142,46.3062,57.6562,,0.0394,8.99,9.18,2026-04-13T00:00:00.000Z,Display,,,,0.1933,observational
WALMART,CONVENTIONAL|MASS MERCH,08-40229-30680,Built Protein Bar Sour Puff Pink Lemonade Squeeze 1.45 Oz (4pk),10_20pct,10–20% off,1,0.1319,0.1319,0.1319,0.1319,,123.5,,0.1,9.96,10.19,2025-12-22T00:00:00.000Z,Display,,,,0.1319,observational
WAWA,CONVENTIONAL|CONVENIENCE,08-40229-30037,Built Puff Coconut Protein Bar 1.41 Oz,0_10pct,<10% off,82,0.1117,0.0705,0.0234,0.1829,76.7646,53.6976,47.5133,0.0373,3.11,3.14,2026-04-13T00:00:00.000Z,TPR,,,,0.1117,observational
WAWA,CONVENTIONAL|CONVENIENCE,08-40229-30037,Built Puff Coconut Protein Bar 1.41 Oz,10_20pct,10–20% off,3,0.2996,0.2971,0.2928,0.305,20.6,123.9667,91.4333,0.1003,3.13,3.29,2025-12-22T00:00:00.000Z,Display,,,,0.2996,observational
WAWA,CONVENTIONAL|CONVENIENCE,08-40229-30333,Built Puff Cookie Dough Chunk Protein Bar 1.55 Oz,0_10pct,<10% off,38,0.0813,0.0483,0.0147,0.1045,56.4605,41.9667,40.0765,0.0324,3.12,3.14,2026-04-13T00:00:00.000Z,TPR,,,,0.0813,observational
WAWA,CONVENTIONAL|CONVENIENCE,08-40229-30333,Built Puff Cookie Dough Chunk Protein Bar 1.55 Oz,10_20pct,10–20% off,1,0.0025,0.0025,0.0025,0.0025,,139.7,,0.1,3.14,3.14,2025-07-28T00:00:00.000Z,Display,,,,0.0025,observational
WAWA,CONVENTIONAL|CONVENIENCE,08-40229-30362,Built Puff Brownie Batter Protein Bar 1.41 Oz,0_10pct,<10% off,84,0.1176,0.0637,0.019,0.1996,77.469,54.7193,63.6324,0.0327,3.11,3.14,2026-04-13T00:00:00.000Z,TPR,,,,0.1176,observational
WAWA,CONVENTIONAL|CONVENIENCE,08-40229-30362,Built Puff Brownie Batter Protein Bar 1.41 Oz,10_20pct,10–20% off,2,0.2608,0.2608,0.251,0.2706,,152.65,100.15,0.1,3.13,3.28,2025-12-15T00:00:00.000Z,Display,,,,0.2608,observational
WAWA,CONVENTIONAL|CONVENIENCE,08-40229-30550,Built Puff Cookies N Cream Protein Bar 1.41 Oz,0_10pct,<10% off,10,0.2029,0.1916,0.139,0.3261,48.92,46.225,,0.0346,3.1,3.16,2026-04-13T00:00:00.000Z,TPR,,,,0.2029,observational
WAWA,CONVENTIONAL|CONVENIENCE,08-40229-30642,Built Puff Peanut Butter Protein Bar 1.41 Oz,0_10pct,<10% off,10,0.2254,0.203,0.108,0.3618,49.77,44.0222,,0.0313,3.11,3.17,2026-04-13T00:00:00.000Z,Display,,,,0.2254,observational
WAWA,CONVENTIONAL|CONVENIENCE,08-40229-30651,Built Protein Bar Puff Sour Peach 1.45 Oz,0_10pct,<10% off,2,0.1807,0.1807,0.1674,0.194,43.35,127.2,,0.0755,3.17,3.24,2026-04-13T00:00:00.000Z,Display,,,,0.1807,observational
WAWA,CONVENTIONAL|CONVENIENCE,08-40229-30653,Built Puff Sour Blu Razz Blast Bar 1.45 Oz,0_10pct,<10% off,2,0.3443,0.3443,0.3243,0.3643,44.0,131.65,,0.0775,3.17,3.3,2026-04-13T00:00:00.000Z,Display,,,,0.3443,observational
WEGMANS,CONVENTIONAL|FOOD,08-40229-30034,Built Puff Salted Caramel Protein Bar 1.41 Oz,0_10pct,<10% off,2,0.1781,0.1781,0.1698,0.1864,49.2,141.9,,0.0665,2.79,2.84,2024-09-30T00:00:00.000Z,Display,,,,0.1781,observational
WEGMANS,CONVENTIONAL|FOOD,08-40229-30034,Built Puff Salted Caramel Protein Bar 1.41 Oz,10_20pct,10–20% off,1,0.0267,0.0267,0.0267,0.0267,52.3,81.3,,0.1,2.79,2.81,2024-10-07T00:00:00.000Z,Display,,,,0.0267,observational
WEGMANS,CONVENTIONAL|FOOD,08-40229-30034,Built Puff Salted Caramel Protein Bar 1.41 Oz,20_30pct,20–30% off,4,1.2357,1.4278,1.2003,1.4632,121.4,141.6,,0.2558,2.08,2.79,2026-01-19T00:00:00.000Z,Display,,,,1.2357,observational
WEGMANS,CONVENTIONAL|FOOD,08-40229-30034,Built Puff Salted Caramel Protein Bar 1.41 Oz,30pct_plus,≥30% off,6,0.3679,0.3696,0.2915,0.4459,21.2333,55.56,,0.6038,1.1,2.74,2025-01-27T00:00:00.000Z,Display,,,,0.3679,observational
WEGMANS,CONVENTIONAL|FOOD,08-40229-30034,Built Puff Salted Caramel Protein Bar 1.41 Oz,no_promo,No price reduction,15,0.0459,0.0132,0.0049,0.0527,,63.8133,,0.0,2.79,2.79,2026-03-30T00:00:00.000Z,Display,,,,0.0459,observational
WEGMANS,CONVENTIONAL|FOOD,08-40229-30037,Built Puff Coconut Protein Bar 1.41 Oz,0_10pct,<10% off,3,0.017,0.0166,0.0128,0.021,49.0667,55.6,,0.043,2.79,2.8,2026-02-23T00:00:00.000Z,Display,,,,0.017,observational
WEGMANS,CONVENTIONAL|FOOD,08-40229-30037,Built Puff Coconut Protein Bar 1.41 Oz,20_30pct,20–30% off,19,0.607,0.5935,0.4013,0.8047,60.1579,96.35,,0.2485,2.1,2.79,2026-01-19T00:00:00.000Z,TPR,,,,0.607,observational
WEGMANS,CONVENTIONAL|FOOD,08-40229-30037,Built Puff Coconut Protein Bar 1.41 Oz,30pct_plus,≥30% off,1,0.0077,0.0077,0.0077,0.0077,147.1,,,0.423,2.77,2.79,2023-09-25T00:00:00.000Z,TPR,,,,0.0077,observational
WEGMANS,CONVENTIONAL|FOOD,08-40229-30037,Built Puff Coconut Protein Bar 1.41 Oz,no_promo,No price reduction,16,0.0161,0.0076,0.0044,0.0146,,71.175,,0.0,2.79,2.79,2026-03-30T00:00:00.000Z,Display,,,,0.0161,observational
WEGMANS,CONVENTIONAL|FOOD,08-40229-30050,Built Puff Churro Protein Bar 1.41 Oz,20_30pct,20–30% off,5,0.6359,0.5963,0.5942,0.665,211.9,,,0.244,2.09,2.51,2024-03-25T00:00:00.000Z,TPR,,,,0.6359,observational
WEGMANS,CONVENTIONAL|FOOD,08-40229-30050,Built Puff Churro Protein Bar 1.41 Oz,30pct_plus,≥30% off,7,0.7561,0.667,0.5225,1.0412,65.1857,,,0.5256,1.33,2.79,2024-12-16T00:00:00.000Z,TPR,,,,0.7561,observational
WEGMANS,CONVENTIONAL|FOOD,08-40229-30050,Built Puff Churro Protein Bar 1.41 Oz,no_promo,No price reduction,2,0.008,0.008,0.0069,0.0092,,31.35,,0.0,2.79,2.79,2024-04-22T00:00:00.000Z,Display,,,,0.008,observational
WEGMANS,CONVENTIONAL|FOOD,08-40229-30099,Built Coconut Bar 1.69oz,30pct_plus,≥30% off,4,0.967,0.967,0.918,1.016,50.075,,,0.541,1.29,2.79,2023-10-02T00:00:00.000Z,TPR,,,,0.967,observational
WEGMANS,CONVENTIONAL|FOOD,08-40229-30107,Built Mint Brownie Bar 1.69oz,30pct_plus,≥30% off,5,0.5813,0.6816,0.4026,0.8101,44.58,,,0.5934,1.15,2.79,2023-10-02T00:00:00.000Z,TPR,,,,0.5813,observational
WEGMANS,CONVENTIONAL|FOOD,08-40229-30119,Built Satled Caramel Bar 1.69oz,0_10pct,<10% off,1,0.001,0.001,0.001,0.001,11.6,,,0.05,2.79,2.79,2023-09-04T00:00:00.000Z,TPR,,,,0.001,observational
WEGMANS,CONVENTIONAL|FOOD,08-40229-30119,Built Satled Caramel Bar 1.69oz,20_30pct,20–30% off,16,0.7472,0.6535,0.5552,0.9189,75.575,282.6333,,0.2542,2.13,2.79,2025-02-10T00:00:00.000Z,TPR,,,,0.7472,observational
WEGMANS,CONVENTIONAL|FOOD,08-40229-30119,Built Satled Caramel Bar 1.69oz,no_promo,No price reduction,8,0.0081,0.0072,0.004,0.0119,,67.9,,0.0,2.79,2.79,2025-02-17T00:00:00.000Z,Display,,,,0.0081,observational
WEGMANS,CONVENTIONAL|FOOD,08-40229-30130,Built Cookies & Cream Bar 1.69oz,20_30pct,20–30% off,9,0.4486,0.5394,0.3868,0.5671,45.6778,,,0.2516,2.1,2.79,2024-03-25T00:00:00.000Z,TPR,,,,0.4486,observational
WEGMANS,CONVENTIONAL|FOOD,08-40229-30130,Built Cookies & Cream Bar 1.69oz,30pct_plus,≥30% off,8,0.7286,0.6912,0.5116,0.8391,45.475,,,0.7044,0.82,2.78,2024-05-20T00:00:00.000Z,TPR,,,,0.7286,observational
WEGMANS,CONVENTIONAL|FOOD,08-40229-30209,Built Puff Coconut Protein Bar 1.41 Oz (12 Pk),0_10pct,<10% off,8,0.0513,0.0261,0.0171,0.0876,37.2833,47.825,,0.0435,27.89,27.96,2026-01-26T00:00:00.000Z,Display,,,,0.0513,observational
WEGMANS,CONVENTIONAL|FOOD,08-40229-30209,Built Puff Coconut Protein Bar 1.41 Oz (12 Pk),10_20pct,10–20% off,8,0.7687,0.9047,0.5491,1.0673,92.5375,122.3667,,0.1762,23.94,27.6,2026-01-19T00:00:00.000Z,TPR,,,,0.7687,observational
WEGMANS,CONVENTIONAL|FOOD,08-40229-30209,Built Puff Coconut Protein Bar 1.41 Oz (12 Pk),20_30pct,20–30% off,15,1.1579,1.2981,0.7226,1.6529,124.7667,192.1429,,0.2591,21.74,27.77,2025-12-29T00:00:00.000Z,TPR,,,,1.1579,observational
WEGMANS,CONVENTIONAL|FOOD,08-40229-30209,Built Puff Coconut Protein Bar 1.41 Oz (12 Pk),no_promo,No price reduction,31,0.0317,0.0168,0.0088,0.0493,,54.6871,,0.0,27.99,27.99,2026-03-30T00:00:00.000Z,Display,,,,0.0317,observational
WEGMANS,CONVENTIONAL|FOOD,08-40229-30229,Built Puff Churro Protein Bar 1.41 Oz (12 Pk),20_30pct,20–30% off,5,0.3491,0.3514,0.2293,0.3651,96.58,,,0.2734,20.28,24.14,2024-03-25T00:00:00.000Z,TPR,,,,0.3491,observational
WEGMANS,CONVENTIONAL|FOOD,08-40229-30229,Built Puff Churro Protein Bar 1.41 Oz (12 Pk),30pct_plus,≥30% off,4,0.8932,0.8932,0.518,1.2683,123.4,,,0.49,14.44,26.22,2024-12-02T00:00:00.000Z,TPR,,,,0.8932,observational
WEGMANS,CONVENTIONAL|FOOD,08-40229-30253,Built Coconut Bar 1.69oz (12pk),30pct_plus,≥30% off,2,0.4228,0.4228,0.4228,0.4228,50.0,,,0.477,14.96,22.96,2023-09-11T00:00:00.000Z,TPR,,,,0.4228,observational
WEGMANS,CONVENTIONAL|FOOD,08-40229-30254,Built Bar Mint Brownie Protein Nutritional Snack Bar Ss 20.32oz,30pct_plus,≥30% off,3,0.311,0.311,0.2709,0.3512,89.3,,,0.579,12.49,24.44,2023-09-25T00:00:00.000Z,TPR,,,,0.311,observational
WEGMANS,CONVENTIONAL|FOOD,08-40229-30257,Built Double Chocolate Bar 1.84oz (12pk),10_20pct,10–20% off,5,0.7805,0.9167,0.876,1.0251,124.2,,,0.1866,23.71,27.69,2024-01-01T00:00:00.000Z,TPR,,,,0.7805,observational
WEGMANS,CONVENTIONAL|FOOD,08-40229-30257,Built Double Chocolate Bar 1.84oz (12pk),20_30pct,20–30% off,5,0.6254,0.6716,0.4316,0.8655,55.5,,,0.279,20.32,27.79,2024-03-25T00:00:00.000Z,TPR,,,,0.6254,observational
WEGMANS,CONVENTIONAL|FOOD,08-40229-30257,Built Double Chocolate Bar 1.84oz (12pk),30pct_plus,≥30% off,9,,,,,52.9667,,,0.6257,13.13,26.89,2024-06-03T00:00:00.000Z,Unknown,,,,,observational
WEGMANS,CONVENTIONAL|FOOD,08-40229-30258,Built Salted Caramel Bar 1.69oz (12pk),0_10pct,<10% off,3,0.0229,0.0214,0.0209,0.0241,15.5,103.65,,0.075,27.89,28.03,2025-03-31T00:00:00.000Z,Display,,,,0.0229,observational
WEGMANS,CONVENTIONAL|FOOD,08-40229-30258,Built Salted Caramel Bar 1.69oz (12pk),10_20pct,10–20% off,3,0.3001,0.0181,0.0134,0.4458,135.2333,0.0,,0.1493,26.01,27.79,2025-03-03T00:00:00.000Z,TPR,,,,0.3001,observational
WEGMANS,CONVENTIONAL|FOOD,08-40229-30258,Built Salted Caramel Bar 1.69oz (12pk),20_30pct,20–30% off,18,1.0189,1.0242,0.6516,1.5568,118.0944,160.5667,,0.2528,22.39,27.65,2025-02-10T00:00:00.000Z,TPR,,,,1.0189,observational
WEGMANS,CONVENTIONAL|FOOD,08-40229-30258,Built Salted Caramel Bar 1.69oz (12pk),30pct_plus,≥30% off,1,,,,,0.0,,,0.501,27.67,27.99,2023-09-11T00:00:00.000Z,Unknown,,,,,observational
WEGMANS,CONVENTIONAL|FOOD,08-40229-30258,Built Salted Caramel Bar 1.69oz (12pk),no_promo,No price reduction,3,0.0245,0.0204,0.0185,0.0284,,33.9333,,0.0,27.99,27.99,2024-10-21T00:00:00.000Z,Display,,,,0.0245,observational
WEGMANS,CONVENTIONAL|FOOD,08-40229-30333,Built Puff Cookie Dough Chunk Protein Bar 1.55 Oz,0_10pct,<10% off,1,,,,,0.0,,,0.097,2.79,2.79,2024-09-16T00:00:00.000Z,Unknown,,,,,observational
WEGMANS,CONVENTIONAL|FOOD,08-40229-30333,Built Puff Cookie Dough Chunk Protein Bar 1.55 Oz,10_20pct,10–20% off,3,0.0534,0.05,0.0454,0.0597,44.4333,,,0.1297,2.09,2.15,2024-03-25T00:00:00.000Z,TPR,,,,0.0534,observational
WEGMANS,CONVENTIONAL|FOOD,08-40229-30333,Built Puff Cookie Dough Chunk Protein Bar 1.55 Oz,20_30pct,20–30% off,10,0.7547,0.7368,0.6024,0.8483,74.62,112.73,,0.2507,2.09,2.79,2026-01-19T00:00:00.000Z,Display,,,,0.7547,observational
WEGMANS,CONVENTIONAL|FOOD,08-40229-30333,Built Puff Cookie Dough Chunk Protein Bar 1.55 Oz,no_promo,No price reduction,15,0.0133,0.0059,0.0017,0.0155,,31.5067,,0.0,2.79,2.79,2026-03-30T00:00:00.000Z,Display,,,,0.0133,observational
WEGMANS,CONVENTIONAL|FOOD,08-40229-30334,Built Puff Cookie Dough Chunk Protein Bar 1.55 Oz (12 Pk),0_10pct,<10% off,2,0.0038,0.0038,0.0038,0.0038,5.35,,,0.0855,24.12,24.18,2025-02-24T00:00:00.000Z,Unknown,,,,0.0038,observational
WEGMANS,CONVENTIONAL|FOOD,08-40229-30334,Built Puff Cookie Dough Chunk Protein Bar 1.55 Oz (12 Pk),10_20pct,10–20% off,4,0.7243,0.9136,0.6374,1.0005,76.175,113.3,,0.1825,23.86,27.96,2026-01-19T00:00:00.000Z,TPR,,,,0.7243,observational
WEGMANS,CONVENTIONAL|FOOD,08-40229-30334,Built Puff Cookie Dough Chunk Protein Bar 1.55 Oz (12 Pk),20_30pct,20–30% off,9,1.3577,1.4597,1.155,2.0046,135.1222,229.6857,,0.2643,20.69,26.37,2026-01-05T00:00:00.000Z,Display,,,,1.3577,observational
WEGMANS,CONVENTIONAL|FOOD,08-40229-30334,Built Puff Cookie Dough Chunk Protein Bar 1.55 Oz (12 Pk),no_promo,No price reduction,37,0.0263,0.0184,0.0082,0.0352,,42.1027,,0.0,27.99,27.99,2026-03-23T00:00:00.000Z,Display,,,,0.0263,observational
WEGMANS,CONVENTIONAL|FOOD,08-40229-30362,Built Puff Brownie Batter Protein Bar 1.41 Oz,0_10pct,<10% off,1,0.0081,0.0081,0.0081,0.0081,24.8,32.9,,0.068,2.79,2.8,2026-02-23T00:00:00.000Z,Display,,,,0.0081,observational
WEGMANS,CONVENTIONAL|FOOD,08-40229-30362,Built Puff Brownie Batter Protein Bar 1.41 Oz,20_30pct,20–30% off,19,0.6075,0.6469,0.4071,0.78,61.3526,112.65,,0.2487,2.1,2.79,2026-01-19T00:00:00.000Z,TPR,,,,0.6075,observational
WEGMANS,CONVENTIONAL|FOOD,08-40229-30362,Built Puff Brownie Batter Protein Bar 1.41 Oz,30pct_plus,≥30% off,1,0.0018,0.0018,0.0018,0.0018,47.4,,,0.358,2.78,2.79,2023-09-25T00:00:00.000Z,TPR,,,,0.0018,observational
WEGMANS,CONVENTIONAL|FOOD,08-40229-30362,Built Puff Brownie Batter Protein Bar 1.41 Oz,no_promo,No price reduction,19,0.0142,0.0067,0.0033,0.0117,,69.6632,,0.0,2.79,2.79,2026-03-30T00:00:00.000Z,Display,,,,0.0142,observational
WEGMANS,CONVENTIONAL|FOOD,08-40229-30363,Built Puff Brownie Batter Protein Bar 1.41 Oz (12 Pk),0_10pct,<10% off,6,0.0328,0.0375,0.0091,0.051,14.475,59.675,,0.0458,27.93,27.97,2025-06-23T00:00:00.000Z,Display,,,,0.0328,observational
WEGMANS,CONVENTIONAL|FOOD,08-40229-30363,Built Puff Brownie Batter Protein Bar 1.41 Oz (12 Pk),10_20pct,10–20% off,7,0.7903,0.6794,0.0117,1.5049,115.1857,171.6667,,0.1683,24.86,27.8,2026-01-19T00:00:00.000Z,TPR,,,,0.7903,observational
WEGMANS,CONVENTIONAL|FOOD,08-40229-30363,Built Puff Brownie Batter Protein Bar 1.41 Oz (12 Pk),20_30pct,20–30% off,20,1.1585,1.1423,0.7862,1.7058,109.94,178.2143,,0.2538,22.73,27.73,2025-12-29T00:00:00.000Z,TPR,,,,1.1585,observational
WEGMANS,CONVENTIONAL|FOOD,08-40229-30363,Built Puff Brownie Batter Protein Bar 1.41 Oz (12 Pk),no_promo,No price reduction,32,0.0599,0.0154,0.0075,0.0435,,42.5969,,0.0,27.99,27.99,2026-02-23T00:00:00.000Z,Display,,,,0.0599,observational
WEGMANS,CONVENTIONAL|FOOD,08-40229-30394,Built Puff Candy Cane Brownie Protein Bar 1.51 Oz,0_10pct,<10% off,7,0.1108,0.1212,0.0378,0.1477,57.5333,88.7857,,0.053,2.79,2.82,2025-12-15T00:00:00.000Z,Display,,,,0.1108,observational
WEGMANS,CONVENTIONAL|FOOD,08-40229-30394,Built Puff Candy Cane Brownie Protein Bar 1.51 Oz,10_20pct,10–20% off,2,0.0682,0.0682,0.0575,0.0789,9.5,125.6,,0.1205,2.68,2.8,2025-12-22T00:00:00.000Z,Display,,,,0.0682,observational
WEGMANS,CONVENTIONAL|FOOD,08-40229-30394,Built Puff Candy Cane Brownie Protein Bar 1.51 Oz,20_30pct,20–30% off,1,0.1511,0.1511,0.1511,0.1511,19.7,,,0.267,2.2,2.79,2024-12-23T00:00:00.000Z,TPR,,,,0.1511,observational
WEGMANS,CONVENTIONAL|FOOD,08-40229-30394,Built Puff Candy Cane Brownie Protein Bar 1.51 Oz,30pct_plus,≥30% off,7,0.2577,0.2741,0.1987,0.3331,34.9,,,0.613,1.08,2.48,2026-01-12T00:00:00.000Z,TPR,,,,0.2577,observational
WEGMANS,CONVENTIONAL|FOOD,08-40229-30394,Built Puff Candy Cane Brownie Protein Bar 1.51 Oz,no_promo,No price reduction,9,0.0724,0.031,0.0192,0.041,,132.3444,,0.0,2.79,2.79,2024-12-16T00:00:00.000Z,Display,,,,0.0724,observational
WEGMANS,CONVENTIONAL|FOOD,08-40229-30395,Built Puff Candy Cane Brownie Protein Bar 1.52oz (12pk),0_10pct,<10% off,12,0.199,0.1877,0.1178,0.2684,41.9714,247.7364,,0.0278,27.99,28.23,2025-12-15T00:00:00.000Z,Display,,,,0.199,observational
WEGMANS,CONVENTIONAL|FOOD,08-40229-30395,Built Puff Candy Cane Brownie Protein Bar 1.52oz (12pk),10_20pct,10–20% off,3,0.2394,0.2212,0.1828,0.2869,51.5,120.7,,0.1003,27.99,29.22,2025-11-17T00:00:00.000Z,Display,,,,0.2394,observational
WEGMANS,CONVENTIONAL|FOOD,08-40229-30395,Built Puff Candy Cane Brownie Protein Bar 1.52oz (12pk),20_30pct,20–30% off,1,0.5976,0.5976,0.5976,0.5976,2.7,92.0,,0.279,20.72,27.52,2024-12-23T00:00:00.000Z,Display,,,,0.5976,observational
WEGMANS,CONVENTIONAL|FOOD,08-40229-30395,Built Puff Candy Cane Brownie Protein Bar 1.52oz (12pk),30pct_plus,≥30% off,6,0.3112,0.2045,0.1803,0.3888,42.8167,169.1,,0.5052,13.3,23.29,2026-01-12T00:00:00.000Z,TPR,,,,0.3112,observational
WEGMANS,CONVENTIONAL|FOOD,08-40229-30395,Built Puff Candy Cane Brownie Protein Bar 1.52oz (12pk),no_promo,No price reduction,2,0.1672,0.1672,0.0928,0.2415,,189.3,,0.0,27.99,27.99,2024-12-16T00:00:00.000Z,Display,,,,0.1672,observational
WEGMANS,CONVENTIONAL|FOOD,08-40229-30432,Built Puff Mint Chip Protein Bar 1.41 Oz,10_20pct,10–20% off,1,0.005,0.005,0.005,0.005,84.1,,,0.101,2.79,2.79,2025-02-17T00:00:00.000Z,TPR,,,,0.005,observational
WEGMANS,CONVENTIONAL|FOOD,08-40229-30432,Built Puff Mint Chip Protein Bar 1.41 Oz,20_30pct,20–30% off,11,0.7797,0.8575,0.4689,1.0024,69.6273,115.0889,,0.2505,2.15,2.79,2026-01-19T00:00:00.000Z,Display,,,,0.7797,observational
WEGMANS,CONVENTIONAL|FOOD,08-40229-30432,Built Puff Mint Chip Protein Bar 1.41 Oz,no_promo,No price reduction,12,0.015,0.0037,0.0016,0.0144,,31.0417,,0.0,2.79,2.79,2026-03-30T00:00:00.000Z,Display,,,,0.015,observational
WEGMANS,CONVENTIONAL|FOOD,08-40229-30467,Built Puff Mint Chip Protein Bar 1.41 Oz (12 Pk),0_10pct,<10% off,6,0.0414,0.0373,0.0278,0.0471,135.1,39.85,,0.042,27.96,28.08,2025-12-01T00:00:00.000Z,Display,,,,0.0414,observational
WEGMANS,CONVENTIONAL|FOOD,08-40229-30467,Built Puff Mint Chip Protein Bar 1.41 Oz (12 Pk),10_20pct,10–20% off,6,1.1307,1.4565,0.3258,1.8007,131.1,215.1667,,0.1685,24.41,27.94,2026-01-19T00:00:00.000Z,TPR,,,,1.1307,observational
WEGMANS,CONVENTIONAL|FOOD,08-40229-30467,Built Puff Mint Chip Protein Bar 1.41 Oz (12 Pk),20_30pct,20–30% off,6,1.073,0.971,0.7737,1.3115,115.05,173.44,,0.259,20.45,26.95,2025-02-10T00:00:00.000Z,Display,,,,1.073,observational
WEGMANS,CONVENTIONAL|FOOD,08-40229-30467,Built Puff Mint Chip Protein Bar 1.41 Oz (12 Pk),no_promo,No price reduction,28,0.0468,0.0298,0.0105,0.0565,,43.7179,,0.0,27.99,27.99,2026-02-16T00:00:00.000Z,Display,,,,0.0468,observational
WEGMANS,CONVENTIONAL|FOOD,08-40229-30550,Built Puff Cookies N Cream Protein Bar 1.41 Oz,20_30pct,20–30% off,4,0.9083,0.9841,0.8614,1.031,99.6,88.7667,,0.2478,2.11,2.79,2026-01-19T00:00:00.000Z,TPR,,,,0.9083,observational
WEGMANS,CONVENTIONAL|FOOD,08-40229-30550,Built Puff Cookies N Cream Protein Bar 1.41 Oz,no_promo,No price reduction,6,0.0275,0.0227,0.0049,0.0448,,37.5833,,0.0,2.79,2.79,2026-02-09T00:00:00.000Z,Display,,,,0.0275,observational
WEGMANS,CONVENTIONAL|FOOD,08-40229-30578,Built Puff Salted Caramel Protein Bar 1.41 Oz (12 Pk),0_10pct,<10% off,8,0.1158,0.0805,0.059,0.1424,47.1,88.275,,0.0372,27.85,28.08,2025-08-11T00:00:00.000Z,Display,,,,0.1158,observational
WEGMANS,CONVENTIONAL|FOOD,08-40229-30578,Built Puff Salted Caramel Protein Bar 1.41 Oz (12 Pk),10_20pct,10–20% off,4,1.5039,1.4641,0.7606,2.2074,202.7333,211.425,,0.1542,25.14,28.91,2026-01-19T00:00:00.000Z,Display,,,,1.5039,observational
WEGMANS,CONVENTIONAL|FOOD,08-40229-30578,Built Puff Salted Caramel Protein Bar 1.41 Oz (12 Pk),20_30pct,20–30% off,2,1.5289,1.5289,1.3634,1.6945,173.75,157.2,,0.204,22.34,27.81,2026-01-05T00:00:00.000Z,TPR,,,,1.5289,observational
WEGMANS,CONVENTIONAL|FOOD,08-40229-30578,Built Puff Salted Caramel Protein Bar 1.41 Oz (12 Pk),30pct_plus,≥30% off,5,1.2003,1.4051,1.0278,1.4753,79.975,148.2,,0.5686,11.74,23.0,2025-01-20T00:00:00.000Z,Display,,,,1.2003,observational
WEGMANS,CONVENTIONAL|FOOD,08-40229-30578,Built Puff Salted Caramel Protein Bar 1.41 Oz (12 Pk),no_promo,No price reduction,16,0.0903,0.0233,0.0055,0.1171,,72.0812,,0.0,27.99,27.99,2026-03-23T00:00:00.000Z,Display,,,,0.0903,observational
WEGMANS,CONVENTIONAL|FOOD,08-40229-30582,Built Puff Cookies N Cream Protein Bar 1.41 Oz (12 Pk),10_20pct,10–20% off,4,1.2422,1.2741,1.1405,1.3758,145.1,135.3,,0.1902,22.65,27.78,2026-01-19T00:00:00.000Z,TPR,,,,1.2422,observational
WEGMANS,CONVENTIONAL|FOOD,08-40229-30582,Built Puff Cookies N Cream Protein Bar 1.41 Oz (12 Pk),no_promo,No price reduction,11,0.0604,0.023,0.0111,0.1001,,73.8364,,0.0,27.99,27.99,2026-03-02T00:00:00.000Z,Display,,,,0.0604,observational
WEGMANS,CONVENTIONAL|FOOD,08-40229-30615,Built Puff Chocolatey Hazelnut  1.41oz,0_10pct,<10% off,3,0.1105,0.1238,0.1036,0.1241,,136.1667,,0.0223,2.79,2.8,2025-11-24T00:00:00.000Z,Display,,,,0.1105,observational
WEGMANS,CONVENTIONAL|FOOD,08-40229-30615,Built Puff Chocolatey Hazelnut  1.41oz,20_30pct,20–30% off,1,0.4624,0.4624,0.4624,0.4624,38.5,104.4,,0.231,2.22,2.78,2025-12-22T00:00:00.000Z,Display,,,,0.4624,observational
WEGMANS,CONVENTIONAL|FOOD,08-40229-30615,Built Puff Chocolatey Hazelnut  1.41oz,30pct_plus,≥30% off,4,0.755,0.7699,0.5479,0.9696,1.7667,69.3,,0.551,1.25,2.79,2026-02-02T00:00:00.000Z,Display,,,,0.755,observational
WEGMANS,CONVENTIONAL|FOOD,08-40229-30615,Built Puff Chocolatey Hazelnut  1.41oz,no_promo,No price reduction,3,0.1479,0.1026,0.0969,0.1763,,72.7667,,0.0,2.79,2.79,2025-12-15T00:00:00.000Z,Display,,,,0.1479,observational
WEGMANS,CONVENTIONAL|FOOD,08-40229-30616,Built Puff Chocolatey Hazelnut 16.93oz (12pk),0_10pct,<10% off,5,0.2072,0.1691,0.1572,0.34,26.15,101.14,,0.0538,27.99,28.38,2025-12-01T00:00:00.000Z,Display,,,,0.2072,observational
WEGMANS,CONVENTIONAL|FOOD,08-40229-30616,Built Puff Chocolatey Hazelnut 16.93oz (12pk),30pct_plus,≥30% off,5,1.2925,1.5806,1.0237,1.7054,61.4667,181.825,,0.4684,13.57,24.65,2026-02-02T00:00:00.000Z,Display,,,,1.2925,observational
WEGMANS,CONVENTIONAL|FOOD,08-40229-30616,Built Puff Chocolatey Hazelnut 16.93oz (12pk),no_promo,No price reduction,2,0.2776,0.2776,0.1857,0.3696,,134.3,,0.0,27.99,27.99,2025-12-15T00:00:00.000Z,Display,,,,0.2776,observational
WEGMANS,CONVENTIONAL|FOOD,08-40229-30642,Built Puff Peanut Butter Protein Bar 1.41 Oz,20_30pct,20–30% off,4,1.0108,1.0611,0.9335,1.1384,103.375,158.4,,0.2562,2.09,2.79,2026-01-19T00:00:00.000Z,Display,,,,1.0108,observational
WEGMANS,CONVENTIONAL|FOOD,08-40229-30642,Built Puff Peanut Butter Protein Bar 1.41 Oz,no_promo,No price reduction,3,0.0035,0.0004,0.0004,0.0051,,14.1667,,0.0,2.79,2.79,2026-02-09T00:00:00.000Z,Display,,,,0.0035,observational
WEGMANS,CONVENTIONAL|FOOD,08-40229-30643,Built Puff Peanut Butter Puff Bar 1.41oz (12pk),10_20pct,10–20% off,2,2.0435,2.0435,1.9497,2.1372,211.0,223.65,,0.1965,22.59,27.98,2026-01-19T00:00:00.000Z,Display,,,,2.0435,observational
WEGMANS,CONVENTIONAL|FOOD,08-40229-30643,Built Puff Peanut Butter Puff Bar 1.41oz (12pk),20_30pct,20–30% off,2,1.5283,1.5283,1.4923,1.5642,161.65,161.4,,0.2015,22.4,27.98,2026-01-12T00:00:00.000Z,TPR,,,,1.5283,observational
WEGMANS,CONVENTIONAL|FOOD,08-40229-30643,Built Puff Peanut Butter Puff Bar 1.41oz (12pk),no_promo,No price reduction,4,0.17,0.2113,0.1664,0.215,,58.8,,0.0,27.99,27.99,2026-02-16T00:00:00.000Z,Display,,,,0.17,observational
WEIGELS,CONVENTIONAL|CONVENIENCE,08-40229-30037,Built Puff Coconut Protein Bar 1.41 Oz,30pct_plus,≥30% off,9,,,,,,,,1.0,3.67,3.91,2025-10-27T00:00:00.000Z,Unknown,,,,,observational
WEIGELS,CONVENTIONAL|CONVENIENCE,08-40229-30037,Built Puff Coconut Protein Bar 1.41 Oz,no_promo,No price reduction,38,,,,,,,,,3.99,3.99,2026-04-13T00:00:00.000Z,Unknown,,,,,observational
WEIGELS,CONVENTIONAL|CONVENIENCE,08-40229-30362,Built Puff Brownie Batter Protein Bar 1.41 Oz,30pct_plus,≥30% off,11,,,,,,,,1.0,3.7,3.96,2025-12-22T00:00:00.000Z,Unknown,,,,,observational
WEIGELS,CONVENTIONAL|CONVENIENCE,08-40229-30362,Built Puff Brownie Batter Protein Bar 1.41 Oz,no_promo,No price reduction,37,,,,,,,,,3.99,3.99,2026-04-13T00:00:00.000Z,Unknown,,,,,observational
WEIGELS,CONVENTIONAL|CONVENIENCE,08-40229-30642,Built Puff Peanut Butter Protein Bar 1.41 Oz,no_promo,No price reduction,6,,,,,,,,,3.99,3.99,2026-04-13T00:00:00.000Z,Unknown,,,,,observational
WEIS,REGIONAL & INDEP GROCERY,08-40229-30037,Built Puff Coconut Protein Bar 1.41 Oz,0_10pct,<10% off,11,0.2151,0.2854,0.0098,0.3556,,,,0.0672,2.68,2.76,2026-03-02T00:00:00.000Z,Unknown,,,,0.2151,observational
WEIS,REGIONAL & INDEP GROCERY,08-40229-30037,Built Puff Coconut Protein Bar 1.41 Oz,10_20pct,10–20% off,26,0.1987,0.0875,0.0113,0.3532,,,,0.1123,2.66,2.75,2026-03-09T00:00:00.000Z,Unknown,,,,0.1987,observational
WEIS,REGIONAL & INDEP GROCERY,08-40229-30037,Built Puff Coconut Protein Bar 1.41 Oz,20_30pct,20–30% off,2,0.0126,0.0126,0.0101,0.0152,,,,0.2445,2.67,2.69,2025-08-18T00:00:00.000Z,Unknown,,,,0.0126,observational
WEIS,REGIONAL & INDEP GROCERY,08-40229-30037,Built Puff Coconut Protein Bar 1.41 Oz,30pct_plus,≥30% off,2,0.0172,0.0172,0.0172,0.0172,,,,0.401,2.66,2.69,2025-08-11T00:00:00.000Z,Unknown,,,,0.0172,observational
WEIS,REGIONAL & INDEP GROCERY,08-40229-30333,Built Puff Cookie Dough Chunk Protein Bar 1.55 Oz,0_10pct,<10% off,14,0.1846,0.1075,0.0408,0.3691,,,,0.0799,2.69,2.76,2026-04-13T00:00:00.000Z,Unknown,,,,0.1846,observational
WEIS,REGIONAL & INDEP GROCERY,08-40229-30333,Built Puff Cookie Dough Chunk Protein Bar 1.55 Oz,10_20pct,10–20% off,25,0.1339,0.0965,0.0073,0.2231,,,,0.1208,2.68,2.75,2026-04-06T00:00:00.000Z,Unknown,,,,0.1339,observational
WEIS,REGIONAL & INDEP GROCERY,08-40229-30333,Built Puff Cookie Dough Chunk Protein Bar 1.55 Oz,30pct_plus,≥30% off,2,0.0166,0.0166,0.0166,0.0166,,,,0.6675,2.67,2.7,2025-08-11T00:00:00.000Z,Unknown,,,,0.0166,observational
WEIS,REGIONAL & INDEP GROCERY,08-40229-30362,Built Puff Brownie Batter Protein Bar 1.41 Oz,0_10pct,<10% off,7,0.2394,0.3187,0.1018,0.3608,,,,0.0717,2.61,2.73,2026-01-26T00:00:00.000Z,Unknown,,,,0.2394,observational
WEIS,REGIONAL & INDEP GROCERY,08-40229-30362,Built Puff Brownie Batter Protein Bar 1.41 Oz,10_20pct,10–20% off,28,0.1712,0.0958,0.0073,0.2833,,,,0.1101,2.67,2.75,2026-03-16T00:00:00.000Z,Unknown,,,,0.1712,observational
WEIS,REGIONAL & INDEP GROCERY,08-40229-30362,Built Puff Brownie Batter Protein Bar 1.41 Oz,20_30pct,20–30% off,1,0.0099,0.0099,0.0099,0.0099,,,,0.29,2.61,2.63,2025-07-07T00:00:00.000Z,Unknown,,,,0.0099,observational
WEIS,REGIONAL & INDEP GROCERY,08-40229-30380,Built Puff Brownie Batter Protein Bar 1.41 Oz (4 Pk),0_10pct,<10% off,19,0.0656,0.0255,0.0109,0.046,,,,0.0778,9.22,9.39,2026-04-13T00:00:00.000Z,Unknown,,,,0.0656,observational
WEIS,REGIONAL & INDEP GROCERY,08-40229-30380,Built Puff Brownie Batter Protein Bar 1.41 Oz (4 Pk),10_20pct,10–20% off,2,0.1619,0.1619,0.0873,0.2366,,,,0.1295,9.14,9.66,2026-04-06T00:00:00.000Z,Unknown,,,,0.1619,observational
WEIS,REGIONAL & INDEP GROCERY,08-40229-30381,Built Puff Coconut Protein Bar 1.41 Oz (4 Pk),0_10pct,<10% off,19,0.1042,0.0482,0.0229,0.0946,,,,0.0876,9.16,9.42,2026-04-13T00:00:00.000Z,Unknown,,,,0.1042,observational
WEIS,REGIONAL & INDEP GROCERY,08-40229-30381,Built Puff Coconut Protein Bar 1.41 Oz (4 Pk),10_20pct,10–20% off,1,0.0519,0.0519,0.0519,0.0519,,,,0.1,9.13,9.31,2025-09-22T00:00:00.000Z,Unknown,,,,0.0519,observational
WEIS,REGIONAL & INDEP GROCERY,08-40229-30381,Built Puff Coconut Protein Bar 1.41 Oz (4 Pk),20_30pct,20–30% off,1,0.0149,0.0149,0.0149,0.0149,,,,0.25,9.88,9.99,2026-01-05T00:00:00.000Z,Unknown,,,,0.0149,observational
WEIS,REGIONAL & INDEP GROCERY,08-40229-30558,Built Puff Cookie Dough Chunk Protein Bar 1.55 Oz (4 Pk),0_10pct,<10% off,20,0.0941,0.036,0.0152,0.0774,,,,0.0799,9.21,9.44,2026-04-13T00:00:00.000Z,Unknown,,,,0.0941,observational
WEIS,REGIONAL & INDEP GROCERY,08-40229-30558,Built Puff Cookie Dough Chunk Protein Bar 1.55 Oz (4 Pk),10_20pct,10–20% off,2,0.0382,0.0382,0.0234,0.053,,,,0.1245,9.44,9.6,2026-03-09T00:00:00.000Z,Unknown,,,,0.0382,observational
WEIS,REGIONAL & INDEP GROCERY,08-40229-30577,Built Puff Salted Caramel Protein Bar 1.41 Oz (4 Pk),0_10pct,<10% off,19,0.0985,0.0286,0.0102,0.0947,,,,0.0823,9.18,9.42,2026-04-13T00:00:00.000Z,Unknown,,,,0.0985,observational
WEIS,REGIONAL & INDEP GROCERY,08-40229-30577,Built Puff Salted Caramel Protein Bar 1.41 Oz (4 Pk),10_20pct,10–20% off,2,0.0158,0.0158,0.0102,0.0214,,,,0.119,9.02,9.15,2025-12-08T00:00:00.000Z,Unknown,,,,0.0158,observational
WEIS,REGIONAL & INDEP GROCERY,08-40229-30577,Built Puff Salted Caramel Protein Bar 1.41 Oz (4 Pk),20_30pct,20–30% off,1,,,,,,,,0.2,9.98,9.99,2026-02-23T00:00:00.000Z,Unknown,,,,,observational
YESWAY/ALLSUPS,CONVENTIONAL|CONVENIENCE,08-40229-30037,Built Puff Coconut Protein Bar 1.41 Oz,0_10pct,<10% off,9,0.0118,0.0028,0.0012,0.0056,52.1,101.125,,0.0482,3.66,3.66,2026-02-23T00:00:00.000Z,Display,,,,0.0118,observational
YESWAY/ALLSUPS,CONVENTIONAL|CONVENIENCE,08-40229-30037,Built Puff Coconut Protein Bar 1.41 Oz,10_20pct,10–20% off,5,0.0013,0.0015,0.0007,0.0016,34.3667,168.5,,0.1046,3.67,3.67,2026-03-09T00:00:00.000Z,TPR,,,,0.0013,observational
YESWAY/ALLSUPS,CONVENTIONAL|CONVENIENCE,08-40229-30037,Built Puff Coconut Protein Bar 1.41 Oz,no_promo,No price reduction,21,0.0042,0.0023,0.0007,0.0061,,66.6143,36.5,0.0,3.65,3.65,2026-04-06T00:00:00.000Z,Display,,,,0.0042,observational
YESWAY/ALLSUPS,CONVENTIONAL|CONVENIENCE,08-40229-30362,Built Puff Brownie Batter Protein Bar 1.41 Oz,0_10pct,<10% off,11,0.0081,0.0036,0.0019,0.0067,29.6667,81.44,,0.0467,3.69,3.69,2026-03-09T00:00:00.000Z,Display,,,,0.0081,observational
YESWAY/ALLSUPS,CONVENTIONAL|CONVENIENCE,08-40229-30362,Built Puff Brownie Batter Protein Bar 1.41 Oz,10_20pct,10–20% off,1,0.0024,0.0024,0.0024,0.0024,,166.7,,0.106,3.79,3.79,2026-02-23T00:00:00.000Z,Display,,,,0.0024,observational
YESWAY/ALLSUPS,CONVENTIONAL|CONVENIENCE,08-40229-30362,Built Puff Brownie Batter Protein Bar 1.41 Oz,no_promo,No price reduction,17,0.005,0.0016,0.0008,0.0047,,54.3882,,0.0,3.65,3.65,2026-04-13T00:00:00.000Z,Display,,,,0.005,observational
YESWAY/ALLSUPS,CONVENTIONAL|CONVENIENCE,08-40229-30550,Built Puff Cookies N Cream Protein Bar 1.41 Oz,no_promo,No price reduction,1,0.0427,0.0427,0.0427,0.0427,,57.8,,0.0,3.79,3.79,2026-01-12T00:00:00.000Z,Display,,,,0.0427,observational
