__time,customer,promotion_name,contract_name_number,promotion_status,run_dates_start,run_dates_end,shipment_date_start,shipment_date_end,gross_revenue,cogs,incremental_trade_spend,volume_based_estimate,actual_spending,latest_estimate,total_trade_allowances,net_revenues,profit,retail_revenue,retail_profit,roi,last_activity_record,last_activity_date,attachments,last_deduction_date,promotion_id,source_file,as_of_date
2025-01-26T00:00:00Z,PUBLIX,Publix February 2025 Singles BOGO,,Complete - Unsettled (Open),2025-01-26,2025-02-01,2025-01-12,2025-01-25,138018.9232,30579.529869444446,240730.68,269093.58,331402.0,331402.0,243143.58,-105124.6568,-135704.18666944446,24094.1376,129218.0276,-0.64,Demand actual total was changed by System Administrator,2026-09-22,,2025-03-04,1,"Promotions,_Sep_30,_2026  FULL HISTORY For Aevah.xlsx",2026-09-30
2025-05-01T00:00:00Z,PUBLIX,Publix May 2025 Singles TPR,,Complete - Unsettled (Open),2025-05-01,2025-05-31,2025-04-17,2025-04-30,199740.9168,49295.66324166667,40644.96,40631.41,46751.88,46751.88,42351.18,157389.7368,108094.07355833334,0.0,-155607.09,-0.15,Demand actual total was changed by System Administrator,2026-09-22,,2025-05-25,2,"Promotions,_Sep_30,_2026  FULL HISTORY For Aevah.xlsx",2026-09-30
2025-08-21T00:00:00Z,PUBLIX,Publix August 2025 Singles TPR,,Complete - Unsettled (Open),2025-08-21,2025-08-27,2025-08-07,2025-08-20,135678.3072,40265.8418,40866.96,24335.72,0.0,40866.96,40866.96,94811.3472,54545.5054,0.0,-94811.34,-0.22,Demand actual total was changed by System Administrator,2026-09-22,,,3,"Promotions,_Sep_30,_2026  FULL HISTORY For Aevah.xlsx",2026-09-30
2025-09-18T00:00:00Z,PUBLIX,Publix September 2025 Singles BOGO,,Complete - Unsettled (Open),2025-09-18,2025-09-26,2025-09-04,2025-09-17,408380.976,98593.61338750001,662431.93,40286.4,0.0,662431.93,662431.93,-254050.954,-352644.5673875,0.0,254049.72,-0.61,Demand actual total was changed by System Administrator,2026-09-22,,,4,"Promotions,_Sep_30,_2026  FULL HISTORY For Aevah.xlsx",2026-09-30
2025-03-01T00:00:00Z,PUBLIX,Publix March 2025 4 pk Coupon,,Complete - Unsettled (Open),2025-03-01,2025-03-31,2025-02-15,2025-02-28,396120.5544,116978.58930000002,0.0,0.0,0.0,0.0,36589.48,359531.0744,242552.48510000002,0.0,6363.39,8.02,Demand actual total was changed by System Administrator,2026-09-22,,,5,"Promotions,_Sep_30,_2026  FULL HISTORY For Aevah.xlsx",2026-09-30
2025-04-13T00:00:00Z,PUBLIX,Publix April 2025 4 pk TPR,,Complete - Unsettled (Open),2025-04-13,2025-04-26,2025-03-30,2025-04-12,202227.0432,59719.7848,41420.0,45511.21,0.0,41420.0,60099.61,142127.4332,82407.6484,0.0,-142127.43,-0.29,Demand actual total was changed by System Administrator,2026-09-22,,,6,"Promotions,_Sep_30,_2026  FULL HISTORY For Aevah.xlsx",2026-09-30
2025-07-31T00:00:00Z,PUBLIX,Publix July 2025 Singles TPR,,Complete - Unsettled (Open),2025-07-31,2025-08-06,2025-07-17,2025-07-30,51746.5784,12492.9477375,23767.33,15465.28,5869.71,23767.33,23767.33,27979.2484,15486.3006625,0.0,-27980.46,-0.38,Demand actual total was changed by System Administrator,2026-09-22,,2026-03-05,7,"Promotions,_Sep_30,_2026  FULL HISTORY For Aevah.xlsx",2026-09-30
2025-10-09T00:00:00Z,PUBLIX,Publix October 2025 4 pk TPR,,Complete - Unsettled (Open),2025-10-09,2025-10-15,2025-09-25,2025-10-08,137502.5808,40823.627016666665,41416.44,17841.7,0.0,41416.44,41416.44,96086.1408,55262.513783333336,0.0,-96086.14,-0.22,Demand actual total was changed by System Administrator,2026-09-22,,,8,"Promotions,_Sep_30,_2026  FULL HISTORY For Aevah.xlsx",2026-09-30
2025-01-12T00:00:00Z,WAWA,Wawa January 2025 Singles TPR,,Complete - Unsettled (Open),2025-01-12,2025-01-25,2024-12-29,2025-01-11,95260.824,22883.86904166667,7050.0,7050.0,0.0,7050.0,7463.66,87797.164,64913.29495833334,0.0,7183.69,2.38,Demand actual total was changed by System Administrator,2026-09-22,,,9,"Promotions,_Sep_30,_2026  FULL HISTORY For Aevah.xlsx",2026-09-30
2025-06-03T00:00:00Z,WAWA,Wawa June 2025 Singles TPR,,Complete - Unsettled (Open),2025-06-03,2025-06-30,2025-05-20,2025-06-02,286693.384,68870.42926180555,23718.22,18896.44,17621.2,23718.22,25547.09,261146.294,192275.86473819445,0.0,-261144.99,2.0,Demand planned base volume was changed by System Administrator,2026-09-28,,2025-10-07,10,"Promotions,_Sep_30,_2026  FULL HISTORY For Aevah.xlsx",2026-09-30
2025-10-03T00:00:00Z,WAWA,Wawa October 2025 Singles TPR,,Complete - Unsettled (Open),2025-10-03,2025-10-31,2025-09-19,2025-10-02,308613.6488,74136.18774930555,24992.66,14271.66,0.0,24992.66,26961.36,281652.2888,207516.10105069447,0.0,-281652.87,2.07,Demand actual total was changed by System Administrator,2026-09-22,,,11,"Promotions,_Sep_30,_2026  FULL HISTORY For Aevah.xlsx",2026-09-30
2025-11-09T00:00:00Z,WAWA,Wawa November 2025 Singles TPR,,Complete - Unsettled (Open),2025-11-09,2025-11-22,2025-10-26,2025-11-08,131777.4732,31656.018933333333,27000.0,27000.0,6600.0,27000.0,27840.64,103936.8332,72280.81426666667,0.0,27297.95,0.22,Demand actual total was changed by System Administrator,2026-09-22,,2025-11-24,12,"Promotions,_Sep_30,_2026  FULL HISTORY For Aevah.xlsx",2026-09-30
2025-07-06T00:00:00Z,WAWA,Wawa July 2025 Singles TPR,,Complete - Unsettled (Open),2025-07-06,2025-07-19,2025-06-22,2025-07-05,90221.2412,21673.243838194445,5245.42,5541.71,0.0,5245.42,5820.96,84400.2812,62727.03736180556,0.0,-84401.43,1.15,Demand actual total was changed by System Administrator,2026-09-22,,,13,"Promotions,_Sep_30,_2026  FULL HISTORY For Aevah.xlsx",2026-09-30
2025-01-01T00:00:00Z,GELSONS,GELSONS January 2025 TPR,,Complete - Unsettled (Open),2025-01-01,2025-01-30,2024-12-18,2024-12-31,516.0,0.0,900.0,1274.68,127.5,900.0,900.0,-384.0,-384.0,0.0,900.0,-0.81,Demand actual total was changed by System Administrator,2026-09-22,,2025-03-31,14,"Promotions,_Sep_30,_2026  FULL HISTORY For Aevah.xlsx",2026-09-30
2025-05-01T00:00:00Z,GELSONS,GELSONS May 2025 TPR,,Complete - Unsettled (Open),2025-05-01,2025-05-30,2025-04-17,2025-04-30,17684.352,4842.955594959999,2570.4,2131.44,1993.4,2570.4,2662.92,15021.432,10178.47640504,0.0,-16612.3,0.41,Demand actual total was changed by System Administrator,2026-09-22,,2025-10-15,15,"Promotions,_Sep_30,_2026  FULL HISTORY For Aevah.xlsx",2026-09-30
2025-06-01T00:00:00Z,GELSONS,GELSONS June 2025 TPR,,Complete - Unsettled (Open),2025-06-01,2025-06-30,2025-05-18,2025-05-31,10988.1856,2942.201777965333,3833.09,1760.39,0.0,3833.09,3920.07,7068.1156,4125.913822034666,0.0,-8081.55,-0.4,Demand actual total was changed by System Administrator,2026-09-22,,,16,"Promotions,_Sep_30,_2026  FULL HISTORY For Aevah.xlsx",2026-09-30
2025-08-01T00:00:00Z,GELSONS,GELSONS August 2025 TPR,,Complete - Unsettled (Open),2025-08-01,2025-08-30,2025-07-18,2025-07-31,26618.634,7039.792161255,3868.99,398.08,428.0,3868.99,4032.02,22586.614,15546.821838745002,0.0,-24996.39,0.43,Demand actual total was changed by System Administrator,2026-09-22,,2025-12-21,17,"Promotions,_Sep_30,_2026  FULL HISTORY For Aevah.xlsx",2026-09-30
2025-10-01T00:00:00Z,GELSONS,GELSONS October 2025 TPR,,Complete - Unsettled (Open),2025-10-01,2025-10-30,2025-09-17,2025-09-30,25226.208,6677.881940352,3666.6,0.0,1307.25,3666.6,3708.36,21517.848,14839.966059647999,0.0,-24036.6,0.44,Demand actual total was changed by System Administrator,2026-09-22,,2026-03-06,18,"Promotions,_Sep_30,_2026  FULL HISTORY For Aevah.xlsx",2026-09-30
2027-01-01T00:00:00Z,GELSONS,GELSONS January 2027 TPR,,Planned,2027-01-01,2027-01-30,2026-12-18,2026-12-31,1577.8248,414.12445207966664,229.32,229.32,0.0,229.32,256.01,1321.8148,907.6903479203332,0.0,-1476.86,0.63,Demand planned incremental was changed by System Administrator,2026-09-28,,,24,"Promotions,_Sep_30,_2026  FULL HISTORY For Aevah.xlsx",2026-09-30
2025-01-01T00:00:00Z,CERTCO INC.,CERTCO INC. January 2025 TPR,,Complete - Unsettled (Open),2025-01-01,2025-01-28,2024-12-18,2024-12-31,10384.473233333334,0.0,851.67,0.0,0.0,851.67,851.64,9532.833233333333,9532.833233333333,0.0,851.64,2.97,Demand actual total was changed by System Administrator,2026-09-30,,,65,"Promotions,_Sep_30,_2026  FULL HISTORY For Aevah.xlsx",2026-09-30
2025-04-01T00:00:00Z,CERTCO INC.,CERTCO INC. April 2025 TPR,,Complete - Unsettled (Open),2025-04-01,2025-04-28,2025-03-18,2025-03-31,19331.64,5516.700563592555,1038.64,76920.0,7964.5,7964.5,1038.64,18293.0,12776.299436407446,0.0,-18297.33,2.6,Demand actual total was changed by System Administrator,2026-09-30,,2025-05-07,66,"Promotions,_Sep_30,_2026  FULL HISTORY For Aevah.xlsx",2026-09-30
2025-07-01T00:00:00Z,CERTCO INC.,CERTCO INC. July 2025 TPR,,Complete - Unsettled (Open),2025-07-01,2025-07-28,2025-06-17,2025-06-30,95170.3256,27585.73393770911,3993.59,23328.0,0.0,3993.59,3993.59,91176.7356,63591.00166229089,0.0,-91175.65,3.8,Demand actual total was changed by System Administrator,2026-09-30,,,67,"Promotions,_Sep_30,_2026  FULL HISTORY For Aevah.xlsx",2026-09-30
2025-08-01T00:00:00Z,CERTCO INC.,CERTCO INC. August 2025 TPR,,Complete - Unsettled (Open),2025-08-01,2025-08-28,2025-07-18,2025-07-31,104047.6,30148.947604333334,8884.99,10310.4,0.0,8884.99,8884.99,95162.61,65013.662395666666,0.0,-95172.32,1.18,Demand actual total was changed by System Administrator,2026-09-30,,,68,"Promotions,_Sep_30,_2026  FULL HISTORY For Aevah.xlsx",2026-09-30
2027-01-01T00:00:00Z,CERTCO INC.,CERTCO INC. January 2027 TPR,,Planned,2027-01-01,2027-01-28,2026-12-18,2026-12-31,10492.5248,3082.2951570246664,298.9,298.9,0.0,298.9,298.95,10193.5748,7111.2796429753325,0.0,-10192.91,6.42,Demand actual total was changed by System Administrator,2026-09-30,,,73,"Promotions,_Sep_30,_2026  FULL HISTORY For Aevah.xlsx",2026-09-30
2025-02-01T00:00:00Z,VITAMIN SHOPPE,VITAMIN SHOPPE February 2025 TPR,,Complete - Unsettled (Open),2025-02-01,2025-02-03,2025-01-18,2025-01-31,24736.782,6294.487520833333,8197.65,0.0,1075.73,8197.65,8257.63,16479.152,10184.664479166666,0.0,-16483.12,-0.48,Demand actual total was changed by System Administrator,2026-09-30,,2025-03-17,74,"Promotions,_Sep_30,_2026  FULL HISTORY For Aevah.xlsx",2026-09-30
2025-04-01T00:00:00Z,VITAMIN SHOPPE,VITAMIN SHOPPE April 2025 TPR,,Complete - Unsettled (Open),2025-04-01,2025-04-03,2025-03-18,2025-03-31,24736.7992,6294.491852777777,8197.66,0.0,0.0,8197.66,8257.64,16479.1592,10184.667347222223,0.0,-16483.11,-0.48,Demand actual total was changed by System Administrator,2026-09-30,,,75,"Promotions,_Sep_30,_2026  FULL HISTORY For Aevah.xlsx",2026-09-30
2025-06-01T00:00:00Z,VITAMIN SHOPPE,VITAMIN SHOPPE June 2025 TPR,,Complete - Unsettled (Open),2025-06-01,2025-06-03,2025-05-18,2025-05-31,38542.7576,9819.02686388889,12772.89,0.0,0.0,12772.89,12877.03,25665.7276,15846.700736111112,0.0,-25664.46,-0.48,Demand actual total was changed by System Administrator,2026-09-30,,,76,"Promotions,_Sep_30,_2026  FULL HISTORY For Aevah.xlsx",2026-09-30
2025-08-01T00:00:00Z,VITAMIN SHOPPE,VITAMIN SHOPPE August 2025 TPR,,Complete - Unsettled (Open),2025-08-01,2025-08-03,2025-07-18,2025-07-31,30869.4592,7857.210027777777,10230.01,0.0,0.0,10230.01,10306.91,20562.5492,12705.339172222222,0.0,-20566.4,-0.48,Demand actual total was changed by System Administrator,2026-09-30,,,77,"Promotions,_Sep_30,_2026  FULL HISTORY For Aevah.xlsx",2026-09-30
2025-09-01T00:00:00Z,VITAMIN SHOPPE,VITAMIN SHOPPE September 2025 TPR,,Complete - Unsettled (Open),2025-09-01,2025-09-03,2025-08-18,2025-08-31,83333.9484,21211.007837499998,48449.97,435456.0,43627.03,48449.97,48657.55,34676.3984,13465.3905625,0.0,-34679.33,-0.15,Demand actual total was changed by System Administrator,2026-09-30,,2025-10-15,78,"Promotions,_Sep_30,_2026  FULL HISTORY For Aevah.xlsx",2026-09-30
2025-01-01T00:00:00Z,WINCO,WINCO January 2025 TPR,,Complete - Unsettled (Open),2025-01-01,2025-01-31,2024-12-18,2024-12-31,10417.419366666665,0.0,17443.1,0.0,0.0,17443.1,17443.1,-7025.680633333334,-7025.680633333334,0.0,17443.1,-0.86,Demand actual total was changed by System Administrator,2026-09-30,,,84,"Promotions,_Sep_30,_2026  FULL HISTORY For Aevah.xlsx",2026-09-30
2025-02-01T00:00:00Z,WINCO,WINCO February 2025 TPR,,Complete - Unsettled (Open),2025-02-01,2025-02-07,2025-01-18,2025-01-31,33656.272,9395.223924551112,4696.23,2903.04,0.0,4696.23,4696.23,28960.042,19564.81807544889,0.0,-28958.55,0.19,Demand actual total was changed by System Administrator,2026-09-30,,,85,"Promotions,_Sep_30,_2026  FULL HISTORY For Aevah.xlsx",2026-09-30
2025-03-01T00:00:00Z,WINCO,WINCO March 2025 TPR,,Complete - Unsettled (Open),2025-03-01,2025-03-31,2025-02-15,2025-02-28,171979.8588,48008.565960057334,12998.48,28753.92,45.0,12998.48,12998.48,158981.3788,110972.81283994268,0.0,-158978.11,2.18,Demand actual total was changed by System Administrator,2026-09-30,,2025-03-26,86,"Promotions,_Sep_30,_2026  FULL HISTORY For Aevah.xlsx",2026-09-30
2025-04-01T00:00:00Z,WINCO,WINCO April 2025 TPR,,Complete - Unsettled (Open),2025-04-01,2025-04-30,2025-03-18,2025-03-31,171817.5768,47979.09424182078,12986.22,184429.44,288.96,12986.22,12986.22,158831.3568,110852.26255817924,0.0,-158829.4,2.18,Demand actual total was changed by System Administrator,2026-09-30,,2025-04-18,87,"Promotions,_Sep_30,_2026  FULL HISTORY For Aevah.xlsx",2026-09-30
2025-05-01T00:00:00Z,WINCO,WINCO May 2025 TPR,,Complete - Unsettled (Open),2025-05-01,2025-05-31,2025-04-17,2025-04-30,197279.2356,55212.74271810067,27527.33,594708.48,209.88,27527.33,27527.33,169751.9056,114539.16288189933,0.0,-169749.78,0.19,Demand actual total was changed by System Administrator,2026-09-30,,2025-05-29,88,"Promotions,_Sep_30,_2026  FULL HISTORY For Aevah.xlsx",2026-09-30
2025-06-01T00:00:00Z,WINCO,WINCO June 2025 TPR,,Complete - Unsettled (Open),2025-06-01,2025-06-30,2025-05-18,2025-05-31,347183.6684,93199.8760575059,26240.62,190270.08,9497.0,26240.62,26240.62,320943.0484,227743.17234249413,0.0,-320937.39,2.23,Demand actual total was changed by System Administrator,2026-09-30,,2025-06-19,89,"Promotions,_Sep_30,_2026  FULL HISTORY For Aevah.xlsx",2026-09-30
2025-07-01T00:00:00Z,WINCO,WINCO July 2025 TPR,,Complete - Unsettled (Open),2025-07-01,2025-07-31,2025-06-17,2025-06-30,927357.2124,248126.67565806024,129398.69,225607.68,0.0,129398.69,129398.69,797958.5224,549831.8467419398,0.0,-797962.3,0.21,Demand actual total was changed by System Administrator,2026-09-30,,,90,"Promotions,_Sep_30,_2026  FULL HISTORY For Aevah.xlsx",2026-09-30
2025-08-01T00:00:00Z,WINCO,WINCO August 2025 TPR,,Complete - Unsettled (Open),2025-08-01,2025-08-31,2025-07-18,2025-07-31,357305.748,95601.13623810101,27005.67,1152403.2,0.0,27005.67,27005.67,330300.078,234698.94176189904,0.0,-330297.5,2.23,Demand actual total was changed by System Administrator,2026-09-30,,,91,"Promotions,_Sep_30,_2026  FULL HISTORY For Aevah.xlsx",2026-09-30
2025-09-01T00:00:00Z,WINCO,WINCO September 2025 TPR,,Complete - Unsettled (Open),2025-09-01,2025-09-30,2025-08-18,2025-08-31,363093.1008,97094.202844692,50664.16,399790.08,0.0,50664.16,50664.16,312428.9408,215334.73795530805,0.0,-312424.82,0.21,Demand actual total was changed by System Administrator,2026-09-30,,,92,"Promotions,_Sep_30,_2026  FULL HISTORY For Aevah.xlsx",2026-09-30
2025-10-01T00:00:00Z,WINCO,WINCO October 2025 TPR,,Complete - Unsettled (Open),2025-10-01,2025-10-31,2025-09-17,2025-09-30,350692.8812,93716.58984972112,26505.86,0.0,0.0,26505.86,26505.86,324187.0212,230470.43135027893,0.0,-324184.24,2.23,Demand actual total was changed by System Administrator,2026-09-30,,,93,"Promotions,_Sep_30,_2026  FULL HISTORY For Aevah.xlsx",2026-09-30
2025-11-01T00:00:00Z,WINCO,WINCO November 2025 TPR,,Complete - Unsettled (Open),2025-11-01,2025-11-30,2025-10-18,2025-10-31,339380.166,90693.46650013333,25650.83,18946.72,150.71,25650.83,25650.83,313729.336,223035.86949986668,0.0,-313727.74,2.23,Demand actual total was changed by System Administrator,2026-09-30,,2025-11-19,94,"Promotions,_Sep_30,_2026  FULL HISTORY For Aevah.xlsx",2026-09-30
2025-12-01T00:00:00Z,WINCO,WINCO December 2025 TPR,,Complete - Unsettled (Open),2025-12-01,2025-12-31,2025-11-17,2025-11-30,380286.3756,101695.65152207046,53063.22,360.0,0.0,53063.22,53063.22,327223.1556,225527.50407792957,0.0,-327224.65,0.21,Demand actual total was changed by System Administrator,2026-09-30,,,95,"Promotions,_Sep_30,_2026  FULL HISTORY For Aevah.xlsx",2026-09-30
2027-01-01T00:00:00Z,WINCO,WINCO January 2027 TPR,,Planned,2027-01-01,2027-01-31,2026-12-18,2026-12-31,34801.5684,9393.078333024001,4856.03,4856.03,0.0,4856.03,4871.49,29930.0784,20537.000066976,0.0,-29912.09,0.21,Demand actual total was changed by System Administrator,2026-09-30,,,108,"Promotions,_Sep_30,_2026  FULL HISTORY For Aevah.xlsx",2026-09-30
2025-05-01T00:00:00Z,WAKEFERN,WAKEFERN May 2025 TPR,,Complete - Unsettled (Open),2025-05-01,2025-05-30,2025-04-17,2025-04-30,56925.4468,14673.288340277777,8274.05,8895.47,4062.78,8274.05,8571.86,48353.5868,33680.298459722224,0.0,-47843.54,-0.15,Demand actual total was changed by System Administrator,2026-09-22,,2025-06-01,109,"Promotions,_Sep_30,_2026  FULL HISTORY For Aevah.xlsx",2026-09-30
2025-08-01T00:00:00Z,WAKEFERN,WAKEFERN August 2025 TPR,,Complete - Unsettled (Open),2025-08-01,2025-08-30,2025-07-18,2025-07-31,60358.6184,15558.234276388888,8773.06,7917.86,2127.64,8773.06,9142.76,51215.8584,35657.62412361111,0.0,-50728.73,-0.15,Demand planned base volume was changed by System Administrator,2026-09-28,,2025-09-12,110,"Promotions,_Sep_30,_2026  FULL HISTORY For Aevah.xlsx",2026-09-30
2025-01-01T00:00:00Z,THE GIANT COMPANY,THE GIANT COMPANY January 2025 TPR,,Complete - Unsettled (Open),2025-01-01,2025-01-28,2024-12-18,2024-12-31,3839.8183,0.0,9912.08,0.0,0.0,9912.08,0.0,3839.8183,3839.8183,0.0,0.0,0.0,Demand actual total was changed by System Administrator,2026-09-30,,,113,"Promotions,_Sep_30,_2026  FULL HISTORY For Aevah.xlsx",2026-09-30
2025-03-01T00:00:00Z,THE GIANT COMPANY,THE GIANT COMPANY March 2025 TPR,,Complete - Unsettled (Open),2025-03-01,2025-03-28,2025-02-15,2025-02-28,56094.704,14291.746184044445,12066.89,0.0,0.0,12066.89,0.0,56094.704,41802.95781595556,0.0,0.0,0.0,Demand actual total was changed by System Administrator,2026-09-30,,,114,"Promotions,_Sep_30,_2026  FULL HISTORY For Aevah.xlsx",2026-09-30
2025-05-01T00:00:00Z,THE GIANT COMPANY,THE GIANT COMPANY May 2025 TPR,,Complete - Unsettled (Open),2025-05-01,2025-05-28,2025-04-17,2025-04-30,74019.9248,18859.636225306,15922.88,0.0,0.0,15922.88,0.0,74019.9248,55160.28857469401,0.0,0.0,0.0,Demand actual total was changed by System Administrator,2026-09-30,,,115,"Promotions,_Sep_30,_2026  FULL HISTORY For Aevah.xlsx",2026-09-30
2025-07-01T00:00:00Z,THE GIANT COMPANY,THE GIANT COMPANY July 2025 TPR,,Complete - Unsettled (Open),2025-07-01,2025-07-28,2025-06-17,2025-06-30,152683.1616,38901.72253666389,57700.03,0.0,0.0,57700.03,0.0,152683.1616,113781.43906333612,0.0,0.0,0.0,Demand actual total was changed by System Administrator,2026-09-30,,,116,"Promotions,_Sep_30,_2026  FULL HISTORY For Aevah.xlsx",2026-09-30
2025-10-01T00:00:00Z,THE GIANT COMPANY,THE GIANT COMPANY October 2025 TPR,,Complete - Unsettled (Open),2025-10-01,2025-10-28,2025-09-17,2025-09-30,73278.1576,18670.415344981666,15763.34,0.0,0.0,15763.34,0.0,73278.1576,54607.74225501833,0.0,0.0,0.0,Demand actual total was changed by System Administrator,2026-09-30,,,117,"Promotions,_Sep_30,_2026  FULL HISTORY For Aevah.xlsx",2026-09-30
2027-01-01T00:00:00Z,THE GIANT COMPANY,THE GIANT COMPANY January 2027 TPR,,Planned,2027-01-01,2027-01-28,2026-12-18,2026-12-31,3205.7532,812.1174291666666,689.61,689.61,0.0,689.61,0.0,3205.7532,2393.635770833333,0.0,0.0,0.0,Demand actual total was changed by System Administrator,2026-09-30,,,123,"Promotions,_Sep_30,_2026  FULL HISTORY For Aevah.xlsx",2026-09-30
2025-01-01T00:00:00Z,WEGMANS,WEGMANS January 2025 TPR,,Complete - Unsettled (Open),2025-01-01,2025-01-31,2024-12-18,2024-12-31,9562.990733333334,0.0,34693.63,48836.62,164185.77,164185.77,38686.68,-29123.689266666668,-29123.689266666668,0.0,38686.68,-0.91,Demand planned incremental was changed by System Administrator,2026-09-28,,2025-05-01,124,"Promotions,_Sep_30,_2026  FULL HISTORY For Aevah.xlsx",2026-09-30
2025-02-01T00:00:00Z,WEGMANS,WEGMANS February 2025 TPR,,Complete - Unsettled (Open),2025-02-01,2025-02-07,2025-01-18,2025-01-31,24716.658,6605.100353489999,7472.48,10482.81,0.0,7472.48,8556.19,16160.468,9555.36764651,0.0,-16027.23,-0.61,Demand actual total was changed by System Administrator,2026-09-22,,,125,"Promotions,_Sep_30,_2026  FULL HISTORY For Aevah.xlsx",2026-09-30
2025-12-01T00:00:00Z,WEGMANS,WEGMANS December 2025 TPR,,Complete - Unsettled (Open),2025-12-01,2025-12-28,2025-11-17,2025-11-30,141613.19,37845.502968518886,42813.3,14880.84,106958.19,106958.19,48009.08,93604.11,55758.607031481115,0.0,-93606.92,-0.53,Demand actual total was changed by System Administrator,2026-09-22,,2026-02-06,126,"Promotions,_Sep_30,_2026  FULL HISTORY For Aevah.xlsx",2026-09-30
2027-01-01T00:00:00Z,WEGMANS,WEGMANS January 2027 TPR,,Draft,2027-01-01,2027-01-31,2026-12-18,2026-12-31,8394.5976,2141.6281022129997,2537.9,2537.9,0.0,2537.9,2672.72,5721.8776,3580.2494977869997,0.0,-5719.12,-0.19,Demand planned base volume was changed by System Administrator,2026-09-28,,,130,"Promotions,_Sep_30,_2026  FULL HISTORY For Aevah.xlsx",2026-09-30
2025-02-01T00:00:00Z,STOP & SHOP,STOP & SHOP February 2025 TPR,,Complete - Unsettled (Open),2025-02-01,2025-02-28,2025-01-18,2025-01-31,48029.28,12204.833333333334,10331.88,0.0,0.0,10331.88,0.0,48029.28,35824.44666666666,0.0,0.0,0.0,Demand actual total was changed by System Administrator,2026-09-22,,,131,"Promotions,_Sep_30,_2026  FULL HISTORY For Aevah.xlsx",2026-09-30
2025-06-01T00:00:00Z,STOP & SHOP,STOP & SHOP June 2025 TPR,,Complete - Unsettled (Open),2025-06-01,2025-06-28,2025-05-18,2025-05-31,554184.0,140825.0,161100.0,0.0,3036.0,161100.0,0.0,554184.0,413359.0,0.0,0.0,0.0,Demand actual total was changed by System Administrator,2026-09-22,,2025-08-12,132,"Promotions,_Sep_30,_2026  FULL HISTORY For Aevah.xlsx",2026-09-30
2025-08-01T00:00:00Z,STOP & SHOP,STOP & SHOP August 2025 TPR,,Complete - Unsettled (Open),2025-08-01,2025-08-28,2025-07-18,2025-07-31,57885.4648,14709.41292638889,11442.47,0.0,9902.9,11442.47,0.0,57885.4648,43176.05187361111,0.0,0.0,0.0,Demand actual total was changed by System Administrator,2026-09-22,,2025-10-17,133,"Promotions,_Sep_30,_2026  FULL HISTORY For Aevah.xlsx",2026-09-30
2025-10-01T00:00:00Z,STOP & SHOP,STOP & SHOP October 2025 TPR,,Complete - Unsettled (Open),2025-10-01,2025-10-28,2025-09-17,2025-09-30,58421.7436,14845.687981944446,12567.47,0.0,5464.06,12567.47,0.0,58421.7436,43576.05561805555,0.0,0.0,0.0,Demand planned base volume was changed by System Administrator,2026-09-28,,2025-10-19,134,"Promotions,_Sep_30,_2026  FULL HISTORY For Aevah.xlsx",2026-09-30
2025-01-01T00:00:00Z,SUPERVALU,SUPERVALU January 2025 TPR,,Complete - Unsettled (Open),2025-01-01,2025-01-31,2024-12-18,2024-12-31,13016.093033333333,0.0,4579.18,6917.76,0.0,4579.18,4579.18,8436.913033333332,8436.913033333332,0.0,4579.18,-0.53,Supply planned estimated shipment was changed by System Administrator,2026-09-28,,,139,"Promotions,_Sep_30,_2026  FULL HISTORY For Aevah.xlsx",2026-09-30
2025-03-01T00:00:00Z,SUPERVALU,SUPERVALU March 2025 TPR,,Complete - Unsettled (Open),2025-03-01,2025-03-31,2025-02-15,2025-02-28,62895.498,17727.426545861555,5459.8,12756.3,0.0,5459.8,5770.49,57125.008,39397.581454138446,0.0,-57122.22,0.37,Supply planned estimated shipment was changed by System Administrator,2026-09-28,,,140,"Promotions,_Sep_30,_2026  FULL HISTORY For Aevah.xlsx",2026-09-30
2025-05-01T00:00:00Z,SUPERVALU,SUPERVALU May 2025 TPR,,Complete - Unsettled (Open),2025-05-01,2025-05-31,2025-04-17,2025-04-30,62895.3628,17727.387124333778,5459.78,13278.71,0.0,5459.78,6436.14,56459.2228,38731.83567566622,0.0,-54792.49,0.34,Supply planned estimated shipment was changed by System Administrator,2026-09-28,,,141,"Promotions,_Sep_30,_2026  FULL HISTORY For Aevah.xlsx",2026-09-30
2025-07-01T00:00:00Z,SUPERVALU,SUPERVALU July 2025 TPR,,Complete - Unsettled (Open),2025-07-01,2025-07-31,2025-06-17,2025-06-30,62895.2792,17727.36265225856,5459.75,13169.01,0.0,5459.75,5770.44,57124.8392,39397.47654774145,0.0,-57122.66,0.37,Demand planned incremental was changed by System Administrator,2026-09-28,,,142,"Promotions,_Sep_30,_2026  FULL HISTORY For Aevah.xlsx",2026-09-30
2025-09-01T00:00:00Z,SUPERVALU,SUPERVALU September 2025 TPR,,Complete - Unsettled (Open),2025-09-01,2025-09-30,2025-08-18,2025-08-31,60866.4196,17155.517778576224,5283.64,15358.3,0.0,5283.64,6550.57,54315.8496,37160.33182142378,0.0,-53025.52,0.33,Supply planned estimated shipment was changed by System Administrator,2026-09-28,,,143,"Promotions,_Sep_30,_2026  FULL HISTORY For Aevah.xlsx",2026-09-30
2027-01-01T00:00:00Z,SUPERVALU,SUPERVALU January 2027 TPR,,Planned,2027-01-01,2027-01-31,2026-12-18,2026-12-31,13468.0352,3600.1759422924442,1079.27,1079.27,0.0,1079.27,1324.26,12143.7752,8543.599257707556,0.0,-12140.73,0.47,Demand planned incremental was changed by System Administrator,2026-09-28,,,149,"Promotions,_Sep_30,_2026  FULL HISTORY For Aevah.xlsx",2026-09-30
2025-02-01T00:00:00Z,FESTIVAL FOODS,FESTIVAL FOODS February 2025 TPR,,Complete - Unsettled (Open),2025-02-01,2025-02-28,2025-01-18,2025-01-31,20658.96,4994.4392609999995,1913.94,3172.98,0.0,1913.94,3070.19,17588.77,12594.330739,0.0,-16887.2,1.27,Demand actual total was changed by System Administrator,2026-09-22,,,150,"Promotions,_Sep_30,_2026  FULL HISTORY For Aevah.xlsx",2026-09-30
2025-04-01T00:00:00Z,FESTIVAL FOODS,FESTIVAL FOODS April 2025 TPR,,Complete - Unsettled (Open),2025-04-01,2025-04-30,2025-03-18,2025-03-31,17796.2184,4302.35267769,1449.0,1186.56,0.0,1449.0,1637.82,16158.3984,11856.045722310002,0.0,-16162.44,0.52,Demand actual total was changed by System Administrator,2026-09-22,,,151,"Promotions,_Sep_30,_2026  FULL HISTORY For Aevah.xlsx",2026-09-30
2025-07-01T00:00:00Z,FESTIVAL FOODS,FESTIVAL FOODS July 2025 TPR,,Complete - Unsettled (Open),2025-07-01,2025-07-30,2025-06-17,2025-06-30,25397.8172,6115.587123026556,3424.68,1725.64,0.0,3424.68,3669.16,21728.6572,15613.070076973445,0.0,-21724.65,0.22,Demand actual total was changed by System Administrator,2026-09-22,,,152,"Promotions,_Sep_30,_2026  FULL HISTORY For Aevah.xlsx",2026-09-30
2025-09-01T00:00:00Z,FESTIVAL FOODS,FESTIVAL FOODS September 2025 TPR,,Complete - Unsettled (Open),2025-09-01,2025-09-30,2025-08-18,2025-08-31,24675.624,5974.842510459999,1061.05,738.99,0.0,1061.05,2202.37,22473.254,16498.41148954,0.0,-21317.62,2.28,Demand planned base volume was changed by System Administrator,2026-09-28,,,153,"Promotions,_Sep_30,_2026  FULL HISTORY For Aevah.xlsx",2026-09-30
2025-01-01T00:00:00Z,DELEK,DELEK January 2025 TPR,,Complete - Unsettled (Open),2025-01-01,2025-01-30,2024-12-18,2024-12-31,586.3308,0.0,1022.68,0.0,0.0,1022.68,1022.66,-436.32919999999996,-436.32919999999996,0.0,1022.66,-0.93,Demand actual total was changed by System Administrator,2026-09-30,,,158,"Promotions,_Sep_30,_2026  FULL HISTORY For Aevah.xlsx",2026-09-30
2025-02-01T00:00:00Z,DELEK,DELEK February 2025 TPR,,Complete - Unsettled (Open),2025-02-01,2025-02-28,2025-01-18,2025-01-31,7880.352,1891.3417499999998,1145.4,0.0,0.0,1145.4,1163.22,6717.132,4825.79025,0.0,-6722.74,-0.32,Demand actual total was changed by System Administrator,2026-09-30,,,159,"Promotions,_Sep_30,_2026  FULL HISTORY For Aevah.xlsx",2026-09-30
2025-07-01T00:00:00Z,DELEK,DELEK July 2025 TPR,,Complete - Unsettled (Open),2025-07-01,2025-07-31,2025-06-17,2025-06-30,10933.9712,2624.2325499999997,1589.24,0.0,0.0,1589.24,2704.66,8229.3112,5605.0786499999995,0.0,-9325.26,-0.38,Demand actual total was changed by System Administrator,2026-09-30,,,160,"Promotions,_Sep_30,_2026  FULL HISTORY For Aevah.xlsx",2026-09-30
2025-08-01T00:00:00Z,DELEK,DELEK August 2025 TPR,,Complete - Unsettled (Open),2025-08-01,2025-08-31,2025-07-18,2025-07-31,11123.9624,2669.83181875,1616.86,0.0,0.0,1616.86,1642.02,9481.9424,6812.110581249999,0.0,-9490.5,-0.32,Demand actual total was changed by System Administrator,2026-09-30,,,161,"Promotions,_Sep_30,_2026  FULL HISTORY For Aevah.xlsx",2026-09-30
2027-01-01T00:00:00Z,DELEK,DELEK January 2027 TPR,,Planned,2027-01-01,2027-01-30,2026-12-18,2026-12-31,766.5008,183.96576249999998,111.4,111.4,0.0,111.4,132.87,633.6308,449.6650375,0.0,-640.36,-0.33,Demand actual total was changed by System Administrator,2026-09-30,,,166,"Promotions,_Sep_30,_2026  FULL HISTORY For Aevah.xlsx",2026-09-30
2025-05-01T00:00:00Z,UNITED PACIFIC,UNITED PACIFIC May 2025 TPR,,Complete - Unsettled (Open),2025-05-01,2025-05-30,2025-04-17,2025-04-30,16500.132,4114.709027083333,2877.92,0.0,0.0,2877.92,2915.23,13584.902,9470.192972916666,0.0,-13595.22,-0.28,Demand actual total was changed by System Administrator,2026-09-30,,,167,"Promotions,_Sep_30,_2026  FULL HISTORY For Aevah.xlsx",2026-09-30
2025-06-01T00:00:00Z,UNITED PACIFIC,UNITED PACIFIC June 2025 TPR,,Complete - Unsettled (Open),2025-06-01,2025-06-30,2025-05-18,2025-05-31,16516.5408,4118.799024999999,2880.78,0.0,930.6,2880.78,2918.12,13598.4208,9479.621775000001,0.0,-13607.18,-0.28,Demand actual total was changed by System Administrator,2026-09-30,,2025-09-02,168,"Promotions,_Sep_30,_2026  FULL HISTORY For Aevah.xlsx",2026-09-30
2025-09-01T00:00:00Z,UNITED PACIFIC,UNITED PACIFIC September 2025 TPR,,Complete - Unsettled (Open),2025-09-01,2025-09-30,2025-08-18,2025-08-31,17912.596,4466.939485416667,3124.3,0.0,0.0,3124.3,4951.83,12960.766,8493.826514583334,0.0,-14758.26,-0.35,Demand actual total was changed by System Administrator,2026-09-30,,,169,"Promotions,_Sep_30,_2026  FULL HISTORY For Aevah.xlsx",2026-09-30
2025-10-01T00:00:00Z,UNITED PACIFIC,UNITED PACIFIC October 2025 TPR,,Complete - Unsettled (Open),2025-10-01,2025-10-30,2025-09-17,2025-09-30,17558.6544,4378.6752625,3062.56,0.0,0.0,3062.56,3102.26,14456.3944,10077.7191375,0.0,-14468.88,-0.28,Demand actual total was changed by System Administrator,2026-09-30,,,170,"Promotions,_Sep_30,_2026  FULL HISTORY For Aevah.xlsx",2026-09-30
2025-03-01T00:00:00Z,TERRIBLES,TERRIBLES March 2025 TPR,,Complete - Unsettled (Open),2025-03-01,2025-03-30,2025-02-15,2025-02-28,8270.8092,2112.4490874999997,2404.32,0.0,0.0,2404.32,2423.02,5847.7892,3735.3401124999996,0.0,-5852.04,-0.77,Demand actual total was changed by System Administrator,2026-09-30,,,175,"Promotions,_Sep_30,_2026  FULL HISTORY For Aevah.xlsx",2026-09-30
2025-05-01T00:00:00Z,TERRIBLES,TERRIBLES May 2025 TPR,,Complete - Unsettled (Open),2025-05-01,2025-05-30,2025-04-17,2025-04-30,10346.832,2642.6865,5714.82,0.0,0.0,5714.82,5738.21,4608.622,1965.9354999999998,0.0,-4611.18,-0.78,Demand actual total was changed by System Administrator,2026-09-30,,,176,"Promotions,_Sep_30,_2026  FULL HISTORY For Aevah.xlsx",2026-09-30
2025-09-01T00:00:00Z,TERRIBLES,TERRIBLES September 2025 TPR,,Complete - Unsettled (Open),2025-09-01,2025-09-30,2025-08-18,2025-08-31,13042.8288,3331.2716,0.0,0.0,0.0,0.0,1330.46,11712.3688,8381.0972,0.0,-13018.77,6.3,Demand actual total was changed by System Administrator,2026-09-30,,,177,"Promotions,_Sep_30,_2026  FULL HISTORY For Aevah.xlsx",2026-09-30
2025-10-01T00:00:00Z,TERRIBLES,TERRIBLES October 2025 TPR,,Complete - Unsettled (Open),2025-10-01,2025-10-30,2025-09-17,2025-09-30,11132.7,2843.405208333333,6148.86,0.0,0.0,6148.86,6174.03,4958.67,2115.2647916666665,0.0,-4963.44,-0.78,Demand actual total was changed by System Administrator,2026-09-30,,,178,"Promotions,_Sep_30,_2026  FULL HISTORY For Aevah.xlsx",2026-09-30
2025-01-01T00:00:00Z,Hudson News,HUDSON NEWS January 2025 TPR,,Complete - Unsettled (Open),2025-01-01,2025-01-31,2024-12-18,2024-12-31,2204.0553,0.0,20000.0,20000.0,0.0,20000.0,20000.0,-17795.9447,-17795.9447,0.0,20000.0,-0.99,Demand actual total was changed by System Administrator,2026-09-30,,,183,"Promotions,_Sep_30,_2026  FULL HISTORY For Aevah.xlsx",2026-09-30
2025-02-01T00:00:00Z,Hudson News,HUDSON NEWS February 2025 TPR,,Complete - Unsettled (Open),2025-02-01,2025-02-28,2025-01-18,2025-01-31,28483.2,7184.3375,20000.0,20000.0,0.0,20000.0,20064.4,8418.8,1234.4624999999999,0.0,-8436.04,-0.86,Demand actual total was changed by System Administrator,2026-09-30,,,184,"Promotions,_Sep_30,_2026  FULL HISTORY For Aevah.xlsx",2026-09-30
2025-03-01T00:00:00Z,Hudson News,HUDSON NEWS March 2025 TPR,,Complete - Unsettled (Open),2025-03-01,2025-03-31,2025-02-15,2025-02-28,31534.996,7954.094472222222,20000.0,20000.0,0.0,20000.0,20071.3,11463.696,3509.601527777778,0.0,-11482.41,-0.85,Demand actual total was changed by System Administrator,2026-09-30,,,185,"Promotions,_Sep_30,_2026  FULL HISTORY For Aevah.xlsx",2026-09-30
2025-08-01T00:00:00Z,Hudson News,HUDSON NEWS August 2025 TPR,,Complete - Unsettled (Open),2025-08-01,2025-08-31,2025-07-18,2025-07-31,77063.5508,18960.292470833334,50000.0,50000.0,0.0,50000.0,50174.24,26889.3108,7929.018329166666,0.0,-26935.6,-0.85,Demand actual total was changed by System Administrator,2026-09-30,,,186,"Promotions,_Sep_30,_2026  FULL HISTORY For Aevah.xlsx",2026-09-30
2027-01-01T00:00:00Z,Hudson News,HUDSON NEWS January 2027 TPR,,Planned,2027-01-01,2027-01-31,2026-12-18,2026-12-31,4617.6496,1108.2694625,0.0,0.0,0.0,0.0,126.94,4490.7096,3382.4401374999998,0.0,-4524.48,26.78,Demand actual total was changed by System Administrator,2026-09-30,,,191,"Promotions,_Sep_30,_2026  FULL HISTORY For Aevah.xlsx",2026-09-30
2025-01-31T00:00:00Z,CROSS AMERICA PARTNERS,CROSS AMERICA PARTNERS March 2025 TPR,,Complete - Unsettled (Open),2025-01-31,2025-03-02,2025-01-17,2025-01-30,14282.1576,3621.976025,0.0,0.0,0.0,0.0,32.3,14249.8576,10627.881575000001,0.0,-14260.06,328.93,Demand actual total was changed by System Administrator,2026-09-30,,,192,"Promotions,_Sep_30,_2026  FULL HISTORY For Aevah.xlsx",2026-09-30
2025-02-01T00:00:00Z,CROSS AMERICA PARTNERS,CROSS AMERICA PARTNERS February 2025 TPR,,Complete - Unsettled (Open),2025-02-01,2025-02-28,2025-01-18,2025-01-31,9890.0,2508.1180555555557,1437.5,0.0,0.0,1437.5,1459.86,8430.14,5922.021944444444,0.0,-8435.98,-0.33,Demand actual total was changed by System Administrator,2026-09-30,,,193,"Promotions,_Sep_30,_2026  FULL HISTORY For Aevah.xlsx",2026-09-30
2025-04-01T00:00:00Z,CROSS AMERICA PARTNERS,CROSS AMERICA PARTNERS April 2025 TPR,,Complete - Unsettled (Open),2025-04-01,2025-04-30,2025-03-18,2025-03-31,10808.3596,2741.015448611111,1570.99,0.0,0.0,1570.99,1595.41,9212.9496,6471.9341513888885,0.0,-9219.88,-0.33,Demand actual total was changed by System Administrator,2026-09-30,,,194,"Promotions,_Sep_30,_2026  FULL HISTORY For Aevah.xlsx",2026-09-30
2025-05-01T00:00:00Z,CROSS AMERICA PARTNERS,CROSS AMERICA PARTNERS May 2025 TPR,,Complete - Unsettled (Open),2025-05-01,2025-05-31,2025-04-17,2025-04-30,13139.5616,3332.211122222222,1909.81,0.0,0.0,1909.81,1939.52,11200.0416,7867.830477777777,0.0,-11210.34,-0.33,Demand actual total was changed by System Administrator,2026-09-30,,,195,"Promotions,_Sep_30,_2026  FULL HISTORY For Aevah.xlsx",2026-09-30
2025-08-01T00:00:00Z,CROSS AMERICA PARTNERS,CROSS AMERICA PARTNERS August 2025 TPR,,Complete - Unsettled (Open),2025-08-01,2025-08-31,2025-07-18,2025-07-31,13960.7584,3540.4676111111107,2029.18,0.0,0.0,2029.18,2060.74,11900.0184,8359.55078888889,0.0,-11909.45,-0.33,Demand actual total was changed by System Administrator,2026-09-30,,,196,"Promotions,_Sep_30,_2026  FULL HISTORY For Aevah.xlsx",2026-09-30
2025-09-01T00:00:00Z,CROSS AMERICA PARTNERS,CROSS AMERICA PARTNERS September 2025 TPR,,Complete - Unsettled (Open),2025-09-01,2025-09-30,2025-08-18,2025-08-31,13669.3904,3466.577205555555,1986.83,0.0,0.0,1986.83,3381.73,10287.6604,6821.0831944444435,0.0,-11662.47,-0.39,Demand actual total was changed by System Administrator,2026-09-30,,,197,"Promotions,_Sep_30,_2026  FULL HISTORY For Aevah.xlsx",2026-09-30
2027-01-31T00:00:00Z,CROSS AMERICA PARTNERS,CROSS AMERICA PARTNERS March 2027 TPR,,Planned,2027-01-31,2027-03-02,2027-01-17,2027-01-30,0.0,0.0,0.0,0.0,0.0,0.0,0.0,0.0,0.0,0.0,0.0,0.0,Demand actual total was changed by System Administrator,2026-09-30,,,204,"Promotions,_Sep_30,_2026  FULL HISTORY For Aevah.xlsx",2026-09-30
2025-05-01T00:00:00Z,ANABI OIL,ANABI OIL May 2025 TPR,,Complete - Unsettled (Open),2025-05-01,2025-05-31,2025-04-17,2025-04-30,13796.55,3523.7796875,2406.36,0.0,0.0,2406.36,2437.59,11358.96,7835.1803125,0.0,-11369.01,-0.44,Demand actual total was changed by System Administrator,2026-09-22,,,205,"Promotions,_Sep_30,_2026  FULL HISTORY For Aevah.xlsx",2026-09-30
2025-06-01T00:00:00Z,ANABI OIL,ANABI OIL June 2025 TPR,,Complete - Unsettled (Open),2025-06-01,2025-06-30,2025-05-18,2025-05-31,13372.7076,3415.5260125,2332.44,0.0,0.0,2332.44,2362.68,11010.0276,7594.501587499999,0.0,-11020.14,-0.44,Demand actual total was changed by System Administrator,2026-09-22,,,206,"Promotions,_Sep_30,_2026  FULL HISTORY For Aevah.xlsx",2026-09-30
2025-07-01T00:00:00Z,ANABI OIL,ANABI OIL July 2025 TPR,,Complete - Unsettled (Open),2025-07-01,2025-07-31,2025-06-17,2025-06-30,14495.988,3702.4232916666665,2528.37,0.0,0.0,2528.37,4007.43,10488.558,6786.134708333333,0.0,-11944.35,-0.48,Demand planned base volume was changed by System Administrator,2026-09-28,,,207,"Promotions,_Sep_30,_2026  FULL HISTORY For Aevah.xlsx",2026-09-30
2025-08-01T00:00:00Z,ANABI OIL,ANABI OIL August 2025 TPR,,Complete - Unsettled (Open),2025-08-01,2025-08-31,2025-07-18,2025-07-31,14781.9552,3775.462233333333,2578.26,0.0,0.0,2578.26,2611.68,12170.2752,8394.812966666666,0.0,-12176.34,-0.44,Demand planned base volume was changed by System Administrator,2026-09-28,,,208,"Promotions,_Sep_30,_2026  FULL HISTORY For Aevah.xlsx",2026-09-30
2025-01-01T00:00:00Z,PLAID PANTRY,PLAID PANTRY January 2025 TPR,,Complete - Unsettled (Open),2025-01-01,2025-01-31,2024-12-18,2024-12-31,528.2062666666667,0.0,3132.39,2505.12,0.0,3132.39,3132.39,-2604.183733333333,-2604.183733333333,0.0,3132.39,-0.96,Demand planned base volume was changed by System Administrator,2026-09-28,,,213,"Promotions,_Sep_30,_2026  FULL HISTORY For Aevah.xlsx",2026-09-30
2025-04-01T00:00:00Z,PLAID PANTRY,PLAID PANTRY April 2025 TPR,,Complete - Unsettled (Open),2025-04-01,2025-04-30,2025-03-18,2025-03-31,6784.798,1708.1957979166666,1183.39,1063.84,0.0,1183.39,1198.73,5586.068,3877.872202083333,0.0,-5591.8,-0.29,Demand actual total was changed by System Administrator,2026-09-22,,,214,"Promotions,_Sep_30,_2026  FULL HISTORY For Aevah.xlsx",2026-09-30
2025-06-01T00:00:00Z,PLAID PANTRY,PLAID PANTRY June 2025 TPR,,Complete - Unsettled (Open),2025-06-01,2025-06-30,2025-05-18,2025-05-31,7752.9172,1951.9370791666665,3831.39,1931.75,0.0,3831.39,3848.92,3903.9972,1952.0601208333333,0.0,-3910.63,-0.8,Demand actual total was changed by System Administrator,2026-09-22,,,215,"Promotions,_Sep_30,_2026  FULL HISTORY For Aevah.xlsx",2026-09-30
2025-07-01T00:00:00Z,PLAID PANTRY,PLAID PANTRY July 2025 TPR,,Complete - Unsettled (Open),2025-07-01,2025-07-31,2025-06-17,2025-06-30,8911.406,2243.606839583333,1554.32,1140.93,0.0,1554.32,2463.28,6448.126,4204.519160416667,0.0,-7339.98,-0.35,Demand planned base volume was changed by System Administrator,2026-09-28,,,216,"Promotions,_Sep_30,_2026  FULL HISTORY For Aevah.xlsx",2026-09-30
2025-10-01T00:00:00Z,PLAID PANTRY,PLAID PANTRY October 2025 TPR,,Complete - Unsettled (Open),2025-10-01,2025-10-31,2025-09-17,2025-09-30,9192.712,2314.430933333333,1603.38,937.4,0.0,1603.38,1624.16,7568.552,5254.121066666667,0.0,-7572.8,-0.29,Demand planned incremental was changed by System Administrator,2026-09-28,,,217,"Promotions,_Sep_30,_2026  FULL HISTORY For Aevah.xlsx",2026-09-30
2027-01-01T00:00:00Z,PLAID PANTRY,PLAID PANTRY January 2027 TPR,,Planned,2027-01-01,2027-01-31,2026-12-18,2026-12-31,474.032,119.84917083333332,234.26,234.26,0.0,234.26,245.84,228.192,108.34282916666668,0.0,-229.34,-0.65,Demand planned base volume was changed by System Administrator,2026-09-28,,,223,"Promotions,_Sep_30,_2026  FULL HISTORY For Aevah.xlsx",2026-09-30
2025-01-01T00:00:00Z,SMART & FINAL,SMART & FINAL January 2025 TPR,,Complete - Unsettled (Open),2025-01-01,2025-01-31,2025-01-01,2025-01-31,27368.6056,6568.6642437499995,5569.2,0.0,0.0,5569.2,45.3,27323.3056,20754.64135625,0.0,0.0,0.0,Demand actual total was changed by System Administrator,2026-09-30,,,224,"Promotions,_Sep_30,_2026  FULL HISTORY For Aevah.xlsx",2026-09-30
2025-03-01T00:00:00Z,SMART & FINAL,SMART & FINAL March 2025 TPR,,Complete - Unsettled (Open),2025-03-01,2025-03-31,2025-02-15,2025-02-28,26804.7552,6433.33605,2805.14,0.0,3221.44,3221.44,44.37,26760.3852,20327.04915,0.0,0.0,0.0,Demand actual total was changed by System Administrator,2026-09-30,,2025-06-19,225,"Promotions,_Sep_30,_2026  FULL HISTORY For Aevah.xlsx",2026-09-30
2025-05-01T00:00:00Z,SMART & FINAL,SMART & FINAL May 2025 TPR,,Complete - Unsettled (Open),2025-05-01,2025-05-31,2025-04-17,2025-04-30,34962.7152,8391.3057375,7114.5,0.0,1812.37,7114.5,57.88,34904.8352,26513.529462500002,0.0,0.0,0.0,Demand actual total was changed by System Administrator,2026-09-30,,2026-06-28,226,"Promotions,_Sep_30,_2026  FULL HISTORY For Aevah.xlsx",2026-09-30
2025-07-01T00:00:00Z,SMART & FINAL,SMART & FINAL July 2025 TPR,,Complete - Unsettled (Open),2025-07-01,2025-07-31,2025-06-17,2025-06-30,33073.5704,7937.89725625,3461.18,0.0,0.0,3461.18,54.75,33018.8204,25080.923143750002,0.0,0.0,0.0,Demand actual total was changed by System Administrator,2026-09-30,,,227,"Promotions,_Sep_30,_2026  FULL HISTORY For Aevah.xlsx",2026-09-30
2025-09-01T00:00:00Z,SMART & FINAL,SMART & FINAL September 2025 TPR,,Complete - Unsettled (Open),2025-09-01,2025-09-30,2025-08-18,2025-08-31,33462.7032,8031.29195625,3501.92,0.0,1393.2,3501.92,55.39,33407.3132,25376.021243749998,0.0,0.0,0.0,Demand actual total was changed by System Administrator,2026-09-30,,2025-10-15,228,"Promotions,_Sep_30,_2026  FULL HISTORY For Aevah.xlsx",2026-09-30
2027-01-01T00:00:00Z,SMART & FINAL,SMART & FINAL January 2027 TPR,,Planned,2027-01-01,2027-01-31,2026-12-18,2026-12-31,2936.9,704.87734375,597.62,597.62,0.0,597.62,58.71,2878.19,2173.31265625,0.0,0.0,0.0,Demand actual total was changed by System Administrator,2026-09-30,,,234,"Promotions,_Sep_30,_2026  FULL HISTORY For Aevah.xlsx",2026-09-30
2025-01-01T00:00:00Z,TRAVEL CENTERS OF AMERICA,TRAVEL CENTERS OF AMERICA January 2025 TPR,,Complete - Unsettled (Open),2025-01-01,2025-01-31,2024-12-18,2024-12-31,1391.0041333333334,0.0,2911.4,0.0,0.0,2911.4,2911.4,-1520.3958666666665,-1520.3958666666665,0.0,2911.4,-0.94,Demand actual total was changed by System Administrator,2026-09-30,,,235,"Promotions,_Sep_30,_2026  FULL HISTORY For Aevah.xlsx",2026-09-30
2025-02-01T00:00:00Z,TRAVEL CENTERS OF AMERICA,TRAVEL CENTERS OF AMERICA February 2025 TPR,,Complete - Unsettled (Open),2025-02-01,2025-02-28,2025-01-18,2025-01-31,17976.064,4566.956666666666,3135.36,0.0,0.0,3135.36,3175.99,14800.074,10233.117333333334,0.0,-14806.56,-0.44,Demand actual total was changed by System Administrator,2026-09-30,,,236,"Promotions,_Sep_30,_2026  FULL HISTORY For Aevah.xlsx",2026-09-30
2025-05-01T00:00:00Z,TRAVEL CENTERS OF AMERICA,TRAVEL CENTERS OF AMERICA May 2025 TPR,,Complete - Unsettled (Open),2025-05-01,2025-05-31,2025-04-17,2025-04-30,23882.544,6067.543124999999,4165.56,0.0,0.0,4165.56,4219.57,19662.974,13595.430875,0.0,-19681.16,-0.44,Demand actual total was changed by System Administrator,2026-09-30,,,237,"Promotions,_Sep_30,_2026  FULL HISTORY For Aevah.xlsx",2026-09-30
2025-06-01T00:00:00Z,TRAVEL CENTERS OF AMERICA,TRAVEL CENTERS OF AMERICA June 2025 TPR,,Complete - Unsettled (Open),2025-06-01,2025-06-30,2025-05-18,2025-05-31,23047.8624,5855.485874999999,4019.96,0.0,0.0,4019.96,4072.06,18975.8024,13120.316525000002,0.0,-18986.04,-0.44,Demand actual total was changed by System Administrator,2026-09-30,,,238,"Promotions,_Sep_30,_2026  FULL HISTORY For Aevah.xlsx",2026-09-30
2025-08-01T00:00:00Z,TRAVEL CENTERS OF AMERICA,TRAVEL CENTERS OF AMERICA August 2025 TPR,,Complete - Unsettled (Open),2025-08-01,2025-08-31,2025-07-18,2025-07-31,25375.0224,6446.7186875,4425.88,0.0,0.0,4425.88,4483.25,20891.7724,14445.053712500001,0.0,-20904.44,-0.44,Demand actual total was changed by System Administrator,2026-09-30,,,239,"Promotions,_Sep_30,_2026  FULL HISTORY For Aevah.xlsx",2026-09-30
2025-09-01T00:00:00Z,TRAVEL CENTERS OF AMERICA,TRAVEL CENTERS OF AMERICA September 2025 TPR,,Complete - Unsettled (Open),2025-09-01,2025-09-30,2025-08-18,2025-08-31,24845.4688,6312.181541666666,4333.52,0.0,0.0,4333.52,6868.61,17976.8588,11664.677258333335,0.0,-20472.6,-0.48,Demand actual total was changed by System Administrator,2026-09-30,,,240,"Promotions,_Sep_30,_2026  FULL HISTORY For Aevah.xlsx",2026-09-30
2025-11-01T00:00:00Z,TRAVEL CENTERS OF AMERICA,TRAVEL CENTERS OF AMERICA November 2025 TPR,,Complete - Unsettled (Open),2025-11-01,2025-11-30,2025-10-18,2025-10-31,25038.1088,6361.1232083333325,4367.12,0.0,0.0,4367.12,4423.72,20614.3888,14253.265591666666,0.0,-20626.92,-0.44,Demand actual total was changed by System Administrator,2026-09-30,,,241,"Promotions,_Sep_30,_2026  FULL HISTORY For Aevah.xlsx",2026-09-30
2025-12-01T00:00:00Z,TRAVEL CENTERS OF AMERICA,TRAVEL CENTERS OF AMERICA December 2025 TPR,,Complete - Unsettled (Open),2025-12-01,2025-12-31,2025-11-17,2025-11-30,25872.7216,6573.162979166666,4512.68,0.0,0.0,4512.68,4571.19,21301.5316,14728.368620833333,0.0,-21322.08,-0.44,Demand actual total was changed by System Administrator,2026-09-30,,,242,"Promotions,_Sep_30,_2026  FULL HISTORY For Aevah.xlsx",2026-09-30
2027-01-01T00:00:00Z,TRAVEL CENTERS OF AMERICA,TRAVEL CENTERS OF AMERICA January 2027 TPR,,Planned,2027-01-01,2027-01-31,2026-12-18,2026-12-31,1748.552,444.23302083333334,304.96,304.96,0.0,304.96,346.4,1402.152,957.9189791666666,0.0,-1403.8,-0.45,Demand actual total was changed by System Administrator,2026-09-30,,,251,"Promotions,_Sep_30,_2026  FULL HISTORY For Aevah.xlsx",2026-09-30
2025-02-01T00:00:00Z,SPARTAN NASH,SPARTAN NASH February 2025 TPR,,Complete - Unsettled (Open),2025-02-01,2025-02-28,2025-01-18,2025-01-31,15962.8212,4489.409874305555,2320.17,0.0,53.09,2320.17,2320.19,13642.6312,9153.221325694445,0.0,-13645.26,-0.18,Demand actual total was changed by System Administrator,2026-09-30,,2025-02-24,252,"Promotions,_Sep_30,_2026  FULL HISTORY For Aevah.xlsx",2026-09-30
2025-05-01T00:00:00Z,SPARTAN NASH,SPARTAN NASH May 2025 TPR,,Complete - Unsettled (Open),2025-05-01,2025-05-30,2025-04-17,2025-04-30,21268.3504,5981.545822222221,3091.32,62640.0,0.0,3091.32,3091.32,18177.0304,12195.48457777778,0.0,-18179.44,-0.18,Demand actual total was changed by System Administrator,2026-09-30,,,253,"Promotions,_Sep_30,_2026  FULL HISTORY For Aevah.xlsx",2026-09-30
2025-07-01T00:00:00Z,SPARTAN NASH,SPARTAN NASH July 2025 TPR,,Complete - Unsettled (Open),2025-07-01,2025-07-30,2025-06-17,2025-06-30,22083.4756,6210.785807638888,3209.81,40176.0,0.0,3209.81,3209.81,18873.6656,12662.879792361111,0.0,-18873.35,-0.18,Demand actual total was changed by System Administrator,2026-09-30,,,254,"Promotions,_Sep_30,_2026  FULL HISTORY For Aevah.xlsx",2026-09-30
2025-08-01T00:00:00Z,SPARTAN NASH,SPARTAN NASH August 2025 TPR,,Complete - Unsettled (Open),2025-08-01,2025-08-30,2025-07-18,2025-07-31,20818.2608,5854.9582270833325,3025.92,75168.0,0.0,3025.92,3025.91,17792.3508,11937.392572916666,0.0,-17791.6,-0.35,Demand actual total was changed by System Administrator,2026-09-30,,,255,"Promotions,_Sep_30,_2026  FULL HISTORY For Aevah.xlsx",2026-09-30
2025-09-01T00:00:00Z,SPARTAN NASH,SPARTAN NASH September 2025 TPR,,Complete - Unsettled (Open),2025-09-01,2025-09-30,2025-08-18,2025-08-31,21143.53,5946.439963888888,3073.18,59382.0,0.0,3073.18,3073.19,18070.34,12123.90003611111,0.0,-18068.77,-0.35,Demand actual total was changed by System Administrator,2026-09-30,,,256,"Promotions,_Sep_30,_2026  FULL HISTORY For Aevah.xlsx",2026-09-30
2025-11-01T00:00:00Z,SPARTAN NASH,SPARTAN NASH November 2025 TPR,,Complete - Unsettled (Open),2025-11-01,2025-11-30,2025-10-18,2025-10-31,23089.022,6493.588640277777,3355.96,14688.75,10152.0,10152.0,3355.96,19733.062,13239.473359722222,0.0,-19732.77,-0.18,Demand actual total was changed by System Administrator,2026-09-30,,2025-12-17,257,"Promotions,_Sep_30,_2026  FULL HISTORY For Aevah.xlsx",2026-09-30
2025-01-01T00:00:00Z,JACKSONS,JACKSONS January 2025 TPR,,Complete - Unsettled (Open),2025-01-01,2025-01-31,2024-12-18,2024-12-31,2131.653333333333,0.0,7435.99,4629.86,0.0,7435.99,7436.01,-5304.356666666667,-5304.356666666667,0.0,7436.01,-0.93,Demand planned base volume was changed by System Administrator,2026-09-28,,,264,"Promotions,_Sep_30,_2026  FULL HISTORY For Aevah.xlsx",2026-09-30
2025-02-01T00:00:00Z,JACKSONS,JACKSONS February 2025 TPR,,Complete - Unsettled (Open),2025-02-01,2025-02-28,2025-01-18,2025-01-31,27547.52,6892.6433333333325,8008.0,5692.15,0.0,8008.0,8008.0,19539.52,12646.876666666665,0.0,-19538.96,-0.4,Demand actual total was changed by System Administrator,2026-09-22,,,265,"Promotions,_Sep_30,_2026  FULL HISTORY For Aevah.xlsx",2026-09-30
2025-05-01T00:00:00Z,JACKSONS,JACKSONS May 2025 TPR,,Complete - Unsettled (Open),2025-05-01,2025-05-30,2025-04-17,2025-04-30,33880.2332,8477.145164583333,5909.34,4294.46,0.0,5909.34,5909.33,27970.9032,19493.758035416668,0.0,-27973.29,-0.28,Demand actual total was changed by System Administrator,2026-09-22,,,266,"Promotions,_Sep_30,_2026  FULL HISTORY For Aevah.xlsx",2026-09-30
2025-06-01T00:00:00Z,JACKSONS,JACKSONS June 2025 TPR,,Complete - Unsettled (Open),2025-06-01,2025-06-30,2025-05-18,2025-05-31,33913.928,8485.577895833332,5915.22,3802.78,0.0,5915.22,5915.22,27998.708,19513.130104166667,0.0,-27999.61,-0.28,Demand planned base volume was changed by System Administrator,2026-09-28,,,267,"Promotions,_Sep_30,_2026  FULL HISTORY For Aevah.xlsx",2026-09-30
2025-09-01T00:00:00Z,JACKSONS,JACKSONS September 2025 TPR,,Complete - Unsettled (Open),2025-09-01,2025-09-30,2025-08-18,2025-08-31,36768.7668,9199.885095833333,8550.88,3713.2,0.0,8550.88,8550.88,28217.8868,19018.00170416667,0.0,-28219.69,-0.46,Demand planned base volume was changed by System Administrator,2026-09-28,,,268,"Promotions,_Sep_30,_2026  FULL HISTORY For Aevah.xlsx",2026-09-30
2025-10-01T00:00:00Z,JACKSONS,JACKSONS October 2025 TPR,,Complete - Unsettled (Open),2025-10-01,2025-10-30,2025-09-17,2025-09-30,35901.5772,8982.904079166667,8349.2,3417.94,0.0,8349.2,8349.2,27552.3772,18569.473120833336,0.0,-27549.54,-0.46,Demand planned base volume was changed by System Administrator,2026-09-28,,,269,"Promotions,_Sep_30,_2026  FULL HISTORY For Aevah.xlsx",2026-09-30
2027-01-01T00:00:00Z,JACKSONS,JACKSONS January 2027 TPR,,Planned,2027-01-01,2027-01-31,2026-12-18,2026-12-31,1565.9052,399.9481708333333,455.22,455.22,0.0,455.22,455.22,1110.6852,710.7370291666666,0.0,-1112.58,-0.41,Demand planned incremental was changed by System Administrator,2026-09-28,,,276,"Promotions,_Sep_30,_2026  FULL HISTORY For Aevah.xlsx",2026-09-30
2025-02-01T00:00:00Z,SAVE MART,SAVE MART February 2025 TPR,,Complete - Unsettled (Open),2025-02-01,2025-02-28,2025-01-18,2025-01-31,17276.5744,4305.007542881,6528.95,21830.74,13208.0,13208.0,6738.31,10538.2644,6233.2568571189995,0.0,-12145.11,-0.54,Demand actual total was changed by System Administrator,2026-09-22,,2025-03-17,277,"Promotions,_Sep_30,_2026  FULL HISTORY For Aevah.xlsx",2026-09-30
2025-05-01T00:00:00Z,SAVE MART,SAVE MART May 2025 TPR,,Complete - Unsettled (Open),2025-05-01,2025-05-30,2025-04-17,2025-04-30,20641.9264,5143.592506759777,3600.33,7519.71,2523.6,3600.33,3776.66,16865.2664,11721.673893240222,0.0,-18708.94,-0.29,Demand actual total was changed by System Administrator,2026-09-22,,2025-05-25,278,"Promotions,_Sep_30,_2026  FULL HISTORY For Aevah.xlsx",2026-09-30
2025-08-01T00:00:00Z,SAVE MART,SAVE MART August 2025 TPR,,Complete - Unsettled (Open),2025-08-01,2025-08-30,2025-07-18,2025-07-31,27097.74,6807.641629319999,4726.35,4154.14,2927.77,4726.35,4982.0,22115.74,15308.098370680002,0.0,-24558.93,-0.29,Demand actual total was changed by System Administrator,2026-09-22,,2025-08-24,279,"Promotions,_Sep_30,_2026  FULL HISTORY For Aevah.xlsx",2026-09-30
2025-10-01T00:00:00Z,SAVE MART,SAVE MART October 2025 TPR,,Complete - Unsettled (Open),2025-10-01,2025-10-30,2025-09-17,2025-09-30,30441.6952,7648.068372467777,5309.59,5873.44,9176.4,9176.4,5460.77,24980.9252,17332.85682753222,0.0,-28010.09,-0.29,Demand planned base volume was changed by System Administrator,2026-09-28,,2025-11-02,280,"Promotions,_Sep_30,_2026  FULL HISTORY For Aevah.xlsx",2026-09-30
2025-01-01T00:00:00Z,SMITHS,SMITHS January 2025 TPR,,Complete - Unsettled (Open),2025-01-01,2025-01-31,2024-12-18,2024-12-31,685.6479,0.0,1435.07,2221.55,3733.53,3733.53,1435.07,-749.4221,-749.4221,0.0,1435.07,-0.86,Demand planned base volume was changed by System Administrator,2026-09-28,,2025-07-22,285,"Promotions,_Sep_30,_2026  FULL HISTORY For Aevah.xlsx",2026-09-30
2025-02-01T00:00:00Z,SMITHS,SMITHS February 2025 TPR,,Complete - Unsettled (Open),2025-02-01,2025-02-28,2025-01-18,2025-01-31,8227.7748,2677.638686111111,1435.08,2366.62,1116.83,1435.08,1507.54,6720.2348,4042.5961138888883,0.0,-7325.03,-0.12,Demand actual total was changed by System Administrator,2026-09-22,,2025-06-03,286,"Promotions,_Sep_30,_2026  FULL HISTORY For Aevah.xlsx",2026-09-30
2025-03-01T00:00:00Z,SMITHS,SMITHS March 2025 TPR,,Complete - Unsettled (Open),2025-03-01,2025-03-14,2025-02-15,2025-02-28,5063.25,1647.779036111111,1766.24,1948.45,128.66,1766.24,1774.62,3288.63,1640.8509638888886,0.0,-3694.93,-0.28,Demand actual total was changed by System Administrator,2026-09-22,,2025-06-03,287,"Promotions,_Sep_30,_2026  FULL HISTORY For Aevah.xlsx",2026-09-30
2025-07-01T00:00:00Z,SMITHS,SMITHS July 2025 TPR,,Complete - Unsettled (Open),2025-07-01,2025-07-31,2025-06-17,2025-06-30,177013.506,48177.57148107411,28813.77,1642.11,3609.78,28813.77,733.77,176279.736,128102.16451892591,0.0,-3767.58,42.19,Demand planned base volume was changed by System Administrator,2026-09-28,,2025-09-23,288,"Promotions,_Sep_30,_2026  FULL HISTORY For Aevah.xlsx",2026-09-30
2025-09-01T00:00:00Z,SMITHS,SMITHS September 2025 TPR,,Complete - Unsettled (Open),2025-09-01,2025-09-14,2025-08-18,2025-08-31,57269.5944,15502.195423163223,14780.15,322.8,3.0,14780.15,537.74,56731.8544,41229.65897683678,0.0,-1081.42,24.47,Demand actual total was changed by System Administrator,2026-09-22,,2025-11-17,289,"Promotions,_Sep_30,_2026  FULL HISTORY For Aevah.xlsx",2026-09-30
2027-01-01T00:00:00Z,SMITHS,SMITHS January 2027 TPR,,Planned,2027-01-01,2027-01-31,2026-12-18,2026-12-31,8301.6992,2285.9879606666664,690.76,690.76,0.0,690.76,0.0,8301.6992,6015.711239333333,0.0,0.0,0.0,Demand planned incremental was changed by System Administrator,2026-09-28,,,295,"Promotions,_Sep_30,_2026  FULL HISTORY For Aevah.xlsx",2026-09-30
2025-01-01T00:00:00Z,FRED MEYER,FRED MEYER January 2025 TPR,,Complete - Unsettled (Open),2025-01-01,2025-01-31,2024-12-18,2024-12-31,37999.04693333333,0.0,4037.66,6040.85,3905.32,4037.66,4037.66,33961.386933333335,33961.386933333335,0.0,4037.66,2.11,Supply planned estimated shipment was changed by System Administrator,2026-09-28,,2025-07-22,296,"Promotions,_Sep_30,_2026  FULL HISTORY For Aevah.xlsx",2026-09-30
2025-02-01T00:00:00Z,FRED MEYER,FRED MEYER February 2025 TPR,,Complete - Unsettled (Open),2025-02-01,2025-02-28,2025-01-18,2025-01-31,61102.864,17131.018058730555,3882.36,6590.74,2604.04,3882.36,8190.01,52912.854,35781.83594126945,0.0,-54623.85,1.35,Demand actual total was changed by System Administrator,2026-09-22,,2026-03-26,297,"Promotions,_Sep_30,_2026  FULL HISTORY For Aevah.xlsx",2026-09-30
2025-04-01T00:00:00Z,FRED MEYER,FRED MEYER April 2025 TPR,,Complete - Unsettled (Open),2025-04-01,2025-04-30,2025-03-18,2025-03-31,73962.1092,20567.802654400442,10701.99,14029.2,5436.6,10701.99,11621.91,62340.1992,41772.39654559956,0.0,-68180.96,0.7,Demand planned incremental was changed by System Administrator,2026-09-28,,2025-08-01,298,"Promotions,_Sep_30,_2026  FULL HISTORY For Aevah.xlsx",2026-09-30
2025-07-01T00:00:00Z,FRED MEYER,FRED MEYER July 2025 TPR,,Complete - Unsettled (Open),2025-07-01,2025-07-31,2025-06-17,2025-06-30,100003.6676,27628.167894932776,14092.57,13541.94,2671.8,14092.57,15262.3,84741.3676,57113.19970506722,0.0,-92644.72,0.48,Demand planned incremental was changed by System Administrator,2026-09-28,,2025-09-23,299,"Promotions,_Sep_30,_2026  FULL HISTORY For Aevah.xlsx",2026-09-30
2025-09-01T00:00:00Z,FRED MEYER,FRED MEYER September 2025 TPR,,Complete - Unsettled (Open),2025-09-01,2025-09-30,2025-08-18,2025-08-31,90778.612,25342.844039375224,12433.7,5413.5,7764.9,12433.7,17351.42,73427.192,48084.34796062478,0.0,-74893.79,0.18,Supply planned estimated shipment was changed by System Administrator,2026-09-28,,2025-11-17,300,"Promotions,_Sep_30,_2026  FULL HISTORY For Aevah.xlsx",2026-09-30
2027-01-01T00:00:00Z,FRED MEYER,FRED MEYER January 2027 TPR,,Planned,2027-01-01,2027-01-31,2026-12-18,2026-12-31,11681.8576,3238.209142133333,928.8,928.8,0.0,928.8,1145.74,10536.1176,7297.908457866666,0.0,-11453.16,1.63,Demand planned base volume was changed by System Administrator,2026-09-28,,,306,"Promotions,_Sep_30,_2026  FULL HISTORY For Aevah.xlsx",2026-09-30
2025-01-01T00:00:00Z,KROGER,KROGER January 2025 TPR,,Complete - Unsettled (Open),2025-01-01,2025-01-30,2024-12-18,2024-12-31,0.0,0.0,0.0,0.0,0.0,0.0,0.0,0.0,0.0,0.0,0.0,0.0,Demand actual total was changed by System Administrator,2026-09-30,,,307,"Promotions,_Sep_30,_2026  FULL HISTORY For Aevah.xlsx",2026-09-30
2025-03-01T00:00:00Z,KROGER,KROGER March 2025 TPR,,Complete - Unsettled (Open),2025-03-01,2025-03-30,2025-02-15,2025-02-28,0.0,0.0,0.0,0.0,0.0,0.0,0.0,0.0,0.0,0.0,0.0,0.0,Demand actual total was changed by System Administrator,2026-09-30,,,308,"Promotions,_Sep_30,_2026  FULL HISTORY For Aevah.xlsx",2026-09-30
2025-05-01T00:00:00Z,KROGER,KROGER May 2025 TPR,,Complete - Unsettled (Open),2025-05-01,2025-05-30,2025-04-17,2025-04-30,1270199.2016,337339.9550875,199501.62,0.0,0.0,199501.62,0.0,1270199.2016,932859.2465125,0.0,0.0,0.0,Demand actual total was changed by System Administrator,2026-09-30,,,309,"Promotions,_Sep_30,_2026  FULL HISTORY For Aevah.xlsx",2026-09-30
2025-07-01T00:00:00Z,KROGER,KROGER July 2025 TPR,,Complete - Unsettled (Open),2025-07-01,2025-07-30,2025-06-17,2025-06-30,1023241.496,269239.5742916667,172570.48,0.0,0.0,172570.48,0.0,1023241.496,754001.9217083334,0.0,0.0,0.0,Demand actual total was changed by System Administrator,2026-09-30,,,310,"Promotions,_Sep_30,_2026  FULL HISTORY For Aevah.xlsx",2026-09-30
2025-09-01T00:00:00Z,KROGER,KROGER September 2025 TPR,,Complete - Unsettled (Open),2025-09-01,2025-09-30,2025-08-18,2025-08-31,1337068.2368,354969.7551375,63907.62,119232.0,0.0,63907.62,63907.62,1273160.6168,918190.8616625,532562.4,-740597.86,4.26,Demand actual total was changed by System Administrator,2026-09-30,,,311,"Promotions,_Sep_30,_2026  FULL HISTORY For Aevah.xlsx",2026-09-30
2027-01-01T00:00:00Z,KROGER,KROGER January 2027 TPR,,Planned,2027-01-01,2027-01-30,2026-12-18,2026-12-31,25908.9976,6827.708018055555,4115.26,4115.26,0.0,4115.26,0.0,25908.9976,19081.289581944446,0.0,0.0,0.0,Demand actual total was changed by System Administrator,2026-09-30,,,317,"Promotions,_Sep_30,_2026  FULL HISTORY For Aevah.xlsx",2026-09-30
2025-02-01T00:00:00Z,GIANT EAGLE,GIANT EAGLE February 2025 TPR,,Complete - Unsettled (Open),2025-02-01,2025-02-28,2025-01-18,2025-01-31,28110.992,7117.331540453332,8498.67,19971.13,9663.16,9663.16,8839.34,19271.652,12154.320459546667,0.0,-21054.46,-0.44,Demand actual total was changed by System Administrator,2026-09-22,,2025-03-03,318,"Promotions,_Sep_30,_2026  FULL HISTORY For Aevah.xlsx",2026-09-30
2025-05-01T00:00:00Z,GIANT EAGLE,GIANT EAGLE May 2025 TPR,,Complete - Unsettled (Open),2025-05-01,2025-05-28,2025-04-17,2025-04-30,27246.0384,6898.336723824,3960.18,7837.04,0.0,3960.18,4192.91,23053.1284,16154.791676175999,0.0,-24681.62,-0.15,Demand actual total was changed by System Administrator,2026-09-22,,,319,"Promotions,_Sep_30,_2026  FULL HISTORY For Aevah.xlsx",2026-09-30
2025-08-01T00:00:00Z,GIANT EAGLE,GIANT EAGLE August 2025 TPR,,Complete - Unsettled (Open),2025-08-01,2025-08-28,2025-07-18,2025-07-31,47729.3636,12084.442036425555,14429.81,11894.34,0.0,14429.81,14880.17,32849.1936,20764.751563574446,0.0,-35745.41,-0.3,Demand actual total was changed by System Administrator,2026-09-22,,,320,"Promotions,_Sep_30,_2026  FULL HISTORY For Aevah.xlsx",2026-09-30
2025-10-01T00:00:00Z,GIANT EAGLE,GIANT EAGLE October 2025 TPR,,Complete - Unsettled (Open),2025-10-01,2025-10-28,2025-09-17,2025-09-30,34193.4624,8657.33273886911,4969.98,5127.32,0.0,4969.98,5139.78,29053.6824,20396.34966113089,0.0,-31433.8,-0.15,Demand planned base volume was changed by System Administrator,2026-09-28,,,321,"Promotions,_Sep_30,_2026  FULL HISTORY For Aevah.xlsx",2026-09-30
2025-01-01T00:00:00Z,HARRIS TEETER,HARRIS TEETER January 2025 TPR,,Complete - Unsettled (Open),2025-01-01,2025-01-14,2024-12-18,2024-12-31,567.6,0.0,1782.0,0.0,0.0,1782.0,1812.46,-1244.86,-1244.86,0.0,1299.65,-0.91,Demand actual total was changed by System Administrator,2026-09-30,,,326,"Promotions,_Sep_30,_2026  FULL HISTORY For Aevah.xlsx",2026-09-30
2025-03-01T00:00:00Z,HARRIS TEETER,HARRIS TEETER March 2025 TPR,,Complete - Unsettled (Open),2025-03-01,2025-03-28,2025-02-15,2025-02-28,18163.2,4656.333333333333,3168.0,0.0,0.0,3168.0,3258.2,14905.0,10248.666666666666,0.0,-14904.18,-0.29,Demand actual total was changed by System Administrator,2026-09-30,,,327,"Promotions,_Sep_30,_2026  FULL HISTORY For Aevah.xlsx",2026-09-30
2025-05-01T00:00:00Z,HARRIS TEETER,HARRIS TEETER May 2025 TPR,,Complete - Unsettled (Open),2025-05-01,2025-05-28,2025-04-17,2025-04-30,34092.636,8740.018870833333,5946.39,86317.14,2608.65,5946.39,6237.62,27855.016,19114.997129166666,0.0,-27550.73,0.4,Demand actual total was changed by System Administrator,2026-09-30,,2025-05-20,328,"Promotions,_Sep_30,_2026  FULL HISTORY For Aevah.xlsx",2026-09-30
2025-08-01T00:00:00Z,HARRIS TEETER,HARRIS TEETER August 2025 TPR,,Complete - Unsettled (Open),2025-08-01,2025-08-28,2025-07-18,2025-07-31,23714.7064,6079.521821527777,4136.29,91752.33,0.0,4136.29,4360.05,19354.6564,13275.134578472223,0.0,-19164.47,-0.3,Demand actual total was changed by System Administrator,2026-09-30,,,329,"Promotions,_Sep_30,_2026  FULL HISTORY For Aevah.xlsx",2026-09-30
2025-10-01T00:00:00Z,HARRIS TEETER,HARRIS TEETER October 2025 TPR,,Complete - Unsettled (Open),2025-10-01,2025-10-28,2025-09-17,2025-09-30,31478.0468,8069.738925000001,8235.53,39564.47,6013.23,8235.53,8391.85,23086.1968,15016.457875,0.0,-23085.81,-0.19,Demand actual total was changed by System Administrator,2026-09-30,,2025-10-28,330,"Promotions,_Sep_30,_2026  FULL HISTORY For Aevah.xlsx",2026-09-30
2027-01-01T00:00:00Z,HARRIS TEETER,HARRIS TEETER January 2027 TPR,,Planned,2027-01-01,2027-01-14,2026-12-18,2026-12-31,3741.0172,970.4416743055555,978.75,978.75,0.0,978.75,0.0,3741.0172,2770.5755256944444,0.0,0.0,0.0,Demand actual total was changed by System Administrator,2026-09-30,,,336,"Promotions,_Sep_30,_2026  FULL HISTORY For Aevah.xlsx",2026-09-30
2025-05-01T00:00:00Z,SPROUTS,SPROUTS May 2025 TPR,,Complete - Unsettled (Open),2025-05-01,2025-05-30,2025-04-17,2025-04-30,0.0,0.0,0.0,0.0,0.0,0.0,0.0,0.0,0.0,0.0,0.0,0.0,Demand actual total was changed by System Administrator,2026-09-30,,,337,"Promotions,_Sep_30,_2026  FULL HISTORY For Aevah.xlsx",2026-09-30
2025-08-01T00:00:00Z,SPROUTS,SPROUTS August 2025 TPR,,Complete - Unsettled (Open),2025-08-01,2025-08-30,2025-07-18,2025-07-31,0.0,0.0,0.0,0.0,0.0,0.0,0.0,0.0,0.0,0.0,0.0,0.0,Demand actual total was changed by System Administrator,2026-09-30,,,338,"Promotions,_Sep_30,_2026  FULL HISTORY For Aevah.xlsx",2026-09-30
2025-10-01T00:00:00Z,SPROUTS,SPROUTS October 2025 TPR,,Complete - Unsettled (Open),2025-10-01,2025-10-30,2025-09-17,2025-09-30,76871.8568,19030.19177847222,13407.88,0.0,6630.34,13407.88,13789.62,63082.2368,44052.04502152778,0.0,-63080.34,0.42,Demand actual total was changed by System Administrator,2026-09-30,,2025-11-07,339,"Promotions,_Sep_30,_2026  FULL HISTORY For Aevah.xlsx",2026-09-30
2025-07-01T00:00:00Z,TARGET CORPORATION,TARGET July 2025 TPR,,Complete - Unsettled (Open),2025-07-01,2025-07-14,2025-06-17,2025-06-30,1517907.3,551514.6,223587.0,230688.0,92.09,223587.0,289835.02,1228072.28,676557.68,0.0,-1228072.66,-0.07,Demand actual total was changed by System Administrator,2026-09-30,,2025-07-16,343,"Promotions,_Sep_30,_2026  FULL HISTORY For Aevah.xlsx",2026-09-30
2025-09-01T00:00:00Z,TARGET CORPORATION,TARGET September 2025 TPR,,Complete - Unsettled (Open),2025-09-01,2025-09-30,2025-08-18,2025-08-31,3302018.746,1199751.492,0.0,0.0,0.0,0.0,108085.72,3193933.026,1994181.534,0.0,-3193933.27,36.9,Demand actual total was changed by System Administrator,2026-09-30,,,344,"Promotions,_Sep_30,_2026  FULL HISTORY For Aevah.xlsx",2026-09-30
2025-12-01T00:00:00Z,TARGET CORPORATION,TARGET December 2025 TPR,,Complete - Unsettled (Open),2025-12-01,2025-12-15,2025-11-17,2025-11-30,1137752.3872,413389.5744,167590.36,117595.8,0.0,167590.36,204832.64,932919.7472,519530.1728,0.0,-932919.26,-0.05,Demand actual total was changed by System Administrator,2026-09-30,,,345,"Promotions,_Sep_30,_2026  FULL HISTORY For Aevah.xlsx",2026-09-30
2025-04-01T00:00:00Z,RALPHS,RALPHS April 2025 TPR,,Complete - Unsettled (Open),2025-04-01,2025-04-30,2025-03-18,2025-03-31,26136.432,6933.303683376,4558.67,0.0,0.0,4558.67,4688.47,21447.962,14514.658316624002,0.0,-23530.24,0.56,Demand actual total was changed by System Administrator,2026-09-22,,,349,"Promotions,_Sep_30,_2026  FULL HISTORY For Aevah.xlsx",2026-09-30
2025-07-01T00:00:00Z,RALPHS,RALPHS July 2025 TPR,,Complete - Unsettled (Open),2025-07-01,2025-07-30,2025-06-17,2025-06-30,37497.7716,9947.166964829223,6540.3,2490.25,0.0,6540.3,6726.52,30771.2516,20824.084635170777,0.0,-33757.82,0.39,Demand actual total was changed by System Administrator,2026-09-22,,,350,"Promotions,_Sep_30,_2026  FULL HISTORY For Aevah.xlsx",2026-09-30
2025-09-01T00:00:00Z,RALPHS,RALPHS September 2025 TPR,,Complete - Unsettled (Open),2025-09-01,2025-09-30,2025-08-18,2025-08-31,30216.186,8015.554444898,5270.27,625.2,365.59,5270.27,5582.44,24633.746,16618.191555102,0.0,-26796.4,-0.04,Demand actual total was changed by System Administrator,2026-09-22,,2025-10-12,351,"Promotions,_Sep_30,_2026  FULL HISTORY For Aevah.xlsx",2026-09-30
2025-01-01T00:00:00Z,"ASSOCIATED FOOD STORES, INC.","ASSOCIATED FOOD STORES, INC. January 2025 TPR",,Complete - Unsettled (Open),2025-01-01,2025-01-30,2024-12-18,2024-12-31,33880.30413333333,0.0,12934.46,0.0,30669.1,30669.1,12934.44,20945.864133333333,20945.864133333333,0.0,12934.44,-0.14,Demand actual total was changed by System Administrator,2026-09-30,,2025-02-09,355,"Promotions,_Sep_30,_2026  FULL HISTORY For Aevah.xlsx",2026-09-30
2025-04-01T00:00:00Z,"ASSOCIATED FOOD STORES, INC.","ASSOCIATED FOOD STORES, INC. April 2025 TPR",,Complete - Unsettled (Open),2025-04-01,2025-04-30,2025-03-18,2025-03-31,87617.3612,24264.43427931878,8690.86,205286.4,34577.14,34577.14,8690.87,78926.4912,54662.05692068123,0.0,-78927.23,1.0,Demand actual total was changed by System Administrator,2026-09-30,,2025-05-11,356,"Promotions,_Sep_30,_2026  FULL HISTORY For Aevah.xlsx",2026-09-30
2025-07-01T00:00:00Z,"ASSOCIATED FOOD STORES, INC.","ASSOCIATED FOOD STORES, INC. July 2025 TPR",,Complete - Unsettled (Open),2025-07-01,2025-07-30,2025-06-17,2025-06-30,111271.1376,30895.50896315578,13697.71,53222.4,12818.31,13697.71,13697.71,97573.4276,66677.91863684422,0.0,-97573.42,0.69,Demand actual total was changed by System Administrator,2026-09-30,,2025-08-03,357,"Promotions,_Sep_30,_2026  FULL HISTORY For Aevah.xlsx",2026-09-30
2025-10-01T00:00:00Z,"ASSOCIATED FOOD STORES, INC.","ASSOCIATED FOOD STORES, INC. October 2025 TPR",,Complete - Unsettled (Open),2025-10-01,2025-10-30,2025-09-17,2025-09-30,114675.6684,31799.310746170224,12706.8,62726.4,25539.12,25539.12,12706.79,101968.8784,70169.56765382977,0.0,-101966.59,0.74,Demand actual total was changed by System Administrator,2026-09-30,,2025-11-02,358,"Promotions,_Sep_30,_2026  FULL HISTORY For Aevah.xlsx",2026-09-30
2027-01-01T00:00:00Z,"ASSOCIATED FOOD STORES, INC.","ASSOCIATED FOOD STORES, INC. January 2027 TPR",,Planned,2027-01-01,2027-01-30,2026-12-18,2026-12-31,5750.6748,1599.5784806712222,1025.23,1025.23,0.0,1025.23,1025.24,4725.4348,3125.8563193287778,0.0,-4725.59,0.23,Demand actual total was changed by System Administrator,2026-09-30,,,363,"Promotions,_Sep_30,_2026  FULL HISTORY For Aevah.xlsx",2026-09-30
2025-01-01T00:00:00Z,SCHNUCKS,SCHNUCKS January 2025 TPR,,Complete - Unsettled (Open),2025-01-01,2025-01-21,2024-12-18,2024-12-31,11156.998,0.0,1600.65,1967.55,0.0,1600.65,1600.65,9556.348,9556.348,0.0,1600.65,1.31,Demand planned base volume was changed by System Administrator,2026-09-28,,,364,"Promotions,_Sep_30,_2026  FULL HISTORY For Aevah.xlsx",2026-09-30
2025-04-01T00:00:00Z,SCHNUCKS,SCHNUCKS April 2025 TPR,,Complete - Unsettled (Open),2025-04-01,2025-04-21,2025-03-18,2025-03-31,21633.7128,6365.741784722221,450.19,451.64,0.0,450.19,450.19,21183.5228,14817.781015277778,0.0,-21182.49,8.24,Demand actual total was changed by System Administrator,2026-09-22,,,365,"Promotions,_Sep_30,_2026  FULL HISTORY For Aevah.xlsx",2026-09-30
2025-06-01T00:00:00Z,SCHNUCKS,SCHNUCKS June 2025 TPR,,Complete - Unsettled (Open),2025-06-01,2025-06-21,2025-05-18,2025-05-31,23837.5972,7000.555328472221,532.72,519.1,0.0,532.72,532.71,23304.8872,16304.331871527778,0.0,-23306.11,7.47,Demand planned incremental was changed by System Administrator,2026-09-28,,,366,"Promotions,_Sep_30,_2026  FULL HISTORY For Aevah.xlsx",2026-09-30
2025-08-01T00:00:00Z,SCHNUCKS,SCHNUCKS August 2025 TPR,,Complete - Unsettled (Open),2025-08-01,2025-08-21,2025-07-18,2025-07-31,27858.392,8201.946088888888,3293.09,4494.57,0.0,3293.09,3293.09,24565.302,16363.355911111112,0.0,-24563.22,0.45,Demand actual total was changed by System Administrator,2026-09-22,,,367,"Promotions,_Sep_30,_2026  FULL HISTORY For Aevah.xlsx",2026-09-30
2025-10-01T00:00:00Z,SCHNUCKS,SCHNUCKS October 2025 TPR,,Complete - Unsettled (Open),2025-10-01,2025-10-21,2025-09-17,2025-09-30,24238.4736,7104.464753472222,1439.24,1549.69,0.0,1439.24,1439.24,22799.2336,15694.768846527777,0.0,-22799.64,0.98,Demand actual total was changed by System Administrator,2026-09-22,,,368,"Promotions,_Sep_30,_2026  FULL HISTORY For Aevah.xlsx",2026-09-30
2027-01-01T00:00:00Z,SCHNUCKS,SCHNUCKS January 2027 TPR,,Planned,2027-01-01,2027-01-21,2026-12-18,2026-12-31,4260.4796,1252.5036104166666,260.34,260.34,0.0,260.34,260.34,4000.1396,2747.6359895833334,0.0,-4000.17,2.7,Demand planned incremental was changed by System Administrator,2026-09-28,,,374,"Promotions,_Sep_30,_2026  FULL HISTORY For Aevah.xlsx",2026-09-30
2025-01-01T00:00:00Z,KWIK TRIP,KWIK TRIP January 2025 TPR,,Complete - Unsettled (Open),2025-01-01,2025-01-31,2024-12-18,2024-12-31,47435.1576,11373.204536805557,15168.22,0.0,0.0,15168.22,15168.22,32266.9376,20893.733063194442,0.0,15168.22,-0.21,Demand actual total was changed by System Administrator,2026-09-30,,,375,"Promotions,_Sep_30,_2026  FULL HISTORY For Aevah.xlsx",2026-09-30
2025-04-01T00:00:00Z,KWIK TRIP,KWIK TRIP April 2025 TPR,,Complete - Unsettled (Open),2025-04-01,2025-04-30,2025-03-18,2025-03-31,3972.6940333333328,0.0,11086.59,0.0,0.0,11086.59,12992.15,-9019.455966666666,-9019.455966666666,0.0,-34681.3,-0.94,Demand actual total was changed by System Administrator,2026-09-30,,,376,"Promotions,_Sep_30,_2026  FULL HISTORY For Aevah.xlsx",2026-09-30
2025-06-01T00:00:00Z,KWIK TRIP,KWIK TRIP June 2025 TPR,,Complete - Unsettled (Open),2025-06-01,2025-06-30,2025-05-18,2025-05-31,62282.3524,14933.015078472223,36210.67,495936.0,10000.0,36210.67,38700.13,23582.2224,8649.207321527778,0.0,-23581.49,-0.71,Demand actual total was changed by System Administrator,2026-09-30,,2025-07-03,377,"Promotions,_Sep_30,_2026  FULL HISTORY For Aevah.xlsx",2026-09-30
2027-01-01T00:00:00Z,KWIK TRIP,KWIK TRIP January 2027 TPR,,Planned,2027-01-01,2027-01-31,2026-12-18,2026-12-31,17421.7596,3661.606202083333,3342.48,3342.48,0.0,3342.48,4038.74,13383.0196,9721.413397916667,12812.7888,-567.8112,-0.24,Demand actual total was changed by System Administrator,2026-09-30,,,383,"Promotions,_Sep_30,_2026  FULL HISTORY For Aevah.xlsx",2026-09-30
2025-07-01T00:00:00Z,CIRCLE K,CIRCLE K EAST July 2025 TPR,,Complete - Unsettled (Open),2025-07-01,2025-07-30,2025-06-17,2025-06-30,86616.8952,20788.68433125,29711.6,21217.5,0.0,29711.6,34210.75,52406.1452,31617.460868749997,125395.6032,68640.6832,-0.72,Demand actual total was changed by System Administrator,2026-09-22,,,392,"Promotions,_Sep_30,_2026  FULL HISTORY For Aevah.xlsx",2026-09-30
2025-08-01T00:00:00Z,CIRCLE K,CIRCLE K EAST August 2025 TPR,,Complete - Unsettled (Open),2025-08-01,2025-08-30,2025-07-18,2025-07-31,88066.4768,21136.59445,30208.84,19926.3,0.0,30208.84,30390.18,57676.2968,36539.70235,0.0,-57701.6,-0.71,Demand actual total was changed by System Administrator,2026-09-22,,,393,"Promotions,_Sep_30,_2026  FULL HISTORY For Aevah.xlsx",2026-09-30
2025-09-01T00:00:00Z,CIRCLE K,CIRCLE K EAST September 2025 TPR,,Complete - Unsettled (Open),2025-09-01,2025-09-30,2025-08-18,2025-08-31,74090.2384,17782.195662500002,25414.68,16895.0,0.0,25414.68,29263.11,44827.1284,27044.932737500003,0.0,-48546.2,-0.72,Demand actual total was changed by System Administrator,2026-09-22,,,394,"Promotions,_Sep_30,_2026  FULL HISTORY For Aevah.xlsx",2026-09-30
2025-10-01T00:00:00Z,CIRCLE K,CIRCLE K EAST October 2025 TPR,,Complete - Unsettled (Open),2025-10-01,2025-10-30,2025-09-17,2025-09-30,74090.2384,17782.195662500002,25414.68,15709.44,0.0,25414.68,25567.24,48522.9984,30740.802737500002,0.0,-48546.2,-0.71,Demand actual total was changed by System Administrator,2026-09-22,,,395,"Promotions,_Sep_30,_2026  FULL HISTORY For Aevah.xlsx",2026-09-30
2025-01-01T00:00:00Z,PILOT FLYING J,PILOT FLYING J January 2025 TPR,,Complete - Unsettled (Open),2025-01-01,2025-01-30,2024-12-18,2024-12-31,1766.0787999999998,0.0,5298.24,0.0,0.0,5298.24,5298.24,-3532.1611999999996,-3532.1611999999996,0.0,5298.24,-0.96,Demand actual total was changed by System Administrator,2026-09-30,,,400,"Promotions,_Sep_30,_2026  FULL HISTORY For Aevah.xlsx",2026-09-30
2025-02-01T00:00:00Z,PILOT FLYING J,PILOT FLYING J February 2025 TPR,,Complete - Unsettled (Open),2025-02-01,2025-02-28,2025-01-18,2025-01-31,23736.0,6062.416666666666,5934.0,0.0,0.0,5934.0,5978.08,17757.92,11695.503333333334,0.0,-17754.63,-0.61,Demand actual total was changed by System Administrator,2026-09-30,,,401,"Promotions,_Sep_30,_2026  FULL HISTORY For Aevah.xlsx",2026-09-30
2025-04-01T00:00:00Z,PILOT FLYING J,PILOT FLYING J April 2025 TPR,,Complete - Unsettled (Open),2025-04-01,2025-04-30,2025-03-18,2025-03-31,25927.7616,6622.21495,6481.95,0.0,0.0,6481.95,6530.1,19397.6616,12775.446650000002,0.0,-19394.58,-0.61,Demand actual total was changed by System Administrator,2026-09-30,,,402,"Promotions,_Sep_30,_2026  FULL HISTORY For Aevah.xlsx",2026-09-30
2025-05-01T00:00:00Z,PILOT FLYING J,PILOT FLYING J May 2025 TPR,,Complete - Unsettled (Open),2025-05-01,2025-05-30,2025-04-17,2025-04-30,30394.6188,7763.095870833332,7598.64,0.0,0.0,7598.64,7655.1,22739.5188,14976.422929166667,0.0,-22742.67,-0.61,Demand actual total was changed by System Administrator,2026-09-30,,,403,"Promotions,_Sep_30,_2026  FULL HISTORY For Aevah.xlsx",2026-09-30
2025-07-01T00:00:00Z,PILOT FLYING J,PILOT FLYING J July 2025 TPR,,Complete - Unsettled (Open),2025-07-01,2025-07-30,2025-06-17,2025-06-30,38604.6948,9925.196458333332,5611.15,0.0,0.0,5611.15,5682.85,32921.8448,22996.648341666667,0.0,-32923.02,-0.33,Demand actual total was changed by System Administrator,2026-09-30,,,404,"Promotions,_Sep_30,_2026  FULL HISTORY For Aevah.xlsx",2026-09-30
2025-08-01T00:00:00Z,PILOT FLYING J,PILOT FLYING J August 2025 TPR,,Complete - Unsettled (Open),2025-08-01,2025-08-30,2025-07-18,2025-07-31,39300.8992,10104.1894,5712.34,0.0,0.0,5712.34,5785.33,33515.5692,23411.3798,0.0,-33514.06,-0.33,Demand actual total was changed by System Administrator,2026-09-30,,,405,"Promotions,_Sep_30,_2026  FULL HISTORY For Aevah.xlsx",2026-09-30
2027-01-01T00:00:00Z,PILOT FLYING J,PILOT FLYING J January 2027 TPR,,Planned,2027-01-01,2027-01-30,2026-12-18,2026-12-31,2592.04,659.9256069444444,648.01,648.01,0.0,648.01,726.4,1865.64,1205.7143930555553,0.0,-1888.95,-0.62,Demand actual total was changed by System Administrator,2026-09-30,,,412,"Promotions,_Sep_30,_2026  FULL HISTORY For Aevah.xlsx",2026-09-30
2025-05-01T00:00:00Z,EXTRA MILE,EXTRA MILE May 2025 TPR,,Complete - Unsettled (Open),2025-05-01,2025-05-31,2025-04-17,2025-04-30,90100.0368,23134.585450000002,17558.58,3.89,0.0,17558.58,18101.55,71998.4868,48863.90135,0.0,-71999.32,-0.25,Demand actual total was changed by System Administrator,2026-09-22,,,413,"Promotions,_Sep_30,_2026  FULL HISTORY For Aevah.xlsx",2026-09-30
2025-06-01T00:00:00Z,EXTRA MILE,EXTRA MILE June 2025 TPR,,Complete - Unsettled (Open),2025-06-01,2025-06-30,2025-05-18,2025-05-31,88106.8912,22621.796550000003,17178.48,2.35,0.0,17178.48,17708.53,70398.3612,47776.56465,0.0,-70397.25,-0.25,Demand actual total was changed by System Administrator,2026-09-22,,,414,"Promotions,_Sep_30,_2026  FULL HISTORY For Aevah.xlsx",2026-09-30
2025-09-01T00:00:00Z,EXTRA MILE,EXTRA MILE September 2025 TPR,,Complete - Unsettled (Open),2025-09-01,2025-09-30,2025-08-18,2025-08-31,95720.282,24581.75063402778,18620.54,2219.65,0.0,18620.54,19201.07,76519.212,51937.46136597222,0.0,-76517.78,-0.24,Demand planned base volume was changed by System Administrator,2026-09-28,,,415,"Promotions,_Sep_30,_2026  FULL HISTORY For Aevah.xlsx",2026-09-30
2025-10-01T00:00:00Z,EXTRA MILE,EXTRA MILE October 2025 TPR,,Complete - Unsettled (Open),2025-10-01,2025-10-31,2025-09-17,2025-09-30,97027.8168,24883.090266666666,19156.14,2111.66,0.0,19156.14,19713.48,77314.3368,52431.24653333334,0.0,-77313.2,-0.38,Demand actual total was changed by System Administrator,2026-09-22,,,416,"Promotions,_Sep_30,_2026  FULL HISTORY For Aevah.xlsx",2026-09-30
2025-01-01T00:00:00Z,GETGO,GETGO January 2025 TPR,,Complete - Unsettled (Open),2025-01-01,2025-01-31,2024-12-18,2024-12-31,1187.1296666666667,0.0,4969.38,0.0,0.0,4969.38,4969.38,-3782.250333333333,-3782.250333333333,0.0,4969.38,-0.97,Demand actual total was changed by System Administrator,2026-09-30,,,421,"Promotions,_Sep_30,_2026  FULL HISTORY For Aevah.xlsx",2026-09-30
2025-02-01T00:00:00Z,GETGO,GETGO February 2025 TPR,,Complete - Unsettled (Open),2025-02-01,2025-02-28,2025-01-18,2025-01-31,15341.368,3890.468847222222,5351.64,0.0,0.0,5351.64,5380.14,9961.228,6070.759152777777,0.0,-9963.63,-0.72,Demand actual total was changed by System Administrator,2026-09-30,,,422,"Promotions,_Sep_30,_2026  FULL HISTORY For Aevah.xlsx",2026-09-30
2025-04-01T00:00:00Z,GETGO,GETGO April 2025 TPR,,Complete - Unsettled (Open),2025-04-01,2025-04-30,2025-03-18,2025-03-31,16742.05,4245.672388888889,5840.25,0.0,0.0,5840.25,5871.34,10870.71,6625.03761111111,0.0,-10869.35,-0.72,Demand actual total was changed by System Administrator,2026-09-30,,,423,"Promotions,_Sep_30,_2026  FULL HISTORY For Aevah.xlsx",2026-09-30
2025-05-01T00:00:00Z,GETGO,GETGO May 2025 TPR,,Complete - Unsettled (Open),2025-05-01,2025-05-31,2025-04-17,2025-04-30,20135.6444,5106.26534861111,7024.05,0.0,0.0,7024.05,7061.45,13074.1944,7967.929051388888,0.0,-13074.93,-0.72,Demand actual total was changed by System Administrator,2026-09-30,,,424,"Promotions,_Sep_30,_2026  FULL HISTORY For Aevah.xlsx",2026-09-30
2025-07-01T00:00:00Z,GETGO,GETGO July 2025 TPR,,Complete - Unsettled (Open),2025-07-01,2025-07-31,2025-06-17,2025-06-30,21203.9192,5377.172448611111,0.0,0.0,0.0,0.0,39.38,21164.5392,15787.366751388889,0.0,-21164.5,400.63,Demand actual total was changed by System Administrator,2026-09-30,,,425,"Promotions,_Sep_30,_2026  FULL HISTORY For Aevah.xlsx",2026-09-30
2025-08-01T00:00:00Z,GETGO,GETGO August 2025 TPR,,Complete - Unsettled (Open),2025-08-01,2025-08-31,2025-07-18,2025-07-31,21573.8052,5470.974202083333,0.0,0.0,0.0,0.0,40.07,21533.7352,16062.760997916666,0.0,-21535.34,400.6,Demand actual total was changed by System Administrator,2026-09-30,,,426,"Promotions,_Sep_30,_2026  FULL HISTORY For Aevah.xlsx",2026-09-30
2027-01-01T00:00:00Z,GETGO,GETGO January 2027 TPR,,Planned,2027-01-01,2027-01-31,2026-12-18,2026-12-31,681.6188,175.70434791666668,0.0,0.0,0.0,0.0,19.97,661.6488,485.94445208333326,0.0,-666.45,24.38,Demand actual total was changed by System Administrator,2026-09-30,,,433,"Promotions,_Sep_30,_2026  FULL HISTORY For Aevah.xlsx",2026-09-30
2025-03-01T00:00:00Z,TOWN PUMP,TOWN PUMP March 2025 TPR,,Complete - Unsettled (Open),2025-03-01,2025-03-27,2025-02-15,2025-02-28,5970.8768,1433.0538249999997,694.28,0.0,0.0,694.28,705.37,5265.5068,3832.4529749999992,0.0,-5263.72,0.09,Demand actual total was changed by System Administrator,2026-09-30,,,434,"Promotions,_Sep_30,_2026  FULL HISTORY For Aevah.xlsx",2026-09-30
2025-04-01T00:00:00Z,TOWN PUMP,TOWN PUMP April 2025 TPR,,Complete - Unsettled (Open),2025-04-01,2025-04-28,2025-03-18,2025-03-31,6203.0768,1488.7835124999997,721.28,0.0,0.0,721.28,732.8,5470.2768,3981.4932874999995,0.0,-5469.1,0.09,Demand actual total was changed by System Administrator,2026-09-30,,,435,"Promotions,_Sep_30,_2026  FULL HISTORY For Aevah.xlsx",2026-09-30
2025-07-01T00:00:00Z,TOWN PUMP,TOWN PUMP July 2025 TPR,,Complete - Unsettled (Open),2025-07-01,2025-07-27,2025-06-17,2025-06-30,7607.9728,1825.9687625,884.64,0.0,0.0,884.64,898.77,6709.2028,4883.234037499999,0.0,-6709.96,0.09,Demand actual total was changed by System Administrator,2026-09-30,,,436,"Promotions,_Sep_30,_2026  FULL HISTORY For Aevah.xlsx",2026-09-30
2025-08-01T00:00:00Z,TOWN PUMP,TOWN PUMP August 2025 TPR,,Complete - Unsettled (Open),2025-08-01,2025-08-27,2025-07-18,2025-07-31,7757.3376,1861.8174,902.02,0.0,0.0,902.02,916.43,6840.9076,4979.0902,0.0,-6840.92,0.09,Demand actual total was changed by System Administrator,2026-09-30,,,437,"Promotions,_Sep_30,_2026  FULL HISTORY For Aevah.xlsx",2026-09-30
2025-03-01T00:00:00Z,HY-VEE FAST & FRESH,HY-VEE FAST & FRESH March 2025 TPR,,Complete - Unsettled (Open),2025-03-01,2025-03-30,2025-02-15,2025-02-28,9155.2848,2338.3531833333327,1330.71,0.0,0.0,1330.71,1361.01,7794.2748,5455.921616666666,0.0,-7793.25,-0.33,Demand actual total was changed by System Administrator,2026-09-30,,,442,"Promotions,_Sep_30,_2026  FULL HISTORY For Aevah.xlsx",2026-09-30
2025-04-01T00:00:00Z,HY-VEE FAST & FRESH,HY-VEE FAST & FRESH April 2025 TPR,,Complete - Unsettled (Open),2025-04-01,2025-04-30,2025-03-18,2025-03-31,9201.1056,2350.056283333333,1337.37,0.0,0.0,1337.37,1367.83,7833.2756,5483.219316666667,0.0,-7831.0,-0.33,Demand actual total was changed by System Administrator,2026-09-30,,,443,"Promotions,_Sep_30,_2026  FULL HISTORY For Aevah.xlsx",2026-09-30
2025-06-01T00:00:00Z,HY-VEE FAST & FRESH,HY-VEE FAST & FRESH June 2025 TPR,,Complete - Unsettled (Open),2025-06-01,2025-06-30,2025-05-18,2025-05-31,10954.422,2797.8711875,2547.54,0.0,0.0,2547.54,2583.8,8370.622,5572.7508124999995,0.0,-8368.61,-0.58,Demand actual total was changed by System Administrator,2026-09-30,,,444,"Promotions,_Sep_30,_2026  FULL HISTORY For Aevah.xlsx",2026-09-30
2025-07-01T00:00:00Z,HY-VEE FAST & FRESH,HY-VEE FAST & FRESH July 2025 TPR,,Complete - Unsettled (Open),2025-07-01,2025-07-30,2025-06-17,2025-06-30,11422.692,2917.472125,2656.44,0.0,0.0,2656.44,2694.26,8728.432,5810.959875,0.0,-8726.27,-0.58,Demand actual total was changed by System Administrator,2026-09-30,,,445,"Promotions,_Sep_30,_2026  FULL HISTORY For Aevah.xlsx",2026-09-30
2025-08-01T00:00:00Z,HY-VEE FAST & FRESH,HY-VEE FAST & FRESH August 2025 TPR,,Complete - Unsettled (Open),2025-08-01,2025-08-30,2025-07-18,2025-07-31,11628.7824,2970.1097166666664,3380.46,0.0,0.0,3380.46,3418.96,8209.8224,5239.712683333332,0.0,-8209.63,-0.67,Demand actual total was changed by System Administrator,2026-09-30,,,446,"Promotions,_Sep_30,_2026  FULL HISTORY For Aevah.xlsx",2026-09-30
2025-01-01T00:00:00Z,HY-VEE,HY-VEE January 2025 TPR,,Complete - Unsettled (Open),2025-01-01,2025-01-10,2024-12-18,2024-12-31,6705.3340333333335,0.0,4836.39,0.0,0.0,4836.39,4836.39,1868.9440333333332,1868.9440333333332,0.0,4836.39,-0.8,Demand actual total was changed by System Administrator,2026-09-30,,,452,"Promotions,_Sep_30,_2026  FULL HISTORY For Aevah.xlsx",2026-09-30
2025-03-01T00:00:00Z,HY-VEE,HY-VEE March 2025 TPR,,Complete - Unsettled (Open),2025-03-01,2025-03-10,2025-02-15,2025-02-28,46128.3276,12882.936347231556,5307.26,650.0,1300.0,5307.26,5979.05,40149.2776,27266.341252768445,0.0,-40147.46,0.58,Demand actual total was changed by System Administrator,2026-09-30,,2025-03-25,453,"Promotions,_Sep_30,_2026  FULL HISTORY For Aevah.xlsx",2026-09-30
2025-05-01T00:00:00Z,HY-VEE,HY-VEE May 2025 TPR,,Complete - Unsettled (Open),2025-05-01,2025-05-02,2025-04-17,2025-04-30,17081.4496,4698.169521116666,5107.65,0.0,0.0,5107.65,5272.87,11808.5796,7110.410078883333,0.0,-11808.72,0.3,Demand actual total was changed by System Administrator,2026-09-30,,,454,"Promotions,_Sep_30,_2026  FULL HISTORY For Aevah.xlsx",2026-09-30
2025-06-01T00:00:00Z,HY-VEE,HY-VEE June 2025 TPR,,Complete - Unsettled (Open),2025-06-01,2025-06-10,2025-05-18,2025-05-31,48066.4636,13432.889150665445,4813.53,156708.0,0.0,4813.53,5523.54,42542.9236,29110.03444933456,0.0,-42542.91,0.5,Demand actual total was changed by System Administrator,2026-09-30,,,455,"Promotions,_Sep_30,_2026  FULL HISTORY For Aevah.xlsx",2026-09-30
2025-08-01T00:00:00Z,HY-VEE,HY-VEE August 2025 TPR,,Complete - Unsettled (Open),2025-08-01,2025-08-10,2025-07-18,2025-07-31,61391.4044,17125.602941245223,14050.07,0.0,0.0,14050.07,14920.99,46470.4144,29344.81145875478,0.0,-46467.54,-0.08,Demand actual total was changed by System Administrator,2026-09-30,,,456,"Promotions,_Sep_30,_2026  FULL HISTORY For Aevah.xlsx",2026-09-30
2027-01-01T00:00:00Z,HY-VEE,HY-VEE January 2027 TPR,,Planned,2027-01-01,2027-01-10,2026-12-18,2026-12-31,13429.3856,3734.218608048333,2108.66,2108.66,0.0,2108.66,2666.5,10762.8856,7028.666991951666,0.0,-10700.19,0.04,Demand actual total was changed by System Administrator,2026-09-30,,,462,"Promotions,_Sep_30,_2026  FULL HISTORY For Aevah.xlsx",2026-09-30
2025-01-05T00:00:00Z,MEIJER,MEIJER January 2025 TPR,,Complete - Unsettled (Open),2025-01-05,2025-02-02,2024-12-22,2025-01-04,161644.16,46968.892,32877.52,500.0,236.73,32877.52,34589.21,127054.95,80086.058,0.0,-98647.18,0.41,Demand actual total was changed by System Administrator,2026-09-30,,2025-02-28,463,"Promotions,_Sep_30,_2026  FULL HISTORY For Aevah.xlsx",2026-09-30
2025-03-01T00:00:00Z,MEIJER,MEIJER March 2025 TPR,,Complete - Unsettled (Open),2025-03-01,2025-03-22,2025-02-15,2025-02-28,78445.0264,22793.745083333335,590.7,0.0,1208.05,1208.05,3741.1,74703.9264,51910.18131666667,0.0,-74703.86,2.87,Demand actual total was changed by System Administrator,2026-09-30,,2025-05-22,464,"Promotions,_Sep_30,_2026  FULL HISTORY For Aevah.xlsx",2026-09-30
2025-04-06T00:00:00Z,MEIJER,MEIJER April 2025 TPR,,Complete - Unsettled (Open),2025-04-06,2025-05-03,2025-04-06,2025-05-03,135833.2184,39469.01695,15228.9,103920.8,10361.69,15228.9,20684.04,115149.1784,75680.16145,0.0,-115148.85,0.67,Demand actual total was changed by System Administrator,2026-09-30,,2025-05-22,465,"Promotions,_Sep_30,_2026  FULL HISTORY For Aevah.xlsx",2026-09-30
2025-05-18T00:00:00Z,MEIJER,MEIJER May 2025 TPR,,Complete - Unsettled (Open),2025-05-18,2025-05-31,2025-05-18,2025-05-31,57273.32,16641.8922,8625.5,9216.0,13457.65,13457.65,10925.62,46347.7,29705.8078,0.0,-46347.56,-0.59,Demand actual total was changed by System Administrator,2026-09-30,,2025-07-28,466,"Promotions,_Sep_30,_2026  FULL HISTORY For Aevah.xlsx",2026-09-30
2025-09-06T00:00:00Z,MEIJER,MEIJER September 2025 TPR,,Complete - Unsettled (Open),2025-09-06,2025-09-20,2025-08-23,2025-09-05,62933.4552,18381.288183333334,9477.93,65304.0,4841.25,9477.93,12005.39,50928.0652,32546.777016666667,0.0,-50928.26,-0.59,Demand actual total was changed by System Administrator,2026-09-30,,2025-12-16,469,"Promotions,_Sep_30,_2026  FULL HISTORY For Aevah.xlsx",2026-09-30
2025-10-01T00:00:00Z,MEIJER,MEIJER October 2025 TPR,,Complete - Unsettled (Open),2025-10-01,2025-10-15,2025-09-17,2025-09-30,79896.3976,23335.741466666666,8922.81,48128.0,5591.35,8922.81,12131.51,67764.8876,44429.146133333335,0.0,-67765.22,0.36,Demand actual total was changed by System Administrator,2026-09-30,,2025-11-04,470,"Promotions,_Sep_30,_2026  FULL HISTORY For Aevah.xlsx",2026-09-30
2027-01-01T00:00:00Z,MEIJER,MEIJER January 2027 TPR,,Planned,2027-01-01,2027-01-29,2026-12-18,2026-12-31,13289.1632,4049.8573499999993,2661.84,2661.84,0.0,2661.84,3195.54,10093.6232,6043.76585,0.0,-10093.48,0.26,Demand actual total was changed by System Administrator,2026-09-30,,,479,"Promotions,_Sep_30,_2026  FULL HISTORY For Aevah.xlsx",2026-09-30
2025-01-01T00:00:00Z,MEIJER EXPRESS,Meijer Express January 2025 TPR,,Complete - Unsettled (Open),2025-01-01,2025-01-31,2024-12-18,2024-12-31,851.8084999999999,0.0,1485.71,0.0,0.0,1485.71,1485.71,-633.9014999999999,-633.9014999999999,0.0,1485.71,-0.86,Demand actual total was changed by System Administrator,2026-09-30,,,480,"Promotions,_Sep_30,_2026  FULL HISTORY For Aevah.xlsx",2026-09-30
2025-02-01T00:00:00Z,MEIJER EXPRESS,Meijer Express February 2025 TPR,,Complete - Unsettled (Open),2025-02-01,2025-02-28,2025-01-18,2025-01-31,9494.4,2424.9666666666667,1380.0,0.0,0.0,1380.0,1380.0,8114.4,5689.4333333333325,0.0,-8116.05,-0.33,Demand actual total was changed by System Administrator,2026-09-30,,,481,"Promotions,_Sep_30,_2026  FULL HISTORY For Aevah.xlsx",2026-09-30
2025-04-01T00:00:00Z,MEIJER EXPRESS,Meijer Express April 2025 TPR,,Complete - Unsettled (Open),2025-04-01,2025-04-30,2025-03-18,2025-03-31,10371.084,2648.880708333333,1507.44,0.0,0.0,1507.44,1507.41,8863.674,6214.793291666667,0.0,-8865.42,-0.33,Demand actual total was changed by System Administrator,2026-09-30,,,482,"Promotions,_Sep_30,_2026  FULL HISTORY For Aevah.xlsx",2026-09-30
2025-05-01T00:00:00Z,MEIJER EXPRESS,Meijer Express May 2025 TPR,,Complete - Unsettled (Open),2025-05-01,2025-05-31,2025-04-17,2025-04-30,12563.052,3208.7317083333332,1826.04,0.0,0.0,1826.04,1826.04,10737.012,7528.280291666666,0.0,-10738.77,-0.33,Demand actual total was changed by System Administrator,2026-09-30,,,483,"Promotions,_Sep_30,_2026  FULL HISTORY For Aevah.xlsx",2026-09-30
2025-07-01T00:00:00Z,MEIJER EXPRESS,Meijer Express July 2025 TPR,,Complete - Unsettled (Open),2025-07-01,2025-07-31,2025-06-17,2025-06-30,13122.4992,3351.6202333333326,1907.34,0.0,0.0,1907.34,1907.34,11215.1592,7863.538966666666,0.0,-11214.75,-0.33,Demand actual total was changed by System Administrator,2026-09-30,,,484,"Promotions,_Sep_30,_2026  FULL HISTORY For Aevah.xlsx",2026-09-30
2025-08-01T00:00:00Z,MEIJER EXPRESS,Meijer Express August 2025 TPR,,Complete - Unsettled (Open),2025-08-01,2025-08-31,2025-07-18,2025-07-31,13351.3968,3410.0830166666665,1940.61,0.0,0.0,1940.61,1940.61,11410.7868,8000.703783333334,0.0,-11411.82,-0.33,Demand actual total was changed by System Administrator,2026-09-30,,,485,"Promotions,_Sep_30,_2026  FULL HISTORY For Aevah.xlsx",2026-09-30
2025-10-01T00:00:00Z,MEIJER EXPRESS,Meijer Express October 2025 TPR,,Complete - Unsettled (Open),2025-10-01,2025-10-31,2025-09-17,2025-09-30,13622.4,3479.2999999999997,1980.0,0.0,0.0,1980.0,1980.0,11642.4,8163.099999999999,0.0,-11639.91,-0.33,Demand actual total was changed by System Administrator,2026-09-30,,,486,"Promotions,_Sep_30,_2026  FULL HISTORY For Aevah.xlsx",2026-09-30
2025-11-01T00:00:00Z,MEIJER EXPRESS,Meijer Express November 2025 TPR,,Complete - Unsettled (Open),2025-11-01,2025-11-30,2025-10-18,2025-10-31,13224.3576,3377.6359083333327,1922.16,0.0,3326.5,3326.5,1922.16,11302.1976,7924.561691666667,0.0,-11303.94,-0.33,Demand actual total was changed by System Administrator,2026-09-30,,2026-01-24,487,"Promotions,_Sep_30,_2026  FULL HISTORY For Aevah.xlsx",2026-09-30
2027-01-01T00:00:00Z,MEIJER EXPRESS,Meijer Express January 2027 TPR,,Planned,2027-01-01,2027-01-31,2026-12-18,2026-12-31,923.4336,235.85436666666666,134.22,134.22,0.0,134.22,134.22,789.2136,553.3592333333333,0.0,-787.14,-0.33,Demand actual total was changed by System Administrator,2026-09-30,,,496,"Promotions,_Sep_30,_2026  FULL HISTORY For Aevah.xlsx",2026-09-30
2025-01-01T00:00:00Z,AWG,AWG January 2025 TPR,,Complete - Unsettled (Open),2025-01-01,2025-01-26,2024-12-18,2024-12-31,4052.8304333333326,0.0,2927.06,1143.58,0.0,2927.06,2927.06,1125.7704333333331,1125.7704333333331,0.0,2927.06,-0.76,Demand actual total was changed by System Administrator,2026-09-22,,,497,"Promotions,_Sep_30,_2026  FULL HISTORY For Aevah.xlsx",2026-09-30
2025-04-01T00:00:00Z,AWG,AWG April 2025 TPR,,Complete - Unsettled (Open),2025-04-01,2025-04-20,2025-03-18,2025-03-31,16429.1324,4417.6834361111105,2814.01,3637.54,0.0,2814.01,2814.01,13615.1224,9197.43896388889,0.0,-13617.0,-0.15,Demand actual total was changed by System Administrator,2026-09-22,,,498,"Promotions,_Sep_30,_2026  FULL HISTORY For Aevah.xlsx",2026-09-30
2025-05-01T00:00:00Z,AWG,AWG May 2025 TPR,,Complete - Unsettled (Open),2025-05-01,2025-05-18,2025-04-17,2025-04-30,18682.1592,5023.883562499999,3378.64,3806.98,0.0,3378.64,3378.64,15303.5192,10279.635637500001,0.0,-15305.26,-0.02,Demand planned incremental was changed by System Administrator,2026-09-28,,,499,"Promotions,_Sep_30,_2026  FULL HISTORY For Aevah.xlsx",2026-09-30
2025-08-01T00:00:00Z,AWG,AWG August 2025 TPR,,Complete - Unsettled (Open),2025-08-01,2025-08-10,2025-07-18,2025-07-31,13183.1864,3519.285094444444,2830.91,5257.83,1929.6,2830.91,2830.91,10352.2764,6832.991305555555,0.0,-10353.9,-0.19,Demand planned incremental was changed by System Administrator,2026-09-28,,2025-08-30,500,"Promotions,_Sep_30,_2026  FULL HISTORY For Aevah.xlsx",2026-09-30
2025-10-01T00:00:00Z,AWG,AWG October 2025 TPR,,Complete - Unsettled (Open),2025-10-01,2025-10-31,2025-09-17,2025-09-30,41472.2412,11004.091226388888,4771.85,7241.57,981.86,4771.85,4771.85,36700.3912,25696.29997361111,0.0,-36700.64,0.4,Supply planned estimated shipment was changed by System Administrator,2026-09-28,,2025-10-11,501,"Promotions,_Sep_30,_2026  FULL HISTORY For Aevah.xlsx",2026-09-30
2027-01-01T00:00:00Z,AWG,AWG January 2027 TPR,,Planned,2027-01-01,2027-01-26,2026-12-18,2026-12-31,3734.8712,993.5877527777777,630.7,630.7,0.0,630.7,630.7,3104.1712,2110.5834472222223,0.0,-3100.63,0.09,Supply planned estimated shipment was changed by System Administrator,2026-09-28,,,507,"Promotions,_Sep_30,_2026  FULL HISTORY For Aevah.xlsx",2026-09-30
2025-01-01T00:00:00Z,CEFCO,Cefco January 2025 TPR,,Complete - Unsettled (Open),2025-01-01,2025-01-31,2024-12-18,2024-12-31,659.6171333333333,0.0,1150.5,0.0,0.0,1150.5,1150.49,-490.87286666666665,-490.87286666666665,0.0,1150.49,-0.92,Demand actual total was changed by System Administrator,2026-09-30,,,508,"Promotions,_Sep_30,_2026  FULL HISTORY For Aevah.xlsx",2026-09-30
2025-02-01T00:00:00Z,CEFCO,Cefco February 2025 TPR,,Complete - Unsettled (Open),2025-02-01,2025-02-28,2025-01-18,2025-01-31,8402.544,2146.0955,1221.3,0.0,0.0,1221.3,1221.3,7181.244,5035.1485,0.0,-7182.48,-0.33,Demand actual total was changed by System Administrator,2026-09-30,,,509,"Promotions,_Sep_30,_2026  FULL HISTORY For Aevah.xlsx",2026-09-30
2025-05-01T00:00:00Z,CEFCO,Cefco May 2025 TPR,,Complete - Unsettled (Open),2025-05-01,2025-05-30,2025-04-17,2025-04-30,10759.7868,2748.1593708333335,1563.93,0.0,0.0,1563.93,1563.93,9195.8568,6447.697429166666,0.0,-9195.3,-0.33,Demand actual total was changed by System Administrator,2026-09-30,,,510,"Promotions,_Sep_30,_2026  FULL HISTORY For Aevah.xlsx",2026-09-30
2025-06-01T00:00:00Z,CEFCO,Cefco June 2025 TPR,,Complete - Unsettled (Open),2025-06-01,2025-06-30,2025-05-18,2025-05-31,10771.8612,2751.243295833333,1565.67,0.0,0.0,1565.67,1565.67,9206.1912,6454.9479041666655,0.0,-9208.41,-0.33,Demand actual total was changed by System Administrator,2026-09-30,,,511,"Promotions,_Sep_30,_2026  FULL HISTORY For Aevah.xlsx",2026-09-30
2025-08-01T00:00:00Z,CEFCO,Cefco August 2025 TPR,,Complete - Unsettled (Open),2025-08-01,2025-08-30,2025-07-18,2025-07-31,11434.9728,2920.6087666666663,1662.06,0.0,0.0,1662.06,1662.06,9772.9128,6852.304033333333,0.0,-9773.34,-0.33,Demand actual total was changed by System Administrator,2026-09-30,,,512,"Promotions,_Sep_30,_2026  FULL HISTORY For Aevah.xlsx",2026-09-30
2025-09-01T00:00:00Z,CEFCO,Cefco September 2025 TPR,,Complete - Unsettled (Open),2025-09-01,2025-09-30,2025-08-18,2025-08-31,11613.5604,2966.2218624999996,1688.01,0.0,0.0,1688.01,1688.01,9925.5504,6959.3285375,0.0,-9925.71,-0.33,Demand actual total was changed by System Administrator,2026-09-30,,,513,"Promotions,_Sep_30,_2026  FULL HISTORY For Aevah.xlsx",2026-09-30
2025-11-01T00:00:00Z,CEFCO,Cefco November 2025 TPR,,Complete - Unsettled (Open),2025-11-01,2025-11-30,2025-10-18,2025-10-31,11703.5508,2989.2063291666664,1701.09,0.0,0.0,1701.09,1701.09,10002.4608,7013.254470833333,0.0,-10001.79,-0.33,Demand actual total was changed by System Administrator,2026-09-30,,,514,"Promotions,_Sep_30,_2026  FULL HISTORY For Aevah.xlsx",2026-09-30
2025-12-01T00:00:00Z,CEFCO,Cefco December 2025 TPR,,Complete - Unsettled (Open),2025-12-01,2025-12-30,2025-11-17,2025-11-30,11660.052,2978.0962916666663,1694.76,0.0,0.0,1694.76,1694.79,9965.262,6987.165708333333,0.0,-9963.51,-0.33,Demand actual total was changed by System Administrator,2026-09-30,,,515,"Promotions,_Sep_30,_2026  FULL HISTORY For Aevah.xlsx",2026-09-30
2027-01-01T00:00:00Z,CEFCO,Cefco January 2027 TPR,,Planned,2027-01-01,2027-01-31,2026-12-18,2026-12-31,817.344,208.758,118.8,118.8,0.0,118.8,118.8,698.544,489.786,0.0,-698.55,-0.33,Demand actual total was changed by System Administrator,2026-09-30,,,524,"Promotions,_Sep_30,_2026  FULL HISTORY For Aevah.xlsx",2026-09-30
2025-01-01T00:00:00Z,Lowes Foods,Lowes Foods January 2025 TPR,,Complete - Unsettled (Open),2025-01-01,2025-01-28,2024-12-18,2024-12-31,561.3033666666666,0.0,979.02,40.69,0.0,979.02,979.01,-417.70663333333334,-417.70663333333334,0.0,979.01,-0.84,Demand planned base volume was changed by System Administrator,2026-09-28,,,525,"Promotions,_Sep_30,_2026  FULL HISTORY For Aevah.xlsx",2026-09-30
2025-03-01T00:00:00Z,Lowes Foods,Lowes Foods March 2025 TPR,,Complete - Unsettled (Open),2025-03-01,2025-03-28,2025-02-15,2025-02-28,8823.6,2246.598333333333,1282.5,1336.68,0.0,1282.5,1282.5,7541.1,5294.501666666666,0.0,-7542.35,0.71,Demand actual total was changed by System Administrator,2026-09-22,,,526,"Promotions,_Sep_30,_2026  FULL HISTORY For Aevah.xlsx",2026-09-30
2025-05-01T00:00:00Z,Lowes Foods,Lowes Foods May 2025 TPR,,Complete - Unsettled (Open),2025-05-01,2025-05-28,2025-04-17,2025-04-30,11873.934,3031.1975243055554,1725.86,1750.43,0.0,1725.86,1725.86,10148.074,7116.876475694444,0.0,-10147.92,0.54,Demand actual total was changed by System Administrator,2026-09-22,,,527,"Promotions,_Sep_30,_2026  FULL HISTORY For Aevah.xlsx",2026-09-30
2025-08-01T00:00:00Z,Lowes Foods,Lowes Foods August 2025 TPR,,Complete - Unsettled (Open),2025-08-01,2025-08-28,2025-07-18,2025-07-31,18866.6628,4868.852634027777,2742.25,1504.58,0.0,2742.25,2742.24,16124.4228,11255.570165972222,0.0,-16126.03,0.46,Demand actual total was changed by System Administrator,2026-09-22,,,528,"Promotions,_Sep_30,_2026  FULL HISTORY For Aevah.xlsx",2026-09-30
2025-10-01T00:00:00Z,Lowes Foods,Lowes Foods October 2025 TPR,,Complete - Unsettled (Open),2025-10-01,2025-10-14,2025-09-17,2025-09-30,9118.838,2346.595333333333,1325.4,581.68,0.0,1325.4,1325.41,7793.428,5446.832666666666,0.0,-7791.7,0.62,Demand actual total was changed by System Administrator,2026-09-22,,,529,"Promotions,_Sep_30,_2026  FULL HISTORY For Aevah.xlsx",2026-09-30
2027-01-01T00:00:00Z,Lowes Foods,Lowes Foods January 2027 TPR,,Planned,2027-01-01,2027-01-28,2026-12-18,2026-12-31,1450.8888,371.68274583333334,210.88,210.88,0.0,210.88,210.88,1240.0088,868.3260541666666,0.0,-1238.05,0.71,Demand planned base volume was changed by System Administrator,2026-09-28,,,535,"Promotions,_Sep_30,_2026  FULL HISTORY For Aevah.xlsx",2026-09-30
2025-01-01T00:00:00Z,BRISTOL FARMS,Bristol Farms January 2025 TPR,,Complete - Unsettled (Open),2025-01-01,2025-01-30,2024-12-18,2024-12-31,285.6318,0.0,996.39,0.0,1484.18,1484.18,996.39,-710.7582,-710.7582,0.0,996.39,-0.93,Demand actual total was changed by System Administrator,2026-09-30,,2025-03-03,536,"Promotions,_Sep_30,_2026  FULL HISTORY For Aevah.xlsx",2026-09-30
2025-05-01T00:00:00Z,BRISTOL FARMS,Bristol Farms May 2025 TPR,,Complete - Unsettled (Open),2025-05-01,2025-05-30,2025-04-17,2025-04-30,4674.874,1239.8373210925554,815.37,0.0,4.27,815.37,839.81,3835.064,2595.2266789074442,0.0,-4247.56,-0.26,Demand actual total was changed by System Administrator,2026-09-30,,2025-05-31,537,"Promotions,_Sep_30,_2026  FULL HISTORY For Aevah.xlsx",2026-09-30
2025-08-01T00:00:00Z,BRISTOL FARMS,Bristol Farms August 2025 TPR,,Complete - Unsettled (Open),2025-08-01,2025-08-30,2025-07-18,2025-07-31,4511.3536,1152.6881733635555,786.86,0.0,0.0,786.86,814.51,3696.8436,2544.155426636444,0.0,-4104.17,-0.29,Demand actual total was changed by System Administrator,2026-09-30,,,538,"Promotions,_Sep_30,_2026  FULL HISTORY For Aevah.xlsx",2026-09-30
2025-10-01T00:00:00Z,BRISTOL FARMS,Bristol Farms October 2025 TPR,,Complete - Unsettled (Open),2025-10-01,2025-10-30,2025-09-17,2025-09-30,4149.6376,1062.3471423266665,723.77,0.0,8492.43,8492.43,730.64,3418.9976,2356.650457673333,0.0,-3832.23,-0.29,Demand actual total was changed by System Administrator,2026-09-30,,2025-12-02,539,"Promotions,_Sep_30,_2026  FULL HISTORY For Aevah.xlsx",2026-09-30
2027-01-01T00:00:00Z,BRISTOL FARMS,Bristol Farms January 2027 TPR,,Planned,2027-01-01,2027-01-30,2026-12-18,2026-12-31,297.9212,75.76165694444444,86.6,86.6,0.0,86.6,92.52,205.4012,129.63954305555555,0.0,-231.12,-0.47,Demand actual total was changed by System Administrator,2026-09-30,,,544,"Promotions,_Sep_30,_2026  FULL HISTORY For Aevah.xlsx",2026-09-30
2025-05-01T00:00:00Z,NORTHWEST GROCERS,NORTHWEST GROCERS May 2025 Puff TPR,,Complete - Unsettled (Open),2025-05-01,2025-05-31,2025-04-17,2025-04-30,8759.6848,2219.467163888889,1731.57,0.0,0.0,1731.57,1806.42,6953.2648,4733.797636111111,0.0,-7736.63,-0.14,Demand actual total was changed by System Administrator,2026-09-30,,,609,"Promotions,_Sep_30,_2026  FULL HISTORY For Aevah.xlsx",2026-09-30
2025-01-03T00:00:00Z,Albertsons Corporate,ALBERTSONS COMPANIES January 2025 Puff Digital Coupon,,Complete - Unsettled (Open),2025-01-03,2025-01-28,2024-12-20,2025-01-02,71376.7148,17932.90356851211,2489.89,3869.04,0.0,2489.89,3176.77,68199.9448,50267.04123148789,0.0,2507.17,4.28,Demand planned incremental was changed by System Administrator,2026-09-28,,,610,"Promotions,_Sep_30,_2026  FULL HISTORY For Aevah.xlsx",2026-09-30
2025-01-01T00:00:00Z,MAVERIK,MAVERIK January 2025 Puff TPR,,Complete - Unsettled (Open),2025-01-01,2025-01-08,2025-01-01,2025-01-08,1665.4731333333332,0.0,9876.64,11781.46,0.0,9876.64,11676.87,-10011.396866666666,-10011.396866666666,0.0,10011.43,-0.98,Demand planned base volume was changed by System Administrator,2026-09-28,,,611,"Promotions,_Sep_30,_2026  FULL HISTORY For Aevah.xlsx",2026-09-30
2025-03-26T00:00:00Z,HEB,HEB March 2025 Puff Coupon,,Complete - Unsettled (Open),2025-03-26,2025-04-08,2025-03-12,2025-03-25,248567.52,66558.80374999999,101161.2,6250.97,21457.63,101161.2,102395.62,146171.9,79613.09625,0.0,101863.72,0.19,Demand actual total was changed by System Administrator,2026-09-30,,2025-04-09,612,"Promotions,_Sep_30,_2026  FULL HISTORY For Aevah.xlsx",2026-09-30
2025-01-01T00:00:00Z,HARMONS NEIGHBORHOOD GROCER,HARMONS NEIGHBORHOOD GROCER January 2025 Bar TPR,,Complete - Unsettled (Open),2025-01-01,2025-01-31,2024-12-18,2024-12-31,337.6345666666666,0.0,5588.9,5777.14,0.0,5588.9,5588.9,-5251.265433333332,-5251.265433333332,0.0,5588.9,-0.98,Demand planned base volume was changed by System Administrator,2026-09-28,,,613,"Promotions,_Sep_30,_2026  FULL HISTORY For Aevah.xlsx",2026-09-30
2025-08-01T00:00:00Z,CASEYS CORP,CASEYS CORP August 2025 Puff TPR,,Complete - Unsettled (Open),2025-08-01,2025-08-30,2025-07-18,2025-07-31,158046.414,40054.83143125,46943.73,1000.0,0.0,46943.73,46943.72,111102.694,71047.86256875,0.0,-111103.36,-0.67,Demand actual total was changed by System Administrator,2026-09-22,,,614,"Promotions,_Sep_30,_2026  FULL HISTORY For Aevah.xlsx",2026-09-30
2025-11-01T00:00:00Z,HARMONS NEIGHBORHOOD GROCER,HARMONS NEIGHBORHOOD GROCER November 2025 Bar TPR,,Complete - Unsettled (Open),2025-11-01,2025-11-30,2025-10-18,2025-10-31,0.0,0.0,3000.0,3000.0,0.0,3000.0,3000.0,-3000.0,-3000.0,0.0,3000.0,-1.0,Demand actual total was changed by System Administrator,2026-09-22,,,615,"Promotions,_Sep_30,_2026  FULL HISTORY For Aevah.xlsx",2026-09-30
2025-02-26T00:00:00Z,Albertsons Corporate,ALBERTSONS COMPANIES April 2025 Puff Digital Coupon,,Complete - Unsettled (Open),2025-02-26,2025-03-25,2025-02-26,2025-03-25,90930.896,22813.024258291665,3172.01,0.0,0.0,3172.01,5440.81,85490.086,62677.061741708334,0.0,3194.04,4.23,Demand actual total was changed by System Administrator,2026-09-22,,,616,"Promotions,_Sep_30,_2026  FULL HISTORY For Aevah.xlsx",2026-09-30
2025-07-23T00:00:00Z,HEB,HEB BTS Event,,Complete - Unsettled (Open),2025-07-23,2025-08-05,2025-07-16,2025-07-23,521834.2056,139731.29457708335,151696.0,591606.58,22231.4,151696.0,154287.46,367546.7456,227815.45102291668,752412.5568,384865.5068,0.66,Demand actual total was changed by System Administrator,2026-09-30,,2025-10-20,617,"Promotions,_Sep_30,_2026  FULL HISTORY For Aevah.xlsx",2026-09-30
2025-02-01T00:00:00Z,CASEYS CORP,CASEYS CORP February 2025 Puff TPR,,Complete - Unsettled (Open),2025-02-01,2025-02-28,2025-01-18,2025-01-31,106970.24,27607.915833333333,67192.0,39676.92,8539.8,67192.0,67192.0,39778.24,12170.324166666667,0.0,-39778.51,-0.85,Demand actual total was changed by System Administrator,2026-09-22,,2025-04-11,618,"Promotions,_Sep_30,_2026  FULL HISTORY For Aevah.xlsx",2026-09-30
2025-07-01T00:00:00Z,HARMONS NEIGHBORHOOD GROCER,HARMONS NEIGHBORHOOD GROCER July 2025 Puff TPR,,Complete - Unsettled (Open),2025-07-01,2025-07-31,2025-06-17,2025-06-30,92511.6104,24173.040236184333,16446.46,11728.41,7802.0,16446.46,16446.45,76065.1604,51892.12016381567,0.0,-76066.98,-0.04,Demand planned incremental was changed by System Administrator,2026-09-28,,2025-08-05,619,"Promotions,_Sep_30,_2026  FULL HISTORY For Aevah.xlsx",2026-09-30
2025-03-26T00:00:00Z,Albertsons Corporate,ALBERTSONS COMPANIES April 2025 Puff TPR,,Complete - Unsettled (Open),2025-03-26,2025-04-22,2025-03-12,2025-03-25,97942.304,23872.574358291666,33442.76,2124.0,70.0,33442.76,34824.78,63117.524,39244.949641708336,0.0,-65176.68,-0.42,Demand planned base volume was changed by System Administrator,2026-09-28,,2025-06-26,622,"Promotions,_Sep_30,_2026  FULL HISTORY For Aevah.xlsx",2026-09-30
2025-08-01T00:00:00Z,Albertsons Corporate,ALBERTSONS COMPANIES August 2025 Puff TPR,,Complete - Unsettled (Open),2025-08-01,2025-08-31,2025-07-18,2025-07-31,347783.0884,89803.22365645078,101099.75,0.0,65360.07,101099.75,111331.96,236451.1284,146647.90474354924,0.0,-271351.05,-0.36,Demand planned incremental was changed by System Administrator,2026-09-28,,2025-10-22,623,"Promotions,_Sep_30,_2026  FULL HISTORY For Aevah.xlsx",2026-09-30
2025-10-01T00:00:00Z,CVS,CVS October 2025 Puff TPR,,Complete - Unsettled (Open),2025-10-01,2025-10-15,2025-09-17,2025-09-30,76121.0424,18276.689972222222,11064.11,3928.6,1376.4,11064.11,11064.11,65056.9324,46780.242427777775,0.0,-65057.86,-0.13,Demand actual total was changed by System Administrator,2026-09-22,,2025-11-14,624,"Promotions,_Sep_30,_2026  FULL HISTORY For Aevah.xlsx",2026-09-30
2025-01-03T00:00:00Z,Albertsons Corporate,ALBERTSONS COMPANIES January 2025 Puff TPR,,Complete - Unsettled (Open),2025-01-03,2025-01-28,2024-12-20,2025-01-02,71376.7148,17932.90356851211,22936.03,34429.11,74.31,22936.03,23622.93,47753.7848,29820.881231487892,0.0,17426.05,-0.4,Demand planned incremental was changed by System Administrator,2026-09-28,,2025-06-12,625,"Promotions,_Sep_30,_2026  FULL HISTORY For Aevah.xlsx",2026-09-30
2025-08-01T00:00:00Z,CVS,CVS August 2025 Puff TPR,,Complete - Unsettled (Open),2025-08-01,2025-08-15,2025-07-18,2025-07-31,74586.7508,17908.30590902778,10841.1,4392.37,6535.49,10841.1,10841.1,63745.6508,45837.34489097223,0.0,-63745.26,-0.13,Demand actual total was changed by System Administrator,2026-09-22,,2025-09-12,626,"Promotions,_Sep_30,_2026  FULL HISTORY For Aevah.xlsx",2026-09-30
2025-01-09T00:00:00Z,BIG Y,Big Y February 2025 Puff TPR,,Complete - Unsettled (Open),2025-01-09,2025-02-12,2024-12-26,2025-01-08,12930.96,3286.1832756666663,1503.6,1247.82,1600.14,1600.14,1603.12,11327.84,8041.656724333334,0.0,980.03,0.8,Demand actual total was changed by System Administrator,2026-09-22,,2025-03-26,627,"Promotions,_Sep_30,_2026  FULL HISTORY For Aevah.xlsx",2026-09-30
2025-09-01T00:00:00Z,Albertsons Corporate,ALBERTSONS COMPANIES September 2025 Puff Digital Coupon,,Complete - Unsettled (Open),2025-09-01,2025-09-30,2025-08-18,2025-08-31,276976.1236,71508.27191852467,9661.96,0.0,0.0,9661.96,18058.71,258917.4136,187409.14168147533,0.0,9729.06,3.98,Demand actual total was changed by System Administrator,2026-09-22,,,628,"Promotions,_Sep_30,_2026  FULL HISTORY For Aevah.xlsx",2026-09-30
2025-04-23T00:00:00Z,Albertsons Corporate,ALBERTSONS COMPANIES May 2025 Puff TPR,,Complete - Unsettled (Open),2025-04-23,2025-05-20,2025-04-09,2025-04-22,131503.1332,33460.34733553633,38227.66,0.0,0.0,38227.66,41508.79,89994.3432,56533.99586446367,0.0,-104396.09,-0.36,Demand planned incremental was changed by System Administrator,2026-09-28,,,629,"Promotions,_Sep_30,_2026  FULL HISTORY For Aevah.xlsx",2026-09-30
2025-10-01T00:00:00Z,Albertsons Corporate,ALBERTSONS COMPANIES October 2025 Puff Coupon,,Complete - Unsettled (Open),2025-10-01,2025-10-31,2025-09-17,2025-09-30,284343.95,73409.57507070378,9918.98,0.0,0.0,9918.98,17013.81,267330.14,193920.56492929623,0.0,9987.85,4.17,Demand planned base volume was changed by System Administrator,2026-09-28,,,630,"Promotions,_Sep_30,_2026  FULL HISTORY For Aevah.xlsx",2026-09-30
2025-07-01T00:00:00Z,CASEYS CORP,CASEYS CORP July 2025 Puff TPR,,Complete - Unsettled (Open),2025-07-01,2025-07-30,2025-06-17,2025-06-30,156317.3152,39616.61264097222,46441.08,8892.72,0.0,46441.08,46441.08,109876.2352,70259.62255902778,0.0,-109874.72,-0.67,Demand planned base volume was changed by System Administrator,2026-09-28,,,631,"Promotions,_Sep_30,_2026  FULL HISTORY For Aevah.xlsx",2026-09-30
2025-03-01T00:00:00Z,HARMONS NEIGHBORHOOD GROCER,HARMONS NEIGHBORHOOD GROCER March 2025 Puff TPR,,Complete - Unsettled (Open),2025-03-01,2025-03-30,2025-02-15,2025-02-28,50095.4988,13161.545240429889,10281.31,14169.25,10625.5,10625.5,10281.31,39814.1888,26652.64355957011,0.0,-39816.93,-0.17,Supply planned estimated shipment was changed by System Administrator,2026-09-28,,2025-03-27,634,"Promotions,_Sep_30,_2026  FULL HISTORY For Aevah.xlsx",2026-09-30
2025-06-01T00:00:00Z,Albertsons Corporate,ALBERTSONS COMPANIES June 2025 Puff Digital Coupon,,Complete - Unsettled (Open),2025-06-01,2025-06-30,2025-05-18,2025-05-31,126878.9304,32274.481544007333,4426.02,3477.26,0.0,4426.02,8385.82,118493.1104,86218.62885599268,0.0,4456.75,3.98,Demand planned incremental was changed by System Administrator,2026-09-28,,,635,"Promotions,_Sep_30,_2026  FULL HISTORY For Aevah.xlsx",2026-09-30
2025-05-01T00:00:00Z,CASEYS CORP,CASEYS CORP May 2025 Puff BOGO,,Complete - Unsettled (Open),2025-05-01,2025-05-25,2025-04-17,2025-04-30,113224.6244,29222.10743125,56612.31,38073.73,9776.98,56612.31,56612.31,56612.3144,27390.206968750004,0.0,-56612.13,-0.81,Demand planned base volume was changed by System Administrator,2026-09-28,,2025-06-04,636,"Promotions,_Sep_30,_2026  FULL HISTORY For Aevah.xlsx",2026-09-30
2025-03-01T00:00:00Z,CVS,CVS March 2025 Puff TPR,,Complete - Unsettled (Open),2025-03-01,2025-03-15,2025-02-15,2025-02-28,71650.2808,17203.713119444445,10414.28,6799.24,2487.3,10414.28,10414.28,61236.0008,44032.28768055556,0.0,-61237.07,-0.13,Demand planned base volume was changed by System Administrator,2026-09-28,,2025-03-12,637,"Promotions,_Sep_30,_2026  FULL HISTORY For Aevah.xlsx",2026-09-30
2025-01-08T00:00:00Z,HEB,HEB January 2025 Puff Coupon,,Complete - Unsettled (Open),2025-01-08,2025-01-14,2024-12-25,2025-01-07,55882.112,14105.934333333335,0.0,0.0,0.0,0.0,663.36,55218.752,41112.81766666667,0.0,0.0,61.98,Demand actual total was changed by System Administrator,2026-09-30,,,638,"Promotions,_Sep_30,_2026  FULL HISTORY For Aevah.xlsx",2026-09-30
2025-05-01T00:00:00Z,HARMONS NEIGHBORHOOD GROCER,HARMONS NEIGHBORHOOD GROCER May 2025 Puff TPR,,Complete - Unsettled (Open),2025-05-01,2025-05-30,2025-04-17,2025-04-30,70646.506,18664.792852592444,15268.39,14414.97,0.0,15268.39,15268.4,55378.106,36713.313147407556,0.0,-55377.37,0.13,Demand actual total was changed by System Administrator,2026-09-22,,,639,"Promotions,_Sep_30,_2026  FULL HISTORY For Aevah.xlsx",2026-09-30
2025-08-07T00:00:00Z,BIG Y,Big Y September 2025 Puff TPR,,Complete - Unsettled (Open),2025-08-07,2025-09-10,2025-07-24,2025-08-06,18215.1268,4629.064794992555,2118.03,2327.32,3277.6,3277.6,2327.3,15887.8268,11258.762005007446,0.0,-15838.22,0.78,Demand planned incremental was changed by System Administrator,2026-09-28,,2025-10-19,640,"Promotions,_Sep_30,_2026  FULL HISTORY For Aevah.xlsx",2026-09-30
2025-03-01T00:00:00Z,NORTHWEST GROCERS,NORTHWEST GROCERS March 2025 Puff TPR,,Complete - Unsettled (Open),2025-03-01,2025-03-30,2025-02-15,2025-02-28,6811.1656,1725.7657020833333,1980.0,0.0,35.0,1980.0,1979.99,4831.1756,3105.4098979166665,0.0,1979.99,-0.27,Demand actual total was changed by System Administrator,2026-09-30,,2025-04-28,641,"Promotions,_Sep_30,_2026  FULL HISTORY For Aevah.xlsx",2026-09-30
2025-05-01T00:00:00Z,HARMONS NEIGHBORHOOD GROCER,HARMONS NEIGHBORHOOD GROCER May 2025 Bar TPR,,Complete - Unsettled (Open),2025-05-01,2025-05-30,2025-04-17,2025-04-30,5418.4472,1868.0026513888888,5787.56,5233.92,0.0,5787.56,5787.56,-369.1128,-2237.1154513888887,0.0,368.32,-0.8,Demand actual total was changed by System Administrator,2026-09-22,,,642,"Promotions,_Sep_30,_2026  FULL HISTORY For Aevah.xlsx",2026-09-30
2025-05-01T00:00:00Z,MAVERIK,MAVERIK May 2025 Puff TPR,,Complete - Unsettled (Open),2025-05-01,2025-05-30,2025-04-17,2025-04-30,209849.976,53392.97015555555,12200.58,9508.79,0.0,12200.58,31103.01,178746.966,125353.99584444445,0.0,-178748.81,0.39,Demand actual total was changed by System Administrator,2026-09-22,,,643,"Promotions,_Sep_30,_2026  FULL HISTORY For Aevah.xlsx",2026-09-30
2025-05-01T00:00:00Z,CVS,CVS May 2025 Puff TPR,,Complete - Unsettled (Open),2025-05-01,2025-05-15,2025-04-17,2025-04-30,92018.5552,22094.27247986111,21399.66,9920.9,9695.15,21399.66,21399.66,70618.8952,48524.62272013889,0.0,-70618.42,-0.25,Demand planned base volume was changed by System Administrator,2026-09-28,,2025-09-12,644,"Promotions,_Sep_30,_2026  FULL HISTORY For Aevah.xlsx",2026-09-30
2025-01-01T00:00:00Z,HARMONS NEIGHBORHOOD GROCER,HARMONS NEIGHBORHOOD GROCER January 2025 Puff TPR,,Complete - Unsettled (Open),2025-01-01,2025-01-31,2024-12-18,2024-12-31,4174.620599999999,0.0,12281.33,14427.79,0.0,12281.33,12281.33,-8106.7094,-8106.7094,0.0,12281.33,-0.89,Demand planned base volume was changed by System Administrator,2026-09-28,,,645,"Promotions,_Sep_30,_2026  FULL HISTORY For Aevah.xlsx",2026-09-30
2025-07-01T00:00:00Z,HARMONS NEIGHBORHOOD GROCER,HARMONS NEIGHBORHOOD GROCER July 2025 Bar TPR,,Complete - Unsettled (Open),2025-07-01,2025-07-31,2025-06-17,2025-06-30,0.0,0.0,3000.0,3000.0,15.25,3000.0,3000.0,-3000.0,-3000.0,0.0,3000.0,-1.0,Demand actual total was changed by System Administrator,2026-09-22,,2025-08-05,646,"Promotions,_Sep_30,_2026  FULL HISTORY For Aevah.xlsx",2026-09-30
2025-09-01T00:00:00Z,HARMONS NEIGHBORHOOD GROCER,HARMONS NEIGHBORHOOD GROCER September 2025 Puff TPR,,Complete - Unsettled (Open),2025-09-01,2025-09-30,2025-08-18,2025-08-31,105770.4368,27745.79951611111,20373.61,12656.11,11620.5,20373.61,20373.61,85396.8268,57651.027283888885,0.0,-85395.65,0.28,Demand actual total was changed by System Administrator,2026-09-22,,2025-09-30,648,"Promotions,_Sep_30,_2026  FULL HISTORY For Aevah.xlsx",2026-09-30
2025-09-01T00:00:00Z,MAVERIK,MAVERIK September 2025 Puff TPR,,Complete - Unsettled (Open),2025-09-01,2025-09-30,2025-08-18,2025-08-31,292804.9224,79683.23921458334,17023.55,7460.72,0.0,17023.55,72582.25,220222.6724,140539.43318541668,0.0,-249462.37,0.15,Demand planned base volume was changed by System Administrator,2026-09-28,,,649,"Promotions,_Sep_30,_2026  FULL HISTORY For Aevah.xlsx",2026-09-30
2025-01-01T00:00:00Z,CVS,CVS January 2025 Puff TPR,,Complete - Unsettled (Open),2025-01-01,2025-01-15,2024-12-18,2024-12-31,4312.286533333333,0.0,12034.29,8716.35,0.0,12034.29,12034.29,-7722.003466666665,-7722.003466666665,0.0,12034.29,-0.92,Demand actual total was changed by System Administrator,2026-09-22,,,650,"Promotions,_Sep_30,_2026  FULL HISTORY For Aevah.xlsx",2026-09-30
2025-10-01T00:00:00Z,NORTHWEST GROCERS,NORTHWEST GROCERS October 2025 Puff TPR,,Complete - Unsettled (Open),2025-10-01,2025-10-31,2025-09-17,2025-09-30,16620.6352,4261.14586875,3285.47,0.0,0.0,3285.47,3368.0,13252.6352,8991.48933125,0.0,-14904.67,-0.14,Demand actual total was changed by System Administrator,2026-09-30,,,652,"Promotions,_Sep_30,_2026  FULL HISTORY For Aevah.xlsx",2026-09-30
2025-05-01T00:00:00Z,BIG Y,Big Y June 2025 Puff TPR,,Complete - Unsettled (Open),2025-05-01,2025-06-11,2025-04-17,2025-04-30,17888.1376,4545.966386787999,2080.02,5098.09,11486.57,11486.57,2173.58,15714.5576,11168.591213212,0.0,-15553.93,0.06,Demand planned base volume was changed by System Administrator,2026-09-28,,2025-07-19,653,"Promotions,_Sep_30,_2026  FULL HISTORY For Aevah.xlsx",2026-09-30
2025-11-01T00:00:00Z,HARMONS NEIGHBORHOOD GROCER,HARMONS NEIGHBORHOOD GROCER November 2025 Puff TPR,,Complete - Unsettled (Open),2025-11-01,2025-11-30,2025-10-18,2025-10-31,86128.7936,22574.758085444446,15518.72,10578.33,3000.0,15518.72,15518.73,70610.0636,48035.305514555555,0.0,-70614.47,-0.05,Demand planned base volume was changed by System Administrator,2026-09-28,,2025-10-28,654,"Promotions,_Sep_30,_2026  FULL HISTORY For Aevah.xlsx",2026-09-30
2025-03-01T00:00:00Z,HARMONS NEIGHBORHOOD GROCER,HARMONS NEIGHBORHOOD GROCER March 2025 Bar TPR,,Complete - Unsettled (Open),2025-03-01,2025-03-30,2025-02-15,2025-02-28,4051.6664,1396.6695805555555,3588.9,4016.11,1626.25,3588.9,3588.9,462.7664,-933.9031805555555,0.0,-460.67,-0.83,Demand planned incremental was changed by System Administrator,2026-09-28,,2025-03-27,655,"Promotions,_Sep_30,_2026  FULL HISTORY For Aevah.xlsx",2026-09-30
2025-08-01T00:00:00Z,MAVERIK,MAVERIK August 2025 Puff TPR,,Complete - Unsettled (Open),2025-08-01,2025-08-30,2025-07-18,2025-07-31,288301.9452,78457.81173611112,16761.74,8004.67,0.0,16761.74,42703.35,245598.5952,167140.7834638889,0.0,-245626.11,0.36,Demand planned base volume was changed by System Administrator,2026-09-28,,,656,"Promotions,_Sep_30,_2026  FULL HISTORY For Aevah.xlsx",2026-09-30
2025-08-01T00:00:00Z,NORTHWEST GROCERS,NORTHWEST GROCERS August 2025 Puff TPR,,Complete - Unsettled (Open),2025-08-01,2025-08-31,2025-07-18,2025-07-31,16813.774,4310.282683333333,3323.65,0.0,756.0,3323.65,3482.28,13331.494,9021.211316666666,0.0,-14847.15,-0.14,Demand actual total was changed by System Administrator,2026-09-30,,2025-08-21,657,"Promotions,_Sep_30,_2026  FULL HISTORY For Aevah.xlsx",2026-09-30
2025-09-01T00:00:00Z,HARMONS NEIGHBORHOOD GROCER,HARMONS NEIGHBORHOOD GROCER September 2025 Bar TPR,,Complete - Unsettled (Open),2025-09-01,2025-09-30,2025-08-18,2025-08-31,0.0,0.0,5000.0,5000.0,1239.0,5000.0,5000.0,-5000.0,-5000.0,0.0,5000.0,-1.0,Demand actual total was changed by System Administrator,2026-09-22,,2025-09-30,658,"Promotions,_Sep_30,_2026  FULL HISTORY For Aevah.xlsx",2026-09-30
2025-04-01T00:00:00Z,MAVERIK,MAVERIK April 2025 Puff TPR,,Complete - Unsettled (Open),2025-04-01,2025-04-30,2025-03-18,2025-03-31,200856.4056,51104.699316666665,11677.7,9723.31,0.0,11677.7,29770.01,171086.3956,119981.69628333334,0.0,-171086.08,0.39,Demand actual total was changed by System Administrator,2026-09-22,,,659,"Promotions,_Sep_30,_2026  FULL HISTORY For Aevah.xlsx",2026-09-30
2025-04-02T00:00:00Z,HEB,HEB April 2025 Puff Coupon,,Complete - Unsettled (Open),2025-04-02,2025-04-29,2025-04-02,2025-04-15,498910.4928,133593.01976875,203044.97,583376.03,37414.1,203044.97,205522.6,293387.8928,159794.87303125003,0.0,204454.99,0.19,Demand actual total was changed by System Administrator,2026-09-30,,2025-04-23,660,"Promotions,_Sep_30,_2026  FULL HISTORY For Aevah.xlsx",2026-09-30
2024-12-22T00:00:00Z,KEHE DISTRIBUTORS,KeHE Jan 2025 15% OI,,Complete - Unsettled (Open),2024-12-22,2025-01-25,2024-11-25,2024-12-27,247865.0832,0.0,37207.05,353.79,3818.58,37207.05,37207.04,210658.0432,210658.0432,248592.84435062,37934.80115062,0.0,Supply planned estimated shipment was changed by System Administrator,2026-09-28,,2025-09-25,662,"Promotions,_Sep_30,_2026  FULL HISTORY For Aevah.xlsx",2026-09-30
2025-04-27T00:00:00Z,KEHE DISTRIBUTORS,KeHE May 2025 15% OI,,Complete - Unsettled (Open),2025-04-27,2025-05-24,2025-03-31,2025-05-02,938294.424,253528.971853232,55839.77,102022.57,607255.72,607255.72,78215.08,860079.344,606550.372146768,955983.87365593,73529.20965593,0.0,Entry status was set by System Automation,2025-05-25,,2025-05-28,663,"Promotions,_Sep_30,_2026  FULL HISTORY For Aevah.xlsx",2026-09-30
2025-07-27T00:00:00Z,KEHE DISTRIBUTORS,KeHE Aug 2025 15% OI,,Complete - Unsettled (Open),2025-07-27,2025-08-23,2025-06-30,2025-08-01,802156.2624,210270.90130052803,10039.9,69228.44,15004.65,15004.65,14023.49,788132.7724,577861.871099472,843371.64449817,51255.29209817,0.0,Entry status was set by System Automation,2025-08-24,,2025-08-10,664,"Promotions,_Sep_30,_2026  FULL HISTORY For Aevah.xlsx",2026-09-30
2024-12-22T00:00:00Z,UNFI,UNFI Jan 2025 15% OI,,Complete - Unsettled (Open),2024-12-22,2025-01-25,2024-11-25,2024-12-27,58865.4864,0.0,8837.14,18.36,392.55,8837.14,8837.22,50028.2664,50028.2664,59383.11961696,9354.85321696,0.0,Entry status was set by System Automation,2025-05-07,,2025-05-30,665,"Promotions,_Sep_30,_2026  FULL HISTORY For Aevah.xlsx",2026-09-30
2025-04-27T00:00:00Z,UNFI,UNFI May 2025 15% OI,,Complete - Unsettled (Open),2025-04-27,2025-05-24,2025-03-31,2025-05-02,335615.5008,90900.717264304,13037.62,1152.12,8631.83,13037.62,14776.66,320838.8408,229938.123535696,349254.80360026,26676.96280026,0.0,Entry status was set by System Automation,2025-05-25,,2025-07-09,666,"Promotions,_Sep_30,_2026  FULL HISTORY For Aevah.xlsx",2026-09-30
2025-07-27T00:00:00Z,UNFI,UNFI Aug 2025 15% OI,,Complete - Unsettled (Open),2025-07-27,2025-08-23,2025-06-30,2025-08-01,342562.2144,91722.385710512,12275.63,2165.16,24642.85,24642.85,13912.46,328649.7544,236927.368689488,356485.42071763,26198.85631763,0.0,Entry status was set by System Automation,2025-08-24,,2025-10-17,667,"Promotions,_Sep_30,_2026  FULL HISTORY For Aevah.xlsx",2026-09-30
2025-12-08T00:00:00Z,PUBLIX,Publix December 2025 4 pk TPR,,Complete - Unsettled (Open),2025-12-08,2025-12-14,2025-11-23,2025-12-07,108702.112,31946.716949999998,62741.6,43204.8,0.0,62741.6,62741.6,45960.512,14013.79505,0.0,-45960.65,-0.62,Demand actual total was changed by System Administrator,2026-09-22,,,668,"Promotions,_Sep_30,_2026  FULL HISTORY For Aevah.xlsx",2026-09-30
2025-11-06T00:00:00Z,PUBLIX,Publix November 2025 Singles TPR,,Complete - Unsettled (Open),2025-11-06,2025-11-12,2025-10-23,2025-11-05,33778.8564,8164.9049958333335,15514.71,25761.88,94628.16,94628.16,15514.7,18264.1564,10099.251404166667,0.0,-18263.9,-0.45,Demand actual total was changed by System Administrator,2026-09-22,,2026-03-06,669,"Promotions,_Sep_30,_2026  FULL HISTORY For Aevah.xlsx",2026-09-30
2025-11-03T00:00:00Z,Giant Foods,2025 Giant Foods TPR November Singles,,Draft,2025-11-03,2025-11-28,2025-10-20,2025-11-02,0.0,0.0,0.0,0.0,0.0,0.0,0.0,0.0,0.0,0.0,0.0,0.0,Demand actual total was changed by System Administrator,2026-09-30,,,671,"Promotions,_Sep_30,_2026  FULL HISTORY For Aevah.xlsx",2026-09-30
2025-09-01T00:00:00Z,KWIK TRIP,KWIK TRIP September 2025 TPR,,Draft,2025-09-01,2025-09-30,2025-08-20,2025-08-31,63649.0128,15260.690036805556,6290.89,39070.08,0.0,6290.89,8834.99,54814.0228,39553.33276319445,97323.4656,42509.6556,1.34,Demand actual total was changed by System Administrator,2026-09-30,,,675,"Promotions,_Sep_30,_2026  FULL HISTORY For Aevah.xlsx",2026-09-30
2027-01-01T00:00:00Z,WEGMANS,WEGMANS January 2027 TPR,,Draft,2027-01-01,2027-01-31,2026-12-18,2026-12-31,8394.5976,2141.6281022129997,2537.9,2537.9,0.0,2537.9,2672.72,5721.8776,3580.2494977869997,0.0,-5719.12,-0.19,Demand planned base volume was changed by System Administrator,2026-09-28,,,676,"Promotions,_Sep_30,_2026  FULL HISTORY For Aevah.xlsx",2026-09-30
2025-05-12T00:00:00Z,Costco Canada,Costco Canada May 2025 DMVM,,Complete - Unsettled (Open),2025-05-12,2025-05-25,2025-05-12,2025-05-25,0.0,0.0,0.0,0.0,662032.7,662032.7,0.0,0.0,0.0,0.0,0.0,0.0,Demand actual total was changed by System Administrator,2026-09-30,,2025-05-27,678,"Promotions,_Sep_30,_2026  FULL HISTORY For Aevah.xlsx",2026-09-30
2026-02-04T00:00:00Z,Albertsons Corporate,February 2026 $8.99 TPR + $1 Digital 4ct,,Complete - Unsettled (Open),2026-02-04,2026-03-03,2026-02-04,2026-03-03,436893.8064,128932.05170000001,69087.13,55304.74,2339.84,69087.13,86633.07,350260.7364,221328.6847,657314.6274,307602.2074,0.38,Supply planned estimated shipment was changed by System Administrator,2026-09-28,,2026-03-01,898,"Promotions,_Sep_30,_2026  FULL HISTORY For Aevah.xlsx",2026-09-30
2026-03-04T00:00:00Z,Albertsons Corporate,March 2026 National Event,,Complete - Unsettled (Open),2026-03-04,2026-03-31,2026-03-04,2026-03-31,1010205.948,298231.30795,192139.45,62986.85,40000.0,192139.45,232709.97,777495.978,479264.67005,1367733.9252,590237.7452,1.24,Supply planned estimated shipment was changed by System Administrator,2026-09-28,3.18.26 Digital Shopper Marketing Agreement.pdf,2026-03-17,899,"Promotions,_Sep_30,_2026  FULL HISTORY For Aevah.xlsx",2026-09-30
2026-01-01T00:00:00Z,Lowes Foods,Lowes Foods January 2026 TPR,,Complete - Unsettled (Open),2026-01-01,2026-01-15,2026-01-01,2026-01-15,6964.7444,1783.3785527777777,2429.56,2204.74,0.0,2429.56,2429.56,4535.1844,2751.805847222222,8095.68,3562.96,-0.39,Supply planned estimated shipment was changed by System Administrator,2026-09-28,,,903,"Promotions,_Sep_30,_2026  FULL HISTORY For Aevah.xlsx",2026-09-30
2026-03-01T00:00:00Z,Lowes Foods,Lowes Foods March 2026 TPR,,Complete - Unsettled (Open),2026-03-01,2026-03-15,2026-03-01,2026-03-15,5362.788,1377.2390534722222,779.47,908.5,0.0,779.47,779.48,4583.308,3206.068946527778,7790.4,3210.08,0.46,Demand planned base volume was changed by System Administrator,2026-09-28,,,904,"Promotions,_Sep_30,_2026  FULL HISTORY For Aevah.xlsx",2026-09-30
2026-05-01T00:00:00Z,Lowes Foods,Lowes Foods May 2026 TPR + Ad,,Complete - Unsettled (Open),2026-05-01,2026-05-15,2026-05-01,2026-05-15,7254.5644,1858.4481513888886,2054.45,1829.97,0.0,2054.45,2054.45,5200.1144,3341.666248611111,10544.4,5344.3,-0.12,Demand planned incremental was changed by System Administrator,2026-09-28,,,905,"Promotions,_Sep_30,_2026  FULL HISTORY For Aevah.xlsx",2026-09-30
2026-07-01T00:00:00Z,Lowes Foods,Lowes Foods July 2026 TPR + L2G Sampling,,Complete - Unsettled (Open),2026-07-01,2026-07-15,2026-07-01,2026-07-15,13788.5004,1734.5588333333333,4504.15,3203.26,0.0,4504.15,4504.15,9284.3504,7549.791566666666,22040.8704,12756.6704,-0.24,Entry status was set by System Automation,2026-07-16,,,906,"Promotions,_Sep_30,_2026  FULL HISTORY For Aevah.xlsx",2026-09-30
2026-09-01T00:00:00Z,Lowes Foods,Lowes Foods September 2026 TPR,,Complete - Unsettled (Open),2026-09-01,2026-09-15,2026-09-01,2026-09-15,13788.6036,1734.5588333333333,2004.15,2004.15,0.0,2004.15,2004.15,11784.4536,10049.894766666666,22040.8704,10256.6704,0.72,Demand planned incremental was changed by System Administrator,2026-09-28,,,907,"Promotions,_Sep_30,_2026  FULL HISTORY For Aevah.xlsx",2026-09-30
2026-01-22T00:00:00Z,PUBLIX,January 2026 Puff Singles BOGO,,Complete - Unsettled (Open),2026-01-22,2026-01-28,2026-01-22,2026-01-28,273319.0768,72602.76342083333,214523.68,252026.65,495531.0,495531.0,214523.69,58795.3868,-13807.376620833333,427463.3808,368664.7608,-0.2,Supply planned estimated shipment was changed by System Administrator,2026-09-28,,2026-02-02,908,"Promotions,_Sep_30,_2026  FULL HISTORY For Aevah.xlsx",2026-09-30
2026-04-16T00:00:00Z,PUBLIX,April 2026 Puff Singles 2/$4 TPR + Shippers,,Complete - Unsettled (Open),2026-04-16,2026-04-22,2026-04-16,2026-04-22,179194.1752,32348.699374305554,71886.03,52910.21,72775.68,72775.68,71886.03,107308.1452,74959.44582569445,241778.304,134472.814,0.41,Supply planned estimated shipment was changed by System Administrator,2026-09-28,,2026-04-27,909,"Promotions,_Sep_30,_2026  FULL HISTORY For Aevah.xlsx",2026-09-30
2026-06-04T00:00:00Z,PUBLIX,June 2026 Puff NEW ITEM PROGRAM - Sour Singles BOGO + Sour Shippers,,Complete - Unsettled (Open),2026-06-04,2026-06-10,2026-06-04,2026-06-10,51064.048,0.0,100079.34,137194.39,125621.55,125621.55,100079.34,-49015.292,-49015.292,88764.2496,137781.8796,-0.56,Supply planned estimated shipment was changed by System Administrator,2026-09-28,,2026-06-15,910,"Promotions,_Sep_30,_2026  FULL HISTORY For Aevah.xlsx",2026-09-30
2026-06-11T00:00:00Z,PUBLIX,June 2026 Puff Singles 2/$4 TPR + Ice Cream Shippers,,Complete - Unsettled (Open),2026-06-11,2026-07-04,2026-06-11,2026-07-04,614379.958,110909.81224027778,246466.36,154475.49,193954.17,246466.36,246466.36,367913.598,257003.78575972226,714395.52,346481.72,0.41,Supply planned estimated shipment was changed by System Administrator,2026-09-28,,2026-07-06,911,"Promotions,_Sep_30,_2026  FULL HISTORY For Aevah.xlsx",2026-09-30
2026-08-13T00:00:00Z,PUBLIX,August 2026 Puff Singles BOGO + Shippers,,Complete - Unsettled (Open),2026-08-13,2026-08-26,2026-08-13,2026-08-26,474128.32,73228.75166666666,372135.6,733472.98,954813.15,954813.15,372135.6,101992.72,28763.968333333334,666304.3872,564311.1272,-0.14,Supply planned estimated shipment was changed by System Administrator,2026-09-28,,2026-09-01,912,"Promotions,_Sep_30,_2026  FULL HISTORY For Aevah.xlsx",2026-09-30
2026-11-05T00:00:00Z,PUBLIX,November 2026 Puff Singles BOGO,,Planned,2026-11-05,2026-11-11,2026-11-05,2026-11-11,260770.576,40275.813416666664,204674.57,204674.57,0.0,204674.57,204674.59,56095.986,15820.172583333333,366464.6928,310369.3928,-0.12,Demand actual total was changed by System Administrator,2026-09-22,,,913,"Promotions,_Sep_30,_2026  FULL HISTORY For Aevah.xlsx",2026-09-30
2026-01-08T00:00:00Z,PUBLIX,January 2026 Puff 4-Pack TPR,,Complete - Unsettled (Open),2026-01-08,2026-01-14,2026-01-08,2026-01-14,276881.1608,82333.2444,83397.94,49565.7,62750.0,83397.94,83397.94,193483.2208,111149.97640000001,374873.8302,181390.5502,0.4,Demand actual total was changed by System Administrator,2026-09-22,,2026-01-19,914,"Promotions,_Sep_30,_2026  FULL HISTORY For Aevah.xlsx",2026-09-30
2026-03-05T00:00:00Z,PUBLIX,March 2026 Puff 4-Pack TPR,,Complete - Unsettled (Open),2026-03-05,2026-03-11,2026-03-05,2026-03-11,186462.7536,47882.725666666665,84245.22,87552.84,120336.0,120336.0,84245.22,102217.5336,54334.80793333334,218167.8816,115949.9516,-0.18,Demand actual total was changed by System Administrator,2026-09-22,,2026-03-16,915,"Promotions,_Sep_30,_2026  FULL HISTORY For Aevah.xlsx",2026-09-30
2026-05-14T00:00:00Z,PUBLIX,May 2026 Puff 4-Pack TPR,,Complete - Unsettled (Open),2026-05-14,2026-05-20,2026-05-14,2026-05-20,258553.3,75726.07875,77877.5,37821.18,58372.97,77877.5,77877.5,180675.8,104949.72125,350059.2726,169383.5326,0.41,Demand actual total was changed by System Administrator,2026-09-22,,2026-05-30,916,"Promotions,_Sep_30,_2026  FULL HISTORY For Aevah.xlsx",2026-09-30
2026-07-23T00:00:00Z,PUBLIX,July 2026 Puff 4-Pack TPR + Shippers,,Complete - Unsettled (Open),2026-07-23,2026-07-29,2026-07-23,2026-07-29,188818.36,49491.96666666667,56873.0,30962.52,44616.0,56873.0,56873.0,131945.36,82453.39333333334,225383.4354,93438.3354,0.47,Demand actual total was changed by System Administrator,2026-09-21,,2026-08-03,917,"Promotions,_Sep_30,_2026  FULL HISTORY For Aevah.xlsx",2026-09-30
2026-09-17T00:00:00Z,PUBLIX,September 2026 Puff 4-Pack TPR,,Complete - Unsettled (Open),2026-09-17,2026-09-23,2026-09-17,2026-09-23,207700.196,54441.16333333333,62560.3,62560.3,0.0,62560.3,62560.3,145139.896,90698.73266666666,247922.8038,102782.4438,0.56,Entry status was set by System Automation,2026-09-24,,,918,"Promotions,_Sep_30,_2026  FULL HISTORY For Aevah.xlsx",2026-09-30
2026-10-22T00:00:00Z,PUBLIX,October 2026 Puff 4-Pack TPR,,Planned,2026-10-22,2026-10-28,2026-10-22,2026-10-28,188818.36,49491.96666666667,56873.0,56873.0,0.0,56873.0,56873.0,131945.36,82453.39333333334,225383.4354,93438.3354,0.47,Demand actual total was changed by System Administrator,2026-09-22,,,919,"Promotions,_Sep_30,_2026  FULL HISTORY For Aevah.xlsx",2026-09-30
2026-01-07T00:00:00Z,HEB,HEB January 2026 Coupon,,Complete - Unsettled (Open),2026-01-07,2026-01-27,2026-01-07,2026-01-27,736825.2616,197800.61893194445,264896.59,25279.44,67291.22,264896.59,264896.59,471928.6716,274128.0526680556,0.0,266562.54,0.29,Demand actual total was changed by System Administrator,2026-09-30,,2026-03-04,922,"Promotions,_Sep_30,_2026  FULL HISTORY For Aevah.xlsx",2026-09-30
2026-01-01T00:00:00Z,HEB,HEB January 2026 4 Pack Coupon,,Complete - Unsettled (Open),2026-01-01,2026-01-14,2026-01-01,2026-01-14,23208.6592,7048.4841,1450.54,87.56,14935.52,14935.52,1450.54,21758.1192,14709.6351,0.0,1692.3,0.86,Demand actual total was changed by System Administrator,2026-09-30,,2026-01-22,926,"Promotions,_Sep_30,_2026  FULL HISTORY For Aevah.xlsx",2026-09-30
2026-02-01T00:00:00Z,"BJ's WholeSale Club, Inc",BJ's February 2026 13 count Coupon,,Complete - Unsettled (Open),2026-02-01,2026-03-02,2026-02-01,2026-03-02,312696.342,0.0,35453.1,163800.0,138044.32,138044.32,35453.1,277243.242,277243.242,0.0,70906.2,1.94,Demand actual total was changed by System Administrator,2026-09-30,,2026-03-21,934,"Promotions,_Sep_30,_2026  FULL HISTORY For Aevah.xlsx",2026-09-30
2026-07-28T00:00:00Z,"BJ's WholeSale Club, Inc",BJ's August 2026 13 count Coupon,,Complete - Unsettled (Open),2026-07-28,2026-08-31,2026-07-13,2026-07-17,642570.9230769231,0.0,117001.5,116691.75,72001.12,117001.5,117001.5,525569.4230769231,525569.4230769231,1038921.7804,513352.4104,1.35,Demand actual base volume was changed by System Administrator,2026-09-21,,2026-08-08,935,"Promotions,_Sep_30,_2026  FULL HISTORY For Aevah.xlsx",2026-09-30
2026-01-01T00:00:00Z,"ASSOCIATED FOOD STORES, INC.","ASSOCIATED FOOD STORES, INC. January 2026 Puff Singles TPR",,Complete - Unsettled (Open),2026-01-01,2026-01-31,2026-01-01,2026-01-31,45597.9396,12207.673682638888,17055.22,3921.5,0.0,17055.22,17055.21,28542.7296,16335.055917361111,53017.92,24477.72,-0.35,Demand actual total was changed by System Administrator,2026-09-30,,,936,"Promotions,_Sep_30,_2026  FULL HISTORY For Aevah.xlsx",2026-09-30
2026-04-01T00:00:00Z,"ASSOCIATED FOOD STORES, INC.","ASSOCIATED FOOD STORES, INC. April 2026 Puff Singles TPR",,Complete - Unsettled (Open),2026-04-01,2026-04-30,2026-04-01,2026-04-30,57880.9928,10500.860123611112,10845.51,778.8,16350.0,16350.0,10845.51,47035.4828,36534.622676388884,84128.4,37093.58,0.46,Demand actual total was changed by System Administrator,2026-09-30,,2026-05-03,937,"Promotions,_Sep_30,_2026  FULL HISTORY For Aevah.xlsx",2026-09-30
2026-07-01T00:00:00Z,"ASSOCIATED FOOD STORES, INC.","ASSOCIATED FOOD STORES, INC. July 2026 Puff Singles TPR",,Complete - Unsettled (Open),2026-07-01,2026-07-31,2026-07-01,2026-07-31,55980.7368,9642.202602083333,10514.08,826.2,22809.84,22809.84,10514.09,45466.6468,35824.444197916666,81363.6,35899.55,0.02,Demand planned base volume was changed by System Administrator,2026-09-28,,2026-07-28,938,"Promotions,_Sep_30,_2026  FULL HISTORY For Aevah.xlsx",2026-09-30
2026-09-01T00:00:00Z,"ASSOCIATED FOOD STORES, INC.","ASSOCIATED FOOD STORES, INC. September 2026 Puff Singles TPR",,In progress,2026-09-01,2026-09-30,2026-09-01,2026-09-30,43526.9736,7497.151062499999,8341.93,8341.93,0.0,8341.93,8341.93,35185.0436,27687.8925375,63262.8,28079.92,0.0,Demand planned incremental was changed by System Administrator,2026-09-28,,,939,"Promotions,_Sep_30,_2026  FULL HISTORY For Aevah.xlsx",2026-09-30
2026-12-01T00:00:00Z,"ASSOCIATED FOOD STORES, INC.","ASSOCIATED FOOD STORES, INC. December 2026 Puff Singles TPR",,Planned,2026-12-01,2026-12-31,2026-12-01,2026-12-31,46477.0316,8005.242954861111,8856.47,8856.47,0.0,8856.47,8856.47,37620.5616,29615.31864513889,67554.0,29933.31,0.0,Demand actual total was changed by System Administrator,2026-09-30,,,940,"Promotions,_Sep_30,_2026  FULL HISTORY For Aevah.xlsx",2026-09-30
2026-02-01T00:00:00Z,"ASSOCIATED FOOD STORES, INC.","ASSOCIATED FOOD STORES, INC. February 2026 Puff 4-Pack TPR",,Complete - Unsettled (Open),2026-02-01,2026-02-28,2026-02-01,2026-02-28,21956.0232,6561.621916666666,3306.63,194.0,26612.04,26612.04,3306.63,18649.3932,12087.771283333333,29726.8734,11077.2834,0.33,Demand actual total was changed by System Administrator,2026-09-30,,2026-03-08,941,"Promotions,_Sep_30,_2026  FULL HISTORY For Aevah.xlsx",2026-09-30
2026-05-01T00:00:00Z,"ASSOCIATED FOOD STORES, INC.","ASSOCIATED FOOD STORES, INC. May 2026 Puff 4-Pack TPR",,Complete - Unsettled (Open),2026-05-01,2026-05-31,2026-05-01,2026-05-31,26727.2616,7987.512216666667,4025.19,452.0,0.0,4025.19,4025.19,22702.0716,14714.559383333333,36187.2672,13484.5972,0.33,Demand actual total was changed by System Administrator,2026-09-30,,,942,"Promotions,_Sep_30,_2026  FULL HISTORY For Aevah.xlsx",2026-09-30
2026-08-01T00:00:00Z,"ASSOCIATED FOOD STORES, INC.","ASSOCIATED FOOD STORES, INC. August 2026 Puff 4-Pack TPR",,Complete - Unsettled (Open),2026-08-01,2026-08-31,2026-08-01,2026-08-31,26615.7096,7954.173816666666,4008.39,259.0,9950.52,9950.52,4008.39,22607.3196,14653.145783333333,36035.1564,13428.0364,0.33,Demand planned base volume was changed by System Administrator,2026-09-28,,2026-08-09,943,"Promotions,_Sep_30,_2026  FULL HISTORY For Aevah.xlsx",2026-09-30
2026-10-01T00:00:00Z,"ASSOCIATED FOOD STORES, INC.","ASSOCIATED FOOD STORES, INC. October 2026 Puff 4-Pack TPR",,Planned,2026-10-01,2026-10-31,2026-10-01,2026-10-31,26029.7296,7779.045999999999,3920.14,3920.14,0.0,3920.14,3920.14,22109.5896,14330.5436,35242.2384,13132.5184,0.33,Demand actual total was changed by System Administrator,2026-09-30,,,944,"Promotions,_Sep_30,_2026  FULL HISTORY For Aevah.xlsx",2026-09-30
2026-02-01T00:00:00Z,Earth Fare,Earth Fare February 2026 Puff Singles TPR,,Complete - Unsettled (Open),2026-02-01,2026-02-28,2026-02-01,2026-02-28,1878.24,477.8841666666666,513.24,0.0,0.0,513.24,550.87,1327.37,849.4858333333333,2728.8,1402.15,-0.24,Demand actual total was changed by System Administrator,2026-09-30,,,945,"Promotions,_Sep_30,_2026  FULL HISTORY For Aevah.xlsx",2026-09-30
2026-05-01T00:00:00Z,Earth Fare,Earth Fare May 2026 Puff Singles TPR,,Complete - Unsettled (Open),2026-05-01,2026-05-31,2026-05-01,2026-05-31,1930.9752,491.30208749999997,527.66,0.0,0.0,527.66,833.9,1097.0752,605.7731124999999,2808.0,1709.88,-0.44,Demand actual total was changed by System Administrator,2026-09-30,,,946,"Promotions,_Sep_30,_2026  FULL HISTORY For Aevah.xlsx",2026-09-30
2026-07-01T00:00:00Z,Earth Fare,Earth Fare July 2026 Puff Singles TPR,,Complete - Unsettled (Open),2026-07-01,2026-07-31,2026-07-01,2026-07-31,1930.9064,491.2840777777778,527.64,0.0,0.0,527.64,566.36,1364.5464,873.2623222222222,2808.0,1442.35,-0.38,Demand actual total was changed by System Administrator,2026-09-10,,,947,"Promotions,_Sep_30,_2026  FULL HISTORY For Aevah.xlsx",2026-09-30
2026-10-01T00:00:00Z,Earth Fare,Earth Fare October 2026 Puff Singles TPR,,Planned,2026-10-01,2026-10-31,2026-10-01,2026-10-31,1930.9924,491.3062618055555,527.66,527.66,0.0,527.66,566.38,1364.6124,873.3061381944443,2808.0,1442.37,-0.38,Demand actual total was changed by System Administrator,2026-09-30,,,948,"Promotions,_Sep_30,_2026  FULL HISTORY For Aevah.xlsx",2026-09-30
2026-01-01T00:00:00Z,Fresh Thyme,Fresh Thyme January 2026 Puff Singles TPR,,Complete - Unsettled (Open),2026-01-01,2026-01-31,2026-01-01,2026-01-31,12727.2948,2883.2456777777775,3699.78,0.0,869.4,3699.78,6911.25,5816.0448,2932.7991222222217,22122.1728,16307.6128,-0.69,Demand planned base volume was changed by System Administrator,2026-09-28,,2026-02-05,949,"Promotions,_Sep_30,_2026  FULL HISTORY For Aevah.xlsx",2026-09-30
2026-04-01T00:00:00Z,Fresh Thyme,Fresh Thyme April 2026 Puff Singles TPR,,Complete - Unsettled (Open),2026-04-01,2026-04-30,2026-04-01,2026-04-30,13867.7924,3141.6159416666665,6047.01,0.0,0.0,6047.01,6772.78,7095.0124,3953.3964583333327,20152.8,13060.46,-0.71,Demand planned base volume was changed by System Administrator,2026-09-28,,,950,"Promotions,_Sep_30,_2026  FULL HISTORY For Aevah.xlsx",2026-09-30
2026-07-01T00:00:00Z,Fresh Thyme,Fresh Thyme August 2026 Puff Singles TPR,,Complete - Unsettled (Open),2026-07-01,2026-08-11,2026-07-01,2026-08-11,20103.446,4554.242501388889,3506.41,0.0,0.0,3506.41,5612.1,14491.346,9937.103498611112,29224.8,17698.67,-0.33,Demand planned incremental was changed by System Administrator,2026-09-28,,,951,"Promotions,_Sep_30,_2026  FULL HISTORY For Aevah.xlsx",2026-09-30
2026-09-01T00:00:00Z,Fresh Thyme,Fresh Thyme October 2026 Puff Singles TPR,,In progress,2026-09-01,2026-10-08,2026-09-01,2026-10-08,14293.4752,3238.048981944444,4155.06,4155.06,0.0,4155.06,4903.12,9390.3552,6152.306218055555,24843.312,15455.312,-0.66,Demand planned base volume was changed by System Administrator,2026-09-28,,,952,"Promotions,_Sep_30,_2026  FULL HISTORY For Aevah.xlsx",2026-09-30
2026-12-01T00:00:00Z,Fresh Thyme,Fresh Thyme January 2027 Puff Singles TPR,,Planned,2026-12-01,2027-01-08,2026-12-01,2027-01-08,13379.0716,3030.8988888888885,2333.56,2333.56,0.0,2333.56,2886.82,10492.2516,7461.352711111111,19447.2,9101.42,-0.29,Demand actual total was changed by System Administrator,2026-09-22,,,953,"Promotions,_Sep_30,_2026  FULL HISTORY For Aevah.xlsx",2026-09-30
2026-01-01T00:00:00Z,GELSONS,GELSONS January 2026 Puff Singles TPR,,Complete - Unsettled (Open),2026-01-01,2026-01-31,2026-01-01,2026-01-31,19717.994,5244.983255555555,3290.99,425.0,0.0,3290.99,5592.67,14125.324,8880.340744444446,28663.2,12792.97,0.45,Demand planned incremental was changed by System Administrator,2026-09-28,,,954,"Promotions,_Sep_30,_2026  FULL HISTORY For Aevah.xlsx",2026-09-30
2026-05-16T00:00:00Z,GELSONS,GELSONS June 2026 Puff Singles TPR,,Complete - Unsettled (Open),2026-05-16,2026-06-18,2026-05-16,2026-06-18,24942.0296,6625.6575347222215,7700.59,450.0,0.0,7700.59,9351.4,15590.6296,8964.972065277778,29004.48,12506.21,0.18,Demand actual total was changed by System Administrator,2026-09-22,,,955,"Promotions,_Sep_30,_2026  FULL HISTORY For Aevah.xlsx",2026-09-30
2026-08-01T00:00:00Z,GELSONS,GELSONS August 2026 Puff Singles TPR,,Complete - Unsettled (Open),2026-08-01,2026-08-31,2026-08-01,2026-08-31,19942.884,5297.672699999999,3348.68,450.0,0.0,3348.68,5703.92,14238.964,8941.2913,28990.8,12989.23,0.44,Entry status was set by System Automation,2026-09-01,,,956,"Promotions,_Sep_30,_2026  FULL HISTORY For Aevah.xlsx",2026-09-30
2026-10-01T00:00:00Z,GELSONS,GELSONS October 2026 Puff Singles TPR,,Planned,2026-10-01,2026-10-31,2026-10-01,2026-10-31,23282.9692,5181.066994444444,3834.15,3834.15,0.0,3834.15,4300.53,18982.4392,13801.372205555555,40472.64,19579.15,0.92,Demand planned incremental was changed by System Administrator,2026-09-28,,,957,"Promotions,_Sep_30,_2026  FULL HISTORY For Aevah.xlsx",2026-09-30
2026-02-01T00:00:00Z,GELSONS,GELSONS February 2026 Puff 4-Pack TPR,,Complete - Unsettled (Open),2026-02-01,2026-02-28,2026-02-01,2026-02-28,8779.1424,2562.168066666666,1086.07,425.0,0.0,1086.07,1262.39,7516.7524,4954.584333333333,11886.7578,3510.1678,1.29,Demand actual total was changed by System Administrator,2026-09-22,,,958,"Promotions,_Sep_30,_2026  FULL HISTORY For Aevah.xlsx",2026-09-30
2026-04-01T00:00:00Z,GELSONS,GELSONS April 2026 Puff 4-Pack TPR,,Complete - Unsettled (Open),2026-04-01,2026-04-30,2026-04-01,2026-04-30,9749.6448,2845.3991499999997,1159.17,425.0,0.0,1159.17,1354.93,8394.7148,5549.31565,13199.6574,3850.9774,1.38,Supply planned estimated shipment was changed by System Administrator,2026-09-28,,,959,"Promotions,_Sep_30,_2026  FULL HISTORY For Aevah.xlsx",2026-09-30
2026-07-01T00:00:00Z,GELSONS,GELSONS July 2026 Puff 4-Pack TPR,,Complete - Unsettled (Open),2026-07-01,2026-07-31,2026-07-01,2026-07-31,10329.7152,3014.699233333333,1202.84,425.0,0.0,1202.84,1410.26,8919.4552,5904.755966666666,13985.5632,4054.9232,1.43,Entry status was set by System Automation,2026-08-01,,,960,"Promotions,_Sep_30,_2026  FULL HISTORY For Aevah.xlsx",2026-09-30
2026-09-01T00:00:00Z,GELSONS,GELSONS September 2026 Puff 4-Pack TPR,,In progress,2026-09-01,2026-09-30,2026-09-01,2026-09-30,8031.744,2344.041,1029.8,1029.8,0.0,1029.8,1191.08,6840.664,4496.623,10874.304,3247.404,1.22,Entry status was set by System Automation,2026-09-01,,,961,"Promotions,_Sep_30,_2026  FULL HISTORY For Aevah.xlsx",2026-09-30
2026-01-01T00:00:00Z,HARMONS NEIGHBORHOOD GROCER,HARMONS NEIGHBORHOOD GROCER January 2026 Puff Singles TPR,,Complete - Unsettled (Open),2026-01-01,2026-01-31,2026-01-01,2026-01-31,58092.2088,13224.456956944445,13443.64,15482.42,0.0,13443.64,13443.65,44648.5588,31424.101843055556,67550.4,22900.69,0.11,Demand planned incremental was changed by System Administrator,2026-09-28,,,962,"Promotions,_Sep_30,_2026  FULL HISTORY For Aevah.xlsx",2026-09-30
2026-05-01T00:00:00Z,HARMONS NEIGHBORHOOD GROCER,HARMONS NEIGHBORHOOD GROCER May 2026 Puff Singles TPR,,Complete - Unsettled (Open),2026-05-01,2026-05-31,2026-05-01,2026-05-31,70541.8096,10454.911003472222,15253.19,11157.89,0.0,15253.19,15253.19,55288.6196,44833.70859652778,82022.4,26736.33,-0.21,Demand planned incremental was changed by System Administrator,2026-09-28,,,963,"Promotions,_Sep_30,_2026  FULL HISTORY For Aevah.xlsx",2026-09-30
2026-07-01T00:00:00Z,HARMONS NEIGHBORHOOD GROCER,HARMONS NEIGHBORHOOD GROCER July 2026 Puff Singles TPR,,Complete - Unsettled (Open),2026-07-01,2026-07-31,2026-07-01,2026-07-31,68185.53,10105.704579166666,14910.71,9784.69,0.0,14910.71,14910.67,53274.86,43169.15542083333,99104.4,45831.23,-0.22,Demand planned base volume was changed by System Administrator,2026-09-28,,,964,"Promotions,_Sep_30,_2026  FULL HISTORY For Aevah.xlsx",2026-09-30
2026-09-01T00:00:00Z,HARMONS NEIGHBORHOOD GROCER,HARMONS NEIGHBORHOOD GROCER September 2026 Puff Singles TPR,,In progress,2026-09-01,2026-09-30,2026-09-01,2026-09-30,53016.9704,7857.583288888888,12705.95,12705.95,0.0,12705.95,12705.95,40311.0204,32453.43711111111,61649.28,21336.84,-0.29,Demand planned incremental was changed by System Administrator,2026-09-28,,,965,"Promotions,_Sep_30,_2026  FULL HISTORY For Aevah.xlsx",2026-09-30
2026-11-01T00:00:00Z,HARMONS NEIGHBORHOOD GROCER,HARMONS NEIGHBORHOOD GROCER November 2026 Puff Singles TPR,,Planned,2026-11-01,2026-11-30,2026-11-01,2026-11-30,65961.8108,9776.111995138888,12587.46,12587.46,0.0,12587.46,12587.48,53374.3308,43598.21880486111,95871.6,42499.42,-0.11,Demand planned incremental was changed by System Administrator,2026-09-28,,,966,"Promotions,_Sep_30,_2026  FULL HISTORY For Aevah.xlsx",2026-09-30
2026-01-01T00:00:00Z,LANL,LANL January 2026 Puff Singles TPR,,Complete - Unsettled (Open),2026-01-01,2026-01-31,2026-01-01,2026-01-31,8129.6488,969.6660930555555,2182.41,150.0,400.0,2182.41,3971.43,4158.2188,3188.552706944444,11815.2,7657.11,0.16,Demand actual total was changed by System Administrator,2026-09-30,,2026-02-27,967,"Promotions,_Sep_30,_2026  FULL HISTORY For Aevah.xlsx",2026-09-30
2026-03-01T00:00:00Z,LANL,LANL March 2026 Puff Singles TPR,,Complete - Unsettled (Open),2026-03-01,2026-03-31,2026-03-01,2026-03-31,14001.0924,1669.9879145833333,5632.89,1400.0,1376.06,5632.89,5913.84,8087.2524,6417.2644854166665,16280.64,8192.0,0.41,Demand actual total was changed by System Administrator,2026-09-30,,2026-05-12,968,"Promotions,_Sep_30,_2026  FULL HISTORY For Aevah.xlsx",2026-09-30
2026-06-01T00:00:00Z,LANL,LANL June 2026 Puff Singles TPR,,Complete - Unsettled (Open),2026-06-01,2026-06-30,2026-06-01,2026-06-30,9032.9584,1077.4104805555553,2408.24,150.0,0.0,2408.24,2589.5,6443.4584,5366.047919444444,13129.2,6685.09,0.59,Demand actual total was changed by System Administrator,2026-09-30,,,969,"Promotions,_Sep_30,_2026  FULL HISTORY For Aevah.xlsx",2026-09-30
2026-08-01T00:00:00Z,LANL,LANL August 2026 Puff Singles TPR,,Complete - Unsettled (Open),2026-08-01,2026-08-31,2026-08-01,2026-08-31,9334.0272,1113.3169277777777,2483.51,150.0,0.0,2483.51,4537.99,4796.0372,3682.720272222222,13568.4,8770.58,0.17,Demand planned incremental was changed by System Administrator,2026-09-28,,,970,"Promotions,_Sep_30,_2026  FULL HISTORY For Aevah.xlsx",2026-09-30
2026-01-21T00:00:00Z,New Seasons,New Seasons January 2026 Puff Singles TPR,,Complete - Unsettled (Open),2026-01-21,2026-01-27,2026-01-21,2026-01-27,3746.16,306.1872916666667,1502.83,0.0,5516.8,5516.8,2327.57,1418.59,1112.402708333333,7167.9888,5747.8488,0.12,Demand actual total was changed by System Administrator,2026-09-30,,2026-07-16,971,"Promotions,_Sep_30,_2026  FULL HISTORY For Aevah.xlsx",2026-09-30
2026-05-01T00:00:00Z,New Seasons,New Seasons May 2026 Puff Singles TPR,,Complete - Unsettled (Open),2026-05-01,2026-05-31,2026-05-01,2026-05-31,13825.188,1129.9771736111109,4776.3,1320.0,0.0,4776.3,7819.6,6005.588,4875.610826388888,26450.0208,20440.5308,0.15,Demand actual total was changed by System Administrator,2026-09-30,,,972,"Promotions,_Sep_30,_2026  FULL HISTORY For Aevah.xlsx",2026-09-30
2026-09-01T00:00:00Z,New Seasons,New Seasons September 2026 Puff Singles TPR,,In progress,2026-09-01,2026-09-30,2026-09-01,2026-09-30,10703.2848,874.8207277777776,2675.82,2675.82,0.0,2675.82,2890.62,7812.6648,6937.844072222221,15559.2,7744.23,0.77,Demand planned incremental was changed by System Administrator,2026-09-28,,,973,"Promotions,_Sep_30,_2026  FULL HISTORY For Aevah.xlsx",2026-09-30
2026-02-01T00:00:00Z,Nugget Market,Nugget Market February 2026 Puff Singles TPR,,Complete - Unsettled (Open),2026-02-01,2026-02-28,2026-02-01,2026-02-28,3367.416,544.70975,2520.17,1600.0,0.0,2520.17,2587.71,779.706,234.99624999999997,4892.4,4113.87,-0.74,Demand actual total was changed by System Administrator,2026-09-30,,,974,"Promotions,_Sep_30,_2026  FULL HISTORY For Aevah.xlsx",2026-09-30
2026-05-01T00:00:00Z,Nugget Market,Nugget Market May 2026 Puff Singles TPR,,Complete - Unsettled (Open),2026-05-01,2026-05-31,2026-05-01,2026-05-31,3728.2032,603.0691236111111,1018.76,0.0,921.78,1018.76,1839.68,1888.5232,1285.4540763888888,5421.6,3530.92,-0.4,Demand actual total was changed by System Administrator,2026-09-30,,2026-07-17,975,"Promotions,_Sep_30,_2026  FULL HISTORY For Aevah.xlsx",2026-09-30
2026-07-01T00:00:00Z,Nugget Market,Nugget Market July 2026 Puff Singles TPR,,Complete - Unsettled (Open),2026-07-01,2026-07-31,2026-07-01,2026-07-31,3728.2204,603.0691236111111,1018.76,0.0,862.64,1018.76,1093.61,2634.6104,2031.5412763888887,5421.6,2784.85,-0.3,Demand actual total was changed by System Administrator,2026-09-10,,2026-08-26,976,"Promotions,_Sep_30,_2026  FULL HISTORY For Aevah.xlsx",2026-09-30
2026-10-01T00:00:00Z,Nugget Market,Nugget Market October 2026 Puff Singles TPR,,Planned,2026-10-01,2026-10-31,2026-10-01,2026-10-31,3728.2032,603.0732979166667,1018.75,1018.75,0.0,1018.75,1093.6,2634.6032,2031.529902083333,5421.6,2784.84,-0.3,Demand actual total was changed by System Administrator,2026-09-30,,,977,"Promotions,_Sep_30,_2026  FULL HISTORY For Aevah.xlsx",2026-09-30
2026-02-01T00:00:00Z,Raleys,Raleys February 2026 Puff Singles TPR,,Complete - Unsettled (Open),2026-02-01,2026-02-28,2026-02-01,2026-02-28,28720.56,2997.0187499999997,8011.28,6399.97,450.84,8011.28,8587.55,20133.01,17135.99125,41742.0,21608.74,0.05,Demand actual total was changed by System Administrator,2026-09-22,,2026-05-28,978,"Promotions,_Sep_30,_2026  FULL HISTORY For Aevah.xlsx",2026-09-30
2026-05-01T00:00:00Z,Raleys,Raleys May 2026 Puff Singles TPR,,Complete - Unsettled (Open),2026-05-01,2026-05-31,2026-05-01,2026-05-31,26498.062,2765.1006875,5546.11,4292.42,365.48,5546.11,11377.59,15120.472,12355.3713125,38512.8,23391.44,-0.29,Demand planned base volume was changed by System Administrator,2026-09-28,,2026-06-25,979,"Promotions,_Sep_30,_2026  FULL HISTORY For Aevah.xlsx",2026-09-30
2026-09-01T00:00:00Z,Raleys,Raleys September 2026 Puff Singles TPR,,In progress,2026-09-01,2026-09-30,2026-09-01,2026-09-30,25643.4112,2675.916675,7367.22,7367.22,0.0,7367.22,7881.76,17761.6512,15085.734525,37270.8,19508.17,-0.39,Demand planned base volume was changed by System Administrator,2026-09-28,,,980,"Promotions,_Sep_30,_2026  FULL HISTORY For Aevah.xlsx",2026-09-30
2026-07-01T00:00:00Z,Raleys,Raleys July 2026 Puff Singles TPR,,Complete - Unsettled (Open),2026-07-01,2026-07-31,2026-07-01,2026-07-31,26498.1308,2765.1089437499995,5546.13,4087.2,1075.41,5546.13,6077.82,20420.3108,17655.201856249998,38512.8,18091.68,-0.16,Demand actual total was changed by System Administrator,2026-09-21,,2026-07-25,981,"Promotions,_Sep_30,_2026  FULL HISTORY For Aevah.xlsx",2026-09-30
2026-01-09T00:00:00Z,Rosauers / Huckleberry's,Rosauers / Huckleberry's January 2026 Puff Singles TPR,,Complete - Unsettled (Open),2026-01-09,2026-01-11,2026-01-09,2026-01-11,497.5272,43.03950416666667,673.56,594.37,196.98,673.56,782.58,-285.0528,-328.0923041666666,573.12,860.28,-0.79,Demand planned base volume was changed by System Administrator,2026-09-28,,2026-03-10,982,"Promotions,_Sep_30,_2026  FULL HISTORY For Aevah.xlsx",2026-09-30
2026-02-01T00:00:00Z,Rosauers / Huckleberry's,Rosauers / Huckleberry's February 2026 Puff Singles TPR,,Complete - Unsettled (Open),2026-02-01,2026-02-28,2026-02-01,2026-02-28,3870.0,334.79375,1275.0,604.83,0.0,1275.0,1352.73,2517.27,2182.4762499999997,5607.8784,3086.5984,-0.45,Demand actual total was changed by System Administrator,2026-09-22,,,983,"Promotions,_Sep_30,_2026  FULL HISTORY For Aevah.xlsx",2026-09-30
2026-05-01T00:00:00Z,Rosauers / Huckleberry's,Rosauers / Huckleberry's May 2026 Puff Singles TPR,,Complete - Unsettled (Open),2026-05-01,2026-05-31,2026-05-01,2026-05-31,4284.5888,370.66204444444446,1395.52,1715.09,0.0,1395.52,2339.63,1944.9588,1574.2967555555556,6210.2592,4259.6992,-0.51,Demand planned base volume was changed by System Administrator,2026-09-28,,,984,"Promotions,_Sep_30,_2026  FULL HISTORY For Aevah.xlsx",2026-09-30
2026-08-01T00:00:00Z,Rosauers / Huckleberry's,Rosauers / Huckleberry's August 2026 Puff Singles TPR,,Complete - Unsettled (Open),2026-08-01,2026-08-31,2026-08-01,2026-08-31,4284.606,370.66621875,1745.52,1464.85,0.0,1745.52,2689.64,1594.966,1224.2997812499998,6210.2592,4609.7092,-0.6,Demand actual total was changed by System Administrator,2026-09-21,,,985,"Promotions,_Sep_30,_2026  FULL HISTORY For Aevah.xlsx",2026-09-30
2026-02-03T00:00:00Z,SAVE MART,SAVE MART March 2026 Puff Singles TPR,,Complete - Unsettled (Open),2026-02-03,2026-03-02,2026-02-03,2026-03-02,14093.336,3600.4669680555553,5325.96,13384.33,11241.36,11241.36,6170.92,7922.416,4321.949031944444,13683.312,4436.612,-0.38,Demand actual total was changed by System Administrator,2026-09-22,,2026-04-08,986,"Promotions,_Sep_30,_2026  FULL HISTORY For Aevah.xlsx",2026-09-30
2026-04-23T00:00:00Z,SAVE MART,SAVE MART May 2026 Puff Singles TPR,,Complete - Unsettled (Open),2026-04-23,2026-05-13,2026-04-23,2026-05-13,10011.5524,2557.682070833333,1746.2,3785.06,0.0,1746.2,3585.93,6425.6224,3867.9403291666663,17403.2352,10999.9552,-0.21,Demand planned incremental was changed by System Administrator,2026-09-28,,,987,"Promotions,_Sep_30,_2026  FULL HISTORY For Aevah.xlsx",2026-09-30
2026-06-23T00:00:00Z,SAVE MART,SAVE MART July 2026 Puff Singles TPR,,Complete - Unsettled (Open),2026-06-23,2026-07-27,2026-06-23,2026-07-27,15549.1956,3972.4018138888887,2712.07,3636.18,11246.4,11246.4,3644.35,11904.8456,7932.443786111112,27030.5568,13664.0468,-0.09,Demand planned base volume was changed by System Administrator,2026-09-28,,2026-08-02,988,"Promotions,_Sep_30,_2026  FULL HISTORY For Aevah.xlsx",2026-09-30
2026-09-22T00:00:00Z,SAVE MART,SAVE MART October 2026 Puff Singles TPR,,In progress,2026-09-22,2026-10-26,2026-09-22,2026-10-26,15549.1956,3972.4018138888887,3525.69,3525.69,978.12,3525.69,4457.97,11091.2256,7118.82378611111,27030.5568,14477.6668,-0.29,Demand planned base volume was changed by System Administrator,2026-09-28,,2026-09-28,989,"Promotions,_Sep_30,_2026  FULL HISTORY For Aevah.xlsx",2026-09-30
2026-05-01T00:00:00Z,SAVE MART,SAVE MART May 2026 Puff 4-Pack TPR,,Complete - Unsettled (Open),2026-05-01,2026-05-31,2026-05-01,2026-05-31,15349.7544,2815.1490666666664,2311.71,0.0,0.0,2311.71,3030.92,12318.8344,9503.685333333333,21938.4126,9619.3726,-0.14,Demand actual total was changed by System Administrator,2026-09-22,,,990,"Promotions,_Sep_30,_2026  FULL HISTORY For Aevah.xlsx",2026-09-30
2026-06-01T00:00:00Z,SAVE MART,SAVE MART June 2026 Puff 4-Pack TPR,,Complete - Unsettled (Open),2026-06-01,2026-06-30,2026-06-01,2026-06-30,14854.7424,2724.3637333333327,2237.16,0.0,0.0,2237.16,2933.18,11921.5624,9197.198666666667,21231.2178,9309.2578,-0.14,Demand actual total was changed by System Administrator,2026-09-22,,,991,"Promotions,_Sep_30,_2026  FULL HISTORY For Aevah.xlsx",2026-09-30
2026-09-01T00:00:00Z,SAVE MART,SAVE MART September 2026 Puff 4-Pack TPR,,In progress,2026-09-01,2026-09-30,2026-09-01,2026-09-30,14854.7424,2724.3637333333327,2237.16,2237.16,0.0,2237.16,2933.18,11921.5624,9197.198666666667,21231.2178,9309.2578,-0.14,Demand actual total was changed by System Administrator,2026-09-21,,,992,"Promotions,_Sep_30,_2026  FULL HISTORY For Aevah.xlsx",2026-09-30
2026-01-02T00:00:00Z,SMART & FINAL,SMART & FINAL January 2026 Puff Singles TPR,,Complete - Unsettled (Open),2026-01-02,2026-01-27,2026-01-02,2026-01-27,32911.4776,7898.99380625,85365.24,5000.0,7444.4,85365.24,95236.91,-62325.4324,-70224.42620625,478176.6528,540501.8328,-0.91,Demand actual total was changed by System Administrator,2026-09-30,,2026-02-17,993,"Promotions,_Sep_30,_2026  FULL HISTORY For Aevah.xlsx",2026-09-30
2026-03-11T00:00:00Z,SMART & FINAL,SMART & FINAL March 2026 Puff Singles TPR,,Complete - Unsettled (Open),2026-03-11,2026-03-24,2026-03-11,2026-03-24,12236.94,2936.9545312499995,17867.32,2500.0,3027.04,17867.32,19089.97,-6853.03,-9789.98453125,177768.864,184623.434,-0.9,Demand actual total was changed by System Administrator,2026-09-30,,2026-03-24,994,"Promotions,_Sep_30,_2026  FULL HISTORY For Aevah.xlsx",2026-09-30
2026-05-13T00:00:00Z,SMART & FINAL,SMART & FINAL May 2026 Puff Singles TPR,,Complete - Unsettled (Open),2026-05-13,2026-05-26,2026-05-13,2026-05-26,15296.2352,3671.2076124999994,21709.22,2500.0,4184.2,21709.22,26297.37,-11001.1348,-14672.3424125,222247.0656,233247.7156,-0.9,Demand actual total was changed by System Administrator,2026-09-30,,2026-06-16,995,"Promotions,_Sep_30,_2026  FULL HISTORY For Aevah.xlsx",2026-09-30
2026-07-08T00:00:00Z,SMART & FINAL,SMART & FINAL July 2026 Puff Singles TPR,,Complete - Unsettled (Open),2026-07-08,2026-07-21,2026-07-08,2026-07-21,15296.2352,3671.2076124999994,21709.22,2500.0,0.0,21709.22,23237.78,-7941.5448,-11612.7524125,222247.0656,230188.1356,-0.9,Demand actual total was changed by System Administrator,2026-09-10,,,996,"Promotions,_Sep_30,_2026  FULL HISTORY For Aevah.xlsx",2026-09-30
2026-09-09T00:00:00Z,SMART & FINAL,SMART & FINAL September 2026 Puff Singles TPR,,Complete - Unsettled (Open),2026-09-09,2026-09-22,2026-09-09,2026-09-22,11842.2,2842.2140624999997,17371.6,2500.0,0.0,17371.6,18555.15,-6712.95,-9555.1640625,172083.1392,178794.2292,-0.9,Entry status was set by System Automation,2026-09-23,,,997,"Promotions,_Sep_30,_2026  FULL HISTORY For Aevah.xlsx",2026-09-30
2026-10-07T00:00:00Z,SMART & FINAL,SMART & FINAL October 2026 Puff Singles TPR,,Planned,2026-10-07,2026-10-20,2026-10-07,2026-10-20,15296.2352,3671.2076124999994,21709.22,21709.22,0.0,21709.22,23237.78,-7941.5448,-11612.7524125,222247.0656,230188.1356,-0.9,Demand actual total was changed by System Administrator,2026-09-30,,,998,"Promotions,_Sep_30,_2026  FULL HISTORY For Aevah.xlsx",2026-09-30
2026-12-16T00:00:00Z,SMART & FINAL,SMART & FINAL December 2026 Puff Singles TPR,,Planned,2026-12-16,2026-12-29,2026-12-16,2026-12-29,12726.4176,3054.4327124999995,33576.14,33576.14,0.0,33576.14,34847.79,-22121.3724,-25175.8051125,184894.0128,207016.0028,-0.94,Demand actual total was changed by System Administrator,2026-09-30,,,999,"Promotions,_Sep_30,_2026  FULL HISTORY For Aevah.xlsx",2026-09-30
2026-02-01T00:00:00Z,SPROUTS,SPROUTS February 2026 Puff Singles TPR,,Complete - Unsettled (Open),2026-02-01,2026-02-28,2026-02-01,2026-02-28,160519.4472,24516.583959722226,61328.89,10000.0,30393.93,61328.89,68523.71,91995.7372,67479.15324027778,186652.8,94655.1,-0.29,Demand actual total was changed by System Administrator,2026-09-30,,2026-03-01,1000,"Promotions,_Sep_30,_2026  FULL HISTORY For Aevah.xlsx",2026-09-30
2026-05-01T00:00:00Z,SPROUTS,SPROUTS May 2026 Puff Singles TPR,,Complete - Unsettled (Open),2026-05-01,2026-05-31,2026-05-01,2026-05-31,251076.0368,25864.45589861111,87584.65,0.0,16023.68,87584.65,147026.98,104049.0568,78184.60090138888,364932.0,260885.76,-0.49,Demand actual total was changed by System Administrator,2026-09-30,,2026-06-03,1001,"Promotions,_Sep_30,_2026  FULL HISTORY For Aevah.xlsx",2026-09-30
2026-08-01T00:00:00Z,SPROUTS,SPROUTS August 2026 Puff Singles TPR,,Complete - Unsettled (Open),2026-08-01,2026-08-31,2026-08-01,2026-08-31,168637.314,25756.45464236111,58826.96,0.0,23832.4,58826.96,100115.86,68521.454,42764.99935763889,245113.2,176591.19,-0.52,Demand planned incremental was changed by System Administrator,2026-09-28,,2026-09-16,1002,"Promotions,_Sep_30,_2026  FULL HISTORY For Aevah.xlsx",2026-09-30
2026-10-01T00:00:00Z,SPROUTS,SPROUTS October 2026 Puff Singles TPR,,Planned,2026-10-01,2026-10-01,2026-10-01,2026-10-01,4242.466,647.9642180555555,1479.93,1479.93,0.0,1479.93,1670.21,2572.256,1924.2917819444442,6170.4,3595.38,-0.46,Demand actual total was changed by System Administrator,2026-09-30,,,1003,"Promotions,_Sep_30,_2026  FULL HISTORY For Aevah.xlsx",2026-09-30
2026-02-01T00:00:00Z,Super1,Super1 February 2026 Puff Singles TPR,,Complete - Unsettled (Open),2026-02-01,2026-02-28,2026-02-01,2026-02-28,16512.0,1856.2708333333333,5112.0,600.0,0.0,5112.0,5443.35,11068.65,9212.379166666668,28705.4352,17634.6352,-0.06,Demand actual total was changed by System Administrator,2026-09-30,,,1004,"Promotions,_Sep_30,_2026  FULL HISTORY For Aevah.xlsx",2026-09-30
2026-05-01T00:00:00Z,Super1,Super1 May 2026 Puff Singles TPR,,Complete - Unsettled (Open),2026-05-01,2026-05-31,2026-05-01,2026-05-31,18281.106,2055.1639916666663,5145.41,150.0,150.0,5145.41,9168.8,9112.306,7057.142008333332,31779.6336,22665.6836,-0.17,Demand actual total was changed by System Administrator,2026-09-30,,2026-07-21,1005,"Promotions,_Sep_30,_2026  FULL HISTORY For Aevah.xlsx",2026-09-30
2026-08-01T00:00:00Z,Super1,Super1 August 2026 Puff Singles TPR,,Complete - Unsettled (Open),2026-08-01,2026-08-31,2026-08-01,2026-08-31,18281.1232,2055.1599097222224,5595.42,600.0,0.0,5595.42,9618.81,8662.3132,6607.153290277777,31779.6336,23115.6936,-0.22,Demand actual total was changed by System Administrator,2026-09-10,,,1006,"Promotions,_Sep_30,_2026  FULL HISTORY For Aevah.xlsx",2026-09-30
2026-10-01T00:00:00Z,Super1,Super1 October 2026 Puff Singles TPR,,Planned,2026-10-01,2026-10-01,2026-10-01,2026-10-01,589.7364,66.2936375,311.15,311.15,0.0,311.15,323.03,266.7064,200.41276249999999,1029.0384,760.0584,-0.45,Demand actual total was changed by System Administrator,2026-09-30,,,1007,"Promotions,_Sep_30,_2026  FULL HISTORY For Aevah.xlsx",2026-09-30
2026-08-01T00:00:00Z,TARGET CORPORATION,TARGET August 2026 Puff 4-Pack TPR,,Complete - Unsettled (Open),2026-08-01,2026-08-30,2026-08-01,2026-08-30,3357510.1937,784226.1,274755.34,102792.0,35291.73,274755.34,408469.6,2949040.5937,2164814.4937,4665345.5034,1716304.9734,1.44,Demand planned base volume was changed by System Administrator,2026-09-28,,2026-08-01,1011,"Promotions,_Sep_30,_2026  FULL HISTORY For Aevah.xlsx",2026-09-30
2026-10-01T00:00:00Z,TARGET CORPORATION,TARGET October 2026 Puff 4-Pack TPR,,Planned,2026-10-01,2026-10-31,2026-10-01,2026-10-31,3407128.1595,790609.6434,278815.73,278815.73,0.0,278815.73,414506.04,2992622.1195,2202012.4761,4734291.2652,1741668.9752,1.44,Demand actual total was changed by System Administrator,2026-09-30,,,1012,"Promotions,_Sep_30,_2026  FULL HISTORY For Aevah.xlsx",2026-09-30
2025-12-28T00:00:00Z,Town and Country,Town and Country January 2026 Puff Singles TPR,,Complete - Unsettled (Open),2025-12-28,2026-01-24,2025-12-28,2026-01-24,3096.0172,774.6899548444444,1434.01,300.0,0.0,1434.01,886.44,2209.5772,1434.8872451555555,0.0,1272.02,0.39,Demand actual total was changed by System Administrator,2026-09-30,,,1013,"Promotions,_Sep_30,_2026  FULL HISTORY For Aevah.xlsx",2026-09-30
2026-04-26T00:00:00Z,Town and Country,Town and Country May 2026 Puff Singles TPR,,Complete - Unsettled (Open),2026-04-26,2026-05-23,2026-04-26,2026-05-23,4334.4,627.7565,856.79,0.0,0.0,856.79,1655.66,2678.74,2050.9835,6300.0,3775.96,0.33,Demand actual total was changed by System Administrator,2026-09-30,,,1014,"Promotions,_Sep_30,_2026  FULL HISTORY For Aevah.xlsx",2026-09-30
2026-07-26T00:00:00Z,Town and Country,Town and Country August 2026 Puff Singles TPR,,Complete - Unsettled (Open),2026-07-26,2026-08-22,2026-07-26,2026-08-22,3715.2,538.077,1660.79,300.0,0.0,1660.79,2319.47,1395.73,857.6529999999999,5403.6,4164.6,-0.44,Demand actual total was changed by System Administrator,2026-09-10,,,1015,"Promotions,_Sep_30,_2026  FULL HISTORY For Aevah.xlsx",2026-09-30
2026-02-01T00:00:00Z,URM Stores,URM Stores February 2026 Puff Singles TPR,,Complete - Unsettled (Open),2026-02-01,2026-02-28,2026-02-01,2026-02-28,16512.0,2970.0333333333333,4862.0,350.0,0.0,4862.0,5193.35,11318.65,8348.616666666667,24001.2,12680.39,-0.09,Demand actual total was changed by System Administrator,2026-09-30,,,1016,"Promotions,_Sep_30,_2026  FULL HISTORY For Aevah.xlsx",2026-09-30
2026-05-01T00:00:00Z,URM Stores,URM Stores May 2026 Puff Singles TPR,,Complete - Unsettled (Open),2026-05-01,2026-05-31,2026-05-01,2026-05-31,18281.1576,3288.2476916666665,5345.44,350.0,0.0,5345.44,9368.28,8912.8776,5624.629908333332,26568.0,17656.01,-0.25,Demand actual total was changed by System Administrator,2026-09-30,,,1017,"Promotions,_Sep_30,_2026  FULL HISTORY For Aevah.xlsx",2026-09-30
2026-08-01T00:00:00Z,URM Stores,URM Stores August 2026 Puff Singles TPR,,Complete - Unsettled (Open),2026-08-01,2026-08-31,2026-08-01,2026-08-31,18281.1404,3288.2476916666665,5345.43,350.0,0.0,5345.43,9368.27,8912.8704,5624.622708333332,26568.0,17656.0,-0.25,Demand planned base volume was changed by System Administrator,2026-09-28,,,1018,"Promotions,_Sep_30,_2026  FULL HISTORY For Aevah.xlsx",2026-09-30
2026-10-01T00:00:00Z,URM Stores,URM Stores October 2026 Puff Singles TPR,,Planned,2026-10-01,2026-10-01,2026-10-01,2026-10-01,589.7192,106.07553472222223,511.14,511.14,0.0,511.14,522.97,66.7492,-39.32633472222222,856.8,790.24,-0.69,Demand actual total was changed by System Administrator,2026-09-30,,,1019,"Promotions,_Sep_30,_2026  FULL HISTORY For Aevah.xlsx",2026-09-30
2025-12-21T00:00:00Z,WINCO,WINCO January 2026 Puff Singles TPR,,Complete - Unsettled (Open),2025-12-21,2026-01-17,2025-12-21,2026-01-17,603938.1476,164907.68257083333,38623.95,29.59,0.0,38623.95,62348.18,541589.9676,376682.28502916667,695230.9056,153641.1256,3.99,Demand actual total was changed by System Administrator,2026-09-30,,,1020,"Promotions,_Sep_30,_2026  FULL HISTORY For Aevah.xlsx",2026-09-30
2026-03-01T00:00:00Z,WINCO,WINCO March 2026 Puff Singles TPR,,Complete - Unsettled (Open),2026-03-01,2026-03-31,2026-03-01,2026-03-31,580811.4576,159574.703225,37144.93,8.36,0.0,37144.93,74547.8,506263.6576,346688.95437500003,668609.2512,162602.9312,3.25,Demand actual total was changed by System Administrator,2026-09-30,,,1021,"Promotions,_Sep_30,_2026  FULL HISTORY For Aevah.xlsx",2026-09-30
2026-06-01T00:00:00Z,WINCO,WINCO June 2026 Puff Singles TPR,,Complete - Unsettled (Open),2026-06-01,2026-06-30,2026-06-01,2026-06-30,433351.5232,119060.90877777779,27714.33,96.47,0.0,27714.33,55621.13,377730.3932,258669.48442222225,498854.5056,121319.7456,2.78,Demand actual total was changed by System Administrator,2026-09-30,,,1022,"Promotions,_Sep_30,_2026  FULL HISTORY For Aevah.xlsx",2026-09-30
2026-08-01T00:00:00Z,WINCO,WINCO August 2026 Puff Singles TPR,,Complete - Unsettled (Open),2026-08-01,2026-08-31,2026-08-01,2026-08-31,574191.0056,157755.7708805556,36721.52,6.82,0.0,36721.52,73698.05,500492.9556,342737.1847194445,660990.8448,160749.8348,2.78,Demand planned incremental was changed by System Administrator,2026-09-28,,,1023,"Promotions,_Sep_30,_2026  FULL HISTORY For Aevah.xlsx",2026-09-30
2026-02-01T00:00:00Z,Yokes,Yokes February 2026 Puff Singles TPR,,Complete - Unsettled (Open),2026-02-01,2026-02-28,2026-02-01,2026-02-28,6274.56,705.3829166666667,2314.56,600.0,0.0,2314.56,2440.45,3834.11,3128.727083333333,10906.0848,7072.2948,-0.21,Demand actual total was changed by System Administrator,2026-09-30,,,1028,"Promotions,_Sep_30,_2026  FULL HISTORY For Aevah.xlsx",2026-09-30
2026-05-01T00:00:00Z,Yokes,Yokes May 2026 Puff Singles TPR,,Complete - Unsettled (Open),2026-05-01,2026-05-31,2026-05-01,2026-05-31,6946.8564,780.9579083333333,1998.27,100.0,0.0,1998.27,3527.29,3419.5664,2638.608491666667,12077.208,8656.508,-0.18,Demand actual total was changed by System Administrator,2026-09-30,,,1029,"Promotions,_Sep_30,_2026  FULL HISTORY For Aevah.xlsx",2026-09-30
2026-08-01T00:00:00Z,Yokes,Yokes August 2026 Puff Singles TPR,,Complete - Unsettled (Open),2026-08-01,2026-08-31,2026-08-01,2026-08-31,6946.8564,780.9579083333333,2498.27,600.0,747.5,2498.27,4027.29,2919.5664,2138.6084916666664,12077.208,9156.508,-0.32,Demand planned base volume was changed by System Administrator,2026-09-28,,2026-09-03,1030,"Promotions,_Sep_30,_2026  FULL HISTORY For Aevah.xlsx",2026-09-30
2026-10-01T00:00:00Z,Yokes,Yokes October 2026 Puff Singles TPR,,Planned,2026-10-01,2026-10-01,2026-10-01,2026-10-01,224.0644,25.195745833333334,161.23,161.23,0.0,161.23,165.75,58.3144,33.118654166666666,391.8096,332.1596,-0.59,Demand actual total was changed by System Administrator,2026-09-30,,,1031,"Promotions,_Sep_30,_2026  FULL HISTORY For Aevah.xlsx",2026-09-30
2026-05-21T00:00:00Z,SAVE MART,Save Mart May 2026 $1 Digital Coupon,,Complete - Unsettled (Open),2026-05-21,2026-06-03,2026-05-21,2026-06-03,5218.1876,1333.1061895833332,455.07,890.63,0.0,455.07,1588.34,3629.8476,2296.7414104166664,0.0,458.24,-0.64,Demand planned base volume was changed by System Administrator,2026-09-28,,,1032,"Promotions,_Sep_30,_2026  FULL HISTORY For Aevah.xlsx",2026-09-30
2026-09-10T00:00:00Z,SAVE MART,Save Mart September 2026 $1 Digital Coupon,,Complete - Unsettled (Open),2026-09-10,2026-09-23,2026-09-10,2026-09-23,4245.3384,1084.5695819444445,370.24,370.24,0.0,370.24,624.62,3620.7184,2536.1488180555552,0.0,372.81,-0.61,Entry status was set by System Automation,2026-09-24,,,1033,"Promotions,_Sep_30,_2026  FULL HISTORY For Aevah.xlsx",2026-09-30
2026-08-01T00:00:00Z,BIG Y,BIG Y August 2026 Puff Singles TPR,,Complete - Unsettled (Open),2026-08-01,2026-08-30,2026-08-01,2026-08-30,7766.2472,1990.7907277777776,1403.05,1401.37,0.0,1403.05,3249.81,4516.4372,2525.646472222222,11289.6,6776.46,-1.0,Demand actual total was changed by System Administrator,2026-09-21,,,1034,"Promotions,_Sep_30,_2026  FULL HISTORY For Aevah.xlsx",2026-09-30
2026-02-01T00:00:00Z,BIG Y,BIG Y February 2026 Puff Singles TPR,,Complete - Unsettled (Open),2026-02-01,2026-02-28,2026-02-01,2026-02-28,8561.9192,2201.9055597222223,1995.57,2250.6,2558.0,2558.0,2919.0,5642.9192,3441.0136402777775,12445.2,6806.64,-1.0,Demand planned base volume was changed by System Administrator,2026-09-28,,2026-04-22,1035,"Promotions,_Sep_30,_2026  FULL HISTORY For Aevah.xlsx",2026-09-30
2026-05-01T00:00:00Z,BIG Y,BIG Y May 2026 Puff Singles TPR,,Complete - Unsettled (Open),2026-05-01,2026-05-30,2026-05-01,2026-05-30,7766.2472,1990.7907277777776,1403.05,2957.49,0.0,1403.05,3249.81,4516.4372,2525.646472222222,11289.6,6776.46,-1.0,Demand actual total was changed by System Administrator,2026-09-22,,,1036,"Promotions,_Sep_30,_2026  FULL HISTORY For Aevah.xlsx",2026-09-30
2026-04-01T00:00:00Z,CVS,CVS April 2026 Puff 4-Pack TPR,,Complete - Unsettled (Open),2026-04-01,2026-04-15,2026-04-01,2026-04-15,55686.2272,15332.775533333333,10147.64,5203.91,3144.79,10147.64,10147.64,45538.5872,30205.81166666667,75394.635,29855.915,-0.34,Demand actual total was changed by System Administrator,2026-09-22,,2026-04-22,1037,"Promotions,_Sep_30,_2026  FULL HISTORY For Aevah.xlsx",2026-09-30
2026-08-01T00:00:00Z,CVS,CVS August 2026 Puff Singles TPR,,Complete - Unsettled (Open),2026-08-01,2026-08-14,2026-08-01,2026-08-14,38775.4048,9311.759354166667,9017.53,2628.47,8200.01,9017.53,9017.53,29757.8748,20446.115445833333,67629.6,37872.82,-0.46,Demand actual total was changed by System Administrator,2026-09-21,,2026-09-16,1038,"Promotions,_Sep_30,_2026  FULL HISTORY For Aevah.xlsx",2026-09-30
2026-02-15T00:00:00Z,CVS,CVS February 2026 Puff 4-Pack TPR,,Complete - Unsettled (Open),2026-02-15,2026-02-28,2026-02-15,2026-02-28,51483.4392,14175.570283333334,4652.12,2568.37,2505.0,4652.12,4652.12,46831.3192,32655.748916666667,77457.465,30626.345,0.34,Demand actual total was changed by System Administrator,2026-09-22,,2026-03-11,1039,"Promotions,_Sep_30,_2026  FULL HISTORY For Aevah.xlsx",2026-09-30
2026-02-01T00:00:00Z,CVS,CVS February 2026 Puff Singles TPR,,Complete - Unsettled (Open),2026-02-01,2026-02-14,2026-02-01,2026-02-14,35291.0116,8474.996291666666,5129.5,3416.2,1260.3,5129.5,5129.5,30161.5116,21686.515308333335,51296.4,21133.98,-0.13,Demand planned base volume was changed by System Administrator,2026-09-28,,2026-02-25,1040,"Promotions,_Sep_30,_2026  FULL HISTORY For Aevah.xlsx",2026-09-30
2026-01-15T00:00:00Z,CVS,CVS January 2026 Puff 4-Pack TPR,,Complete - Unsettled (Open),2026-01-15,2026-01-30,2026-01-15,2026-01-30,65142.384,17936.455333333335,11870.83,5704.33,8452.5,11870.83,11870.83,53271.554,35335.09866666667,88197.294,34925.744,-0.34,Demand actual total was changed by System Administrator,2026-09-22,,2026-02-18,1041,"Promotions,_Sep_30,_2026  FULL HISTORY For Aevah.xlsx",2026-09-30
2026-01-01T00:00:00Z,CVS,CVS January 2026 Puff Singles TPR,,Complete - Unsettled (Open),2026-01-01,2026-01-14,2026-01-01,2026-01-14,50393.9016,12100.96418611111,11719.51,5642.96,2487.98,11719.51,11719.51,38674.3916,26573.42741388889,73245.6,34572.13,-0.25,Demand planned base volume was changed by System Administrator,2026-09-28,,2026-01-14,1042,"Promotions,_Sep_30,_2026  FULL HISTORY For Aevah.xlsx",2026-09-30
2026-07-01T00:00:00Z,CVS,CVS July 2026 Puff 4-Pack TPR,,Complete - Unsettled (Open),2026-07-01,2026-07-14,2026-07-01,2026-07-14,52402.88,14428.730833333333,9549.32,2897.97,9370.24,9549.32,9549.32,42853.56,28424.829166666666,70948.9002,28095.4802,-0.34,Demand planned base volume was changed by System Administrator,2026-09-28,,2026-08-13,1043,"Promotions,_Sep_30,_2026  FULL HISTORY For Aevah.xlsx",2026-09-30
2026-07-01T00:00:00Z,CVS,CVS July 2026 Puff Singles TPR,,Complete - Unsettled (Open),2026-07-01,2026-07-14,2026-07-01,2026-07-14,38619.0224,9274.204736805556,5613.23,2288.75,2026.0,5613.23,5613.23,33005.7924,23731.58766319445,67357.44,34352.41,0.21,Demand planned incremental was changed by System Administrator,2026-09-28,,2026-08-06,1044,"Promotions,_Sep_30,_2026  FULL HISTORY For Aevah.xlsx",2026-09-30
2026-06-01T00:00:00Z,CVS,CVS June 2026 Puff 4-Pack TPR,,Complete - Unsettled (Open),2026-06-01,2026-06-14,2026-06-01,2026-06-14,47806.0744,13163.036216666667,4319.82,2092.32,6775.13,6775.13,4319.82,43486.2544,30323.218183333334,71925.003,28438.813,0.85,Demand actual total was changed by System Administrator,2026-09-22,,2026-07-03,1045,"Promotions,_Sep_30,_2026  FULL HISTORY For Aevah.xlsx",2026-09-30
2026-03-15T00:00:00Z,CVS,CVS March 2026 Puff Singles TPR,,Complete - Unsettled (Open),2026-03-15,2026-03-30,2026-03-15,2026-03-30,38406.1208,9223.07725,5582.29,3402.99,6769.35,6769.35,5582.29,32823.8308,23600.75355,66985.92,34162.95,0.21,Demand planned base volume was changed by System Administrator,2026-09-28,,2026-05-13,1046,"Promotions,_Sep_30,_2026  FULL HISTORY For Aevah.xlsx",2026-09-30
2026-05-01T00:00:00Z,CVS,CVS May 2026 Puff 4-Pack TPR,,Complete - Unsettled (Open),2026-05-01,2026-05-14,2026-05-01,2026-05-14,56605.5352,15585.899916666667,5114.96,2026.01,1980.0,5114.96,5114.96,51490.5752,35904.67528333333,85163.9508,33673.4508,0.34,Demand actual total was changed by System Administrator,2026-09-22,,2026-06-04,1047,"Promotions,_Sep_30,_2026  FULL HISTORY For Aevah.xlsx",2026-09-30
2026-05-01T00:00:00Z,CVS,CVS May 2026 Puff Singles TPR,,Complete - Unsettled (Open),2026-05-01,2026-05-14,2026-05-01,2026-05-14,38507.3428,9247.385258333334,8955.2,4006.55,2235.8,8955.2,8955.2,29552.1428,20304.757541666666,55969.2,26417.59,-0.46,Demand planned incremental was changed by System Administrator,2026-09-28,,2026-05-13,1048,"Promotions,_Sep_30,_2026  FULL HISTORY For Aevah.xlsx",2026-09-30
2026-11-01T00:00:00Z,CVS,CVS November 2026 Puff 4-Pack TPR,,Planned,2026-11-01,2026-11-14,2026-11-01,2026-11-14,55292.1432,15224.267716666667,4996.27,4996.27,0.0,4996.27,4996.27,50295.8732,35071.60548333333,83187.729,32892.059,0.34,Demand actual total was changed by System Administrator,2026-09-22,,,1049,"Promotions,_Sep_30,_2026  FULL HISTORY For Aevah.xlsx",2026-09-30
2026-11-01T00:00:00Z,CVS,CVS November 2026 Puff Singles TPR,,Planned,2026-11-01,2026-11-14,2026-11-01,2026-11-14,40748.3824,9785.562167361111,5922.73,5922.73,0.0,5922.73,5922.73,34825.6524,25040.09023263889,71072.64,36247.05,0.21,Demand planned incremental was changed by System Administrator,2026-09-28,,,1050,"Promotions,_Sep_30,_2026  FULL HISTORY For Aevah.xlsx",2026-09-30
2026-09-01T00:00:00Z,CVS,CVS September 2026 Puff 4-Pack TPR,,Complete - Unsettled (Open),2026-09-01,2026-09-14,2026-09-01,2026-09-14,44128.7096,12150.501783333333,3987.54,3987.54,7241.85,7241.85,3987.54,40141.1696,27990.667816666668,66392.541,26251.311,0.34,Demand actual total was changed by System Administrator,2026-09-21,,2026-09-10,1051,"Promotions,_Sep_30,_2026  FULL HISTORY For Aevah.xlsx",2026-09-30
2026-09-01T00:00:00Z,CVS,CVS September 2026 Puff Singles TPR,,Complete - Unsettled (Open),2026-09-01,2026-09-14,2026-09-01,2026-09-14,28768.8748,6908.730921527776,4181.52,4181.52,769.4,4181.52,4181.52,24587.3548,17678.623878472223,50181.12,25592.14,-0.32,Demand actual total was changed by System Administrator,2026-09-21,,2026-09-10,1052,"Promotions,_Sep_30,_2026  FULL HISTORY For Aevah.xlsx",2026-09-30
2026-08-01T00:00:00Z,FRED MEYER,FRED MEYER August 2026 Puff 4-Pack TPR,,Complete - Unsettled (Open),2026-08-01,2026-08-31,2026-08-01,2026-08-31,63498.8512,18768.388983333334,7650.47,2066.75,0.0,7650.47,8925.54,54573.3112,35804.922216666666,95534.7696,35988.9496,0.13,Demand planned base volume was changed by System Administrator,2026-09-28,,,1053,"Promotions,_Sep_30,_2026  FULL HISTORY For Aevah.xlsx",2026-09-30
2026-08-01T00:00:00Z,FRED MEYER,FRED MEYER August 2026 Puff Singles TPR,,Complete - Unsettled (Open),2026-08-01,2026-08-31,2026-08-01,2026-08-31,39750.5244,10183.6399875,6933.23,1164.98,0.0,6933.23,11897.59,27852.9344,17669.2944125,57772.8,27137.69,-0.37,Supply planned estimated shipment was changed by System Administrator,2026-09-28,,,1054,"Promotions,_Sep_30,_2026  FULL HISTORY For Aevah.xlsx",2026-09-30
2026-02-01T00:00:00Z,FRED MEYER,FRED MEYER February 2026 Puff 4-Pack TPR,,Complete - Unsettled (Open),2026-02-01,2026-02-28,2026-02-01,2026-02-28,48992.3104,14450.8294,5902.69,10284.44,1935.3,5902.69,6886.47,42105.8404,27655.011,73709.4168,27767.1068,0.13,Supply planned estimated shipment was changed by System Administrator,2026-09-28,,2026-04-30,1055,"Promotions,_Sep_30,_2026  FULL HISTORY For Aevah.xlsx",2026-09-30
2026-02-01T00:00:00Z,FRED MEYER,FRED MEYER February 2026 Puff Singles TPR,,Complete - Unsettled (Open),2026-02-01,2026-02-28,2026-02-01,2026-02-28,41188.496,10525.083716666668,7184.04,6856.42,6852.3,7184.04,8009.11,33179.386,22654.30228333333,59868.0,23456.5,-0.04,Supply planned estimated shipment was changed by System Administrator,2026-09-28,,2026-04-29,1056,"Promotions,_Sep_30,_2026  FULL HISTORY For Aevah.xlsx",2026-09-30
2026-01-01T00:00:00Z,FRED MEYER,FRED MEYER January 2026 Puff 4-Pack TPR,,Complete - Unsettled (Open),2026-01-01,2026-01-21,2026-01-01,2026-01-21,38125.3528,11255.2341,4593.42,9685.28,0.0,4593.42,5359.0,32766.3528,21511.1187,57360.7818,21608.3418,0.13,Supply planned estimated shipment was changed by System Administrator,2026-09-28,,,1057,"Promotions,_Sep_30,_2026  FULL HISTORY For Aevah.xlsx",2026-09-30
2026-07-01T00:00:00Z,FRED MEYER,FRED MEYER July 2026 Puff 4-Pack TPR,,Complete - Unsettled (Open),2026-07-01,2026-07-31,2026-07-01,2026-07-31,62174.5032,18382.85326666667,7490.9,8206.49,0.0,7490.9,8739.37,53435.1332,35052.27993333333,93541.7646,35238.2046,0.13,Demand planned base volume was changed by System Administrator,2026-09-28,,,1058,"Promotions,_Sep_30,_2026  FULL HISTORY For Aevah.xlsx",2026-09-30
2026-07-01T00:00:00Z,FRED MEYER,FRED MEYER July 2026 Puff Singles TPR,,Complete - Unsettled (Open),2026-07-01,2026-07-31,2026-07-01,2026-07-31,46485.2532,11894.1786125,8107.88,4374.26,0.0,8107.88,9038.72,37446.5332,25552.3545875,67564.8,26472.35,-0.04,Supply planned estimated shipment was changed by System Administrator,2026-09-28,,,1059,"Promotions,_Sep_30,_2026  FULL HISTORY For Aevah.xlsx",2026-09-30
2026-03-01T00:00:00Z,FRED MEYER,FRED MEYER March 2026 Puff 4-Pack TPR,,Complete - Unsettled (Open),2026-03-01,2026-03-30,2026-03-01,2026-03-30,44654.0664,13171.211133333334,5380.02,10060.45,14794.64,14794.64,6276.68,38377.3864,25206.17526666667,67182.5502,25308.3802,-0.05,Demand planned base volume was changed by System Administrator,2026-09-28,,2026-05-01,1060,"Promotions,_Sep_30,_2026  FULL HISTORY For Aevah.xlsx",2026-09-30
2026-03-01T00:00:00Z,FRED MEYER,FRED MEYER March 2026 Puff Singles TPR,,Complete - Unsettled (Open),2026-03-01,2026-03-30,2026-03-01,2026-03-30,36097.4508,9224.146450694445,6296.08,6291.5,9314.1,9314.1,7019.13,29078.3208,19854.174349305555,52466.4,20556.73,-0.3,Supply planned estimated shipment was changed by System Administrator,2026-09-28,,2026-05-01,1061,"Promotions,_Sep_30,_2026  FULL HISTORY For Aevah.xlsx",2026-09-30
2026-01-25T00:00:00Z,GIANT EAGLE,GIANT EAGLE February 2026 Puff Singles TPR,,Complete - Unsettled (Open),2026-01-25,2026-02-25,2026-01-25,2026-02-25,38333.0552,6201.0650611111105,14089.08,21286.12,10103.64,14089.08,17488.85,20844.2052,14643.140138888888,44573.76,27693.23,-1.0,Demand actual total was changed by System Administrator,2026-09-22,,2026-03-03,1062,"Promotions,_Sep_30,_2026  FULL HISTORY For Aevah.xlsx",2026-09-30
2026-06-01T00:00:00Z,GIANT EAGLE,GIANT EAGLE June 2026 Puff Singles TPR,,Complete - Unsettled (Open),2026-06-01,2026-06-30,2026-06-01,2026-06-30,26983.102,4219.784281249999,4921.96,7024.24,10762.28,10762.28,6113.92,20869.182,16649.39771875,39218.4,16544.67,-1.0,Demand planned base volume was changed by System Administrator,2026-09-28,,2026-06-22,1063,"Promotions,_Sep_30,_2026  FULL HISTORY For Aevah.xlsx",2026-09-30
2026-11-01T00:00:00Z,GIANT EAGLE,GIANT EAGLE November 2026 Puff Singles TPR,,Planned,2026-11-01,2026-11-30,2026-11-01,2026-11-30,38128.7708,4219.79328611111,14027.3,14027.3,0.0,14027.3,15442.01,22686.7608,18466.96751388889,44334.72,19078.93,-1.0,Demand planned base volume was changed by System Administrator,2026-09-28,,,1064,"Promotions,_Sep_30,_2026  FULL HISTORY For Aevah.xlsx",2026-09-30
2026-04-01T00:00:00Z,Giant Foods,Giant Foods April 2026 Puff Singles TPR,,Complete - Unsettled (Open),2026-04-01,2026-04-30,2026-04-01,2026-04-30,12093.75,1743.7174479166665,1757.81,0.0,0.0,1757.81,1757.82,10335.93,8592.212552083334,17578.8,7242.41,0.18,Demand actual total was changed by System Administrator,2026-09-30,,,1065,"Promotions,_Sep_30,_2026  FULL HISTORY For Aevah.xlsx",2026-09-30
2026-01-01T00:00:00Z,Giant Foods,Giant Foods January 2026 Puff Singles TPR,,Complete - Unsettled (Open),2026-01-01,2026-01-30,2026-01-01,2026-01-30,14384.7556,2105.608804861111,4599.78,0.0,0.0,4599.78,4599.78,9784.9756,7679.366795138888,16724.16,6941.16,-0.31,Demand actual total was changed by System Administrator,2026-09-30,,,1066,"Promotions,_Sep_30,_2026  FULL HISTORY For Aevah.xlsx",2026-09-30
2026-07-01T00:00:00Z,Giant Foods,Giant Foods July 2026 Puff Singles TPR,,Complete - Unsettled (Open),2026-07-01,2026-07-31,2026-07-01,2026-07-31,13496.6164,1945.986584722222,4315.78,0.0,0.0,4315.78,4315.77,9180.8464,7234.859815277777,15693.12,6512.81,-0.31,Demand actual total was changed by System Administrator,2026-09-21,,,1067,"Promotions,_Sep_30,_2026  FULL HISTORY For Aevah.xlsx",2026-09-30
2026-09-01T00:00:00Z,Giant Foods,Giant Foods September 2026 Puff Singles TPR,,In progress,2026-09-01,2026-09-30,2026-09-01,2026-09-30,12093.75,1743.7174479166665,1757.81,1757.81,0.0,1757.81,1757.82,10335.93,8592.212552083334,17578.8,7242.41,0.18,Demand actual total was changed by System Administrator,2026-09-21,,,1068,"Promotions,_Sep_30,_2026  FULL HISTORY For Aevah.xlsx",2026-09-30
2026-08-01T00:00:00Z,HARRIS TEETER,HARRIS TEETER August 2026 Puff Singles TPR,,Complete - Unsettled (Open),2026-08-01,2026-08-21,2026-08-01,2026-08-21,18705.0,4852.1875,5743.75,850.0,6775.5,6775.5,850.0,17855.0,13002.8125,21749.76,22599.76,-1.0,Demand actual total was changed by System Administrator,2026-09-10,,2026-08-25,1069,"Promotions,_Sep_30,_2026  FULL HISTORY For Aevah.xlsx",2026-09-30
2026-01-28T00:00:00Z,HARRIS TEETER,HARRIS TEETER February 2026 Puff Singles TPR,,Complete - Unsettled (Open),2026-01-28,2026-02-24,2026-01-28,2026-02-24,29448.8424,7588.117991666666,12260.7,3700.0,21792.5,21792.5,3700.0,25748.8424,18160.724408333335,30647.664,34347.664,-1.0,Demand actual total was changed by System Administrator,2026-09-30,,2026-02-24,1070,"Promotions,_Sep_30,_2026  FULL HISTORY For Aevah.xlsx",2026-09-30
2026-01-07T00:00:00Z,HARRIS TEETER,HARRIS TEETER January 2026 Puff Singles TPR,,Complete - Unsettled (Open),2026-01-07,2026-01-27,2026-01-07,2026-01-27,23994.0,6182.562499999999,7127.5,850.0,13266.58,13266.58,850.0,23144.0,16961.4375,27901.44,28751.44,-1.0,Demand actual total was changed by System Administrator,2026-09-30,,2026-01-27,1071,"Promotions,_Sep_30,_2026  FULL HISTORY For Aevah.xlsx",2026-09-30
2026-07-01T00:00:00Z,HARRIS TEETER,HARRIS TEETER July 2026 Puff Singles TPR,,Complete - Unsettled (Open),2026-07-01,2026-07-21,2026-07-01,2026-07-21,18705.0,4852.1875,4112.5,850.0,0.0,4112.5,850.0,17855.0,13002.8125,24468.48,25318.48,-1.0,Demand actual total was changed by System Administrator,2026-09-10,,,1072,"Promotions,_Sep_30,_2026  FULL HISTORY For Aevah.xlsx",2026-09-30
2026-10-01T00:00:00Z,HARRIS TEETER,HARRIS TEETER October 2026 Puff Singles TPR,,Planned,2026-10-01,2026-10-21,2026-10-01,2026-10-21,18705.0,4852.1875,4112.5,4112.5,0.0,4112.5,850.0,17855.0,13002.8125,24468.48,25318.48,-1.0,Demand actual total was changed by System Administrator,2026-09-30,,,1073,"Promotions,_Sep_30,_2026  FULL HISTORY For Aevah.xlsx",2026-09-30
2026-04-01T00:00:00Z,King Soopers,King Soopers April 2026 Puff 4-Pack TPR,,Complete - Unsettled (Open),2026-04-01,2026-04-30,2026-04-01,2026-04-30,12968.1856,3553.086933333333,1562.42,6556.34,3535.85,3535.85,2340.91,10627.2756,7074.188666666666,19511.0694,7912.2594,-0.07,Demand planned base volume was changed by System Administrator,2026-09-28,,2026-05-19,1074,"Promotions,_Sep_30,_2026  FULL HISTORY For Aevah.xlsx",2026-09-30
2026-08-01T00:00:00Z,King Soopers,King Soopers August 2026 Puff Singles TPR,,Complete - Unsettled (Open),2026-08-01,2026-08-31,2026-08-01,2026-08-31,15767.4808,3926.4899756944437,2750.14,2769.77,7186.97,7186.97,6848.56,8918.9208,4992.430824305555,22914.0,13064.63,-0.43,Demand planned base volume was changed by System Administrator,2026-09-28,,2026-09-15,1075,"Promotions,_Sep_30,_2026  FULL HISTORY For Aevah.xlsx",2026-09-30
2026-02-01T00:00:00Z,King Soopers,King Soopers February 2026 Puff Singles TPR,,Complete - Unsettled (Open),2026-02-01,2026-02-28,2026-02-01,2026-02-28,10181.2304,2447.8592618055554,1775.79,3042.0,4030.91,4030.91,2386.27,7794.9604,5347.1011381944445,14799.6,6237.87,-0.07,Demand planned base volume was changed by System Administrator,2026-09-28,,2026-04-14,1076,"Promotions,_Sep_30,_2026  FULL HISTORY For Aevah.xlsx",2026-09-30
2026-07-01T00:00:00Z,King Soopers,King Soopers July 2026 Puff Singles TPR,,Complete - Unsettled (Open),2026-07-01,2026-07-31,2026-07-01,2026-07-31,17081.4576,4253.703255555555,2979.32,4681.75,965.65,2979.32,4003.38,13078.0776,8824.374344444444,24825.6,10464.23,-0.08,Entry status was set by System Automation,2026-08-01,,2026-08-11,1077,"Promotions,_Sep_30,_2026  FULL HISTORY For Aevah.xlsx",2026-09-30
2026-03-01T00:00:00Z,King Soopers,King Soopers March 2026 TPR,,Complete - Unsettled (Open),2026-03-01,2026-03-30,2026-03-01,2026-03-30,20465.1564,5304.389015972222,2947.08,5883.85,9648.88,9648.88,4174.47,16290.6864,10986.29738402778,30336.6204,12509.8304,-0.04,Demand planned base volume was changed by System Administrator,2026-09-28,,2026-05-19,1078,"Promotions,_Sep_30,_2026  FULL HISTORY For Aevah.xlsx",2026-09-30
2026-10-01T00:00:00Z,King Soopers,King Soopers October 2026 Puff 4-Pack TPR,,Planned,2026-10-01,2026-10-31,2026-10-01,2026-10-31,38462.5984,8564.1614,4634.06,4634.06,0.0,4634.06,6610.98,31851.6184,23287.457000000002,57867.8742,24720.7542,0.0,Demand planned base volume was changed by System Administrator,2026-09-28,,,1079,"Promotions,_Sep_30,_2026  FULL HISTORY For Aevah.xlsx",2026-09-30
2026-09-01T00:00:00Z,King Soopers,King Soopers September 2026 Puff 4-Pack TPR,,In progress,2026-09-01,2026-09-30,2026-09-01,2026-09-30,40323.6576,8978.5437,4858.27,4858.27,0.0,4858.27,6930.85,33392.8076,24414.2639,60668.271,25917.031,0.36,Supply planned incremental was changed by System Administrator,2026-09-28,,,1080,"Promotions,_Sep_30,_2026  FULL HISTORY For Aevah.xlsx",2026-09-30
2026-04-01T00:00:00Z,KROGER,KROGER April 2026 Puff 4-Pack TPR,,Complete - Unsettled (Open),2026-04-01,2026-04-30,2026-04-01,2026-04-30,140410.5688,38731.82671666667,16916.93,14003.2,2199.95,16916.93,16916.93,123493.6388,84761.81208333335,211250.1384,87756.5584,0.0,Demand actual total was changed by System Administrator,2026-09-30,,2026-07-28,1081,"Promotions,_Sep_30,_2026  FULL HISTORY For Aevah.xlsx",2026-09-30
2026-08-01T00:00:00Z,KROGER,KROGER August 2026 Puff Singles TPR,,Complete - Unsettled (Open),2026-08-01,2026-08-30,2026-08-01,2026-08-30,89562.8596,21549.174703472225,31242.86,0.0,100276.2,100276.2,0.0,89562.8596,68013.68489652779,104140.8,104140.8,0.0,Demand actual total was changed by System Administrator,2026-09-21,,2026-09-22,1082,"Promotions,_Sep_30,_2026  FULL HISTORY For Aevah.xlsx",2026-09-30
2026-12-01T00:00:00Z,KROGER,KROGER December 2026 Puff Singles TPR,,Planned,2026-12-01,2026-12-31,2026-12-01,2026-12-31,89120.5788,21442.76022152778,15544.29,15544.29,0.0,15544.29,0.0,89120.5788,67677.81857847223,129535.2,129535.2,0.0,Demand actual total was changed by System Administrator,2026-09-30,,,1083,"Promotions,_Sep_30,_2026  FULL HISTORY For Aevah.xlsx",2026-09-30
2026-02-01T00:00:00Z,KROGER,KROGER February 2026 Puff Singles TPR,,Complete - Unsettled (Open),2026-02-01,2026-02-28,2026-02-01,2026-02-28,71975.894,17321.62729861111,16351.2,0.0,2952.6,16351.2,16351.2,55624.694,38303.06670138889,240876.0,91504.51,-0.23,Demand actual total was changed by System Administrator,2026-09-30,,2026-03-31,1084,"Promotions,_Sep_30,_2026  FULL HISTORY For Aevah.xlsx",2026-09-30
2026-06-01T00:00:00Z,KROGER,KROGER June 2026 Puff Singles TPR,,Complete - Unsettled (Open),2026-06-01,2026-06-30,2026-06-01,2026-06-30,79611.4384,19154.82381388889,13885.72,464.7,6996.08,13885.72,13885.72,65725.7184,46570.894586111106,115714.8,49988.74,-0.27,Demand actual total was changed by System Administrator,2026-09-30,,2026-08-11,1085,"Promotions,_Sep_30,_2026  FULL HISTORY For Aevah.xlsx",2026-09-30
2026-03-01T00:00:00Z,KROGER,KROGER March 2026 TPR,,Complete - Unsettled (Open),2026-03-01,2026-03-30,2026-03-01,2026-03-30,216832.0216,57395.416345833335,52195.33,27737.4,96494.26,96494.26,52195.33,164636.6916,107241.27525416667,300352.9896,135717.4896,-0.25,Demand actual total was changed by System Administrator,2026-09-30,,2026-05-19,1086,"Promotions,_Sep_30,_2026  FULL HISTORY For Aevah.xlsx",2026-09-30
2026-05-01T00:00:00Z,KROGER,KROGER May 2026 Puff Singles TPR,,Complete - Unsettled (Open),2026-05-01,2026-05-30,2026-05-01,2026-05-30,86245.7192,20751.057740277778,0.0,0.0,0.0,0.0,0.0,86245.7192,65494.66145972222,125359.2,39112.07,0.0,Demand actual total was changed by System Administrator,2026-09-30,,,1087,"Promotions,_Sep_30,_2026  FULL HISTORY For Aevah.xlsx",2026-09-30
2026-11-01T00:00:00Z,KROGER,KROGER November 2026 Puff Singles TPR,,Planned,2026-11-01,2026-11-30,2026-11-01,2026-11-30,86245.702,20751.053565972223,15042.86,15042.86,0.0,15042.86,0.0,86245.702,65494.648434027775,125359.2,125359.2,0.0,Demand actual total was changed by System Administrator,2026-09-30,,,1088,"Promotions,_Sep_30,_2026  FULL HISTORY For Aevah.xlsx",2026-09-30
2026-10-01T00:00:00Z,KROGER,KROGER October 2026 Puff 4-Pack TPR,,Planned,2026-10-01,2026-10-31,2026-10-01,2026-10-31,148138.6656,40869.7384,17848.04,17848.04,0.0,17848.04,0.0,148138.6656,107268.92720000002,222877.2996,222877.2996,0.0,Demand actual total was changed by System Administrator,2026-09-30,,,1089,"Promotions,_Sep_30,_2026  FULL HISTORY For Aevah.xlsx",2026-09-30
2026-09-01T00:00:00Z,KROGER,KROGER September 2026 Puff 4-Pack TPR,,In progress,2026-09-01,2026-09-30,2026-09-01,2026-09-30,129891.1488,35797.0997,15649.54,15649.54,0.0,15649.54,0.0,129891.1488,94094.04910000002,195423.5808,195423.5808,0.0,Demand actual base volume was changed by System Administrator,2026-09-21,,,1090,"Promotions,_Sep_30,_2026  FULL HISTORY For Aevah.xlsx",2026-09-30
2026-04-01T00:00:00Z,RALPHS,RALPHS April 2026 Puff 4-Pack TPR,,Complete - Unsettled (Open),2026-04-01,2026-04-30,2026-04-01,2026-04-30,25959.3456,7155.074466666666,3127.63,3795.2,61.07,3127.63,4691.45,21267.8956,14112.821133333335,39056.3046,15833.6346,-0.08,Demand actual total was changed by System Administrator,2026-09-22,,2026-05-03,1091,"Promotions,_Sep_30,_2026  FULL HISTORY For Aevah.xlsx",2026-09-30
2026-08-01T00:00:00Z,RALPHS,RALPHS August 2026 Puff Singles TPR,,Complete - Unsettled (Open),2026-08-01,2026-08-31,2026-08-01,2026-08-31,33143.712,8705.4975,5780.88,2506.89,0.0,5780.88,12892.53,20251.182,11545.6845,48175.2,25840.86,-0.42,Entry status was set by System Automation,2026-09-01,,,1092,"Promotions,_Sep_30,_2026  FULL HISTORY For Aevah.xlsx",2026-09-30
2026-02-01T00:00:00Z,RALPHS,RALPHS February 2026 Puff Singles TPR,,Complete - Unsettled (Open),2026-02-01,2026-02-28,2026-02-01,2026-02-28,17163.5532,4507.71095625,2993.65,6859.55,11777.17,11777.17,3925.88,13237.6732,8729.96224375,24951.6,10411.8,-0.09,Demand actual total was changed by System Administrator,2026-09-22,,2026-03-25,1093,"Promotions,_Sep_30,_2026  FULL HISTORY For Aevah.xlsx",2026-09-30
2026-07-01T00:00:00Z,RALPHS,RALPHS July 2026 Puff Singles TPR,,Complete - Unsettled (Open),2026-07-01,2026-07-31,2026-07-01,2026-07-31,35905.688,9430.955625,6262.62,5366.24,1180.8,6262.62,8143.87,27761.818,18330.862375,52189.2,21704.44,-0.09,Entry status was set by System Automation,2026-08-01,,2026-08-19,1094,"Promotions,_Sep_30,_2026  FULL HISTORY For Aevah.xlsx",2026-09-30
2026-03-01T00:00:00Z,RALPHS,RALPHS March 2026 Puff 4-Pack TPR,,Complete - Unsettled (Open),2026-03-01,2026-03-30,2026-03-01,2026-03-30,27905.3304,7691.416116666666,3362.09,3728.57,0.0,3362.09,5043.12,22862.2104,15170.794283333333,41983.7742,17020.4742,0.09,Supply planned estimated shipment was changed by System Administrator,2026-09-28,,,1095,"Promotions,_Sep_30,_2026  FULL HISTORY For Aevah.xlsx",2026-09-30
2026-03-01T00:00:00Z,RALPHS,RALPHS March 2026 Puff Singles TPR,,Complete - Unsettled (Open),2026-03-01,2026-03-30,2026-03-01,2026-03-30,15782.462,4130.365838194444,2752.76,7052.65,6545.66,6545.66,3614.1,12168.362,8037.996161805556,22942.8,9578.17,-0.33,Demand planned base volume was changed by System Administrator,2026-09-28,,2026-06-18,1096,"Promotions,_Sep_30,_2026  FULL HISTORY For Aevah.xlsx",2026-09-30
2026-10-01T00:00:00Z,RALPHS,RALPHS October 2026 Puff 4-Pack TPR,,Planned,2026-10-01,2026-10-31,2026-10-01,2026-10-31,26676.864,7352.845399999999,3214.08,3214.08,0.0,3214.08,4821.12,21855.744,14502.8986,40135.824,16271.284,-0.08,Demand planned base volume was changed by System Administrator,2026-09-28,,,1097,"Promotions,_Sep_30,_2026  FULL HISTORY For Aevah.xlsx",2026-09-30
2026-09-01T00:00:00Z,RALPHS,RALPHS September 2026 Puff 4-Pack TPR,,In progress,2026-09-01,2026-09-30,2026-09-01,2026-09-30,26892.0,7412.142699999999,3240.0,3240.0,5470.56,5470.56,4860.0,22032.0,14619.8573,40459.5,16402.5,0.09,Entry status was set by System Automation,2026-09-01,,2026-09-15,1098,"Promotions,_Sep_30,_2026  FULL HISTORY For Aevah.xlsx",2026-09-30
2026-04-01T00:00:00Z,SMITHS,SMITHS April 2026 Puff Singles TPR,,Complete - Unsettled (Open),2026-04-01,2026-04-15,2026-04-01,2026-04-15,20667.52,5230.857734027777,7209.6,4.45,0.0,7209.6,0.0,20667.52,15436.662265972222,24030.72,24030.72,0.0,Demand planned incremental was changed by System Administrator,2026-09-28,,,1099,"Promotions,_Sep_30,_2026  FULL HISTORY For Aevah.xlsx",2026-09-30
2026-08-01T00:00:00Z,SMITHS,SMITHS August 2026 Puff 4-Pack TPR,,Complete - Unsettled (Open),2026-08-01,2026-08-31,2026-08-01,2026-08-31,37382.0048,11104.115733333334,4503.86,0.0,0.0,4503.86,0.0,37382.0048,26277.889066666667,56241.702,56241.702,0.0,Entry status was set by System Automation,2026-09-01,,,1100,"Promotions,_Sep_30,_2026  FULL HISTORY For Aevah.xlsx",2026-09-30
2026-08-01T00:00:00Z,SMITHS,SMITHS August 2026 Puff Singles TPR,,Complete - Unsettled (Open),2026-08-01,2026-08-31,2026-08-01,2026-08-31,35946.3488,9062.760708333333,6269.71,0.39,24404.6,24404.6,30.4,35915.9488,26853.188091666667,52243.2,52105.33,160.29,Demand planned base volume was changed by System Administrator,2026-09-28,,2026-08-25,1101,"Promotions,_Sep_30,_2026  FULL HISTORY For Aevah.xlsx",2026-09-30
2026-02-01T00:00:00Z,SMITHS,SMITHS February 2026 Puff 4-Pack TPR,,Complete - Unsettled (Open),2026-02-01,2026-02-28,2026-02-01,2026-02-28,24555.9816,7267.347333333333,2958.54,0.0,0.0,2958.54,0.0,24555.9816,17288.634266666668,36945.8172,36945.8172,0.0,Supply planned estimated shipment was changed by System Administrator,2026-09-28,,,1102,"Promotions,_Sep_30,_2026  FULL HISTORY For Aevah.xlsx",2026-09-30
2026-02-01T00:00:00Z,SMITHS,SMITHS February 2026 Puff Singles TPR,,Complete - Unsettled (Open),2026-02-01,2026-02-28,2026-02-01,2026-02-28,44391.48,11197.480934722224,7742.7,30.88,0.0,7742.7,0.0,44391.48,33193.99906527778,64522.8,64522.8,0.0,Demand planned incremental was changed by System Administrator,2026-09-28,,,1103,"Promotions,_Sep_30,_2026  FULL HISTORY For Aevah.xlsx",2026-09-30
2026-07-01T00:00:00Z,SMITHS,SMITHS July 2026 Puff Singles TPR,,Complete - Unsettled (Open),2026-07-01,2026-07-31,2026-07-01,2026-07-31,40975.7148,10330.226975694446,7146.92,0.73,0.0,7146.92,428.35,40547.3648,30217.13782430556,59554.8,57605.95,16.93,Demand planned base volume was changed by System Administrator,2026-09-28,,,1104,"Promotions,_Sep_30,_2026  FULL HISTORY For Aevah.xlsx",2026-09-30
2026-03-01T00:00:00Z,SMITHS,SMITHS March 2026 Puff 4-Pack TPR,,Complete - Unsettled (Open),2026-03-01,2026-03-30,2026-03-01,2026-03-30,22381.5144,6623.815183333333,2696.56,0.0,0.0,2696.56,0.0,22381.5144,15757.699216666666,33673.0932,33673.0932,0.0,Supply planned estimated shipment was changed by System Administrator,2026-09-28,,,1105,"Promotions,_Sep_30,_2026  FULL HISTORY For Aevah.xlsx",2026-09-30
2026-03-01T00:00:00Z,SMITHS,SMITHS March 2026 Puff Singles TPR,,Complete - Unsettled (Open),2026-03-01,2026-03-30,2026-03-01,2026-03-30,38904.5596,9813.43996388889,6785.67,11.91,0.0,6785.67,0.0,38904.5596,29091.11963611111,56545.2,56545.2,0.0,Demand planned base volume was changed by System Administrator,2026-09-28,,,1106,"Promotions,_Sep_30,_2026  FULL HISTORY For Aevah.xlsx",2026-09-30
2026-09-01T00:00:00Z,SMITHS,SMITHS September 2026 Puff 4-Pack TPR,,In progress,2026-09-01,2026-09-30,2026-09-01,2026-09-30,34729.0592,10316.068966666668,4184.22,4184.22,0.0,4184.22,0.0,34729.0592,24412.99023333333,52250.8968,52250.8968,0.0,Demand planned base volume was changed by System Administrator,2026-09-28,,,1107,"Promotions,_Sep_30,_2026  FULL HISTORY For Aevah.xlsx",2026-09-30
2026-08-01T00:00:00Z,STOP & SHOP,STOP & SHOP August 2026 Puff 4-Pack TPR,,Complete - Unsettled (Open),2026-08-01,2026-08-31,2026-08-01,2026-08-31,55047.4592,16273.4132,4974.17,0.0,0.0,4974.17,0.0,55047.4592,38774.046,74529.9768,74529.9768,0.0,Supply planned incremental was changed by System Administrator,2026-09-28,,,1108,"Promotions,_Sep_30,_2026  FULL HISTORY For Aevah.xlsx",2026-09-30
2026-01-30T00:00:00Z,STOP & SHOP,STOP & SHOP February 2026 Puff 4-Pack TPR,,Complete - Unsettled (Open),2026-01-30,2026-02-26,2026-01-30,2026-02-26,49720.32,14698.58,6739.2,0.0,0.0,6739.2,0.0,49720.32,35021.74,74805.12,74805.12,0.0,Demand actual total was changed by System Administrator,2026-09-22,,,1109,"Promotions,_Sep_30,_2026  FULL HISTORY For Aevah.xlsx",2026-09-30
2026-01-02T00:00:00Z,STOP & SHOP,STOP & SHOP January 2026 Puff Singles TPR,,Complete - Unsettled (Open),2026-01-02,2026-01-29,2026-01-02,2026-01-29,72732.5564,12066.535277083332,14571.59,4000.0,0.0,14571.59,4000.0,68732.5564,56666.02112291667,84574.08,88574.08,-1.0,Supply planned estimated shipment was changed by System Administrator,2026-09-28,,,1110,"Promotions,_Sep_30,_2026  FULL HISTORY For Aevah.xlsx",2026-09-30
2026-07-01T00:00:00Z,STOP & SHOP,STOP & SHOP July 2026 Puff Singles TPR,,Complete - Unsettled (Open),2026-07-01,2026-07-31,2026-07-01,2026-07-31,90020.6204,16397.25443888889,31402.54,0.0,0.0,31402.54,0.0,90020.6204,73623.3659611111,104676.48,104676.48,0.0,Supply planned estimated shipment was changed by System Administrator,2026-09-28,,,1111,"Promotions,_Sep_30,_2026  FULL HISTORY For Aevah.xlsx",2026-09-30
2026-04-24T00:00:00Z,STOP & SHOP,STOP & SHOP May 2026 Puff 4-Pack TPR,,Complete - Unsettled (Open),2026-04-24,2026-05-21,2026-04-24,2026-05-21,49720.32,14698.58,6739.2,0.0,0.0,6739.2,0.0,49720.32,35021.74,74805.12,74805.12,0.0,Demand actual total was changed by System Administrator,2026-09-22,,,1112,"Promotions,_Sep_30,_2026  FULL HISTORY For Aevah.xlsx",2026-09-30
2026-04-01T00:00:00Z,STOP & SHOP,STOP & SHOP May 2026 Puff Singles TPR,,Complete - Unsettled (Open),2026-04-01,2026-05-07,2026-04-01,2026-05-07,79831.6844,14283.47682638889,38527.58,13000.0,0.0,38527.58,13000.0,66831.6844,52548.207573611115,116038.8,129038.8,-1.0,Supply planned estimated shipment was changed by System Administrator,2026-09-28,,,1113,"Promotions,_Sep_30,_2026  FULL HISTORY For Aevah.xlsx",2026-09-30
2026-11-01T00:00:00Z,STOP & SHOP,STOP & SHOP November 2026 Puff 4-Pack TPR,,Planned,2026-11-01,2026-11-30,2026-11-01,2026-11-30,53271.8568,15748.504833333332,4813.72,4813.72,0.0,4813.72,0.0,53271.8568,37523.35196666667,72125.871,72125.871,0.0,Demand planned base volume was changed by System Administrator,2026-09-28,,,1114,"Promotions,_Sep_30,_2026  FULL HISTORY For Aevah.xlsx",2026-09-30
2026-10-01T00:00:00Z,STOP & SHOP,STOP & SHOP October 2026 Puff Singles TPR,,Planned,2026-10-01,2026-10-31,2026-10-01,2026-10-31,83449.2056,15182.643301388889,24258.5,24258.5,0.0,24258.5,0.0,83449.2056,68266.56229861111,145068.5808,145068.5808,0.0,Demand planned incremental was changed by System Administrator,2026-09-28,,,1115,"Promotions,_Sep_30,_2026  FULL HISTORY For Aevah.xlsx",2026-09-30
2026-04-01T00:00:00Z,THE GIANT COMPANY,THE GIANT COMPANY April 2026 Puff Singles TPR,,Complete - Unsettled (Open),2026-04-01,2026-04-30,2026-04-01,2026-04-30,43543.0556,7861.2347993055555,10328.94,4000.0,0.0,10328.94,4000.0,39543.0556,31681.820800694444,63291.6,67291.6,-1.0,Demand actual total was changed by System Administrator,2026-09-30,,,1116,"Promotions,_Sep_30,_2026  FULL HISTORY For Aevah.xlsx",2026-09-30
2026-08-01T00:00:00Z,THE GIANT COMPANY,THE GIANT COMPANY August 2026 Puff 4-Pack TPR,,Complete - Unsettled (Open),2026-08-01,2026-08-31,2026-08-01,2026-08-31,24847.9424,7363.133666666666,2245.3,0.0,0.0,2245.3,0.0,24847.9424,17484.808733333335,33641.8386,33641.8386,0.0,Supply planned estimated shipment was changed by System Administrator,2026-09-28,,,1117,"Promotions,_Sep_30,_2026  FULL HISTORY For Aevah.xlsx",2026-09-30
2026-02-01T00:00:00Z,THE GIANT COMPANY,THE GIANT COMPANY February 2026 Puff 4-Pack TPR,,Complete - Unsettled (Open),2026-02-01,2026-02-28,2026-02-01,2026-02-28,38394.8704,11331.644266666666,3469.43,0.0,0.0,3469.43,0.0,38394.8704,27063.226133333334,51983.0568,51983.0568,0.0,Demand actual total was changed by System Administrator,2026-09-30,,,1118,"Promotions,_Sep_30,_2026  FULL HISTORY For Aevah.xlsx",2026-09-30
2026-01-01T00:00:00Z,THE GIANT COMPANY,THE GIANT COMPANY January 2026 Puff Singles TPR,,Complete - Unsettled (Open),2026-01-01,2026-01-30,2026-01-01,2026-01-30,64822.6376,12415.458323611112,20728.17,0.0,0.0,20728.17,0.0,64822.6376,52407.17927638889,75378.24,75378.24,0.0,Demand actual total was changed by System Administrator,2026-09-30,,,1119,"Promotions,_Sep_30,_2026  FULL HISTORY For Aevah.xlsx",2026-09-30
2026-07-01T00:00:00Z,THE GIANT COMPANY,THE GIANT COMPANY July 2026 Puff Singles TPR,,Complete - Unsettled (Open),2026-07-01,2026-07-31,2026-07-01,2026-07-31,51151.6304,8984.23342638889,16356.63,0.0,0.0,16356.63,0.0,51151.6304,42167.39697361111,59474.88,59474.88,0.0,Demand planned incremental was changed by System Administrator,2026-09-28,,,1120,"Promotions,_Sep_30,_2026  FULL HISTORY For Aevah.xlsx",2026-09-30
2026-05-01T00:00:00Z,THE GIANT COMPANY,THE GIANT COMPANY May 2026 Puff 4-Pack TPR,,Complete - Unsettled (Open),2026-05-01,2026-05-31,2026-05-01,2026-05-31,24848.0752,7363.170199999999,2245.3,0.0,0.0,2245.3,0.0,24848.0752,17484.905,33641.8386,33641.8386,0.0,Demand actual total was changed by System Administrator,2026-09-30,,,1121,"Promotions,_Sep_30,_2026  FULL HISTORY For Aevah.xlsx",2026-09-30
2026-10-01T00:00:00Z,THE GIANT COMPANY,THE GIANT COMPANY October 2026 Puff 4-Pack TPR,,Planned,2026-10-01,2026-10-31,2026-10-01,2026-10-31,24847.9424,7363.133666666666,2245.3,2245.3,0.0,2245.3,0.0,24847.9424,17484.808733333335,33641.8386,33641.8386,0.0,Demand actual total was changed by System Administrator,2026-09-30,,,1122,"Promotions,_Sep_30,_2026  FULL HISTORY For Aevah.xlsx",2026-09-30
2026-09-01T00:00:00Z,THE GIANT COMPANY,THE GIANT COMPANY September 2026 Puff Singles TPR,,In progress,2026-09-01,2026-09-30,2026-09-01,2026-09-30,42829.7716,7770.702888194443,6225.26,6225.26,0.0,6225.26,0.0,42829.7716,35059.06871180556,62251.2,62251.2,0.0,Demand planned base volume was changed by System Administrator,2026-09-28,,,1123,"Promotions,_Sep_30,_2026  FULL HISTORY For Aevah.xlsx",2026-09-30
2026-08-01T00:00:00Z,TOPS,TOPS August 2026 Puff Singles TPR,,Complete - Unsettled (Open),2026-08-01,2026-08-30,2026-08-01,2026-08-30,6634.2464,1273.81553125,1504.27,0.0,495.32,1504.27,2964.05,3670.1964,2396.38086875,9640.8,5971.45,-0.49,Demand planned base volume was changed by System Administrator,2026-09-28,,2026-09-02,1124,"Promotions,_Sep_30,_2026  FULL HISTORY For Aevah.xlsx",2026-09-30
2026-03-01T00:00:00Z,TOPS,TOPS March 2026 Puff Singles TPR,,Complete - Unsettled (Open),2026-03-01,2026-03-30,2026-03-01,2026-03-30,6634.2636,1273.81553125,1504.28,0.0,1558.49,1558.49,1637.38,4996.8836,3723.06806875,9640.8,4644.77,-0.41,Demand actual total was changed by System Administrator,2026-09-22,,2026-05-28,1125,"Promotions,_Sep_30,_2026  FULL HISTORY For Aevah.xlsx",2026-09-30
2026-05-01T00:00:00Z,TOPS,TOPS May 2026 Puff Singles TPR,,Complete - Unsettled (Open),2026-05-01,2026-05-31,2026-05-01,2026-05-31,7426.6504,1425.96170625,3799.67,0.0,0.0,3799.67,5433.88,1992.7704,566.80869375,8634.24,6642.07,-0.67,Demand planned incremental was changed by System Administrator,2026-09-28,,,1126,"Promotions,_Sep_30,_2026  FULL HISTORY For Aevah.xlsx",2026-09-30
2026-10-01T00:00:00Z,TOPS,TOPS October 2026 Puff Singles TPR,,Planned,2026-10-01,2026-10-31,2026-10-01,2026-10-31,6855.404,1316.277425,1554.42,1554.42,0.0,1554.42,1691.99,5163.414,3847.1365749999995,9964.8,4800.46,-0.41,Demand planned base volume was changed by System Administrator,2026-09-28,,,1127,"Promotions,_Sep_30,_2026  FULL HISTORY For Aevah.xlsx",2026-09-30
2026-04-01T00:00:00Z,VITAMIN SHOPPE,VITAMIN SHOPPE April 2026 Puff Singles TPR,,Complete - Unsettled (Open),2026-04-01,2026-04-08,2026-04-01,2026-04-08,44004.48,6717.563333333333,10745.28,0.0,0.0,10745.28,12504.12,31500.36,24782.796666666665,63957.6,32458.89,-0.44,Demand actual total was changed by System Administrator,2026-09-30,,,1128,"Promotions,_Sep_30,_2026  FULL HISTORY For Aevah.xlsx",2026-09-30
2026-08-01T00:00:00Z,VITAMIN SHOPPE,VITAMIN SHOPPE August 2026 Puff Singles TPR,,Complete - Unsettled (Open),2026-08-01,2026-08-07,2026-08-01,2026-08-07,38503.92,5877.867916666666,9402.12,0.0,0.0,9402.12,10941.28,27562.64,21684.772083333333,55969.2,28403.66,-0.44,Demand actual total was changed by System Administrator,2026-09-10,,,1129,"Promotions,_Sep_30,_2026  FULL HISTORY For Aevah.xlsx",2026-09-30
2026-12-01T00:00:00Z,VITAMIN SHOPPE,VITAMIN SHOPPE December 2026 Puff Singles TPR,,Planned,2026-12-01,2026-12-21,2026-12-01,2026-12-21,115511.76,17633.603750000002,28206.36,28206.36,0.0,28206.36,32823.42,82688.34,65054.73625,167893.2,85206.1,-0.44,Demand actual total was changed by System Administrator,2026-09-30,,,1130,"Promotions,_Sep_30,_2026  FULL HISTORY For Aevah.xlsx",2026-09-30
2026-02-01T00:00:00Z,VITAMIN SHOPPE,VITAMIN SHOPPE February 2026 Puff Singles TPR,,Complete - Unsettled (Open),2026-02-01,2026-02-08,2026-02-01,2026-02-08,44004.48,6717.563333333333,10745.28,0.0,11687.33,11687.33,12504.12,31500.36,24782.796666666665,63957.6,32458.89,-0.44,Demand actual total was changed by System Administrator,2026-09-30,,2026-03-25,1131,"Promotions,_Sep_30,_2026  FULL HISTORY For Aevah.xlsx",2026-09-30
2026-01-01T00:00:00Z,VITAMIN SHOPPE,VITAMIN SHOPPE January 2026 Puff Singles TPR,,Complete - Unsettled (Open),2026-01-01,2026-01-15,2026-01-01,2026-01-15,114760.9972,22018.81210972222,28023.03,4203.36,39174.1,39174.1,32610.09,82150.9072,60132.095090277784,166802.4,84652.45,-0.1,Demand actual total was changed by System Administrator,2026-09-30,,2026-02-18,1132,"Promotions,_Sep_30,_2026  FULL HISTORY For Aevah.xlsx",2026-09-30
2026-07-01T00:00:00Z,VITAMIN SHOPPE,VITAMIN SHOPPE July 2026 Puff Singles TPR,,Complete - Unsettled (Open),2026-07-01,2026-07-14,2026-07-01,2026-07-14,89842.48,13715.02513888889,21938.28,372.96,0.0,21938.28,25529.4,64313.08,50598.054861111115,130586.4,66272.36,-0.05,Demand actual total was changed by System Administrator,2026-09-10,,,1133,"Promotions,_Sep_30,_2026  FULL HISTORY For Aevah.xlsx",2026-09-30
2026-06-01T00:00:00Z,VITAMIN SHOPPE,VITAMIN SHOPPE June 2026 Puff Singles TPR,,Complete - Unsettled (Open),2026-06-01,2026-06-21,2026-06-01,2026-06-21,115511.76,17633.603750000002,28206.36,0.0,53198.31,53198.31,32823.42,82688.34,65054.73625,167893.2,85206.1,-0.44,Demand actual total was changed by System Administrator,2026-09-30,,2026-07-22,1134,"Promotions,_Sep_30,_2026  FULL HISTORY For Aevah.xlsx",2026-09-30
2026-10-01T00:00:00Z,VITAMIN SHOPPE,VITAMIN SHOPPE October 2026 Puff Singles TPR,,Planned,2026-10-01,2026-10-07,2026-10-01,2026-10-07,38503.92,5877.867916666666,9402.12,9402.12,0.0,9402.12,10941.28,27562.64,21684.772083333333,55969.2,28403.66,-0.44,Demand actual total was changed by System Administrator,2026-09-30,,,1135,"Promotions,_Sep_30,_2026  FULL HISTORY For Aevah.xlsx",2026-09-30
2026-01-01T00:00:00Z,WAKEFERN,WAKEFERN January 2026 Puff Singles TPR,,Complete - Unsettled (Open),2026-01-01,2026-01-14,2026-01-01,2026-01-14,34136.8916,8805.825502083333,25602.67,52770.79,0.0,25602.67,29312.5,4824.3916,-3981.433902083333,39493.6992,34669.7192,-0.73,Demand planned incremental was changed by System Administrator,2026-09-28,,,1136,"Promotions,_Sep_30,_2026  FULL HISTORY For Aevah.xlsx",2026-09-30
2026-07-01T00:00:00Z,WAKEFERN,WAKEFERN July 2026 Puff Singles TPR,,Complete - Unsettled (Open),2026-07-01,2026-07-14,2026-07-01,2026-07-14,34989.272,8949.402743055556,16274.08,19381.93,0.0,16274.08,16974.83,18014.442,9065.039256944445,50657.3568,32638.5468,-0.68,Demand planned base volume was changed by System Administrator,2026-09-28,,,1137,"Promotions,_Sep_30,_2026  FULL HISTORY For Aevah.xlsx",2026-09-30
2026-03-01T00:00:00Z,WAKEFERN,WAKEFERN March 2026 Puff Singles TPR,,Complete - Unsettled (Open),2026-03-01,2026-03-14,2026-03-01,2026-03-14,26187.086,6756.717355555555,12180.04,24305.56,11803.44,12180.04,12704.4,13482.686,6725.968644444444,37910.5488,24426.7388,-0.68,Demand planned incremental was changed by System Administrator,2026-09-28,,2026-04-02,1138,"Promotions,_Sep_30,_2026  FULL HISTORY For Aevah.xlsx",2026-09-30
2026-05-01T00:00:00Z,WAKEFERN,WAKEFERN May 2026 Puff Singles TPR,,Complete - Unsettled (Open),2026-05-01,2026-05-14,2026-05-01,2026-05-14,36557.052,9366.3899875,17003.28,19736.34,128.48,17003.28,21362.73,15194.322,5827.9320125,52927.0416,37728.2716,-0.7,Demand planned base volume was changed by System Administrator,2026-09-28,,2026-06-11,1139,"Promotions,_Sep_30,_2026  FULL HISTORY For Aevah.xlsx",2026-09-30
2026-09-01T00:00:00Z,WAKEFERN,WAKEFERN September 2026 Puff Singles TPR,,Complete - Unsettled (Open),2026-09-01,2026-09-14,2026-09-01,2026-09-14,31902.732,8128.465378472222,14838.48,14838.48,0.0,14838.48,15477.45,16425.282,8296.816621527778,46189.6992,29759.7092,-0.68,Demand actual total was changed by System Administrator,2026-09-21,,,1140,"Promotions,_Sep_30,_2026  FULL HISTORY For Aevah.xlsx",2026-09-30
2026-08-01T00:00:00Z,Walgreens,Walgreens August 2026 Puff Singles TPR,,Complete - Unsettled (Open),2026-08-01,2026-08-31,2026-08-01,2026-08-31,73595.4804,17680.060322916666,14697.02,16271.58,21290.25,21290.25,14697.02,58898.4604,41218.40007708334,106970.4,48071.79,-1.0,Demand actual total was changed by System Administrator,2026-09-21,,2026-09-22,1141,"Promotions,_Sep_30,_2026  FULL HISTORY For Aevah.xlsx",2026-09-30
2026-03-01T00:00:00Z,Walgreens,Walgreens March 2026 Puff Singles TPR,,Complete - Unsettled (Open),2026-03-01,2026-03-30,2026-03-01,2026-03-30,46634.0332,11175.960431250001,10778.21,19321.99,15920.75,15920.75,10778.21,35855.8232,24679.86276875,67780.8,31925.82,-1.0,Demand actual total was changed by System Administrator,2026-09-22,,2026-04-22,1142,"Promotions,_Sep_30,_2026  FULL HISTORY For Aevah.xlsx",2026-09-30
2026-05-01T00:00:00Z,Walgreens,Walgreens May 2026 Puff Singles TPR,,Complete - Unsettled (Open),2026-05-01,2026-05-31,2026-05-01,2026-05-31,73736.8128,17713.601752777777,14717.56,17663.29,0.0,14717.56,14717.56,59019.2528,41305.65104722222,107175.6,48156.35,-1.0,Demand planned base volume was changed by System Administrator,2026-09-28,,,1143,"Promotions,_Sep_30,_2026  FULL HISTORY For Aevah.xlsx",2026-09-30
2026-10-01T00:00:00Z,Walgreens,Walgreens October 2026 Puff Singles TPR,,Planned,2026-10-01,2026-10-31,2026-10-01,2026-10-31,72853.5928,17503.993813194444,14589.19,14589.19,0.0,14589.19,14589.19,58264.4028,40760.40898680556,105894.0,47628.12,-1.0,Demand planned base volume was changed by System Administrator,2026-09-28,,,1144,"Promotions,_Sep_30,_2026  FULL HISTORY For Aevah.xlsx",2026-09-30
2026-02-01T00:00:00Z,WEGMANS,WEGMANS February 2026 TPR,,Complete - Unsettled (Open),2026-02-01,2026-02-28,2026-02-01,2026-02-28,208351.7184,14849.339555555554,22332.24,25634.9,0.0,22332.24,29975.79,178375.9284,163526.58884444446,138458.5488,-39897.6112,1.26,Demand actual total was changed by System Administrator,2026-09-22,,,1145,"Promotions,_Sep_30,_2026  FULL HISTORY For Aevah.xlsx",2026-09-30
2026-03-01T00:00:00Z,WEGMANS,WEGMANS March 2026 TPR,,Complete - Unsettled (Open),2026-03-01,2026-03-30,2026-03-01,2026-03-30,217156.3124,14773.57987986111,24738.83,25297.38,0.0,24738.83,32936.1,184220.2124,169446.6325201389,153379.9152,-30816.6048,0.75,Supply planned estimated shipment was changed by System Administrator,2026-09-28,,,1146,"Promotions,_Sep_30,_2026  FULL HISTORY For Aevah.xlsx",2026-09-30
2026-04-01T00:00:00Z,Weis Markets,Weis Markets April 2026 Puff Singles TPR,,Complete - Unsettled (Open),2026-04-01,2026-04-30,2026-04-01,2026-04-30,9313.7656,1380.0705083333332,519.16,262.25,288.96,519.16,519.16,8794.6056,7414.535091666667,5191.2,2973.4,1.55,Supply planned adjustment was changed by System Administrator,2026-09-28,,2026-07-07,1147,"Promotions,_Sep_30,_2026  FULL HISTORY For Aevah.xlsx",2026-09-30
2026-08-01T00:00:00Z,Weis Markets,Weis Markets August 2026 Puff 4-Pack TPR,,Complete - Unsettled (Open),2026-08-01,2026-08-31,2026-08-01,2026-08-31,19879.496,5879.317183333333,1796.34,2291.5,0.0,1796.34,1796.34,18083.156,12203.838816666668,26914.9812,8831.9512,0.3,Demand planned base volume was changed by System Administrator,2026-09-28,,,1148,"Promotions,_Sep_30,_2026  FULL HISTORY For Aevah.xlsx",2026-09-30
2026-02-01T00:00:00Z,Weis Markets,Weis Markets February 2026 Puff 4-Pack TPR,,Complete - Unsettled (Open),2026-02-01,2026-02-28,2026-02-01,2026-02-28,17082.1304,5052.0111333333325,3087.13,4469.83,3780.16,3780.16,3087.13,13995.0004,8942.989266666667,20555.2338,6560.1538,-0.22,Demand planned incremental was changed by System Administrator,2026-09-28,,2026-02-27,1149,"Promotions,_Sep_30,_2026  FULL HISTORY For Aevah.xlsx",2026-09-30
2026-01-01T00:00:00Z,Weis Markets,Weis Markets January 2026 Puff Singles TPR,,Complete - Unsettled (Open),2026-01-01,2026-01-31,2026-01-01,2026-01-31,9662.8396,1431.807373611111,1077.22,623.86,0.0,1077.22,1077.22,8585.6196,7153.812226388888,4308.48,3412.16,0.76,Supply planned adjustment was changed by System Administrator,2026-09-28,,,1150,"Promotions,_Sep_30,_2026  FULL HISTORY For Aevah.xlsx",2026-09-30
2026-07-01T00:00:00Z,Weis Markets,Weis Markets July 2026 Puff Singles TPR,,Complete - Unsettled (Open),2026-07-01,2026-07-31,2026-07-01,2026-07-31,10690.2472,1584.042025,1191.76,374.57,0.0,1191.76,1191.76,9498.4872,7914.445175,4766.4,3774.93,0.76,Supply planned adjustment was changed by System Administrator,2026-09-28,,,1151,"Promotions,_Sep_30,_2026  FULL HISTORY For Aevah.xlsx",2026-09-30
2026-05-01T00:00:00Z,Weis Markets,Weis Markets May 2026 Puff 4-Pack TPR,,Complete - Unsettled (Open),2026-05-01,2026-05-30,2026-05-01,2026-05-30,20121.524,5950.899033333333,1818.22,2305.46,5602.35,5602.35,1818.22,18303.304,12352.404966666667,27242.9364,8939.5664,0.56,Supply planned estimated shipment was changed by System Administrator,2026-09-28,,2026-07-07,1152,"Promotions,_Sep_30,_2026  FULL HISTORY For Aevah.xlsx",2026-09-30
2026-10-01T00:00:00Z,Weis Markets,Weis Markets October 2026 Puff 4-Pack TPR,,Planned,2026-10-01,2026-10-31,2026-10-01,2026-10-31,19441.5216,5749.78875,1756.76,1756.76,0.0,1756.76,1756.76,17684.7616,11934.97285,26322.1806,8637.4206,0.3,Demand planned base volume was changed by System Administrator,2026-09-28,,,1153,"Promotions,_Sep_30,_2026  FULL HISTORY For Aevah.xlsx",2026-09-30
2026-09-01T00:00:00Z,Weis Markets,Weis Markets September 2026 Puff Singles TPR,,In progress,2026-09-01,2026-09-30,2026-09-01,2026-09-30,7992.3928,1184.2840395833332,445.5,445.5,0.0,445.5,445.5,7546.8928,6362.608760416666,4456.8,2552.2,2.06,Supply planned adjustment was changed by System Administrator,2026-09-28,,,1154,"Promotions,_Sep_30,_2026  FULL HISTORY For Aevah.xlsx",2026-09-30
2026-03-04T00:00:00Z,7 ELEVEN,7 ELEVEN March 2026 TPR,,Complete - Unsettled (Open),2026-03-04,2026-04-28,2026-03-01,2026-03-30,1119352.092,292709.9489340278,261415.8,111906.8,0.0,261415.8,374393.76,744958.332,452248.3830659723,2206165.896,1454807.656,-0.08,Demand actual total was changed by System Administrator,2026-09-30,,,1155,"Promotions,_Sep_30,_2026  FULL HISTORY For Aevah.xlsx",2026-09-30
2026-08-01T00:00:00Z,Atlantis,Atlantis September 2026 TPR,,In progress,2026-08-01,2026-09-30,2026-08-01,2026-09-30,16719.776,1605.1471,2430.2,2430.2,0.0,2430.2,2430.2,14289.576,12684.4289,24300.0,10011.8,-0.19,Demand actual total was changed by System Administrator,2026-09-10,,,1161,"Promotions,_Sep_30,_2026  FULL HISTORY For Aevah.xlsx",2026-09-30
2026-01-01T00:00:00Z,Bolla,Bolla January 2026 TPR,,Complete - Unsettled (Open),2026-01-01,2026-01-31,2026-01-01,2026-01-31,6408.72,518.44875,2613.0,750.0,0.0,2613.0,2613.0,3795.72,3277.2712499999993,12623.8176,8831.8176,-0.71,Demand actual total was changed by System Administrator,2026-09-30,,,1162,"Promotions,_Sep_30,_2026  FULL HISTORY For Aevah.xlsx",2026-09-30
2026-02-01T00:00:00Z,Bolla,Bolla February 2026 TPR,,Complete - Unsettled (Open),2026-02-01,2026-02-28,2026-02-01,2026-02-28,6646.08,537.6505555555556,1932.0,0.0,0.0,1932.0,1932.0,4714.08,4176.429444444444,13092.4512,8381.6712,-0.59,Demand actual total was changed by System Administrator,2026-09-30,,,1163,"Promotions,_Sep_30,_2026  FULL HISTORY For Aevah.xlsx",2026-09-30
2026-06-01T00:00:00Z,Bolla,Bolla June 2026 TPR,,Complete - Unsettled (Open),2026-06-01,2026-06-30,2026-06-01,2026-06-30,7120.8,576.0541666666667,2070.0,0.0,0.0,2070.0,2070.0,5050.8,4474.745833333333,14029.7184,8981.4084,-0.59,Demand actual total was changed by System Administrator,2026-09-30,,,1164,"Promotions,_Sep_30,_2026  FULL HISTORY For Aevah.xlsx",2026-09-30
2026-07-01T00:00:00Z,Bolla,Bolla July 2026 TPR,,Complete - Unsettled (Open),2026-07-01,2026-07-31,2026-07-01,2026-07-31,7358.16,595.2559722222222,2889.0,750.0,0.0,2889.0,2889.0,4469.16,3873.9040277777776,14498.352,10031.262,-0.69,Demand actual total was changed by System Administrator,2026-09-10,,,1165,"Promotions,_Sep_30,_2026  FULL HISTORY For Aevah.xlsx",2026-09-30
2026-09-01T00:00:00Z,Bolla,Bolla September 2026 TPR,,In progress,2026-09-01,2026-09-30,2026-09-01,2026-09-30,7120.8,576.0541666666667,2820.0,2820.0,0.0,2820.0,2820.0,4300.8,3724.745833333333,14029.7184,9731.4084,-0.7,Demand actual total was changed by System Administrator,2026-09-10,,,1166,"Promotions,_Sep_30,_2026  FULL HISTORY For Aevah.xlsx",2026-09-30
2026-10-01T00:00:00Z,Bolla,Bolla October 2026 TPR,,Planned,2026-10-01,2026-10-31,2026-10-01,2026-10-31,7358.16,595.2559722222222,2139.0,2139.0,0.0,2139.0,2139.0,5219.16,4623.904027777778,14498.352,9281.262,-0.59,Demand actual total was changed by System Administrator,2026-09-30,,,1167,"Promotions,_Sep_30,_2026  FULL HISTORY For Aevah.xlsx",2026-09-30
2026-01-01T00:00:00Z,DELEK,DELEK February 2026 TPR,,Complete - Unsettled (Open),2026-01-01,2026-02-28,2026-01-01,2026-02-28,18026.2536,4326.431868749999,5240.2,0.0,0.0,5240.2,6896.66,11129.5936,6803.161731249999,35528.2848,24271.4348,-0.67,Demand actual total was changed by System Administrator,2026-09-30,,,1168,"Promotions,_Sep_30,_2026  FULL HISTORY For Aevah.xlsx",2026-09-30
2026-07-01T00:00:00Z,DELEK,DELEK August 2026 TPR,,Complete - Unsettled (Open),2026-07-01,2026-08-31,2026-07-01,2026-08-31,19369.1608,4648.739356249999,2815.28,0.0,0.0,2815.28,5780.38,13588.7808,8940.04144375,38174.112,23263.842,-0.4,Demand actual total was changed by System Administrator,2026-09-10,,,1169,"Promotions,_Sep_30,_2026  FULL HISTORY For Aevah.xlsx",2026-09-30
2026-01-01T00:00:00Z,EG America,EG America February 2026 TPR,,Complete - Unsettled (Open),2026-01-01,2026-02-28,2026-01-01,2026-02-28,151189.7028,24191.08495625,59397.42,38110.8,0.0,59397.42,60947.25,90242.4528,66051.36784375,289187.8416,198381.0716,-0.72,Demand actual total was changed by System Administrator,2026-09-22,,,1170,"Promotions,_Sep_30,_2026  FULL HISTORY For Aevah.xlsx",2026-09-30
2026-05-01T00:00:00Z,EG America,EG America June 2026 TPR,,Complete - Unsettled (Open),2026-05-01,2026-06-30,2026-05-01,2026-06-30,156216.936,24995.466625,38305.98,26955.07,0.0,38305.98,39907.38,116309.556,91314.08937500001,298809.9072,181913.9872,-0.56,Demand planned base volume was changed by System Administrator,2026-09-28,,,1171,"Promotions,_Sep_30,_2026  FULL HISTORY For Aevah.xlsx",2026-09-30
2026-09-01T00:00:00Z,EG America,EG America October 2026 TPR,,In progress,2026-09-01,2026-10-30,2026-09-01,2026-10-30,151003.3752,24161.2716375,37548.18,37548.18,0.0,37548.18,39096.11,111907.2652,87745.9935625,288832.5216,176361.0516,-0.56,Demand planned base volume was changed by System Administrator,2026-09-28,,,1172,"Promotions,_Sep_30,_2026  FULL HISTORY For Aevah.xlsx",2026-09-30
2026-03-01T00:00:00Z,Energy North,Energy North April 2026 TPR,,Complete - Unsettled (Open),2026-03-01,2026-04-30,2026-03-01,2026-04-30,10066.3344,610.7551687499999,2963.12,1500.0,0.0,2963.12,2963.12,7103.2144,6492.459231249999,19838.8224,12736.2224,-0.58,Demand actual total was changed by System Administrator,2026-09-30,,,1173,"Promotions,_Sep_30,_2026  FULL HISTORY For Aevah.xlsx",2026-09-30
2026-09-01T00:00:00Z,Energy North,Energy North October 2026 TPR,,In progress,2026-09-01,2026-10-31,2026-09-01,2026-10-31,10066.3344,610.7551687499999,3463.12,3463.12,0.0,3463.12,3463.12,6603.2144,5992.45923125,19838.8224,13236.2224,-0.64,Demand actual total was changed by System Administrator,2026-09-10,,,1174,"Promotions,_Sep_30,_2026  FULL HISTORY For Aevah.xlsx",2026-09-30
2026-01-01T00:00:00Z,Follett,Follett January 2026 TPR,,Complete - Unsettled (Open),2026-01-01,2026-01-14,2026-01-01,2026-01-14,13563.3696,813.8268187499999,2602.24,0.0,0.0,2602.24,2602.24,10961.1296,10147.30278125,26751.168,15780.528,-0.36,Demand actual total was changed by System Administrator,2026-09-30,,,1175,"Promotions,_Sep_30,_2026  FULL HISTORY For Aevah.xlsx",2026-09-30
2026-04-01T00:00:00Z,Follett,Follett April 2026 TPR,,Complete - Unsettled (Open),2026-04-01,2026-04-14,2026-04-01,2026-04-14,18988.8,1139.3625,3643.2,0.0,0.0,3643.2,3643.2,15345.6,14206.237500000001,37412.5824,22073.6224,-0.36,Demand actual total was changed by System Administrator,2026-09-30,,,1176,"Promotions,_Sep_30,_2026  FULL HISTORY For Aevah.xlsx",2026-09-30
2026-08-01T00:00:00Z,Follett,Follett August 2026 TPR,,Complete - Unsettled (Open),2026-08-01,2026-08-14,2026-08-01,2026-08-14,18988.8,1139.3625,3643.2,0.0,0.0,3643.2,3643.2,15345.6,14206.237500000001,37412.5824,22073.6224,-0.36,Demand actual total was changed by System Administrator,2026-09-10,,,1177,"Promotions,_Sep_30,_2026  FULL HISTORY For Aevah.xlsx",2026-09-30
2026-10-01T00:00:00Z,Follett,Follett October 2026 TPR,,Planned,2026-10-01,2026-10-14,2026-10-01,2026-10-14,18988.8,1139.3625,3643.2,3643.2,0.0,3643.2,3643.2,15345.6,14206.237500000001,37412.5824,22073.6224,-0.36,Demand actual total was changed by System Administrator,2026-09-30,,,1178,"Promotions,_Sep_30,_2026  FULL HISTORY For Aevah.xlsx",2026-09-30
2026-01-01T00:00:00Z,GETGO,GETGO February 2026 TPR,,Complete - Unsettled (Open),2026-01-01,2026-02-28,2026-01-01,2026-02-28,22974.5732,4474.514678472222,4675.06,0.0,0.0,4675.06,5370.06,17604.5132,13129.998521527777,40072.32,22259.41,-0.49,Demand actual total was changed by System Administrator,2026-09-30,,,1179,"Promotions,_Sep_30,_2026  FULL HISTORY For Aevah.xlsx",2026-09-30
2026-05-01T00:00:00Z,GETGO,GETGO June 2026 TPR,,Complete - Unsettled (Open),2026-05-01,2026-06-30,2026-05-01,2026-06-30,21134.2764,3962.89544861111,4300.58,0.0,0.0,4300.58,4938.7,16195.5764,12232.68095138889,36862.56,20474.92,-0.49,Demand actual total was changed by System Administrator,2026-09-30,,,1180,"Promotions,_Sep_30,_2026  FULL HISTORY For Aevah.xlsx",2026-09-30
2026-09-01T00:00:00Z,GETGO,GETGO October 2026 TPR,,In progress,2026-09-01,2026-10-31,2026-09-01,2026-10-31,20819.4648,3903.8603763888887,4236.52,4236.52,0.0,4236.52,4865.14,15954.3248,12050.464423611113,36313.92,20170.14,-0.49,Demand planned base volume was changed by System Administrator,2026-09-28,,,1181,"Promotions,_Sep_30,_2026  FULL HISTORY For Aevah.xlsx",2026-09-30
2026-01-01T00:00:00Z,GLOBAL PARTNERS,GLOBAL PARTNERS February 2026 TPR,,Complete - Unsettled (Open),2026-01-01,2026-02-28,2026-01-01,2026-02-28,35253.2232,8461.02976875,35253.22,0.0,0.0,35253.22,36222.56,-969.3368,-9430.36656875,73584.0864,74287.1264,-0.72,Demand actual total was changed by System Administrator,2026-09-30,,,1182,"Promotions,_Sep_30,_2026  FULL HISTORY For Aevah.xlsx",2026-09-30
2026-01-01T00:00:00Z,GPM,GPM June 2026 TPR,,Complete - Unsettled (Open),2026-01-01,2026-06-30,2026-01-01,2026-06-30,345483.8784,55279.0944,85215.68,35000.0,0.0,85215.68,98984.52,246499.3584,191220.264,680924.6208,427561.0808,-0.56,Demand actual total was changed by System Administrator,2026-09-30,,,1183,"Promotions,_Sep_30,_2026  FULL HISTORY For Aevah.xlsx",2026-09-30
2026-01-01T00:00:00Z,Hudson News,Hudson News March 2026 TPR,,Complete - Unsettled (Open),2026-01-01,2026-03-30,2026-01-01,2026-03-30,156136.698,37527.998400000004,66000.0,66000.0,0.0,66000.0,70284.24,85852.458,48324.4596,0.0,66000.0,-0.77,Demand actual total was changed by System Administrator,2026-09-30,,,1184,"Promotions,_Sep_30,_2026  FULL HISTORY For Aevah.xlsx",2026-09-30
2026-08-01T00:00:00Z,Hudson News,Hudson News August 2026 TPR,,Complete - Unsettled (Open),2026-08-01,2026-08-31,2026-08-01,2026-08-31,59209.7616,14210.773087500002,80000.0,80000.0,0.0,80000.0,87386.96,-28177.1984,-42387.971487500006,0.0,80000.0,-0.93,Demand planned base volume was changed by System Administrator,2026-09-28,,,1185,"Promotions,_Sep_30,_2026  FULL HISTORY For Aevah.xlsx",2026-09-30
2026-02-01T00:00:00Z,MEIJER,MEIJER February 2026 TPR,,Complete - Unsettled (Open),2026-02-01,2026-02-10,2026-02-01,2026-02-10,53223.7168,15768.645183333334,5610.93,704.9,17800.8,17800.8,7748.41,45475.3068,29706.661616666668,68052.2742,22577.2342,1.16,Demand actual total was changed by System Administrator,2026-09-30,,2026-05-05,1186,"Promotions,_Sep_30,_2026  FULL HISTORY For Aevah.xlsx",2026-09-30
2026-03-01T00:00:00Z,MEIJER,MEIJER March 2026 TPR,,Complete - Unsettled (Open),2026-03-01,2026-03-17,2026-03-01,2026-03-17,64363.844,19528.2249,6785.35,364.0,6339.75,6785.35,9370.25,54993.594,35465.3691,82296.6264,27302.9664,0.74,Demand actual total was changed by System Administrator,2026-09-30,,2026-07-18,1187,"Promotions,_Sep_30,_2026  FULL HISTORY For Aevah.xlsx",2026-09-30
2026-04-01T00:00:00Z,MEIJER,MEIJER April 2026 TPR,,Complete - Unsettled (Open),2026-04-01,2026-04-30,2026-04-01,2026-04-30,113818.8296,34544.1708,12498.97,3170.5,15159.87,15159.87,17070.01,96748.8196,62204.648799999995,145530.486,48781.596,0.67,Demand actual total was changed by System Administrator,2026-09-30,,2026-05-11,1188,"Promotions,_Sep_30,_2026  FULL HISTORY For Aevah.xlsx",2026-09-30
2026-05-01T00:00:00Z,MEIJER,MEIJER May 2026 TPR,,Complete - Unsettled (Open),2026-05-01,2026-05-13,2026-05-01,2026-05-13,49321.588,14969.168749999999,5699.57,2763.1,16488.6,16488.6,7680.35,41641.238,26672.06925,63063.2106,21422.0306,0.59,Demand actual total was changed by System Administrator,2026-09-30,,2026-07-13,1189,"Promotions,_Sep_30,_2026  FULL HISTORY For Aevah.xlsx",2026-09-30
2026-06-01T00:00:00Z,MEIJER,MEIJER June 2026 TPR,,Complete - Unsettled (Open),2026-06-01,2026-06-07,2026-06-01,2026-06-07,24660.7608,7484.57515,5439.58,670.24,0.0,5439.58,6429.98,18230.7808,10746.20565,24103.86,5872.88,-0.31,Demand actual total was changed by System Administrator,2026-09-30,,,1190,"Promotions,_Sep_30,_2026  FULL HISTORY For Aevah.xlsx",2026-09-30
2026-07-01T00:00:00Z,MEIJER,MEIJER July 2026 TPR,,Complete - Unsettled (Open),2026-07-01,2026-07-21,2026-07-01,2026-07-21,79673.2272,24180.9351,35958.64,22911.37,21487.2,35958.64,39158.36,40514.8672,16333.9321,77873.3802,37358.5102,-0.58,Demand actual total was changed by System Administrator,2026-09-10,,2026-08-13,1191,"Promotions,_Sep_30,_2026  FULL HISTORY For Aevah.xlsx",2026-09-30
2026-08-01T00:00:00Z,MEIJER,MEIJER August 2026 TPR,,Complete - Unsettled (Open),2026-08-01,2026-08-06,2026-08-01,2026-08-06,22763.6464,6908.797949999999,2899.78,722.6,0.0,2899.78,3813.98,18949.6664,12040.86845,29106.0972,10156.2972,0.45,Demand planned base volume was changed by System Administrator,2026-09-28,,,1192,"Promotions,_Sep_30,_2026  FULL HISTORY For Aevah.xlsx",2026-09-30
2026-09-01T00:00:00Z,MEIJER,MEIJER September 2026 TPR,,Complete - Unsettled (Open),2026-09-01,2026-09-08,2026-09-01,2026-09-08,22763.7128,6908.82015,2399.79,302.4,9866.58,9866.58,3313.99,19449.7228,12540.90265,29106.0972,9656.3072,-0.7,Demand planned base volume was changed by System Administrator,2026-09-28,,2026-09-14,1193,"Promotions,_Sep_30,_2026  FULL HISTORY For Aevah.xlsx",2026-09-30
2026-10-01T00:00:00Z,MEIJER,MEIJER October 2026 TPR,,Planned,2026-10-01,2026-10-14,2026-10-01,2026-10-14,39836.6136,12090.46755,4699.65,4699.65,0.0,4699.65,6299.52,33537.0936,21446.62605,50935.9248,17398.6248,-0.73,Demand actual total was changed by System Administrator,2026-09-30,,,1194,"Promotions,_Sep_30,_2026  FULL HISTORY For Aevah.xlsx",2026-09-30
2026-11-01T00:00:00Z,MEIJER,MEIJER November 2026 TPR,,Planned,2026-11-01,2026-11-10,2026-11-01,2026-11-10,37939.632,11514.731,13999.66,13999.66,0.0,13999.66,15523.34,22416.292,10901.561,48510.162,26093.872,-0.48,Demand actual total was changed by System Administrator,2026-09-30,,,1195,"Promotions,_Sep_30,_2026  FULL HISTORY For Aevah.xlsx",2026-09-30
2026-05-01T00:00:00Z,Nouria,Nouria May 2026 TPR,,Complete - Unsettled (Open),2026-05-01,2026-05-30,2026-05-01,2026-05-30,9663.9576,976.5987874999998,5904.63,4500.0,0.0,5904.63,6187.82,3476.1376,2499.5388125,19599.84,16041.09,-0.81,Demand actual total was changed by System Administrator,2026-09-30,,,1196,"Promotions,_Sep_30,_2026  FULL HISTORY For Aevah.xlsx",2026-09-30
2026-06-01T00:00:00Z,Nouria,Nouria June 2026 TPR,,Complete - Unsettled (Open),2026-06-01,2026-06-30,2026-06-01,2026-06-30,9663.9576,976.5987874999998,5904.63,4500.0,0.0,5904.63,6585.62,3078.3376,2101.7388124999998,19599.84,16041.09,-0.81,Demand actual total was changed by System Administrator,2026-09-30,,,1197,"Promotions,_Sep_30,_2026  FULL HISTORY For Aevah.xlsx",2026-09-30
2026-07-01T00:00:00Z,PILOT FLYING J,PILOT FLYING J August 2026 TPR,,Complete - Unsettled (Open),2026-07-01,2026-08-31,2026-07-01,2026-08-31,104391.3064,16675.454545833334,16387.01,0.0,0.0,16387.01,19630.85,84760.4564,68085.00185416666,211824.0144,126014.5344,-0.32,Demand actual total was changed by System Administrator,2026-09-10,,,1198,"Promotions,_Sep_30,_2026  FULL HISTORY For Aevah.xlsx",2026-09-30
2026-03-01T00:00:00Z,Royal Farms,Royal Farms April 2026 TPR,,Complete - Unsettled (Open),2026-03-01,2026-04-30,2026-03-01,2026-04-30,38782.9384,4350.761484722222,21528.94,8000.0,0.0,21528.94,21528.94,17253.9984,12903.23691527778,76445.856,59188.096,-0.79,Demand actual total was changed by System Administrator,2026-09-30,,,1199,"Promotions,_Sep_30,_2026  FULL HISTORY For Aevah.xlsx",2026-09-30
2026-01-01T00:00:00Z,"SHEETZ DISTRIBUTION SERVICE, LLC","SHEETZ DISTRIBUTION SERVICE, LLC January 2026 TPR",,Complete - Unsettled (Open),2026-01-01,2026-01-31,2026-01-01,2026-01-31,378019.3468,62516.93692638889,37362.37,1234.2,0.0,37362.37,110011.43,268007.9168,205490.9798736111,745049.3184,477438.4284,-0.12,Demand actual total was changed by System Administrator,2026-09-30,,,1200,"Promotions,_Sep_30,_2026  FULL HISTORY For Aevah.xlsx",2026-09-30
2026-07-01T00:00:00Z,"SHEETZ DISTRIBUTION SERVICE, LLC","SHEETZ DISTRIBUTION SERVICE, LLC July 2026 TPR",,Complete - Unsettled (Open),2026-07-01,2026-07-31,2026-07-01,2026-07-31,206899.2816,31310.12993055556,20449.36,122.4,3819.36,20449.36,60211.99,146687.2916,115377.16166944445,407784.456,261314.146,-0.11,Demand planned base volume was changed by System Administrator,2026-09-28,,2026-07-17,1201,"Promotions,_Sep_30,_2026  FULL HISTORY For Aevah.xlsx",2026-09-30
2026-12-01T00:00:00Z,"SHEETZ DISTRIBUTION SERVICE, LLC","SHEETZ DISTRIBUTION SERVICE, LLC December 2026 TPR",,Planned,2026-12-01,2026-12-31,2026-12-01,2026-12-31,171775.5744,25994.845486111113,16977.8,16977.8,0.0,16977.8,49990.14,121785.4344,95790.58891388889,338553.6048,216950.5548,-0.11,Demand actual total was changed by System Administrator,2026-09-30,,,1202,"Promotions,_Sep_30,_2026  FULL HISTORY For Aevah.xlsx",2026-09-30
2026-03-01T00:00:00Z,SPARTAN NASH,SPARTAN NASH March 2026 TPR,,Complete - Unsettled (Open),2026-03-01,2026-03-08,2026-03-01,2026-03-08,10699.776,2986.4159999999997,3555.2,2008.0,0.0,3555.2,3555.2,7144.576,4158.16,15489.792,8345.232,-0.64,Demand actual total was changed by System Administrator,2026-09-30,,,1203,"Promotions,_Sep_30,_2026  FULL HISTORY For Aevah.xlsx",2026-09-30
2026-04-01T00:00:00Z,SPARTAN NASH,SPARTAN NASH April 2026 TPR,,Complete - Unsettled (Open),2026-04-01,2026-04-18,2026-04-01,2026-04-18,27280.232,7614.189430555555,3965.16,7.75,7988.64,7988.64,3965.16,23315.072,15700.882569444444,39498.9696,16179.6896,-0.17,Demand actual total was changed by System Administrator,2026-09-30,,2026-05-13,1204,"Promotions,_Sep_30,_2026  FULL HISTORY For Aevah.xlsx",2026-09-30
2026-05-01T00:00:00Z,SPARTAN NASH,SPARTAN NASH May 2026 TPR,,Complete - Unsettled (Open),2026-05-01,2026-05-30,2026-05-01,2026-05-30,49199.7056,13732.136822222223,9151.12,2011.0,9086.04,9151.12,9151.12,40048.5856,26316.448777777776,71224.3584,31176.3184,-0.35,Demand actual total was changed by System Administrator,2026-09-30,,2026-06-25,1205,"Promotions,_Sep_30,_2026  FULL HISTORY For Aevah.xlsx",2026-09-30
2026-06-01T00:00:00Z,SPARTAN NASH,SPARTAN NASH June 2026 TPR,,Complete - Unsettled (Open),2026-06-01,2026-06-13,2026-06-01,2026-06-13,16559.128,4621.820569444443,2406.84,2.75,0.0,2406.84,2406.84,14152.288,9530.467430555556,23966.1504,9818.0704,-0.17,Demand actual total was changed by System Administrator,2026-09-30,,,1206,"Promotions,_Sep_30,_2026  FULL HISTORY For Aevah.xlsx",2026-09-30
2026-07-01T00:00:00Z,SPARTAN NASH,SPARTAN NASH July 2026 TPR,,Complete - Unsettled (Open),2026-07-01,2026-07-16,2026-07-01,2026-07-16,24467.2064,6829.045455555555,5556.28,2000.0,0.0,5556.28,5556.28,18910.9264,12081.880944444443,35425.728,16511.208,-0.47,Demand actual total was changed by System Administrator,2026-09-21,,,1207,"Promotions,_Sep_30,_2026  FULL HISTORY For Aevah.xlsx",2026-09-30
2026-08-01T00:00:00Z,SPARTAN NASH,SPARTAN NASH August 2026 TPR,,Complete - Unsettled (Open),2026-08-01,2026-08-08,2026-08-01,2026-08-08,13162.4032,3673.7602277777773,1913.12,0.0,0.0,1913.12,1913.12,11249.2832,7575.522972222221,19061.0496,7807.4896,-0.17,Demand planned base volume was changed by System Administrator,2026-09-28,,,1208,"Promotions,_Sep_30,_2026  FULL HISTORY For Aevah.xlsx",2026-09-30
2026-11-01T00:00:00Z,SPARTAN NASH,SPARTAN NASH November 2026 TPR,,Planned,2026-11-01,2026-11-28,2026-11-01,2026-11-28,44635.5824,12458.243747222221,8487.72,8487.72,0.0,8487.72,8487.72,36147.8624,23689.61865277778,64612.512,28468.312,-0.37,Demand actual total was changed by System Administrator,2026-09-30,,,1209,"Promotions,_Sep_30,_2026  FULL HISTORY For Aevah.xlsx",2026-09-30
2026-01-01T00:00:00Z,Timewise,Timewise January 2026 TPR,,Complete - Unsettled (Open),2026-01-01,2026-01-31,2026-01-01,2026-01-31,7782.0024,1245.1580875,8282.0,500.0,0.0,8282.0,8495.9,-713.8976,-1959.0556874999997,15333.1056,15990.9656,-0.9,Demand actual total was changed by System Administrator,2026-09-30,,,1210,"Promotions,_Sep_30,_2026  FULL HISTORY For Aevah.xlsx",2026-09-30
2026-01-05T00:00:00Z,WAWA,WAWA January 2026 TPR,,Complete - Unsettled (Open),2026-01-05,2026-01-18,2026-01-05,2026-01-18,146502.3588,21744.855510416666,7500.0,7500.0,6510.0,7500.0,31209.12,115293.2388,93548.38328958335,0.0,23293.02,1.82,Demand actual total was changed by System Administrator,2026-09-22,,2026-03-23,1211,"Promotions,_Sep_30,_2026  FULL HISTORY For Aevah.xlsx",2026-09-30
2026-03-02T00:00:00Z,WAWA,WAWA March 2026 TPR,,Complete - Unsettled (Open),2026-03-02,2026-03-29,2026-03-02,2026-03-29,209344.9496,19331.74228888889,56971.21,61858.03,216320.0,216320.0,90730.43,118614.5196,99282.77731111112,400431.4272,279324.3772,0.11,Demand actual total was changed by System Administrator,2026-09-22,,2026-04-13,1212,"Promotions,_Sep_30,_2026  FULL HISTORY For Aevah.xlsx",2026-09-30
2026-06-22T00:00:00Z,WAWA,WAWA July 2026 TPR,,Complete - Unsettled (Open),2026-06-22,2026-07-05,2026-06-22,2026-07-05,91154.1348,8528.709833333332,12799.66,12302.5,0.0,12799.66,27500.45,63653.6848,55124.97496666666,174357.8928,109618.9828,0.58,Demand actual total was changed by System Administrator,2026-09-21,,,1213,"Promotions,_Sep_30,_2026  FULL HISTORY For Aevah.xlsx",2026-09-30
2026-10-26T00:00:00Z,WAWA,WAWA November 2026 TPR,,Planned,2026-10-26,2026-11-08,2026-10-26,2026-11-08,100936.222,8528.709833333332,7500.0,7500.0,0.0,7500.0,23768.64,77167.582,68638.87216666667,0.0,18380.93,1.46,Demand actual total was changed by System Administrator,2026-09-22,,,1214,"Promotions,_Sep_30,_2026  FULL HISTORY For Aevah.xlsx",2026-09-30
2026-11-23T00:00:00Z,WAWA,WAWA December 2026 TPR,,Planned,2026-11-23,2026-12-06,2026-11-23,2026-12-06,96270.9284,8528.709833333332,7500.0,7500.0,0.0,7500.0,23020.97,73249.9584,64721.24856666666,0.0,17878.04,1.38,Demand actual total was changed by System Administrator,2026-09-22,,,1215,"Promotions,_Sep_30,_2026  FULL HISTORY For Aevah.xlsx",2026-09-30
2026-05-20T00:00:00Z,Weigels,Weigels August 2026 TPR,,Complete - Unsettled (Open),2026-05-20,2026-08-31,2026-05-20,2026-08-31,14987.6328,2398.0938625,5549.8,4346.48,0.0,5549.8,5549.8,9437.8328,7039.738937499999,29538.5616,20101.2316,-0.7,Demand planned base volume was changed by System Administrator,2026-09-28,,,1216,"Promotions,_Sep_30,_2026  FULL HISTORY For Aevah.xlsx",2026-09-30
2026-09-01T00:00:00Z,Weigels,Weigels October 2026 TPR,,In progress,2026-09-01,2026-10-31,2026-09-01,2026-10-31,8790.7308,1406.55951875,1652.73,1652.73,0.0,1652.73,1652.73,7138.0008,5731.4412812499995,17324.7984,10187.3784,-0.42,Demand planned base volume was changed by System Administrator,2026-09-28,,,1217,"Promotions,_Sep_30,_2026  FULL HISTORY For Aevah.xlsx",2026-09-30
2025-12-29T00:00:00Z,AWG,AWG January 2026 Puff Singles TPR,,Complete - Unsettled (Open),2025-12-29,2026-01-25,2025-12-29,2026-01-25,32646.9416,8177.205627083334,3416.53,5411.4,0.0,3416.53,3397.28,29249.6616,21072.45597291667,48557.232,21021.762,0.2,Supply planned adjustment was changed by System Administrator,2026-09-28,,,1218,"Promotions,_Sep_30,_2026  FULL HISTORY For Aevah.xlsx",2026-09-30
2026-02-23T00:00:00Z,AWG,AWG March 2026 Puff Singles TPR,,Complete - Unsettled (Open),2026-02-23,2026-03-22,2026-02-23,2026-03-22,29921.378,7422.542847222222,3131.3,5921.29,0.0,3131.3,3131.3,26790.078,19367.53515277778,43488.0,16699.54,0.2,Demand actual total was changed by System Administrator,2026-09-22,,,1219,"Promotions,_Sep_30,_2026  FULL HISTORY For Aevah.xlsx",2026-09-30
2026-05-18T00:00:00Z,AWG,AWG June 2026 Puff Singles TPR,,Complete - Unsettled (Open),2026-05-18,2026-06-14,2026-05-18,2026-06-14,34820.4884,8637.860943055555,3644.01,5264.95,0.0,3644.01,3644.01,31176.4784,22538.617456944445,45544.68,14372.31,0.66,Demand actual total was changed by System Administrator,2026-09-22,,,1220,"Promotions,_Sep_30,_2026  FULL HISTORY For Aevah.xlsx",2026-09-30
2026-08-10T00:00:00Z,AWG,AWG September 2026 Puff Singles TPR,,Complete - Unsettled (Open),2026-08-10,2026-09-06,2026-08-10,2026-09-06,37036.33,9187.540736111112,3875.89,4500.21,0.0,3875.89,3875.89,33160.44,23972.89926388889,48450.96,15288.77,0.66,Demand actual total was changed by System Administrator,2026-09-21,,,1221,"Promotions,_Sep_30,_2026  FULL HISTORY For Aevah.xlsx",2026-09-30
2026-02-23T00:00:00Z,AWG,AWG March 2026 Puff 4-Pack TPR,,Complete - Unsettled (Open),2026-02-23,2026-03-22,2026-02-23,2026-03-22,4283.464,1182.5483666666667,458.02,1640.39,0.0,458.02,458.02,3825.444,2642.895633333333,5799.0894,1973.9094,0.13,Demand actual total was changed by System Administrator,2026-09-22,,,1222,"Promotions,_Sep_30,_2026  FULL HISTORY For Aevah.xlsx",2026-09-30
2026-04-20T00:00:00Z,AWG,AWG May 2026 Puff 4-Pack TPR,,Complete - Unsettled (Open),2026-04-20,2026-05-17,2026-04-20,2026-05-17,5103.172,1408.8473166666665,545.67,1607.01,0.0,545.67,545.67,4557.502,3148.6546833333327,6909.1746,2351.7446,0.13,Demand actual total was changed by System Administrator,2026-09-22,,,1223,"Promotions,_Sep_30,_2026  FULL HISTORY For Aevah.xlsx",2026-09-30
2026-07-13T00:00:00Z,AWG,AWG August 2026 Puff 4-Pack TPR,,Complete - Unsettled (Open),2026-07-13,2026-08-09,2026-07-13,2026-08-09,5186.836,1431.9447166666664,1109.23,3725.79,0.0,1109.23,1109.23,4077.606,2645.661283333333,7022.4486,2944.9086,-0.44,Demand actual total was changed by System Administrator,2026-09-21,,,1224,"Promotions,_Sep_30,_2026  FULL HISTORY For Aevah.xlsx",2026-09-30
2026-01-01T00:00:00Z,CASEYS CORP,CASEYS CORP January 2026 Puff Singles TPR,,Complete - Unsettled (Open),2026-01-01,2026-01-31,2026-01-01,2026-01-31,128373.9028,21601.175292361113,38118.0,800.0,0.0,38118.0,38118.0,90255.9028,68654.72750763889,186588.0,96333.45,-0.63,Demand planned base volume was changed by System Administrator,2026-09-28,,,1225,"Promotions,_Sep_30,_2026  FULL HISTORY For Aevah.xlsx",2026-09-30
2026-02-01T00:00:00Z,CASEYS CORP,CASEYS CORP February 2026 Puff Singles TPR,,Complete - Unsettled (Open),2026-02-01,2026-02-28,2026-02-01,2026-02-28,113190.6544,17348.228144444445,33704.26,800.0,24892.0,33704.26,33704.26,79486.3944,62138.16625555556,164520.0,85034.5,-0.63,Demand actual total was changed by System Administrator,2026-09-22,,2026-03-05,1226,"Promotions,_Sep_30,_2026  FULL HISTORY For Aevah.xlsx",2026-09-30
2026-05-01T00:00:00Z,CASEYS CORP,CASEYS CORP May 2026 Puff Singles TPR,,Complete - Unsettled (Open),2026-05-01,2026-05-31,2026-05-01,2026-05-31,125318.254,19206.969384027776,37229.72,800.0,0.0,37229.72,37229.73,88088.524,68881.55461597223,182152.8,94061.4,-0.63,Demand planned incremental was changed by System Administrator,2026-09-28,,,1227,"Promotions,_Sep_30,_2026  FULL HISTORY For Aevah.xlsx",2026-09-30
2026-06-01T00:00:00Z,CASEYS CORP,CASEYS CORP June 2026 Puff Singles TPR,,Complete - Unsettled (Open),2026-06-01,2026-06-30,2026-06-01,2026-06-30,121275.6864,18587.388129861112,36054.56,800.0,0.0,36054.56,36054.56,85221.1264,66633.73827013889,176270.4,91050.92,-0.63,Demand planned base volume was changed by System Administrator,2026-09-28,,,1228,"Promotions,_Sep_30,_2026  FULL HISTORY For Aevah.xlsx",2026-09-30
2026-09-01T00:00:00Z,CASEYS CORP,CASEYS CORP September 2026 Puff Singles TPR,,In progress,2026-09-01,2026-09-30,2026-09-01,2026-09-30,121275.6864,18587.388129861112,36054.56,36054.56,0.0,36054.56,36054.56,85221.1264,66633.73827013889,176270.4,91050.92,-0.63,Demand planned base volume was changed by System Administrator,2026-09-28,,,1229,"Promotions,_Sep_30,_2026  FULL HISTORY For Aevah.xlsx",2026-09-30
2026-10-01T00:00:00Z,CASEYS CORP,CASEYS CORP October 2026 Puff Singles TPR,,Planned,2026-10-01,2026-10-31,2026-10-01,2026-10-31,125318.2196,19206.96520972222,37229.72,37229.72,0.0,37229.72,37229.72,88088.4996,68881.53439027777,182152.8,94061.39,-0.63,Demand planned base volume was changed by System Administrator,2026-09-28,,,1230,"Promotions,_Sep_30,_2026  FULL HISTORY For Aevah.xlsx",2026-09-30
2026-01-01T00:00:00Z,CERTCO INC.,CERTCO INC. January 2026 Puff Singles TPR,,Complete - Unsettled (Open),2026-01-01,2026-01-31,2026-01-01,2026-01-31,41576.8892,11142.852015277776,9185.6,697.68,0.0,9185.6,9185.6,32391.2892,21248.43718472222,48346.56,15954.1,0.24,Demand actual total was changed by System Administrator,2026-09-30,,,1231,"Promotions,_Sep_30,_2026  FULL HISTORY For Aevah.xlsx",2026-09-30
2026-04-01T00:00:00Z,CERTCO INC.,CERTCO INC. April 2026 Puff Singles TPR,,Complete - Unsettled (Open),2026-04-01,2026-04-30,2026-04-01,2026-04-30,33823.9032,9073.695393055556,4326.3,2.86,8518.86,8518.86,4326.3,29497.6032,20423.907806944448,44245.44,14748.54,0.63,Demand actual total was changed by System Administrator,2026-09-30,,2026-05-13,1232,"Promotions,_Sep_30,_2026  FULL HISTORY For Aevah.xlsx",2026-09-30
2026-07-01T00:00:00Z,CERTCO INC.,CERTCO INC. July 2026 Puff Singles TPR,,Complete - Unsettled (Open),2026-07-01,2026-07-31,2026-07-01,2026-07-31,41808.9,11117.7875,9236.85,20.52,0.0,9236.85,9236.85,32572.05,21454.262499999997,48605.76,16041.69,-0.05,Demand actual total was changed by System Administrator,2026-09-10,,,1233,"Promotions,_Sep_30,_2026  FULL HISTORY For Aevah.xlsx",2026-09-30
2026-10-01T00:00:00Z,CERTCO INC.,CERTCO INC. October 2026 Puff Singles TPR,,Planned,2026-10-01,2026-10-31,2026-10-01,2026-10-31,36107.1,9686.1921875,4618.32,4618.32,0.0,4618.32,4618.32,31488.78,21802.5878125,47239.2,15745.8,0.63,Demand actual total was changed by System Administrator,2026-09-30,,,1234,"Promotions,_Sep_30,_2026  FULL HISTORY For Aevah.xlsx",2026-09-30
2026-02-01T00:00:00Z,CERTCO INC.,CERTCO INC. February 2026 Puff 4-Pack TPR,,Complete - Unsettled (Open),2026-02-01,2026-02-28,2026-02-01,2026-02-28,77335.084,23257.164266666667,9317.47,51.2,12393.06,12393.06,9317.47,68017.614,44760.449733333335,93059.2104,25040.8704,0.34,Demand actual total was changed by System Administrator,2026-09-30,,2026-02-06,1235,"Promotions,_Sep_30,_2026  FULL HISTORY For Aevah.xlsx",2026-09-30
2026-06-01T00:00:00Z,CERTCO INC.,CERTCO INC. June 2026 Puff 4-Pack TPR,,Complete - Unsettled (Open),2026-06-01,2026-06-30,2026-06-01,2026-06-30,70751.4576,21277.254533333333,8524.28,785.6,3464.2,8524.28,8524.28,62227.1776,40949.92306666666,85136.1666,22908.9866,0.34,Demand actual total was changed by System Administrator,2026-09-30,,2026-06-30,1236,"Promotions,_Sep_30,_2026  FULL HISTORY For Aevah.xlsx",2026-09-30
2026-09-01T00:00:00Z,CERTCO INC.,CERTCO INC. September 2026 Puff 4-Pack TPR,,In progress,2026-09-01,2026-09-30,2026-09-01,2026-09-30,70751.4576,21277.254533333333,8524.28,8524.28,0.0,8524.28,8524.28,62227.1776,40949.92306666666,85136.1666,22908.9866,0.34,Supply planned incremental was changed by System Administrator,2026-09-28,,,1237,"Promotions,_Sep_30,_2026  FULL HISTORY For Aevah.xlsx",2026-09-30
2026-03-01T00:00:00Z,CIRCLE K,CIRCLE K March 2026 Puff Singles TPR,,Complete - Unsettled (Open),2026-03-01,2026-03-30,2026-03-01,2026-03-30,420599.3916,45862.76864097223,157267.26,76809.58,0.0,157267.26,170123.34,250476.0516,204613.2829590278,611337.6,356649.22,-0.61,Demand planned incremental was changed by System Administrator,2026-09-28,,,1238,"Promotions,_Sep_30,_2026  FULL HISTORY For Aevah.xlsx",2026-09-30
2026-04-01T00:00:00Z,CIRCLE K,CIRCLE K April 2026 Puff Singles TPR,,Complete - Unsettled (Open),2026-04-01,2026-04-30,2026-04-01,2026-04-30,491975.3324,53645.67632708334,143016.08,47268.14,0.0,143016.08,158053.76,333921.5724,280275.8960729167,715078.8,376232.25,-0.5,Demand planned base volume was changed by System Administrator,2026-09-28,,,1239,"Promotions,_Sep_30,_2026  FULL HISTORY For Aevah.xlsx",2026-09-30
2026-09-01T00:00:00Z,CIRCLE K,CIRCLE K September 2026 Puff Singles TPR,,In progress,2026-09-01,2026-09-30,2026-09-01,2026-09-30,405288.502,44193.23454583334,82471.5,82471.5,0.0,82471.5,94859.61,310428.892,266235.6574541667,706903.2,392413.48,-0.29,Demand planned base volume was changed by System Administrator,2026-09-28,,,1240,"Promotions,_Sep_30,_2026  FULL HISTORY For Aevah.xlsx",2026-09-30
2026-10-01T00:00:00Z,CIRCLE K,CIRCLE K October 2026 Puff Singles TPR,,Planned,2026-10-01,2026-10-31,2026-10-01,2026-10-31,525186.2792,57267.03940625,106869.3,106869.3,0.0,106869.3,122922.14,402264.1392,344997.09979375004,916021.44,508499.33,-0.29,Demand planned base volume was changed by System Administrator,2026-09-28,,,1241,"Promotions,_Sep_30,_2026  FULL HISTORY For Aevah.xlsx",2026-09-30
2026-01-01T00:00:00Z,Dierbergs,Dierbergs January 2026 Puff Singles TPR,,Complete - Unsettled (Open),2026-01-01,2026-01-31,2026-01-01,2026-01-31,13058.2744,987.3082805555555,6791.03,6185.78,3018.5,6791.03,6791.02,6267.2544,5279.946119444444,15180.48,8916.3,-0.54,Demand planned base volume was changed by System Administrator,2026-09-28,,2026-01-27,1242,"Promotions,_Sep_30,_2026  FULL HISTORY For Aevah.xlsx",2026-09-30
2026-04-01T00:00:00Z,Dierbergs,Dierbergs April 2026 Puff Singles TPR,,Complete - Unsettled (Open),2026-04-01,2026-04-30,2026-04-01,2026-04-30,13971.8008,1056.3800541666665,2425.78,1804.22,1409.0,2425.78,2425.78,11546.0208,10489.640745833334,20307.6,8761.76,0.23,Demand planned incremental was changed by System Administrator,2026-09-28,,2026-04-28,1243,"Promotions,_Sep_30,_2026  FULL HISTORY For Aevah.xlsx",2026-09-30
2026-07-01T00:00:00Z,Dierbergs,Dierbergs July 2026 Puff Singles TPR,,Complete - Unsettled (Open),2026-07-01,2026-07-31,2026-07-01,2026-07-31,14437.508,1091.5831180555554,4598.44,4019.07,0.0,4598.44,4598.48,9839.028,8747.444881944444,20991.6,11147.85,-0.33,Demand actual total was changed by System Administrator,2026-09-21,,,1244,"Promotions,_Sep_30,_2026  FULL HISTORY For Aevah.xlsx",2026-09-30
2026-10-01T00:00:00Z,Dierbergs,Dierbergs October 2026 Puff Singles TPR,,Planned,2026-10-01,2026-10-31,2026-10-01,2026-10-31,14437.5596,1091.587292361111,2493.46,2493.46,0.0,2493.46,2493.49,11944.0696,10852.48230763889,20991.6,9042.86,0.24,Demand planned incremental was changed by System Administrator,2026-09-28,,,1245,"Promotions,_Sep_30,_2026  FULL HISTORY For Aevah.xlsx",2026-09-30
2026-02-01T00:00:00Z,Dierbergs,Dierbergs February 2026 Puff 4-Pack TPR,,Complete - Unsettled (Open),2026-02-01,2026-02-28,2026-02-01,2026-02-28,6884.352,1553.688,809.72,746.32,368.8,809.72,809.72,6074.632,4520.9439999999995,10357.632,4283.002,0.1,Demand actual total was changed by System Administrator,2026-09-22,,2026-02-24,1246,"Promotions,_Sep_30,_2026  FULL HISTORY For Aevah.xlsx",2026-09-30
2026-05-01T00:00:00Z,Dierbergs,Dierbergs May 2026 Puff 4-Pack TPR,,Complete - Unsettled (Open),2026-05-01,2026-05-31,2026-05-01,2026-05-31,8574.4976,1935.118183333333,911.54,715.29,312.8,911.54,911.54,7662.9576,5727.839416666667,12900.8862,5237.6562,0.89,Demand planned base volume was changed by System Administrator,2026-09-28,,2026-06-02,1247,"Promotions,_Sep_30,_2026  FULL HISTORY For Aevah.xlsx",2026-09-30
2026-08-01T00:00:00Z,Dierbergs,Dierbergs August 2026 Puff 4-Pack TPR,,Complete - Unsettled (Open),2026-08-01,2026-08-14,2026-08-01,2026-08-14,4015.872,906.318,878.84,680.15,0.0,878.84,878.84,3137.032,2230.714,5437.152,2300.122,0.01,Demand actual total was changed by System Administrator,2026-09-21,,,1248,"Promotions,_Sep_30,_2026  FULL HISTORY For Aevah.xlsx",2026-09-30
2026-01-01T00:00:00Z,EXTRA MILE,EXTRA MILE January 2026 Puff Singles TPR,,Complete - Unsettled (Open),2026-01-01,2026-01-31,2026-01-01,2026-01-31,59952.9048,15294.239846527777,10456.9,1329.79,0.0,10456.9,12261.57,47691.3348,32397.09495347222,97250.0256,49052.7856,-0.05,Demand planned base volume was changed by System Administrator,2026-09-28,,,1249,"Promotions,_Sep_30,_2026  FULL HISTORY For Aevah.xlsx",2026-09-30
2026-02-01T00:00:00Z,EXTRA MILE,EXTRA MILE February 2026 Puff Singles TPR,,Complete - Unsettled (Open),2026-02-01,2026-02-28,2026-02-01,2026-02-28,46009.5184,11767.827075694444,8024.92,1316.99,0.0,8024.92,9400.54,36608.9784,24841.151324305556,74630.9376,37642.3476,-0.05,Demand actual total was changed by System Administrator,2026-09-22,,,1250,"Promotions,_Sep_30,_2026  FULL HISTORY For Aevah.xlsx",2026-09-30
2026-05-01T00:00:00Z,EXTRA MILE,EXTRA MILE May 2026 Puff Singles TPR,,Complete - Unsettled (Open),2026-05-01,2026-05-31,2026-05-01,2026-05-31,56006.5368,14324.760089583333,16280.98,2527.25,0.0,16280.98,17955.57,38050.9668,23726.206710416667,77824.9008,39309.8808,-0.42,Demand planned incremental was changed by System Administrator,2026-09-28,,,1251,"Promotions,_Sep_30,_2026  FULL HISTORY For Aevah.xlsx",2026-09-30
2026-06-01T00:00:00Z,EXTRA MILE,EXTRA MILE June 2026 Puff Singles TPR,,Complete - Unsettled (Open),2026-06-01,2026-06-30,2026-06-01,2026-06-30,42092.5452,10765.985189583333,12236.2,2502.08,0.0,12236.2,13494.76,28597.7852,17831.800010416668,58489.992,29543.782,-0.42,Demand planned incremental was changed by System Administrator,2026-09-28,,,1252,"Promotions,_Sep_30,_2026  FULL HISTORY For Aevah.xlsx",2026-09-30
2026-09-01T00:00:00Z,EXTRA MILE,EXTRA MILE September 2026 Puff Singles TPR,,In progress,2026-09-01,2026-09-30,2026-09-01,2026-09-30,42092.528,10765.981107638889,17396.5,17396.5,0.0,17396.5,18655.06,23437.468,12671.486892361112,90304.632,66518.722,-0.59,Demand planned incremental was changed by System Administrator,2026-09-28,,,1253,"Promotions,_Sep_30,_2026  FULL HISTORY For Aevah.xlsx",2026-09-30
2026-10-01T00:00:00Z,EXTRA MILE,EXTRA MILE October 2026 Puff Singles TPR,,Planned,2026-10-01,2026-10-31,2026-10-01,2026-10-31,54544.9324,13950.926009027777,21247.15,21247.15,0.0,21247.15,22877.98,31666.9524,17716.026390972223,117016.0992,84899.3692,-0.57,Demand planned incremental was changed by System Administrator,2026-09-28,,,1254,"Promotions,_Sep_30,_2026  FULL HISTORY For Aevah.xlsx",2026-09-30
2026-01-31T00:00:00Z,FESTIVAL FOODS,FESTIVAL FOODS February 2026 Puff Singles TPR,,Complete - Unsettled (Open),2026-01-31,2026-02-20,2026-01-31,2026-02-20,3310.2432,835.3124999999999,288.68,295.16,0.0,288.68,370.8,2939.4432,2104.1306999999997,4809.6,2186.34,0.36,Demand actual total was changed by System Administrator,2026-09-22,,,1255,"Promotions,_Sep_30,_2026  FULL HISTORY For Aevah.xlsx",2026-09-30
2026-04-10T00:00:00Z,FESTIVAL FOODS,FESTIVAL FOODS May 2026 Puff Singles TPR,,Complete - Unsettled (Open),2026-04-10,2026-05-01,2026-04-10,2026-05-01,4597.56,1160.15625,1501.92,1183.98,0.0,1501.92,1614.79,2982.77,1822.6137499999998,5345.28,2801.86,-0.26,Demand actual total was changed by System Administrator,2026-09-22,,,1256,"Promotions,_Sep_30,_2026  FULL HISTORY For Aevah.xlsx",2026-09-30
2026-06-27T00:00:00Z,FESTIVAL FOODS,FESTIVAL FOODS July 2026 Puff Singles TPR,,Complete - Unsettled (Open),2026-06-27,2026-07-17,2026-06-27,2026-07-17,4096.1456,1033.6284722222222,1214.44,1292.73,0.0,1214.44,1296.38,2799.7656,1766.1371277777776,4757.76,1962.32,-0.18,Demand actual total was changed by System Administrator,2026-09-21,,,1257,"Promotions,_Sep_30,_2026  FULL HISTORY For Aevah.xlsx",2026-09-30
2026-10-08T00:00:00Z,FESTIVAL FOODS,FESTIVAL FOODS October 2026 Puff Singles TPR,,Planned,2026-10-08,2026-10-28,2026-10-08,2026-10-28,4535.0208,1144.375,1291.0,1291.0,0.0,1291.0,1381.87,3153.1508,2008.7757999999997,5276.16,2120.36,-0.14,Demand actual total was changed by System Administrator,2026-09-22,,,1258,"Promotions,_Sep_30,_2026  FULL HISTORY For Aevah.xlsx",2026-09-30
2026-03-01T00:00:00Z,Harbor Wholesale,Harbor Wholesale March 2026 Puff Singles TPR,,Complete - Unsettled (Open),2026-03-01,2026-03-30,2026-03-01,2026-03-30,30665.1232,4031.3540875,9957.14,5500.0,0.0,9957.14,9957.12,20708.0032,16676.6491125,44575.2,23864.6,-0.38,Demand actual total was changed by System Administrator,2026-09-30,,,1259,"Promotions,_Sep_30,_2026  FULL HISTORY For Aevah.xlsx",2026-09-30
2026-07-01T00:00:00Z,Harbor Wholesale,Harbor Wholesale July 2026 Puff Singles TPR,,Complete - Unsettled (Open),2026-07-01,2026-07-31,2026-07-01,2026-07-31,31687.2848,4165.7326125,10105.7,5500.0,0.0,10105.7,10105.68,21581.6048,17415.8721875,46062.0,24477.03,-0.37,Demand actual total was changed by System Administrator,2026-09-10,,,1260,"Promotions,_Sep_30,_2026  FULL HISTORY For Aevah.xlsx",2026-09-30
2026-09-01T00:00:00Z,Harbor Wholesale,Harbor Wholesale September 2026 Puff Singles TPR,,In progress,2026-09-01,2026-09-30,2026-09-01,2026-09-30,30665.1232,4031.3542722222223,3000.0,3000.0,0.0,3000.0,3000.0,27665.1232,23633.76892777778,0.0,3000.0,1.05,Demand planned incremental was changed by System Administrator,2026-09-28,,,1261,"Promotions,_Sep_30,_2026  FULL HISTORY For Aevah.xlsx",2026-09-30
2026-11-01T00:00:00Z,Harbor Wholesale,Harbor Wholesale November 2026 Puff Singles TPR,,Planned,2026-11-01,2026-11-30,2026-11-01,2026-11-30,30665.1232,4031.3540875,7457.14,7457.14,0.0,7457.14,7457.12,23208.0032,19176.6491125,44575.2,21364.6,-0.18,Demand actual total was changed by System Administrator,2026-09-30,,,1262,"Promotions,_Sep_30,_2026  FULL HISTORY For Aevah.xlsx",2026-09-30
2026-03-01T00:00:00Z,Holiday Oil,Holiday Oil March 2026 Puff Singles TPR,,Complete - Unsettled (Open),2026-03-01,2026-03-30,2026-03-01,2026-03-30,14625.3492,0.0,2125.77,0.0,0.0,2125.77,2125.77,12499.5792,12499.5792,21254.4,8757.16,-0.1,Demand actual total was changed by System Administrator,2026-09-30,,,1263,"Promotions,_Sep_30,_2026  FULL HISTORY For Aevah.xlsx",2026-09-30
2026-04-01T00:00:00Z,Holiday Oil,Holiday Oil April 2026 Puff Singles TPR,,Complete - Unsettled (Open),2026-04-01,2026-04-30,2026-04-01,2026-04-30,18787.0956,0.0,2730.67,0.0,0.0,2730.67,2730.68,16056.4156,16056.4156,27306.0,11250.17,-0.1,Demand actual total was changed by System Administrator,2026-09-30,,,1264,"Promotions,_Sep_30,_2026  FULL HISTORY For Aevah.xlsx",2026-09-30
2026-07-01T00:00:00Z,Holiday Oil,Holiday Oil July 2026 Puff Singles TPR,,Complete - Unsettled (Open),2026-07-01,2026-07-31,2026-07-01,2026-07-31,19840.8708,0.0,2883.83,0.0,0.0,2883.83,2883.83,16957.0408,16957.0408,28828.8,11878.4,-0.1,Demand planned base volume was changed by System Administrator,2026-09-28,,,1265,"Promotions,_Sep_30,_2026  FULL HISTORY For Aevah.xlsx",2026-09-30
2026-08-01T00:00:00Z,Holiday Oil,Holiday Oil August 2026 Puff Singles TPR,,Complete - Unsettled (Open),2026-08-01,2026-08-30,2026-08-01,2026-08-30,19834.3348,0.0,2882.91,0.0,0.0,2882.91,2882.91,16951.4248,16951.4248,28836.0,11879.76,-0.1,Demand planned base volume was changed by System Administrator,2026-09-28,,,1266,"Promotions,_Sep_30,_2026  FULL HISTORY For Aevah.xlsx",2026-09-30
2026-11-01T00:00:00Z,Holiday Oil,Holiday Oil November 2026 Puff Singles TPR,,Planned,2026-11-01,2026-11-30,2026-11-01,2026-11-30,19194.8044,0.0,2789.96,2789.96,0.0,2789.96,2789.95,16404.8544,16404.8544,27896.4,11493.62,-0.1,Demand actual total was changed by System Administrator,2026-09-30,,,1267,"Promotions,_Sep_30,_2026  FULL HISTORY For Aevah.xlsx",2026-09-30
2026-12-01T00:00:00Z,Holiday Oil,Holiday Oil December 2026 Puff Singles TPR,,Planned,2026-12-01,2026-12-31,2026-12-01,2026-12-31,16901.0468,0.0,2456.54,2456.54,0.0,2456.54,2456.54,14444.5068,14444.5068,24562.8,10120.12,-0.1,Demand actual total was changed by System Administrator,2026-09-30,,,1268,"Promotions,_Sep_30,_2026  FULL HISTORY For Aevah.xlsx",2026-09-30
2026-01-01T00:00:00Z,HY-VEE,HY-VEE January 2026 Puff Singles TPR,,Complete - Unsettled (Open),2026-01-01,2026-01-10,2026-01-01,2026-01-10,37806.0128,8705.480780555556,9392.11,620.0,9990.0,9990.0,16436.47,21369.5428,12664.062019444444,49455.36,28124.11,-0.1,Demand actual total was changed by System Administrator,2026-09-30,,2026-03-08,1269,"Promotions,_Sep_30,_2026  FULL HISTORY For Aevah.xlsx",2026-09-30
2026-05-01T00:00:00Z,HY-VEE,HY-VEE May 2026 Puff Singles TPR,,Complete - Unsettled (Open),2026-05-01,2026-05-14,2026-05-01,2026-05-14,69679.7456,11630.260315972222,30578.49,600.0,9825.04,30578.49,43561.86,26117.8856,14487.625284027778,67654.2384,41606.6084,-0.39,Demand actual total was changed by System Administrator,2026-09-30,,2026-05-25,1270,"Promotions,_Sep_30,_2026  FULL HISTORY For Aevah.xlsx",2026-09-30
2026-07-01T00:00:00Z,HY-VEE,HY-VEE July 2026 Puff Singles TPR,,Complete - Unsettled (Open),2026-07-01,2026-07-10,2026-07-01,2026-07-10,41680.5708,6956.910270138888,6658.21,600.0,0.0,6658.21,14424.48,27256.0908,20299.180529861114,60580.8,33367.76,0.26,Demand planned incremental was changed by System Administrator,2026-09-28,,,1271,"Promotions,_Sep_30,_2026  FULL HISTORY For Aevah.xlsx",2026-09-30
2026-09-01T00:00:00Z,HY-VEE,HY-VEE September 2026 Puff Singles TPR,,In progress,2026-09-01,2026-09-30,2026-09-01,2026-09-30,109126.9308,18214.387747916666,34895.24,34895.24,0.0,34895.24,55228.6,53898.3308,35683.943052083334,126887.04,73102.94,-0.28,Demand planned incremental was changed by System Administrator,2026-09-28,,,1272,"Promotions,_Sep_30,_2026  FULL HISTORY For Aevah.xlsx",2026-09-30
2026-11-01T00:00:00Z,HY-VEE,HY-VEE November 2026 Puff Singles TPR,,Planned,2026-11-01,2026-11-30,2026-11-01,2026-11-30,131246.2684,21906.299652083333,19676.49,19676.49,0.0,19676.49,44131.36,87114.9084,65208.608747916674,190760.4,103781.08,0.25,Demand actual total was changed by System Administrator,2026-09-30,,,1273,"Promotions,_Sep_30,_2026  FULL HISTORY For Aevah.xlsx",2026-09-30
2026-01-01T00:00:00Z,HY-VEE FAST & FRESH,HY-VEE FAST & FRESH January 2026 Puff Singles TPR,,Complete - Unsettled (Open),2026-01-01,2026-01-31,2026-01-01,2026-01-31,6774.048,1721.475448611111,1634.6,650.0,0.0,1634.6,1905.37,4868.678,3147.202551388889,9846.0,4977.33,-0.61,Demand actual total was changed by System Administrator,2026-09-30,,,1274,"Promotions,_Sep_30,_2026  FULL HISTORY For Aevah.xlsx",2026-09-30
2026-02-01T00:00:00Z,HY-VEE FAST & FRESH,HY-VEE FAST & FRESH February 2026 Puff Singles TPR,,Complete - Unsettled (Open),2026-02-01,2026-02-28,2026-02-01,2026-02-28,5049.3352,1281.48330625,733.91,0.0,0.0,733.91,935.77,4113.5652,2832.08189375,7340.4,3225.98,-0.36,Demand actual total was changed by System Administrator,2026-09-30,,,1275,"Promotions,_Sep_30,_2026  FULL HISTORY For Aevah.xlsx",2026-09-30
2026-05-01T00:00:00Z,HY-VEE FAST & FRESH,HY-VEE FAST & FRESH May 2026 Puff Singles TPR,,Complete - Unsettled (Open),2026-05-01,2026-05-31,2026-05-01,2026-05-31,6146.5232,1559.9435361111111,3636.78,1850.0,0.0,3636.78,3882.4,2264.1232,704.1796638888887,12111.2496,9848.7096,-0.84,Demand actual total was changed by System Administrator,2026-09-30,,,1276,"Promotions,_Sep_30,_2026  FULL HISTORY For Aevah.xlsx",2026-09-30
2026-06-01T00:00:00Z,HY-VEE FAST & FRESH,HY-VEE FAST & FRESH June 2026 Puff Singles TPR,,Complete - Unsettled (Open),2026-06-01,2026-06-30,2026-06-01,2026-06-30,8636.3092,2191.833888194444,2510.56,0.0,0.0,2510.56,2855.87,5780.4392,3588.605311805555,17027.0208,11243.8108,0.29,Demand actual total was changed by System Administrator,2026-09-30,,,1277,"Promotions,_Sep_30,_2026  FULL HISTORY For Aevah.xlsx",2026-09-30
2026-09-01T00:00:00Z,HY-VEE FAST & FRESH,HY-VEE FAST & FRESH September 2026 Puff Singles TPR,,In progress,2026-09-01,2026-09-30,2026-09-01,2026-09-30,4619.4384,1172.3812583333333,1321.43,1321.43,0.0,1321.43,1506.08,3113.3584,1940.9771416666665,6714.0,3600.84,-0.67,Demand planned base volume was changed by System Administrator,2026-09-28,,,1278,"Promotions,_Sep_30,_2026  FULL HISTORY For Aevah.xlsx",2026-09-30
2026-10-01T00:00:00Z,HY-VEE FAST & FRESH,HY-VEE FAST & FRESH October 2026 Puff Singles TPR,,Planned,2026-10-01,2026-10-31,2026-10-01,2026-10-31,5986.1332,1519.2376430555555,870.07,870.07,0.0,870.07,1109.45,4876.6832,3357.445556944444,8704.8,3825.34,-0.36,Demand actual total was changed by System Administrator,2026-09-30,,,1279,"Promotions,_Sep_30,_2026  FULL HISTORY For Aevah.xlsx",2026-09-30
2026-01-03T00:00:00Z,JACKSONS,JACKSONS January 2026 Puff Singles TPR,,Complete - Unsettled (Open),2026-01-03,2026-01-31,2026-01-03,2026-01-31,19880.0008,5065.786368749999,8779.08,7455.54,0.0,8779.08,8779.06,11100.9408,6035.154431249999,28897.2,17794.99,-0.61,Demand actual total was changed by System Administrator,2026-09-22,,,1280,"Promotions,_Sep_30,_2026  FULL HISTORY For Aevah.xlsx",2026-09-30
2026-02-01T00:00:00Z,JACKSONS,JACKSONS February 2026 Puff Singles TPR,,Complete - Unsettled (Open),2026-02-01,2026-02-25,2026-02-01,2026-02-25,14796.8676,3779.2710124999994,4301.4,3954.29,0.0,4301.4,4301.43,10495.4376,6716.166587499999,21502.8,11010.3,-0.41,Demand planned incremental was changed by System Administrator,2026-09-28,,,1281,"Promotions,_Sep_30,_2026  FULL HISTORY For Aevah.xlsx",2026-09-30
2026-04-30T00:00:00Z,JACKSONS,JACKSONS May 2026 Puff Singles TPR,,Complete - Unsettled (Open),2026-04-30,2026-05-31,2026-04-30,2026-05-31,19195.8192,4902.80815,3348.12,2985.05,0.0,3348.12,3348.12,15847.6992,10944.89105,33475.68,17631.09,-0.29,Demand planned base volume was changed by System Administrator,2026-09-28,,,1282,"Promotions,_Sep_30,_2026  FULL HISTORY For Aevah.xlsx",2026-09-30
2026-06-01T00:00:00Z,JACKSONS,JACKSONS June 2026 Puff Singles TPR,,Complete - Unsettled (Open),2026-06-01,2026-06-24,2026-06-01,2026-06-24,11191.0596,2858.3108458333327,2951.92,3442.56,0.0,2951.92,2951.92,8239.1396,5380.828754166666,19517.76,11279.5,-0.53,Demand actual total was changed by System Administrator,2026-09-22,,,1283,"Promotions,_Sep_30,_2026  FULL HISTORY For Aevah.xlsx",2026-09-30
2026-08-27T00:00:00Z,JACKSONS,JACKSONS September 2026 Puff Singles TPR,,In progress,2026-08-27,2026-09-30,2026-08-27,2026-09-30,16864.2732,4307.307504166666,3941.44,3941.44,0.0,3941.44,3941.44,12922.8332,8615.525695833334,24516.0,11590.42,-0.47,Demand actual total was changed by System Administrator,2026-09-21,,,1284,"Promotions,_Sep_30,_2026  FULL HISTORY For Aevah.xlsx",2026-09-30
2026-10-01T00:00:00Z,JACKSONS,JACKSONS October 2026 Puff Singles TPR,,Planned,2026-10-01,2026-10-28,2026-10-01,2026-10-28,16320.2544,4168.359549999999,2846.55,2846.55,0.0,2846.55,2846.55,13473.7044,9305.344850000001,23716.8,10246.2,-0.29,Demand actual total was changed by System Administrator,2026-09-22,,,1285,"Promotions,_Sep_30,_2026  FULL HISTORY For Aevah.xlsx",2026-09-30
2026-01-13T00:00:00Z,KWIK TRIP,KWIK TRIP January 2026 Puff Singles TPR,,Complete - Unsettled (Open),2026-01-13,2026-01-26,2026-01-13,2026-01-26,114005.9344,29077.336938194447,46455.39,10079.75,53174.45,53174.45,51012.27,62993.6644,33916.32746180556,132563.52,69571.16,-0.18,Demand actual total was changed by System Administrator,2026-09-30,,2026-02-12,1286,"Promotions,_Sep_30,_2026  FULL HISTORY For Aevah.xlsx",2026-09-30
2026-04-01T00:00:00Z,KWIK TRIP,KWIK TRIP April 2026 Puff Singles TPR,,Complete - Unsettled (Open),2026-04-01,2026-04-30,2026-04-01,2026-04-30,180726.5404,46454.65325763889,52536.78,35.5,1071.6,52536.78,59760.62,120965.9204,74511.26714236112,314171.0208,193204.4908,-0.3,Demand actual total was changed by System Administrator,2026-09-30,,2026-05-11,1287,"Promotions,_Sep_30,_2026  FULL HISTORY For Aevah.xlsx",2026-09-30
2026-07-01T00:00:00Z,KWIK TRIP,KWIK TRIP July 2026 Puff Singles TPR,,Complete - Unsettled (Open),2026-07-01,2026-07-31,2026-07-01,2026-07-31,246187.47,63280.99081666667,88722.73,10166.1,33470.46,88722.73,98563.13,147624.34,84343.34918333334,286266.24,138640.41,-0.13,Supply planned estimated shipment was changed by System Administrator,2026-09-28,,2026-08-26,1288,"Promotions,_Sep_30,_2026  FULL HISTORY For Aevah.xlsx",2026-09-30
2026-08-16T00:00:00Z,KWIK TRIP,KWIK TRIP August 2026 Puff Singles TPR,,Complete - Unsettled (Open),2026-08-16,2026-08-31,2026-08-16,2026-08-31,130006.114,33417.27993333333,52909.47,0.0,0.0,52909.47,58105.99,71900.124,38482.844066666665,132274.8,60373.55,-0.23,Supply planned estimated shipment was changed by System Administrator,2026-09-28,,,1289,"Promotions,_Sep_30,_2026  FULL HISTORY For Aevah.xlsx",2026-09-30
2026-10-01T00:00:00Z,KWIK TRIP,KWIK TRIP October 2026 Puff Singles TPR,,Planned,2026-10-01,2026-10-31,2026-10-01,2026-10-31,220446.6552,49590.621885416665,51266.67,51266.67,0.0,51266.67,60078.17,160368.4852,110777.86331458334,383219.928,222850.498,-0.09,Demand actual total was changed by System Administrator,2026-09-30,,,1290,"Promotions,_Sep_30,_2026  FULL HISTORY For Aevah.xlsx",2026-09-30
2026-01-01T00:00:00Z,Loop,Loop January 2026 Puff Singles TPR,,Complete - Unsettled (Open),2026-01-01,2026-01-31,2026-01-01,2026-01-31,5310.1216,637.2338875,1117.44,500.0,0.0,1117.44,1263.45,4046.6716,3409.4377124999996,9262.08,5175.4,-0.46,Demand actual total was changed by System Administrator,2026-09-30,,,1291,"Promotions,_Sep_30,_2026  FULL HISTORY For Aevah.xlsx",2026-09-30
2026-02-01T00:00:00Z,Loop,Loop February 2026 Puff Singles TPR,,Complete - Unsettled (Open),2026-02-01,2026-02-28,2026-02-01,2026-02-28,5506.752,660.83025,640.32,0.0,0.0,640.32,791.77,4714.982,4054.151749999999,9607.68,4849.68,-0.04,Demand actual total was changed by System Administrator,2026-09-30,,,1292,"Promotions,_Sep_30,_2026  FULL HISTORY For Aevah.xlsx",2026-09-30
2026-05-01T00:00:00Z,Loop,Loop May 2026 Puff Singles TPR,,Complete - Unsettled (Open),2026-05-01,2026-05-31,2026-05-01,2026-05-31,6096.6432,731.6193375,1208.92,500.0,0.0,1208.92,1376.45,4720.1932,3988.573862499999,10627.2,5864.96,-0.43,Demand actual total was changed by System Administrator,2026-09-30,,,1293,"Promotions,_Sep_30,_2026  FULL HISTORY For Aevah.xlsx",2026-09-30
2026-06-01T00:00:00Z,Loop,Loop June 2026 Puff Singles TPR,,Complete - Unsettled (Open),2026-06-01,2026-06-30,2026-06-01,2026-06-30,5900.1504,708.0394875,686.08,0.0,0.0,686.08,1288.8,4611.3504,3903.3109124999996,10298.88,5198.28,-0.11,Demand actual total was changed by System Administrator,2026-09-30,,,1294,"Promotions,_Sep_30,_2026  FULL HISTORY For Aevah.xlsx",2026-09-30
2026-09-01T00:00:00Z,Loop,Loop September 2026 Puff Singles TPR,,In progress,2026-09-01,2026-09-30,2026-09-01,2026-09-30,5900.1504,708.0394875,1186.08,1186.08,0.0,1186.08,1348.43,4551.7204,3843.6809124999995,10298.88,5698.28,-0.44,Demand planned base volume was changed by System Administrator,2026-09-28,,,1295,"Promotions,_Sep_30,_2026  FULL HISTORY For Aevah.xlsx",2026-09-30
2026-10-01T00:00:00Z,Loop,Loop October 2026 Puff Singles TPR,,Planned,2026-10-01,2026-10-31,2026-10-01,2026-10-31,6096.7808,731.63585,708.92,708.92,0.0,708.92,876.45,5220.3308,4488.69495,10627.2,5364.96,-0.04,Demand actual total was changed by System Administrator,2026-09-30,,,1296,"Promotions,_Sep_30,_2026  FULL HISTORY For Aevah.xlsx",2026-09-30
2026-01-12T00:00:00Z,MAVERIK,MAVERIK January 2026 Puff Singles TPR,,Complete - Unsettled (Open),2026-01-12,2026-01-18,2026-01-12,2026-01-18,45525.1836,12896.33455625,17204.29,10562.24,0.0,17204.29,22265.93,23259.2536,10362.919043749998,66171.6,42785.05,-0.59,Demand actual total was changed by System Administrator,2026-09-22,,,1297,"Promotions,_Sep_30,_2026  FULL HISTORY For Aevah.xlsx",2026-09-30
2026-05-20T00:00:00Z,MAVERIK,MAVERIK August 2026 Puff Singles TPR,,Complete - Unsettled (Open),2026-05-20,2026-08-18,2026-05-20,2026-08-18,692604.9388,153091.96632222223,249659.93,126235.1,0.0,249659.93,348010.85,344594.0888,191502.1224777778,1006693.2,638830.74,-0.54,Demand actual total was changed by System Administrator,2026-09-21,,,1298,"Promotions,_Sep_30,_2026  FULL HISTORY For Aevah.xlsx",2026-09-30
2026-11-16T00:00:00Z,MAVERIK,MAVERIK November 2026 Puff Singles TPR,,Planned,2026-11-16,2026-11-22,2026-11-16,2026-11-22,56462.3196,12480.31410486111,21337.51,21337.51,0.0,21337.51,27666.37,28795.9496,16315.63549513889,82069.2,53064.0,-0.55,Demand actual total was changed by System Administrator,2026-09-22,,,1299,"Promotions,_Sep_30,_2026  FULL HISTORY For Aevah.xlsx",2026-09-30
2026-01-01T00:00:00Z,Pitco,Pitco January 2026 Puff Singles TPR,,Complete - Unsettled (Open),2026-01-01,2026-01-31,2026-01-01,2026-01-31,23286.3232,3104.93619375,4467.72,0.0,0.0,4467.72,4467.72,18818.6032,15713.66700625,26671.5936,7852.4336,0.04,Demand actual total was changed by System Administrator,2026-09-30,,,1300,"Promotions,_Sep_30,_2026  FULL HISTORY For Aevah.xlsx",2026-09-30
2026-07-01T00:00:00Z,Pitco,Pitco July 2026 Puff Singles TPR,,Complete - Unsettled (Open),2026-07-01,2026-07-31,2026-07-01,2026-07-31,26736.196,3564.9331625,5129.61,0.0,0.0,5129.61,5129.61,21606.586,18041.6528375,30626.0928,9016.1828,0.04,Demand actual total was changed by System Administrator,2026-09-10,,,1301,"Promotions,_Sep_30,_2026  FULL HISTORY For Aevah.xlsx",2026-09-30
2026-01-01T00:00:00Z,PLAID PANTRY,PLAID PANTRY January 2026 Puff Singles TPR,,Complete - Unsettled (Open),2026-01-01,2026-01-31,2026-01-01,2026-01-31,5957.6156,1505.1551937499999,1039.12,761.43,0.0,1039.12,1184.32,4773.2956,3268.1404062499996,8658.0,3859.47,-0.3,Demand planned base volume was changed by System Administrator,2026-09-28,,,1302,"Promotions,_Sep_30,_2026  FULL HISTORY For Aevah.xlsx",2026-09-30
2026-04-01T00:00:00Z,PLAID PANTRY,PLAID PANTRY April 2026 Puff Singles TPR,,Complete - Unsettled (Open),2026-04-01,2026-04-30,2026-04-01,2026-04-30,5140.0652,1299.554375,1494.21,1478.05,0.0,1494.21,1620.01,3520.0552,2220.5008249999996,5978.88,2434.01,-0.58,Demand planned incremental was changed by System Administrator,2026-09-28,,,1303,"Promotions,_Sep_30,_2026  FULL HISTORY For Aevah.xlsx",2026-09-30
2026-07-01T00:00:00Z,PLAID PANTRY,PLAID PANTRY July 2026 Puff Singles TPR,,Complete - Unsettled (Open),2026-07-01,2026-07-14,2026-07-01,2026-07-14,2542.1084,642.7169326388888,4182.38,3842.93,0.0,4182.38,4328.62,-1786.5116,-2429.2285326388887,2541.1968,4233.1568,-0.9,Demand planned incremental was changed by System Administrator,2026-09-28,,,1304,"Promotions,_Sep_30,_2026  FULL HISTORY For Aevah.xlsx",2026-09-30
2026-10-01T00:00:00Z,PLAID PANTRY,PLAID PANTRY October 2026 Puff Singles TPR,,Planned,2026-10-01,2026-10-31,2026-10-01,2026-10-31,5487.058,1387.2831201388888,957.04,957.04,0.0,957.04,1091.32,4395.738,3008.454879861111,7977.6,3555.74,-0.3,Demand planned incremental was changed by System Administrator,2026-09-28,,,1305,"Promotions,_Sep_30,_2026  FULL HISTORY For Aevah.xlsx",2026-09-30
2026-01-01T00:00:00Z,SCHNUCKS,SCHNUCKS January 2026 Puff Singles TPR,,Complete - Unsettled (Open),2026-01-01,2026-01-31,2026-01-01,2026-01-31,30854.5984,4035.6019534722222,7175.48,7591.51,496.1,7175.48,7175.48,23679.1184,19643.516446527778,35873.28,12197.75,0.07,Demand planned incremental was changed by System Administrator,2026-09-28,,2026-02-14,1306,"Promotions,_Sep_30,_2026  FULL HISTORY For Aevah.xlsx",2026-09-30
2026-03-01T00:00:00Z,SCHNUCKS,SCHNUCKS March 2026 Puff Singles TPR,,Complete - Unsettled (Open),2026-03-01,2026-03-14,2026-03-01,2026-03-14,11656.5088,1405.1685881944443,677.71,608.75,0.0,677.71,677.71,10978.7988,9573.630211805556,16938.0,5962.37,2.92,Demand planned incremental was changed by System Administrator,2026-09-28,,,1307,"Promotions,_Sep_30,_2026  FULL HISTORY For Aevah.xlsx",2026-09-30
2026-04-01T00:00:00Z,SCHNUCKS,SCHNUCKS April 2026 Puff Singles TPR,,Complete - Unsettled (Open),2026-04-01,2026-04-14,2026-04-01,2026-04-14,13592.6784,1638.5531291666664,3161.11,1508.53,0.0,3161.11,3161.11,10431.5684,8793.015270833333,15805.44,5373.88,0.08,Demand planned incremental was changed by System Administrator,2026-09-28,,,1308,"Promotions,_Sep_30,_2026  FULL HISTORY For Aevah.xlsx",2026-09-30
2026-06-01T00:00:00Z,SCHNUCKS,SCHNUCKS June 2026 Puff Singles TPR,,Complete - Unsettled (Open),2026-06-01,2026-06-14,2026-06-01,2026-06-14,11177.6608,1347.4531263888887,649.87,490.6,3116.0,3116.0,649.86,10527.8008,9180.347673611112,16254.0,5721.13,2.92,Demand actual total was changed by System Administrator,2026-09-22,,2026-07-25,1309,"Promotions,_Sep_30,_2026  FULL HISTORY For Aevah.xlsx",2026-09-30
2026-07-01T00:00:00Z,SCHNUCKS,SCHNUCKS July 2026 Puff Singles TPR,,Complete - Unsettled (Open),2026-07-01,2026-07-14,2026-07-01,2026-07-14,14748.312,1777.8888159722221,3429.86,1131.13,0.0,3429.86,3429.86,11318.452,9540.563184027778,17147.52,5830.49,0.26,Supply planned incremental was changed by System Administrator,2026-09-28,,,1310,"Promotions,_Sep_30,_2026  FULL HISTORY For Aevah.xlsx",2026-09-30
2026-09-01T00:00:00Z,SCHNUCKS,SCHNUCKS September 2026 Puff Singles TPR,,Complete - Unsettled (Open),2026-09-01,2026-09-14,2026-09-01,2026-09-14,11177.6608,1347.4531263888887,649.87,649.87,0.0,649.87,649.86,10527.8008,9180.347673611112,16254.0,5721.13,2.92,Demand actual total was changed by System Administrator,2026-09-21,,,1311,"Promotions,_Sep_30,_2026  FULL HISTORY For Aevah.xlsx",2026-09-30
2026-11-01T00:00:00Z,SCHNUCKS,SCHNUCKS November 2026 Puff Singles TPR,,Planned,2026-11-01,2026-11-14,2026-11-01,2026-11-14,14005.3408,1688.3125527777777,814.26,814.26,0.0,814.26,814.26,13191.0808,11502.768247222222,20358.0,7165.97,2.92,Demand planned incremental was changed by System Administrator,2026-09-28,,,1312,"Promotions,_Sep_30,_2026  FULL HISTORY For Aevah.xlsx",2026-09-30
2026-02-01T00:00:00Z,SCHNUCKS,SCHNUCKS February 2026 Puff 4-Pack TPR,,Complete - Unsettled (Open),2026-02-01,2026-02-28,2026-02-01,2026-02-28,26581.3144,7980.88435,1601.28,1167.5,11864.48,11864.48,1601.28,24980.0344,16999.15005,35989.3074,11008.9374,0.94,Demand planned base volume was changed by System Administrator,2026-09-28,,2026-02-14,1313,"Promotions,_Sep_30,_2026  FULL HISTORY For Aevah.xlsx",2026-09-30
2026-04-01T00:00:00Z,SCHNUCKS,SCHNUCKS April 2026 Puff 4-Pack TPR,,Complete - Unsettled (Open),2026-04-01,2026-04-14,2026-04-01,2026-04-14,14970.876,4494.919733333333,901.85,804.18,177.46,901.85,901.85,14069.026,9574.106266666666,20269.0338,6200.2038,2.01,Demand planned incremental was changed by System Administrator,2026-09-28,,2026-05-16,1314,"Promotions,_Sep_30,_2026  FULL HISTORY For Aevah.xlsx",2026-09-30
2026-05-01T00:00:00Z,SCHNUCKS,SCHNUCKS May 2026 Puff 4-Pack TPR,,Complete - Unsettled (Open),2026-05-01,2026-05-14,2026-05-01,2026-05-14,16376.2984,4916.891549999999,2466.31,1239.17,0.0,2466.31,2466.31,13909.9884,8993.09685,22172.5764,8262.2564,0.2,Supply planned estimated shipment was changed by System Administrator,2026-09-28,,,1315,"Promotions,_Sep_30,_2026  FULL HISTORY For Aevah.xlsx",2026-09-30
2026-10-01T00:00:00Z,SCHNUCKS,SCHNUCKS October 2026 Puff 4-Pack TPR,,Planned,2026-10-01,2026-10-14,2026-10-01,2026-10-14,15426.38,4631.682833333332,929.3,929.3,0.0,929.3,929.3,14497.08,9865.397166666666,20885.568,6388.818,2.01,Demand planned base volume was changed by System Administrator,2026-09-28,,,1316,"Promotions,_Sep_30,_2026  FULL HISTORY For Aevah.xlsx",2026-09-30
2026-07-01T00:00:00Z,SCHNUCKS,SCHNUCKS July 2026 Puff 4-Pack TPR,,Complete - Unsettled (Open),2026-07-01,2026-07-14,2026-07-01,2026-07-14,15160.5144,4551.855716666667,913.28,593.44,0.0,913.28,913.28,14247.2344,9695.378683333334,20526.3276,6278.8976,2.01,Demand planned base volume was changed by System Administrator,2026-09-28,,,1317,"Promotions,_Sep_30,_2026  FULL HISTORY For Aevah.xlsx",2026-09-30
2026-08-01T00:00:00Z,SCHNUCKS,SCHNUCKS August 2026 Puff 4-Pack TPR,,Complete - Unsettled (Open),2026-08-01,2026-08-14,2026-08-01,2026-08-14,17101.1208,5134.514933333333,2575.47,1040.87,0.0,2575.47,2575.47,14525.6508,9391.135866666667,20578.245,6052.395,0.33,Demand actual total was changed by System Administrator,2026-09-21,,,1318,"Promotions,_Sep_30,_2026  FULL HISTORY For Aevah.xlsx",2026-09-30
2026-11-01T00:00:00Z,SCHNUCKS,SCHNUCKS November 2026 Puff 4-Pack TPR,,Planned,2026-11-01,2026-11-14,2026-11-01,2026-11-14,15997.0216,4803.0134,963.68,963.68,0.0,963.68,963.68,15033.3416,10230.3282,21659.0676,6625.3976,2.01,Supply planned estimated shipment was changed by System Administrator,2026-09-28,,,1319,"Promotions,_Sep_30,_2026  FULL HISTORY For Aevah.xlsx",2026-09-30
2026-01-01T00:00:00Z,TERRIBLES,TERRIBLES January 2026 Puff Singles TPR,,Complete - Unsettled (Open),2026-01-01,2026-01-31,2026-01-01,2026-01-31,15206.2104,3883.8213416666663,6100.17,0.0,2349.45,6100.17,6480.11,8726.1004,4842.279058333333,21124.5408,12325.9308,-0.69,Demand actual total was changed by System Administrator,2026-09-30,,2026-01-31,1320,"Promotions,_Sep_30,_2026  FULL HISTORY For Aevah.xlsx",2026-09-30
2026-06-01T00:00:00Z,TERRIBLES,TERRIBLES June 2026 Puff Singles TPR,,Complete - Unsettled (Open),2026-06-01,2026-06-30,2026-06-01,2026-06-30,10899.6228,2783.8749124999995,3518.48,350.0,0.0,3518.48,4332.92,6566.7028,3782.8278874999996,20596.68,13432.61,-0.79,Demand actual total was changed by System Administrator,2026-09-30,,,1321,"Promotions,_Sep_30,_2026  FULL HISTORY For Aevah.xlsx",2026-09-30
2026-09-01T00:00:00Z,TERRIBLES,TERRIBLES September 2026 Puff Singles TPR,,In progress,2026-09-01,2026-09-30,2026-09-01,2026-09-30,11890.4976,3036.9544499999997,4770.03,4770.03,0.0,4770.03,5067.15,6823.3476,3786.39315,16519.68,9638.67,-0.69,Demand actual total was changed by System Administrator,2026-09-10,,,1322,"Promotions,_Sep_30,_2026  FULL HISTORY For Aevah.xlsx",2026-09-30
2026-03-01T00:00:00Z,TOWN PUMP,TOWN PUMP March 2026 Puff Singles TPR,,Complete - Unsettled (Open),2026-03-01,2026-03-27,2026-03-01,2026-03-27,5446.6552,1307.2368312499998,2033.34,1400.0,0.0,2033.34,2224.08,3222.5752,1915.33836875,9472.32,6179.24,-0.67,Demand actual total was changed by System Administrator,2026-09-30,,,1323,"Promotions,_Sep_30,_2026  FULL HISTORY For Aevah.xlsx",2026-09-30
2026-04-01T00:00:00Z,TOWN PUMP,TOWN PUMP April 2026 Puff Singles TPR,,Complete - Unsettled (Open),2026-04-01,2026-04-28,2026-04-01,2026-04-28,6589.5952,1581.5507374999997,766.24,0.0,0.0,766.24,996.86,5592.7352,4011.1844624999994,11452.896,5779.016,0.04,Demand actual total was changed by System Administrator,2026-09-30,,,1324,"Promotions,_Sep_30,_2026  FULL HISTORY For Aevah.xlsx",2026-09-30
2026-07-01T00:00:00Z,TOWN PUMP,TOWN PUMP July 2026 Puff Singles TPR,,Complete - Unsettled (Open),2026-07-01,2026-07-28,2026-07-01,2026-07-28,6743.5008,1618.4891999999998,2184.12,1400.0,0.0,2184.12,2420.12,4323.3808,2704.8916,11719.8432,7313.7232,-0.62,Demand actual total was changed by System Administrator,2026-09-10,,,1325,"Promotions,_Sep_30,_2026  FULL HISTORY For Aevah.xlsx",2026-09-30
2026-08-01T00:00:00Z,TOWN PUMP,TOWN PUMP August 2026 Puff Singles TPR,,Complete - Unsettled (Open),2026-08-01,2026-08-28,2026-08-01,2026-08-28,7026.8536,1686.4959312499998,817.08,0.0,0.0,817.08,1063.13,5963.7236,4277.22766875,12219.2928,6165.2928,0.04,Demand actual total was changed by System Administrator,2026-09-10,,,1326,"Promotions,_Sep_30,_2026  FULL HISTORY For Aevah.xlsx",2026-09-30
2026-03-01T00:00:00Z,UNITED PACIFIC,UNITED PACIFIC March 2026 Puff Singles TPR,,Complete - Unsettled (Open),2026-03-01,2026-03-30,2026-03-01,2026-03-30,18630.6616,4709.466247916666,5915.9,500.0,0.0,5915.9,6364.54,12266.1216,7556.655352083333,32495.04,20152.8,-0.61,Demand actual total was changed by System Administrator,2026-09-30,,,1327,"Promotions,_Sep_30,_2026  FULL HISTORY For Aevah.xlsx",2026-09-30
2026-04-01T00:00:00Z,UNITED PACIFIC,UNITED PACIFIC April 2026 Puff Singles TPR,,Complete - Unsettled (Open),2026-04-01,2026-04-30,2026-04-01,2026-04-30,21792.0904,5508.612702083333,6334.92,0.0,0.0,6334.92,6859.8,14932.2904,9423.677697916668,38016.0,22990.68,-0.58,Demand actual total was changed by System Administrator,2026-09-30,,,1328,"Promotions,_Sep_30,_2026  FULL HISTORY For Aevah.xlsx",2026-09-30
2026-07-01T00:00:00Z,UNITED PACIFIC,UNITED PACIFIC July 2026 Puff Singles TPR,,Complete - Unsettled (Open),2026-07-01,2026-07-31,2026-07-01,2026-07-31,23088.764,5836.384722916666,7211.86,500.0,0.0,7211.86,8083.9,15004.864,9168.479277083334,40271.04,24855.58,-0.61,Demand actual total was changed by System Administrator,2026-09-10,,,1329,"Promotions,_Sep_30,_2026  FULL HISTORY For Aevah.xlsx",2026-09-30
2026-08-01T00:00:00Z,UNITED PACIFIC,UNITED PACIFIC August 2026 Puff Singles TPR,,Complete - Unsettled (Open),2026-08-01,2026-08-31,2026-08-01,2026-08-31,23786.9464,6012.8720395833325,6914.8,0.0,0.0,6914.8,8749.47,15037.4764,9024.604360416666,41489.28,25092.3,-0.59,Demand actual total was changed by System Administrator,2026-09-10,,,1330,"Promotions,_Sep_30,_2026  FULL HISTORY For Aevah.xlsx",2026-09-30
2026-01-28T00:00:00Z,Albertsons Haggen,February 2026 2/$5 TPR,,Complete - Unsettled (Open),2026-01-28,2026-02-24,2026-01-28,2026-02-24,3886.2712,413.4423930555555,1429.74,1294.3,300.0,1429.74,1507.72,2378.5512,1965.1088069444443,5648.4,2965.01,-0.52,Demand planned incremental was changed by System Administrator,2026-09-28,,2026-01-28,1331,"Promotions,_Sep_30,_2026  FULL HISTORY For Aevah.xlsx",2026-09-30
2026-04-29T00:00:00Z,Albertsons Haggen,May 2026 2/$5 TPR,,Complete - Unsettled (Open),2026-04-29,2026-05-26,2026-04-29,2026-05-26,3341.1,378.13906249999997,1271.25,1934.56,300.0,1271.25,1338.25,2002.85,1624.7109375,4852.8,2590.27,-0.54,Demand actual total was changed by System Administrator,2026-09-22,,2026-04-29,1332,"Promotions,_Sep_30,_2026  FULL HISTORY For Aevah.xlsx",2026-09-30
2026-07-01T00:00:00Z,Albertsons Haggen,July 2026 2/$5 TPR,,Complete - Unsettled (Open),2026-07-01,2026-07-28,2026-07-01,2026-07-28,3341.1,378.13906249999997,785.61,1104.3,1988.4,1988.4,852.61,2488.49,2110.3509375,4852.8,2104.63,-0.26,Demand actual total was changed by System Administrator,2026-09-21,,2026-08-06,1333,"Promotions,_Sep_30,_2026  FULL HISTORY For Aevah.xlsx",2026-09-30
2026-08-26T00:00:00Z,Albertsons Haggen,September 2026 2/$5 TPR,,Complete - Unsettled (Open),2026-08-26,2026-09-22,2026-08-26,2026-09-22,3341.1,378.13906249999997,785.61,785.61,300.0,785.61,852.61,2488.49,2110.3509375,4852.8,2104.63,-0.26,Entry status was set by System Automation,2026-09-23,,2026-08-26,1334,"Promotions,_Sep_30,_2026  FULL HISTORY For Aevah.xlsx",2026-09-30
2025-12-29T00:00:00Z,Albertsons United,"January 2026 2/$5 TPR + Digital, $9.99 4ct TPR + Digital",,Complete - Unsettled (Open),2025-12-29,2026-01-25,2025-12-29,2026-01-25,62766.1492,10925.885990277779,13884.91,11770.32,6011.84,13884.91,23744.57,39021.5792,28095.69320972222,92367.72,52666.48,-0.02,Demand actual total was changed by System Administrator,2026-09-22,,2026-03-11,1335,"Promotions,_Sep_30,_2026  FULL HISTORY For Aevah.xlsx",2026-09-30
2026-01-26T00:00:00Z,Albertsons United,"February 2026 2/$5 TPR, $9.49 4ct",,Complete - Unsettled (Open),2026-01-26,2026-02-22,2026-01-26,2026-02-22,73460.1864,11116.694474305556,16021.98,10058.91,151.5,16021.98,21173.15,52287.0364,41170.34192569445,106219.8,61601.82,0.12,Demand actual total was changed by System Administrator,2026-09-22,,2026-03-11,1336,"Promotions,_Sep_30,_2026  FULL HISTORY For Aevah.xlsx",2026-09-30
2026-02-23T00:00:00Z,Albertsons United,"March 2026 2/$5 Sours Only TPR + $1 Digital all others, $9.99 4ct",,Complete - Unsettled (Open),2026-02-23,2026-03-22,2026-02-23,2026-03-22,36765.44,4600.903333333333,4414.71,3133.27,2932.0,4414.71,5809.7,30955.74,26354.83666666667,27780.48,-3160.89,-0.02,Demand actual total was changed by System Administrator,2026-09-22,,2026-04-21,1337,"Promotions,_Sep_30,_2026  FULL HISTORY For Aevah.xlsx",2026-09-30
2026-04-20T00:00:00Z,Albertsons United,"May 2026 2/$4 TPR, $9.49 4ct + Minions Shippers",,Complete - Unsettled (Open),2026-04-20,2026-05-17,2026-04-20,2026-05-17,43053.912,7680.092624999999,11660.48,10595.73,7934.36,11660.48,16785.41,26268.502,18588.409375,62607.6,38390.34,-0.12,Supply planned estimated shipment was changed by System Administrator,2026-09-28,,2026-05-27,1338,"Promotions,_Sep_30,_2026  FULL HISTORY For Aevah.xlsx",2026-09-30
2026-02-01T00:00:00Z,Brookshires,"Brookshires February 2026 2/$5 TPR, $8.99 TPR",,Complete - Unsettled (Open),2026-02-01,2026-02-28,2026-02-01,2026-02-28,13938.1908,3877.7339701388883,2483.13,470.58,3376.64,3376.64,3320.21,10617.9808,6740.24682986111,19684.5546,9065.8046,-0.24,Demand planned incremental was changed by System Administrator,2026-09-28,,2026-05-18,1340,"Promotions,_Sep_30,_2026  FULL HISTORY For Aevah.xlsx",2026-09-30
2026-01-01T00:00:00Z,The Fresh Market,The Fresh Market January 2026 TPR + Endcap,,Complete - Unsettled (Open),2026-01-01,2026-01-31,2026-01-01,2026-01-31,11107.9664,1014.7207868055555,8029.06,4800.0,0.0,8029.06,8029.05,3078.9164,2064.1956131944444,17396.3232,13095.2132,-0.58,Demand actual total was changed by System Administrator,2026-09-30,,,1344,"Promotions,_Sep_30,_2026  FULL HISTORY For Aevah.xlsx",2026-09-30
2026-01-01T00:00:00Z,Food 4 Less,Food 4 Less January 2026 TPR,,Complete - Unsettled (Open),2026-01-01,2026-01-31,2026-01-01,2026-01-31,10867.0116,1205.2533256944441,2084.94,0.0,0.0,2084.94,4476.84,6390.1716,5184.918274305555,12574.2528,6182.0028,0.33,Demand actual total was changed by System Administrator,2026-09-30,,,1349,"Promotions,_Sep_30,_2026  FULL HISTORY For Aevah.xlsx",2026-09-30
2026-03-01T00:00:00Z,Food 4 Less,Food 4 Less March 2026 TPR,,Complete - Unsettled (Open),2026-03-01,2026-03-31,2026-03-01,2026-03-31,9625.0168,1067.5167277777778,1846.65,0.0,0.0,1846.65,2039.83,7585.1868,6517.670072222221,11138.5872,3550.3272,0.17,Demand actual total was changed by System Administrator,2026-09-30,,,1350,"Promotions,_Sep_30,_2026  FULL HISTORY For Aevah.xlsx",2026-09-30
2026-06-01T00:00:00Z,Food 4 Less,Food 4 Less June 2026 TPR,,Complete - Unsettled (Open),2026-06-01,2026-06-30,2026-06-01,2026-06-30,10349.5324,1147.8630534722222,1985.67,0.0,0.0,1985.67,2193.37,8156.1624,7008.299346527777,11975.3424,3817.3224,0.49,Demand actual total was changed by System Administrator,2026-09-30,,,1351,"Promotions,_Sep_30,_2026  FULL HISTORY For Aevah.xlsx",2026-09-30
2026-08-01T00:00:00Z,Food 4 Less,Food 4 Less August  2026 TPR,,Complete - Unsettled (Open),2026-08-01,2026-08-31,2026-08-01,2026-08-31,9624.9996,1067.5126458333332,1846.65,0.0,0.0,1846.65,3965.45,5659.5496,4592.036954166667,11138.5872,5475.9472,-0.07,Demand planned base volume was changed by System Administrator,2026-09-28,,,1352,"Promotions,_Sep_30,_2026  FULL HISTORY For Aevah.xlsx",2026-09-30
2026-01-28T00:00:00Z,Food City,Food City February 2026 2/$4 TPR,,Complete - Unsettled (Open),2026-01-28,2026-02-24,2026-01-28,2026-02-24,8116.68,1298.7081249999999,2359.5,0.0,0.0,2359.5,2359.5,5757.18,4458.471874999999,11793.6,6039.09,-0.33,Demand actual total was changed by System Administrator,2026-09-30,,,1353,"Promotions,_Sep_30,_2026  FULL HISTORY For Aevah.xlsx",2026-09-30
2026-01-01T00:00:00Z,UNFI,UNFI January 2026 20% OI,,Complete - Unsettled (Open),2026-01-01,2026-01-31,2026-01-01,2026-01-31,612047.6208,57080.3682,105475.13,12762.15,12343.48,105475.13,117739.5,494308.1208,437227.7526,622664.06815112,116091.56735112,0.0,Supply planned estimated shipment was changed by System Administrator,2026-09-28,,2026-07-16,1357,"Promotions,_Sep_30,_2026  FULL HISTORY For Aevah.xlsx",2026-09-30
2026-01-01T00:00:00Z,KEHE DISTRIBUTORS,KeHE January 2026 20% OI,,Complete - Unsettled (Open),2026-01-01,2026-01-31,2026-01-01,2026-01-31,349791.0336,57983.5709,69963.86,3007.42,67.08,69963.86,86067.55,263723.4836,205739.9127,357381.04279345,77553.86919345,0.0,Entry status was set by System Automation,2026-02-01,,2026-01-18,1358,"Promotions,_Sep_30,_2026  FULL HISTORY For Aevah.xlsx",2026-09-30
2026-05-01T00:00:00Z,KEHE DISTRIBUTORS,KeHE May 2026 20% OI,,Complete - Unsettled (Open),2026-05-01,2026-05-31,2026-05-01,2026-05-31,464615.4816,60507.1539,92930.56,1410.4,26269.75,92930.56,111806.48,352809.0016,292301.8477,472207.25737931,100522.37577931,0.0,Supply planned estimated shipment was changed by System Administrator,2026-09-28,,2026-06-01,1359,"Promotions,_Sep_30,_2026  FULL HISTORY For Aevah.xlsx",2026-09-30
2026-08-01T00:00:00Z,KEHE DISTRIBUTORS,KeHE August 2026 20% OI,,Complete - Unsettled (Open),2026-08-01,2026-08-31,2026-08-01,2026-08-31,395864.4672,62190.2436,79179.31,10841.23,30106.24,79179.31,96915.19,298949.2772,236759.0336,403858.03756075,87172.86036075,0.0,Entry status was set by System Automation,2026-09-01,,2026-09-14,1360,"Promotions,_Sep_30,_2026  FULL HISTORY For Aevah.xlsx",2026-09-30
2026-05-01T00:00:00Z,UNFI,UNFI May 2026 20% OI,,Complete - Unsettled (Open),2026-05-01,2026-05-31,2026-05-01,2026-05-31,697562.6496,61776.2888,139531.94,17745.02,4906.19,139531.94,153508.86,544053.7896,482277.5008,710098.11169061,152067.51209061,0.0,Supply planned estimated shipment was changed by System Administrator,2026-09-28,,2026-06-06,1361,"Promotions,_Sep_30,_2026  FULL HISTORY For Aevah.xlsx",2026-09-30
2026-08-01T00:00:00Z,UNFI,UNFI August 2026 20% OI,,Complete - Unsettled (Open),2026-08-01,2026-08-31,2026-08-01,2026-08-31,691558.68,61016.3582,117753.14,16746.39,8270.34,117753.14,131609.45,559949.23,498932.8718,704162.589309,130357.019309,0.0,Supply planned estimated shipment was changed by System Administrator,2026-09-28,,2026-09-06,1362,"Promotions,_Sep_30,_2026  FULL HISTORY For Aevah.xlsx",2026-09-30
2026-01-01T00:00:00Z,Albertsons Corporate,Evergreen Shippers 2026 January,,Complete - Unsettled (Open),2026-01-01,2026-01-31,2026-01-01,2026-01-31,103354.9376,26598.21021666667,30000.0,30000.0,0.0,30000.0,30000.0,73354.9376,46756.72738333333,0.0,69659.45,1.36,Supply planned estimated shipment was changed by System Administrator,2026-09-28,,,1367,"Promotions,_Sep_30,_2026  FULL HISTORY For Aevah.xlsx",2026-09-30
2026-06-01T00:00:00Z,Albertsons United,June 2026 $1 off Digital - Singles & 4ct + Ice Cream Shippers,,Complete - Unsettled (Open),2026-06-01,2026-06-28,2026-06-01,2026-06-28,29247.088,5246.54415,350.41,348.72,1172.5,1172.5,1676.68,27570.408,22323.86385,0.0,366.6,0.1,Supply planned estimated shipment was changed by System Administrator,2026-09-28,,2026-07-09,1375,"Promotions,_Sep_30,_2026  FULL HISTORY For Aevah.xlsx",2026-09-30
2026-10-01T00:00:00Z,Albertsons United,"October 2026 4ct $9.99 TPR + $1 off Digital Coupon, $1 off Digital singles",,Planned,2026-10-01,2026-10-31,2026-10-01,2026-10-31,49880.1944,6372.178984722222,2802.52,2802.52,0.0,2802.52,4699.34,45180.8544,38808.67541527778,29947.851,-15212.249,-0.13,Supply planned estimated shipment was changed by System Administrator,2026-09-28,,,1377,"Promotions,_Sep_30,_2026  FULL HISTORY For Aevah.xlsx",2026-09-30
2026-07-27T00:00:00Z,Albertsons United,"August 2026 2/$5 Singles TPR, 4ct $9.99 TPR",,Complete - Unsettled (Open),2026-07-27,2026-08-23,2026-07-27,2026-08-23,43163.8736,7439.280975,8792.17,5677.55,15172.77,15172.77,15584.13,27579.7436,20140.462625000004,63403.92,36884.61,0.06,Demand actual total was changed by System Administrator,2026-09-21,,2026-09-09,1378,"Promotions,_Sep_30,_2026  FULL HISTORY For Aevah.xlsx",2026-09-30
2026-01-01T00:00:00Z,Albertsons United,"January Shippers 72ct 3flav, 72ct 6flav",,Complete - Unsettled (Open),2026-01-01,2026-01-31,2026-01-01,2026-01-31,20574.0552,4756.698520138889,0.0,0.0,0.0,0.0,0.0,20574.0552,15817.356679861112,0.0,2033.48,0.0,Supply planned estimated shipment was changed by System Administrator,2026-09-28,,,1379,"Promotions,_Sep_30,_2026  FULL HISTORY For Aevah.xlsx",2026-09-30
2026-02-01T00:00:00Z,Albertsons United,February 2026 Shippers 72ct 3flav,,Complete - Unsettled (Open),2026-02-01,2026-02-28,2026-02-01,2026-02-28,11180.258,2852.8405812499996,0.0,0.0,0.0,0.0,0.0,11180.258,8327.41741875,0.0,1105.03,0.0,Supply planned estimated shipment was changed by System Administrator,2026-09-28,,,1380,"Promotions,_Sep_30,_2026  FULL HISTORY For Aevah.xlsx",2026-09-30
2026-05-01T00:00:00Z,Brookshires,"Brookshires May 2026 2/$5 TPR, $8.99 TPR",,Complete - Unsettled (Open),2026-05-01,2026-05-31,2026-05-01,2026-05-31,11767.6,2986.866508333333,2060.91,324.1,0.0,2060.91,3961.11,7806.49,4819.623491666666,16542.8736,8736.4636,-0.28,Demand planned incremental was changed by System Administrator,2026-09-28,,,1381,"Promotions,_Sep_30,_2026  FULL HISTORY For Aevah.xlsx",2026-09-30
2026-07-01T00:00:00Z,Brookshires,"Brookshires July 2026 2/$5 TPR, $8.99 TPR",,Complete - Unsettled (Open),2026-07-01,2026-07-31,2026-07-01,2026-07-31,11767.6664,2986.884224305555,2060.92,223.17,1060.8,2060.92,2734.51,9033.1564,6046.272175694444,16542.8736,7509.8536,-0.2,Demand actual total was changed by System Administrator,2026-09-21,,2026-09-23,1382,"Promotions,_Sep_30,_2026  FULL HISTORY For Aevah.xlsx",2026-09-30
2026-09-01T00:00:00Z,Brookshires,"Brookshires September 2026 2/$5 TPR, $8.99 TPR",,In progress,2026-09-01,2026-09-30,2026-09-01,2026-09-30,11388.0116,2890.5191499999996,1994.43,1994.43,0.0,1994.43,2646.25,8741.7616,5851.24245,16008.3678,7267.3178,-0.2,Demand planned base volume was changed by System Administrator,2026-09-28,,,1383,"Promotions,_Sep_30,_2026  FULL HISTORY For Aevah.xlsx",2026-09-30
2026-01-30T00:00:00Z,HEB,HEB 2026 4ct EDLP,,In progress,2026-01-30,2026-12-30,2026-01-30,2026-12-30,782813.0392,171734.9399666667,62748.7,62748.7,45545.23,62748.7,57679.45,725133.5892,553398.6492333334,534388.3056,201999.0956,-0.04,Supply planned estimated shipment was changed by System Administrator,2026-09-28,,2026-07-27,1384,"Promotions,_Sep_30,_2026  FULL HISTORY For Aevah.xlsx",2026-09-30
2026-03-01T00:00:00Z,Food City,2026 Food City EDLP $.07 Single Puffs,,In progress,2026-03-01,2026-12-31,2026-03-01,2026-12-31,114911.1016,18139.6771875,4676.6,4676.6,0.0,4676.6,4676.62,110234.4816,92094.8044125,68411.6784,-41822.8416,-0.01,Demand planned base volume was changed by System Administrator,2026-09-28,02.11.25 Revised VPA - Built Bars - EDLP March-Dec 2026.xlsx,,1387,"Promotions,_Sep_30,_2026  FULL HISTORY For Aevah.xlsx",2026-09-30
2026-03-04T00:00:00Z,Albertsons Jewel Osco,March 2026 $9.99 TPR National Event + Digital,,Complete - Unsettled (Open),2026-03-04,2026-03-31,2026-03-04,2026-03-31,68269.824,20043.324,10795.68,11147.7,0.0,10795.68,10795.68,57474.144,37430.82,102713.184,45324.724,1.23,Supply planned estimated shipment was changed by System Administrator,2026-09-28,,,1394,"Promotions,_Sep_30,_2026  FULL HISTORY For Aevah.xlsx",2026-09-30
2026-06-24T00:00:00Z,Albertsons Jewel Osco,July 2026 - Party in the USA $8.99 TPR + Ice Cream,,Complete - Unsettled (Open),2026-06-24,2026-08-11,2026-06-24,2026-08-11,115298.736,33251.49333333333,44162.8,26308.6,0.0,44162.8,44162.8,71135.936,37884.44266666667,153561.786,86488.096,-0.08,Supply planned estimated shipment was changed by System Administrator,2026-09-28,,,1395,"Promotions,_Sep_30,_2026  FULL HISTORY For Aevah.xlsx",2026-09-30
2026-04-29T00:00:00Z,Albertsons Jewel Osco,May 2026 $8.99 TPR + Minions Shippers,,Complete - Unsettled (Open),2026-04-29,2026-05-26,2026-04-29,2026-05-26,49324.304,14424.60888888889,14641.2,14667.98,10802.0,14641.2,14641.2,34683.104,20258.49511111111,65812.194,32676.604,-0.22,Supply planned estimated shipment was changed by System Administrator,2026-09-28,,2026-05-28,1396,"Promotions,_Sep_30,_2026  FULL HISTORY For Aevah.xlsx",2026-09-30
2026-09-01T00:00:00Z,Albertsons Jewel Osco,September 2026 $1 off Digital,,Complete - Unsettled (Open),2026-09-01,2026-09-28,2026-09-01,2026-09-28,43282.176,12808.082,256.22,256.22,0.0,256.22,256.22,43025.956,30217.874,0.0,298.92,4.66,Entry status was set by System Automation,2026-09-29,,,1397,"Promotions,_Sep_30,_2026  FULL HISTORY For Aevah.xlsx",2026-09-30
2026-04-01T00:00:00Z,Albertsons Jewel Osco,April 2026 $1 off Digital,,Complete - Unsettled (Open),2026-04-01,2026-04-28,2026-04-29,2026-05-26,41953.512,12399.985333333334,315.91,298.53,0.0,315.91,315.91,41637.602,29237.61666666667,0.0,368.57,3.45,Demand actual total was changed by System Administrator,2026-09-22,,,1398,"Promotions,_Sep_30,_2026  FULL HISTORY For Aevah.xlsx",2026-09-30
2026-08-01T00:00:00Z,Albertsons Jewel Osco,August 2026 $8.99 TPR,,Complete - Unsettled (Open),2026-08-01,2026-08-28,2026-08-01,2026-08-28,90686.464,26835.981333333333,27315.2,11376.86,12940.0,27315.2,27315.2,63371.264,36535.282666666666,122781.4644,59410.4544,0.28,Demand actual total was changed by System Administrator,2026-09-21,,2026-08-27,1399,"Promotions,_Sep_30,_2026  FULL HISTORY For Aevah.xlsx",2026-09-30
2026-10-01T00:00:00Z,Albertsons Jewel Osco,October 2026 $9.99 TPR,,Planned,2026-10-01,2026-10-28,2026-10-01,2026-10-28,72136.96,21346.803333333337,10864.0,10864.0,0.0,10864.0,10864.0,61272.96,39926.15666666666,108530.9604,47258.2604,1.0,Demand actual total was changed by System Administrator,2026-09-22,,,1400,"Promotions,_Sep_30,_2026  FULL HISTORY For Aevah.xlsx",2026-09-30
2026-04-01T00:00:00Z,Albertsons Haggen,UNFI Summer Show Shippers Haggen - April 2026,,Complete - Unsettled (Open),2026-04-01,2026-04-30,2026-04-01,2026-04-30,2239.0788,323.2276972222222,0.0,0.0,0.0,0.0,0.0,2239.0788,1915.8511027777774,0.0,0.0,0.0,Supply planned estimated shipment was changed by System Administrator,2026-09-28,,,1403,"Promotions,_Sep_30,_2026  FULL HISTORY For Aevah.xlsx",2026-09-30
2026-06-01T00:00:00Z,Albertsons Haggen,UNFI Summer Show Shippers Haggen - June 2026,,Complete - Unsettled (Open),2026-06-01,2026-06-30,2026-06-01,2026-06-30,2255.6596,324.12099861111113,0.0,0.0,0.0,0.0,0.0,2255.6596,1931.5386013888888,0.0,0.0,0.0,Supply planned estimated shipment was changed by System Administrator,2026-09-28,,,1404,"Promotions,_Sep_30,_2026  FULL HISTORY For Aevah.xlsx",2026-09-30
2026-08-01T00:00:00Z,Albertsons Haggen,UNFI Summer Show Shippers Haggen - August 2026,,Complete - Unsettled (Open),2026-08-01,2026-08-31,2026-08-01,2026-08-31,2330.858,334.9237395833333,650.16,0.0,0.0,650.16,749.22,1581.638,1246.7142604166665,0.0,-4365.23,-1.0,Demand planned base volume was changed by System Administrator,2026-09-28,,,1405,"Promotions,_Sep_30,_2026  FULL HISTORY For Aevah.xlsx",2026-09-30
2025-12-28T00:00:00Z,TARGET CORPORATION,BOGO 30%,,Complete - Unsettled (Open),2025-12-28,2026-01-03,2025-12-01,2025-12-05,408173.3484,88195.6968,58002.72,163955.04,0.0,58002.72,61948.04,346225.3084,258029.6116,481675.7184,135449.6684,0.85,Demand actual total was changed by System Administrator,2026-09-30,,,1408,"Promotions,_Sep_30,_2026  FULL HISTORY For Aevah.xlsx",2026-09-30
2026-04-01T00:00:00Z,Albertsons Jewel Osco,April 2026 Sour Shippers,,Complete - Unsettled (Open),2026-04-01,2026-04-30,2026-04-01,2026-04-30,0.0,0.0,0.0,0.0,0.0,0.0,0.0,0.0,0.0,0.0,0.0,0.0,Supply planned estimated shipment was changed by System Administrator,2026-09-28,,,1411,"Promotions,_Sep_30,_2026  FULL HISTORY For Aevah.xlsx",2026-09-30
2026-01-01T00:00:00Z,Albertsons United,2026 Checkstand Program - $250,,Draft,2026-01-01,2026-12-31,2026-01-01,2026-12-31,121317.2588,30979.584077083335,250.0,250.0,0.0,250.0,13706.41,107610.8488,76631.26472291666,0.0,250.0,4.57,Demand actual total was changed by System Administrator,2026-09-21,,,1412,"Promotions,_Sep_30,_2026  FULL HISTORY For Aevah.xlsx",2026-09-30
2026-04-01T00:00:00Z,Albertsons United,April 2026 Sour Shippers,,Complete - Unsettled (Open),2026-04-01,2026-04-30,2026-04-01,2026-04-30,2387.1192,0.0,0.0,0.0,0.0,0.0,0.0,2387.1192,2387.1192,0.0,0.0,0.0,Supply planned estimated shipment was changed by System Administrator,2026-09-28,,,1413,"Promotions,_Sep_30,_2026  FULL HISTORY For Aevah.xlsx",2026-09-30
2026-02-01T00:00:00Z,PUBLIX,February 2026 Sour Shippers,,Complete - Unsettled (Open),2026-02-01,2026-02-28,2026-02-01,2026-02-28,0.0,0.0,0.0,0.0,0.0,0.0,0.0,0.0,0.0,0.0,0.0,0.0,Supply planned estimated shipment was changed by System Administrator,2026-09-28,,,1414,"Promotions,_Sep_30,_2026  FULL HISTORY For Aevah.xlsx",2026-09-30
2026-01-01T00:00:00Z,PUBLIX,2026 Front End Program Q1,,Draft,2026-01-01,2026-03-31,2026-01-01,2026-03-31,468110.5904,119647.55103958336,5869.71,5869.71,0.0,5869.71,5869.71,462240.8804,342593.3293604167,0.0,5869.71,18.79,Demand planned base volume was changed by System Administrator,2026-09-28,,,1415,"Promotions,_Sep_30,_2026  FULL HISTORY For Aevah.xlsx",2026-09-30
2026-04-01T00:00:00Z,PUBLIX,2026 Front End Program Q2,,Draft,2026-04-01,2026-06-30,2026-04-01,2026-06-30,401654.486,103475.87019861111,5869.71,5869.71,0.0,5869.71,5869.71,395784.776,292308.9058013889,0.0,5869.71,9.16,Demand planned base volume was changed by System Administrator,2026-09-28,,,1416,"Promotions,_Sep_30,_2026  FULL HISTORY For Aevah.xlsx",2026-09-30
2026-07-01T00:00:00Z,PUBLIX,2026 Front End Program Q3,,Draft,2026-07-01,2026-09-30,2026-07-01,2026-09-30,306739.8808,79713.08128750001,5869.71,5869.71,0.0,5869.71,5869.71,300870.1708,221157.08951250004,0.0,5869.71,6.74,Supply planned estimated shipment was changed by System Administrator,2026-09-28,,,1417,"Promotions,_Sep_30,_2026  FULL HISTORY For Aevah.xlsx",2026-09-30
2026-10-01T00:00:00Z,PUBLIX,2026 Front End Program Q4,,Draft,2026-10-01,2026-12-31,2026-10-01,2026-12-31,301102.4432,78299.82340486112,5869.71,5869.71,0.0,5869.71,5869.71,295232.7332,216932.90979513893,0.0,5869.71,6.59,Demand planned base volume was changed by System Administrator,2026-09-28,,,1418,"Promotions,_Sep_30,_2026  FULL HISTORY For Aevah.xlsx",2026-09-30
2026-01-04T00:00:00Z,TARGET CORPORATION,BOGO 50,,Complete - Unsettled (Open),2026-01-04,2026-01-10,2025-12-01,2025-12-05,1070438.0895,329849.4204,268047.5,12310.38,79.97,268047.5,292698.58,777739.5095,447890.0891,1180809.9864,373991.1264,0.76,Demand actual total was changed by System Administrator,2026-09-30,,2026-02-12,1419,"Promotions,_Sep_30,_2026  FULL HISTORY For Aevah.xlsx",2026-09-30
2026-01-11T00:00:00Z,TARGET CORPORATION,BOGO 25%,,Complete - Unsettled (Open),2026-01-11,2026-02-14,2025-12-22,2025-12-26,5172480.0114,1640383.8408,297454.51,313329.53,261814.84,297454.51,425059.67,4747420.3414,3107036.5006,6662424.6816,1845909.1916,4.27,Demand actual total was changed by System Administrator,2026-09-30,,2026-02-28,1420,"Promotions,_Sep_30,_2026  FULL HISTORY For Aevah.xlsx",2026-09-30
2026-05-10T00:00:00Z,TARGET CORPORATION,BOGO 25% May-June2026,,Complete - Unsettled (Open),2026-05-10,2026-06-13,2026-04-13,2026-04-17,4990302.538,737002.5708,621325.81,113079.6,14660.9,621325.81,800738.85,4189563.688,3452561.1172,6327131.9886,3096781.2186,2.36,Demand actual total was changed by System Administrator,2026-09-30,,2026-07-04,1421,"Promotions,_Sep_30,_2026  FULL HISTORY For Aevah.xlsx",2026-09-30
2026-01-28T00:00:00Z,Albertsons Denver,February 2026 $9.99 TPR,,Complete - Unsettled (Open),2026-01-28,2026-03-03,2026-01-28,2026-03-03,27637.7384,8094.4632,4162.31,0.0,691.0,4162.31,4162.31,23475.4284,15380.9652,41581.5768,18106.0768,-0.06,Demand actual total was changed by System Administrator,2026-09-30,,2026-03-04,1422,"Promotions,_Sep_30,_2026  FULL HISTORY For Aevah.xlsx",2026-09-30
2026-01-28T00:00:00Z,Albertsons Jewel Osco,February 2026 $8.99 TPR,,Complete - Unsettled (Open),2026-01-28,2026-03-03,2026-01-28,2026-03-03,136547.1512,39827.413,41128.66,16851.16,10882.0,41128.66,41128.66,95418.4912,55591.0782,205437.1572,110018.9872,0.28,Demand planned incremental was changed by System Administrator,2026-09-28,,2026-03-04,1424,"Promotions,_Sep_30,_2026  FULL HISTORY For Aevah.xlsx",2026-09-30
2026-04-29T00:00:00Z,Albertsons Denver,May 2026 $9.99 TPR + Digital,,Complete - Unsettled (Open),2026-04-29,2026-05-26,2026-04-29,2026-05-26,22860.7232,6708.372533333333,3615.03,0.0,5891.0,5891.0,3615.03,19245.6932,12537.320666666667,34394.7708,15177.5108,0.28,Demand actual total was changed by System Administrator,2026-09-30,,2026-05-28,1433,"Promotions,_Sep_30,_2026  FULL HISTORY For Aevah.xlsx",2026-09-30
2026-03-04T00:00:00Z,Albertsons Denver,March 2026 $9.99 National Event TPR,,Complete - Unsettled (Open),2026-03-04,2026-03-31,2026-03-04,2026-03-31,24687.52,7220.927999999999,3718.0,0.0,0.0,3718.0,3718.0,20969.52,13748.591999999999,37142.4204,16173.1704,0.08,Demand actual total was changed by System Administrator,2026-09-30,,,1434,"Promotions,_Sep_30,_2026  FULL HISTORY For Aevah.xlsx",2026-09-30
2026-04-01T00:00:00Z,Albertsons Denver,April 2026 $1 off Digital Coupon,,Complete - Unsettled (Open),2026-04-01,2026-04-28,2026-04-01,2026-04-28,17644.5384,5174.3161666666665,132.86,0.0,0.0,132.86,132.86,17511.6784,12337.362233333333,0.0,155.01,3.47,Demand actual total was changed by System Administrator,2026-09-30,,,1435,"Promotions,_Sep_30,_2026  FULL HISTORY For Aevah.xlsx",2026-09-30
2026-07-01T00:00:00Z,Albertsons Denver,July 2026 $9.99 TPR,,Complete - Unsettled (Open),2026-07-01,2026-07-28,2026-07-01,2026-07-28,22860.7232,6708.372533333333,3442.88,0.0,3724.0,3724.0,3442.88,19417.8432,12709.470666666668,37837.6908,18419.5808,0.34,Demand actual total was changed by System Administrator,2026-09-10,,2026-07-30,1436,"Promotions,_Sep_30,_2026  FULL HISTORY For Aevah.xlsx",2026-09-30
2026-08-01T00:00:00Z,Albertsons Denver,August 2026 $8.99 TPR,,Complete - Unsettled (Open),2026-08-01,2026-08-28,2026-08-01,2026-08-28,24493.632,7187.542,7377.6,0.0,6930.0,7377.6,7377.6,17116.032,9928.49,33162.312,16046.272,-0.22,Demand actual total was changed by System Administrator,2026-09-10,,2026-08-27,1437,"Promotions,_Sep_30,_2026  FULL HISTORY For Aevah.xlsx",2026-09-30
2026-09-01T00:00:00Z,Albertsons Denver,September 2026 $1 Digital 4ct,,Complete - Unsettled (Open),2026-09-01,2026-09-28,2026-09-01,2026-09-28,17145.5424,5031.2794,129.1,0.0,0.0,129.1,129.1,17016.4424,11985.163,0.0,150.61,3.47,Entry status was set by System Automation,2026-09-29,,,1438,"Promotions,_Sep_30,_2026  FULL HISTORY For Aevah.xlsx",2026-09-30
2026-10-01T00:00:00Z,Albertsons Denver,October 2026 $9.99 TPR,,Planned,2026-10-01,2026-10-28,2026-10-01,2026-10-28,22860.7232,6708.372533333333,3442.88,3442.88,0.0,3442.88,3442.88,19417.8432,12709.470666666668,34394.7708,14976.6608,0.34,Demand actual total was changed by System Administrator,2026-09-30,,,1439,"Promotions,_Sep_30,_2026  FULL HISTORY For Aevah.xlsx",2026-09-30
2026-05-01T00:00:00Z,Brookshires,2026 Summer Shippers,,Complete - Unsettled (Open),2026-05-01,2026-05-31,2026-05-01,2026-05-31,0.0,0.0,0.0,0.0,0.0,0.0,0.0,0.0,0.0,0.0,0.0,0.0,Supply planned estimated shipment was changed by System Administrator,2026-09-28,,,1440,"Promotions,_Sep_30,_2026  FULL HISTORY For Aevah.xlsx",2026-09-30
2026-05-01T00:00:00Z,Lowes Foods,2026 Ice Cream Shippers,,Complete - Unsettled (Open),2026-05-01,2026-07-31,2026-05-01,2026-07-31,0.0,0.0,0.0,0.0,0.0,0.0,0.0,0.0,0.0,0.0,0.0,0.0,Supply planned estimated shipment was changed by System Administrator,2026-09-28,,,1441,"Promotions,_Sep_30,_2026  FULL HISTORY For Aevah.xlsx",2026-09-30
2026-09-29T00:00:00Z,"BJ's WholeSale Club, Inc",October Promo - $4.00 off,,In progress,2026-09-29,2026-11-01,2026-09-14,2026-09-18,593762.5764,0.0,134640.04,134640.04,0.0,134640.04,134640.04,459122.5364,459122.5364,605543.5799,146421.0399,0.89,Entry status was set by System Automation,2026-09-29,,,1442,"Promotions,_Sep_30,_2026  FULL HISTORY For Aevah.xlsx",2026-09-30
2026-01-28T00:00:00Z,Albertsons Intermountain,February 2026 $9.99 TPR,,Complete - Unsettled (Open),2026-01-28,2026-03-03,2026-01-28,2026-03-03,36726.7032,10802.804483333333,5531.13,4735.72,5869.0,5869.0,5531.13,31195.5732,20392.76871666667,55256.2884,24060.5184,0.76,Demand planned base volume was changed by System Administrator,2026-09-28,,2026-03-04,1444,"Promotions,_Sep_30,_2026  FULL HISTORY For Aevah.xlsx",2026-09-30
2026-03-04T00:00:00Z,Albertsons Intermountain,March 2026 $9.99 National Event TPR,,Complete - Unsettled (Open),2026-03-04,2026-03-31,2026-03-04,2026-03-31,33197.8752,9746.9952,4999.68,3453.99,0.0,4999.68,4999.68,28198.1952,18451.2,49946.8032,21748.6132,0.76,Demand actual total was changed by System Administrator,2026-09-22,,,1445,"Promotions,_Sep_30,_2026  FULL HISTORY For Aevah.xlsx",2026-09-30
2026-04-29T00:00:00Z,Albertsons Intermountain,May 2026 $9.99 TPR + Digital,,Complete - Unsettled (Open),2026-04-29,2026-05-26,2026-04-29,2026-05-26,26635.1648,7861.270333333332,4211.89,3815.24,4496.0,4496.0,4211.89,22423.2748,14562.004466666665,40072.887,17683.177,0.84,Demand actual total was changed by System Administrator,2026-09-22,,2026-05-28,1446,"Promotions,_Sep_30,_2026  FULL HISTORY For Aevah.xlsx",2026-09-30
2026-07-01T00:00:00Z,Albertsons Intermountain,July 2026 $9.99 TPR,,Complete - Unsettled (Open),2026-07-01,2026-07-28,2026-07-01,2026-07-28,23501.616,6936.415,3539.4,3445.59,4332.0,4332.0,3539.4,19962.216,13025.801,35358.606,15396.386,0.56,Demand actual total was changed by System Administrator,2026-09-21,,2026-07-30,1447,"Promotions,_Sep_30,_2026  FULL HISTORY For Aevah.xlsx",2026-09-30
2026-04-01T00:00:00Z,Albertsons Intermountain,April 2026 $1 off Digital Coupon,,Complete - Unsettled (Open),2026-04-01,2026-04-28,2026-04-01,2026-04-28,17403.7056,5130.637016666666,131.05,176.08,0.0,131.05,131.05,17272.6556,12142.018583333333,0.0,152.89,3.46,Demand planned base volume was changed by System Administrator,2026-09-28,,,1448,"Promotions,_Sep_30,_2026  FULL HISTORY For Aevah.xlsx",2026-09-30
2026-08-01T00:00:00Z,Albertsons Intermountain,August 2026 $8.99 TPR,,Complete - Unsettled (Open),2026-08-01,2026-08-28,2026-08-01,2026-08-28,31335.488,9248.553333333333,9438.4,7428.58,7634.0,9438.4,9438.4,21897.088,12648.534666666666,42425.4282,20528.4682,0.17,Demand actual total was changed by System Administrator,2026-09-21,,2026-08-27,1449,"Promotions,_Sep_30,_2026  FULL HISTORY For Aevah.xlsx",2026-09-30
2026-09-01T00:00:00Z,Albertsons Intermountain,September 2026 $1 Digital 4ct,,Complete - Unsettled (Open),2026-09-01,2026-09-28,2026-09-01,2026-09-28,16451.1312,4855.4905,123.89,123.89,0.0,123.89,123.89,16327.2412,11471.7507,0.0,144.53,3.46,Entry status was set by System Automation,2026-09-29,,,1450,"Promotions,_Sep_30,_2026  FULL HISTORY For Aevah.xlsx",2026-09-30
2026-10-01T00:00:00Z,Albertsons Intermountain,October 2026 $9.99 TPR,,Planned,2026-10-01,2026-10-28,2026-10-01,2026-10-28,25068.3904,7398.8426666666655,3775.36,3775.36,0.0,3775.36,3775.36,21293.0304,13894.187733333334,37716.0462,16422.8762,0.76,Demand actual total was changed by System Administrator,2026-09-22,,,1451,"Promotions,_Sep_30,_2026  FULL HISTORY For Aevah.xlsx",2026-09-30
2026-01-28T00:00:00Z,Albertsons Mid-Atlantic,February 2026 $9.99 TPR,,Complete - Unsettled (Open),2026-01-28,2026-03-03,2026-01-28,2026-03-03,91591.2968,26972.540066666665,13793.87,11090.85,13798.0,13798.0,13793.87,77797.4268,50824.88673333333,137800.2618,60003.1618,0.45,Demand planned incremental was changed by System Administrator,2026-09-28,,2026-03-08,1452,"Promotions,_Sep_30,_2026  FULL HISTORY For Aevah.xlsx",2026-09-30
2026-03-04T00:00:00Z,Albertsons Mid-Atlantic,March 2026 $9.99 National Event TPR,,Complete - Unsettled (Open),2026-03-04,2026-03-31,2026-03-04,2026-03-31,70746.2784,20799.505066666665,10654.56,10040.88,0.0,10654.56,10654.56,60091.7184,39292.21333333333,106439.0544,46347.3444,0.34,Demand actual total was changed by System Administrator,2026-09-22,,,1453,"Promotions,_Sep_30,_2026  FULL HISTORY For Aevah.xlsx",2026-09-30
2026-04-29T00:00:00Z,Albertsons Mid-Atlantic,May 2026 $9.99 TPR + Digital,,Complete - Unsettled (Open),2026-04-29,2026-05-26,2026-04-29,2026-05-26,70221.984,20832.222,11104.38,9155.71,11025.0,11104.38,11104.38,59117.604,38285.382,105650.244,46620.774,0.48,Demand actual total was changed by System Administrator,2026-09-22,,2026-06-01,1454,"Promotions,_Sep_30,_2026  FULL HISTORY For Aevah.xlsx",2026-09-30
2026-07-01T00:00:00Z,Albertsons Mid-Atlantic,July 2026 $9.99 TPR + Ice Cream Shippers,,Complete - Unsettled (Open),2026-07-01,2026-07-28,2026-07-01,2026-07-28,75696.0256,22221.0368,11280.64,7593.43,15640.5,15640.5,11280.64,64415.3856,42194.3488,112693.7934,49070.8534,0.78,Supply planned estimated shipment was changed by System Administrator,2026-09-28,,2026-08-10,1455,"Promotions,_Sep_30,_2026  FULL HISTORY For Aevah.xlsx",2026-09-30
2026-09-01T00:00:00Z,Albertsons Mid-Atlantic,September 2026 $1 Digital 4ct,,Complete - Unsettled (Open),2026-09-01,2026-09-28,2026-09-01,2026-09-28,49155.3888,14582.5554,370.15,370.15,0.0,370.15,370.15,48785.2388,34202.6834,0.0,431.84,3.45,Entry status was set by System Automation,2026-09-29,,,1456,"Promotions,_Sep_30,_2026  FULL HISTORY For Aevah.xlsx",2026-09-30
2026-04-01T00:00:00Z,Albertsons Mid-Atlantic,April 2026 $1 off Digital Coupon,,Complete - Unsettled (Open),2026-04-01,2026-04-28,2026-04-01,2026-04-28,49852.5888,14764.175466666667,375.38,402.84,0.0,375.38,375.38,49477.2088,34713.03333333333,0.0,437.95,3.45,Demand planned base volume was changed by System Administrator,2026-09-28,,,1457,"Promotions,_Sep_30,_2026  FULL HISTORY For Aevah.xlsx",2026-09-30
2026-08-01T00:00:00Z,Albertsons Mid-Atlantic,August 2026 $8.99 TPR,,Complete - Unsettled (Open),2026-08-01,2026-08-28,2026-08-01,2026-08-28,81925.648,24304.259000000002,24676.4,14569.16,15656.0,24676.4,24676.4,57249.248,32944.989,110920.5978,53671.2178,0.0,Demand actual total was changed by System Administrator,2026-09-21,,2026-08-31,1458,"Promotions,_Sep_30,_2026  FULL HISTORY For Aevah.xlsx",2026-09-30
2026-10-01T00:00:00Z,Albertsons Mid-Atlantic,October 2026 $9.99 TPR,,Planned,2026-10-01,2026-10-28,2026-10-01,2026-10-28,70221.984,20832.222,10575.6,10575.6,0.0,10575.6,10575.6,59646.384,38814.162,105650.244,46003.864,0.56,Demand actual total was changed by System Administrator,2026-09-22,,,1459,"Promotions,_Sep_30,_2026  FULL HISTORY For Aevah.xlsx",2026-09-30
2026-04-01T00:00:00Z,Albertsons NorCal,April 2026 $1 off Digital Coupon,,Complete - Unsettled (Open),2026-04-01,2026-04-28,2026-04-01,2026-04-28,49655.58,14640.898183333333,373.91,486.97,0.0,373.91,373.91,49281.67,34640.77181666667,0.0,436.23,3.46,Demand actual total was changed by System Administrator,2026-09-22,,,1460,"Promotions,_Sep_30,_2026  FULL HISTORY For Aevah.xlsx",2026-09-30
2026-08-01T00:00:00Z,Albertsons NorCal,August 2026 $1 off Digital Coupon,,Complete - Unsettled (Open),2026-08-01,2026-08-28,2026-08-01,2026-08-28,77593.712,22946.163666666664,23371.6,17354.06,19286.75,23371.6,23371.6,54222.112,31275.948333333334,105055.1622,50833.1822,-0.04,Demand actual total was changed by System Administrator,2026-09-21,,2026-08-27,1461,"Promotions,_Sep_30,_2026  FULL HISTORY For Aevah.xlsx",2026-09-30
2026-10-01T00:00:00Z,Albertsons NorCal,October 2026 $9.99 TPR,,Planned,2026-10-01,2026-10-28,2026-10-01,2026-10-28,63900.704,18896.840666666667,9623.6,9623.6,0.0,9623.6,9623.6,54277.104,35380.263333333336,96139.5642,41862.5942,0.34,Demand actual total was changed by System Administrator,2026-09-22,,,1462,"Promotions,_Sep_30,_2026  FULL HISTORY For Aevah.xlsx",2026-09-30
2026-03-04T00:00:00Z,Albertsons NorCal,March 2026 $9.99 National Event TPR,,Complete - Unsettled (Open),2026-03-04,2026-03-31,2026-03-04,2026-03-31,74074.9104,21593.466,11155.86,8560.12,0.0,11155.86,11155.86,62919.0504,41325.5844,100291.1814,37372.1314,0.22,Demand actual total was changed by System Administrator,2026-09-22,,,1463,"Promotions,_Sep_30,_2026  FULL HISTORY For Aevah.xlsx",2026-09-30
2026-04-29T00:00:00Z,Albertsons NorCal,May 2026 $9.99 TPR + Digital,,Complete - Unsettled (Open),2026-04-29,2026-05-06,2026-04-29,2026-05-06,18257.344,5399.097333333333,2887.08,3577.81,14818.0,14818.0,2887.08,15370.264,9971.166666666666,27468.7038,12121.2238,0.27,Demand actual total was changed by System Administrator,2026-09-22,,2026-05-28,1464,"Promotions,_Sep_30,_2026  FULL HISTORY For Aevah.xlsx",2026-09-30
2026-07-01T00:00:00Z,Albertsons NorCal,July 2026 $9.99 TPR,,Complete - Unsettled (Open),2026-07-01,2026-07-28,2026-06-01,2026-06-28,63900.704,18896.840666666667,9623.6,9262.85,13036.0,13036.0,9623.6,54277.104,35380.263333333336,96139.5642,41862.5942,0.34,Demand actual total was changed by System Administrator,2026-09-21,,2026-07-30,1465,"Promotions,_Sep_30,_2026  FULL HISTORY For Aevah.xlsx",2026-09-30
2026-09-01T00:00:00Z,Albertsons NorCal,September 2026 $1 Digital 4ct,,Complete - Unsettled (Open),2026-09-01,2026-09-28,2026-09-01,2026-09-28,47925.528,14172.6305,360.89,360.89,0.0,360.89,360.89,47564.638,33392.0075,0.0,421.03,3.45,Entry status was set by System Automation,2026-09-29,,,1466,"Promotions,_Sep_30,_2026  FULL HISTORY For Aevah.xlsx",2026-09-30
2026-01-28T00:00:00Z,Albertsons Portland,February 2026 $9.99 TPR,,Complete - Unsettled (Open),2026-01-28,2026-03-03,2026-01-28,2026-03-03,47544.9232,13951.357300000001,7160.38,7687.86,10050.0,10050.0,7160.38,40384.5432,26433.1859,71531.7966,31147.5166,0.08,Demand actual total was changed by System Administrator,2026-09-22,,2026-03-04,1467,"Promotions,_Sep_30,_2026  FULL HISTORY For Aevah.xlsx",2026-09-30
2026-03-04T00:00:00Z,Albertsons Portland,March 2026 $9.99 National Event TPR,,Complete - Unsettled (Open),2026-03-04,2026-03-31,2026-03-04,2026-03-31,40017.952,11748.9216,6026.8,5579.0,0.0,6026.8,6026.8,33991.152,22242.2304,54181.1118,20189.8118,0.08,Demand actual total was changed by System Administrator,2026-09-22,,,1468,"Promotions,_Sep_30,_2026  FULL HISTORY For Aevah.xlsx",2026-09-30
2026-04-29T00:00:00Z,Albertsons Portland,May 2026 $9.99 TPR + Digital + Sour Shippers,,Complete - Unsettled (Open),2026-04-29,2026-05-26,2026-04-29,2026-05-26,43051.104,12707.616,6483.6,6452.15,10906.0,10906.0,6483.6,36567.504,23859.888,58287.564,21720.054,0.56,Supply planned estimated shipment was changed by System Administrator,2026-09-28,,2026-05-28,1469,"Promotions,_Sep_30,_2026  FULL HISTORY For Aevah.xlsx",2026-09-30
2026-07-01T00:00:00Z,Albertsons Portland,July 2026 $9.99 TPR + Ice Cream Shippers,,Complete - Unsettled (Open),2026-07-01,2026-07-28,2026-07-01,2026-07-28,43546.464,12707.616,6483.6,5035.99,7469.0,7469.0,6483.6,37062.864,24355.248000000003,55191.408,19199.898,0.59,Supply planned estimated shipment was changed by System Administrator,2026-09-28,,2026-07-30,1470,"Promotions,_Sep_30,_2026  FULL HISTORY For Aevah.xlsx",2026-09-30
2026-09-01T00:00:00Z,Albertsons Portland,September 2026 $1 Digital 4ct,,Complete - Unsettled (Open),2026-09-01,2026-09-28,2026-09-01,2026-09-28,30135.7728,8895.3312,214.87,214.87,0.0,214.87,214.87,29920.9028,21025.5716,0.0,250.67,3.71,Entry status was set by System Automation,2026-09-29,,,1471,"Promotions,_Sep_30,_2026  FULL HISTORY For Aevah.xlsx",2026-09-30
2026-04-01T00:00:00Z,Albertsons Portland,April 2026 $1 off Digital Coupon,,Complete - Unsettled (Open),2026-04-01,2026-04-28,2026-04-01,2026-04-28,30526.2048,9001.4352,229.87,355.07,0.0,229.87,229.87,30296.3348,21294.8996,0.0,268.18,3.46,Demand actual total was changed by System Administrator,2026-09-22,,,1472,"Promotions,_Sep_30,_2026  FULL HISTORY For Aevah.xlsx",2026-09-30
2026-08-01T00:00:00Z,Albertsons Portland,August 2026 $8.99 TPR,,Complete - Unsettled (Open),2026-08-01,2026-08-28,2026-08-01,2026-08-28,50226.288,14825.552,14324.8,8486.84,8976.0,14324.8,14324.8,35901.488,21075.936,64389.7962,28488.3062,0.06,Demand actual total was changed by System Administrator,2026-09-21,,2026-08-27,1473,"Promotions,_Sep_30,_2026  FULL HISTORY For Aevah.xlsx",2026-09-30
2026-10-01T00:00:00Z,Albertsons Portland,October 2026 $9.99 TPR,,Planned,2026-10-01,2026-10-28,2026-10-01,2026-10-28,43051.104,12707.616,6483.6,6483.6,0.0,6483.6,6483.6,36567.504,23859.888,64771.164,28203.654,0.56,Demand actual total was changed by System Administrator,2026-09-22,,,1474,"Promotions,_Sep_30,_2026  FULL HISTORY For Aevah.xlsx",2026-09-30
2027-01-01T00:00:00Z,Albertsons Corporate,January 2027 National Event - Fee Only,,Draft,2027-01-01,2027-01-31,2027-01-01,2027-01-31,0.0,0.0,40000.0,40000.0,0.0,40000.0,40000.0,-40000.0,-40000.0,0.0,40000.0,-1.0,Demand actual total was changed by System Administrator,2026-09-22,,,1475,"Promotions,_Sep_30,_2026  FULL HISTORY For Aevah.xlsx",2026-09-30
2026-05-01T00:00:00Z,Albertsons Portland,Minions Shippers,,Draft,2026-05-01,2026-05-31,2026-05-01,2026-05-31,365.6032,88.89141111111111,0.0,0.0,0.0,0.0,0.0,365.6032,276.71178888888886,0.0,0.0,0.0,Supply planned estimated shipment was changed by System Administrator,2026-09-28,,,1476,"Promotions,_Sep_30,_2026  FULL HISTORY For Aevah.xlsx",2026-09-30
2026-04-01T00:00:00Z,Albertsons Shaws,2026 April Summer Shipper Show - Evergreen,,Complete - Unsettled (Open),2026-04-01,2026-04-30,2026-04-01,2026-04-30,25321.64,7783.6575,0.0,0.0,0.0,0.0,0.0,25321.64,17537.9825,0.0,0.0,0.0,Supply planned estimated shipment was changed by System Administrator,2026-09-28,,,1477,"Promotions,_Sep_30,_2026  FULL HISTORY For Aevah.xlsx",2026-09-30
2026-01-28T00:00:00Z,Albertsons Seattle,February 2026 $9.99 TPR,,Complete - Unsettled (Open),2026-01-28,2026-03-03,2026-01-28,2026-03-03,153453.72,45287.357500000006,23110.5,13640.14,16547.0,23110.5,23110.5,130343.22,85055.8625,230873.895,100530.675,0.56,Demand actual total was changed by System Administrator,2026-09-22,,2026-03-04,1478,"Promotions,_Sep_30,_2026  FULL HISTORY For Aevah.xlsx",2026-09-30
2026-03-04T00:00:00Z,Albertsons Seattle,March 2026 $9.99 National Event TPR,,Complete - Unsettled (Open),2026-03-04,2026-03-31,2026-03-04,2026-03-31,143223.472,42268.200333333334,21569.8,8523.43,0.0,21569.8,21569.8,121653.672,79385.47166666666,215482.5018,93828.6918,1.01,Demand actual total was changed by System Administrator,2026-09-22,,,1479,"Promotions,_Sep_30,_2026  FULL HISTORY For Aevah.xlsx",2026-09-30
2026-04-01T00:00:00Z,Albertsons Seattle,April 2026 $1 off Digital Coupon,,Complete - Unsettled (Open),2026-04-01,2026-04-28,2026-04-01,2026-04-28,50669.5744,15055.3258,381.55,386.97,0.0,381.55,381.55,50288.0244,35232.6986,0.0,445.15,3.44,Demand planned base volume was changed by System Administrator,2026-09-28,,,1480,"Promotions,_Sep_30,_2026  FULL HISTORY For Aevah.xlsx",2026-09-30
2026-04-29T00:00:00Z,Albertsons Seattle,May 2026 $8.99 TPR + Digital + Minions Shippers,,Complete - Unsettled (Open),2026-04-29,2026-05-26,2026-04-29,2026-05-26,66893.824,19859.428977777778,9868.8,8443.28,10199.0,10199.0,9868.8,57025.024,37165.59502222222,98589.312,44516.492,0.79,Supply planned estimated shipment was changed by System Administrator,2026-09-28,,2026-05-28,1481,"Promotions,_Sep_30,_2026  FULL HISTORY For Aevah.xlsx",2026-09-30
2026-07-01T00:00:00Z,Albertsons Seattle,July 2026 $9.99 TPR + Ice Cream Shippers,,Complete - Unsettled (Open),2026-07-01,2026-07-28,2026-07-01,2026-07-28,62712.96,18307.078,9252.0,6838.14,10062.0,10062.0,9252.0,53460.96,35153.882000000005,83175.48,31738.2,0.6,Supply planned estimated shipment was changed by System Administrator,2026-09-28,,2026-07-30,1482,"Promotions,_Sep_30,_2026  FULL HISTORY For Aevah.xlsx",2026-09-30
2026-08-01T00:00:00Z,Albertsons Seattle,August 2026 $8.99 TPR,,Complete - Unsettled (Open),2026-08-01,2026-08-28,2026-08-01,2026-08-28,81911.04,24409.43733333333,24672.0,12596.02,13082.0,24672.0,24672.0,57239.04,32829.602666666666,110900.64,53661.6,0.17,Demand actual total was changed by System Administrator,2026-09-21,,2026-08-27,1483,"Promotions,_Sep_30,_2026  FULL HISTORY For Aevah.xlsx",2026-09-30
2026-09-01T00:00:00Z,Albertsons Seattle,September 2026 $1 Digital Coupon,,Complete - Unsettled (Open),2026-09-01,2026-09-28,2026-09-01,2026-09-28,43003.296,12814.9546,323.82,323.82,0.0,323.82,323.82,42679.476,29864.5214,0.0,377.79,3.44,Entry status was set by System Automation,2026-09-29,,,1484,"Promotions,_Sep_30,_2026  FULL HISTORY For Aevah.xlsx",2026-09-30
2026-10-01T00:00:00Z,Albertsons Seattle,October 2026 $9.99 TPR,,Planned,2026-10-01,2026-10-28,2026-10-01,2026-10-28,61433.28,18307.078,9252.0,9252.0,0.0,9252.0,9252.0,52181.28,33874.202,92427.48,40246.2,0.55,Demand actual total was changed by System Administrator,2026-09-22,,,1485,"Promotions,_Sep_30,_2026  FULL HISTORY For Aevah.xlsx",2026-09-30
2026-01-28T00:00:00Z,Albertsons Shaws,February 2026 $9.99 TPR,,Complete - Unsettled (Open),2026-01-28,2026-03-03,2026-01-28,2026-03-03,66880.736,19569.349583333333,10072.4,7487.71,12651.0,12651.0,10072.4,56808.336,37238.98641666667,100623.0762,43814.8762,0.08,Demand actual total was changed by System Administrator,2026-09-22,,2026-03-08,1486,"Promotions,_Sep_30,_2026  FULL HISTORY For Aevah.xlsx",2026-09-30
2026-03-04T00:00:00Z,Albertsons Shaws,March 2026 $9.99 National Event TPR,,Complete - Unsettled (Open),2026-03-04,2026-03-31,2026-03-04,2026-03-31,61736.064,18064.015,9297.6,5849.43,0.0,9297.6,9297.6,52438.464,34374.449,92883.024,40444.564,0.57,Demand actual total was changed by System Administrator,2026-09-22,,,1487,"Promotions,_Sep_30,_2026  FULL HISTORY For Aevah.xlsx",2026-09-30
2026-04-01T00:00:00Z,Albertsons Shaws,April 2026 $1 off Digital Coupon,,Complete - Unsettled (Open),2026-04-01,2026-04-28,2026-04-01,2026-04-28,42958.7416,12623.919466666668,323.49,256.43,0.0,323.49,323.49,42635.2516,30011.332133333337,0.0,377.41,3.47,Demand planned base volume was changed by System Administrator,2026-09-28,,,1488,"Promotions,_Sep_30,_2026  FULL HISTORY For Aevah.xlsx",2026-09-30
2026-04-29T00:00:00Z,Albertsons Shaws,May 2026 $9.99 TPR + Digital,,Complete - Unsettled (Open),2026-04-29,2026-05-26,2026-04-29,2026-05-26,57203.8656,16825.8076,9045.79,6960.29,11509.0,11509.0,9045.79,48158.0756,31332.268,86064.2496,37977.9596,0.28,Demand actual total was changed by System Administrator,2026-09-22,,2026-06-01,1489,"Promotions,_Sep_30,_2026  FULL HISTORY For Aevah.xlsx",2026-09-30
2026-07-01T00:00:00Z,Albertsons Shaws,July 2026 $9.99 TPR + Ice Cream Shippers,,Complete - Unsettled (Open),2026-07-01,2026-07-28,2026-07-01,2026-07-28,62239.296,18027.651,9230.4,5124.0,9885.0,9885.0,9230.4,53008.896,34981.245,92211.696,41256.236,0.6,Supply planned estimated shipment was changed by System Administrator,2026-09-28,,2026-08-03,1490,"Promotions,_Sep_30,_2026  FULL HISTORY For Aevah.xlsx",2026-09-30
2026-08-01T00:00:00Z,Albertsons Shaws,August 2026 $8.99 TPR,,Complete - Unsettled (Open),2026-08-01,2026-08-28,2026-08-01,2026-08-28,71504.832,21032.2595,21537.6,7545.72,11416.0,21537.6,21537.6,49967.232,28934.9725,96811.512,46844.282,0.0,Demand actual total was changed by System Administrator,2026-09-21,,2026-08-31,1491,"Promotions,_Sep_30,_2026  FULL HISTORY For Aevah.xlsx",2026-09-30
2026-09-01T00:00:00Z,Albertsons Shaws,September 2026 $1 Digital,,Complete - Unsettled (Open),2026-09-01,2026-09-28,2026-09-01,2026-09-28,42902.8992,12619.3557,323.06,323.06,0.0,323.06,323.06,42579.8392,29960.4835,0.0,376.92,3.46,Entry status was set by System Automation,2026-09-29,,,1492,"Promotions,_Sep_30,_2026  FULL HISTORY For Aevah.xlsx",2026-09-30
2026-10-01T00:00:00Z,Albertsons Shaws,October 2026 $9.99 TPR,,Planned,2026-10-01,2026-10-28,2026-10-01,2026-10-28,57203.8656,16825.8076,8615.04,8615.04,0.0,8615.04,8615.04,48588.8256,31763.018,86064.2496,37475.4196,0.34,Demand actual total was changed by System Administrator,2026-09-22,,,1493,"Promotions,_Sep_30,_2026  FULL HISTORY For Aevah.xlsx",2026-09-30
2026-01-28T00:00:00Z,Albertsons SoCal,February 2026 $9.99 TPR,,Complete - Unsettled (Open),2026-01-28,2026-03-03,2026-01-28,2026-03-03,103552.128,30299.49,15595.2,13839.28,15448.0,15595.2,15595.2,87956.928,57657.438,155796.048,67839.108,-0.22,Demand actual total was changed by System Administrator,2026-09-22,,2026-03-04,1494,"Promotions,_Sep_30,_2026  FULL HISTORY For Aevah.xlsx",2026-09-30
2026-03-04T00:00:00Z,Albertsons SoCal,March 2026 $9.99 National Event TPR,,Complete - Unsettled (Open),2026-03-04,2026-03-31,2026-03-04,2026-03-31,103552.128,30299.49,15595.2,10468.15,0.0,15595.2,15595.2,87956.928,57657.438,155796.048,67839.108,0.57,Demand actual total was changed by System Administrator,2026-09-22,,,1495,"Promotions,_Sep_30,_2026  FULL HISTORY For Aevah.xlsx",2026-09-30
2026-04-01T00:00:00Z,Albertsons SoCal,April 2026 $1 Digital Coupon,,Complete - Unsettled (Open),2026-04-01,2026-04-28,2026-04-01,2026-04-28,64340.4048,18888.848700000002,375.76,368.49,0.0,375.76,375.76,63964.6448,45075.79610000001,0.0,438.38,4.76,Supply planned estimated shipment was changed by System Administrator,2026-09-28,,,1496,"Promotions,_Sep_30,_2026  FULL HISTORY For Aevah.xlsx",2026-09-30
2026-05-01T00:00:00Z,Albertsons SoCal,May 2026 $9.99 + Digital,,Complete - Unsettled (Open),2026-05-01,2026-05-28,2026-05-01,2026-05-28,77467.0208,22761.545733333336,12250.06,9911.73,10953.0,12250.06,12250.06,65216.9608,42455.41506666667,116550.333,51430.733,0.03,Demand actual total was changed by System Administrator,2026-09-22,,2026-05-28,1497,"Promotions,_Sep_30,_2026  FULL HISTORY For Aevah.xlsx",2026-09-30
2026-06-01T00:00:00Z,Albertsons SoCal,June 2026 $9.99 TPR,,Complete - Unsettled (Open),2026-06-01,2026-06-28,2026-06-01,2026-06-28,77467.0208,22761.545733333336,11666.72,11769.0,23283.0,23283.0,11666.72,65800.3008,43038.755066666665,116550.333,50750.173,0.08,Demand actual total was changed by System Administrator,2026-09-22,,2026-07-30,1498,"Promotions,_Sep_30,_2026  FULL HISTORY For Aevah.xlsx",2026-09-30
2026-08-01T00:00:00Z,Albertsons SoCal,August 2026 $8.99 TPR,,Complete - Unsettled (Open),2026-08-01,2026-08-28,2026-08-01,2026-08-28,89385.024,26263.322,26923.2,17614.58,16970.0,26923.2,26923.2,62461.824,36198.502,121019.784,58557.964,-0.22,Demand actual total was changed by System Administrator,2026-09-21,,2026-08-27,1499,"Promotions,_Sep_30,_2026  FULL HISTORY For Aevah.xlsx",2026-09-30
2026-09-01T00:00:00Z,Albertsons SoCal,September 2026 $1 Digital,,Complete - Unsettled (Open),2026-09-01,2026-09-28,2026-09-01,2026-09-28,62569.5168,18384.3254,471.16,471.16,0.0,471.16,471.16,62098.3568,43714.0314,0.0,549.68,3.47,Entry status was set by System Automation,2026-09-29,,,1500,"Promotions,_Sep_30,_2026  FULL HISTORY For Aevah.xlsx",2026-09-30
2026-10-01T00:00:00Z,Albertsons SoCal,October 2026 $9.99 TPR,,Planned,2026-10-01,2026-10-28,2026-10-01,2026-10-28,77467.0208,22761.545733333336,11666.72,11666.72,0.0,11666.72,11666.72,65800.3008,43038.755066666665,116550.333,50750.173,0.08,Demand actual total was changed by System Administrator,2026-09-22,,,1501,"Promotions,_Sep_30,_2026  FULL HISTORY For Aevah.xlsx",2026-09-30
2026-01-28T00:00:00Z,Albertsons Southern,February 2026 $9.99 TPR,,Complete - Unsettled (Open),2026-01-28,2026-03-03,2026-01-28,2026-03-03,31938.4,9389.12,4810.0,4448.86,5272.0,5272.0,4810.0,27128.4,17739.28,48052.0998,20923.5698,0.08,Demand actual total was changed by System Administrator,2026-09-22,,2026-03-04,1502,"Promotions,_Sep_30,_2026  FULL HISTORY For Aevah.xlsx",2026-09-30
2026-03-04T00:00:00Z,Albertsons Southern,March 2026 $9.99 National Event TPR,,Complete - Unsettled (Open),2026-03-04,2026-03-31,2026-03-04,2026-03-31,29481.6,8666.88,4440.0,3759.59,0.0,4440.0,4440.0,25041.6,16374.72,44355.6,19314.0,0.56,Demand actual total was changed by System Administrator,2026-09-22,,,1503,"Promotions,_Sep_30,_2026  FULL HISTORY For Aevah.xlsx",2026-09-30
2026-04-01T00:00:00Z,Albertsons Southern,April 2026 $1 Digital Coupon,,Complete - Unsettled (Open),2026-04-01,2026-04-28,2026-04-01,2026-04-28,19207.7272,5668.7735999999995,144.63,235.74,0.0,144.63,144.63,19063.0972,13394.3236,0.0,168.73,3.46,Demand actual total was changed by System Administrator,2026-09-22,,,1504,"Promotions,_Sep_30,_2026  FULL HISTORY For Aevah.xlsx",2026-09-30
2026-04-29T00:00:00Z,Albertsons Southern,May 2026 $9.99 TPR + Digital Minions Shippers,,Complete - Unsettled (Open),2026-04-29,2026-05-26,2026-04-29,2026-05-26,27986.304,8215.477,4065.6,4446.58,6027.0,6027.0,4065.6,23920.704,15705.226999999999,40615.344,18837.364,0.62,Supply planned estimated shipment was changed by System Administrator,2026-09-28,,2026-05-28,1505,"Promotions,_Sep_30,_2026  FULL HISTORY For Aevah.xlsx",2026-09-30
2026-07-01T00:00:00Z,Albertsons Southern,July 2026 $9.99 TPR + Ice Cream Shippers,,Complete - Unsettled (Open),2026-07-01,2026-07-28,2026-07-01,2026-07-28,27986.304,7974.597,4065.6,3072.28,5052.0,5052.0,4065.6,23920.704,15946.107000000002,40615.344,18837.364,0.64,Supply planned estimated shipment was changed by System Administrator,2026-09-28,,2026-07-30,1506,"Promotions,_Sep_30,_2026  FULL HISTORY For Aevah.xlsx",2026-09-30
2026-08-01T00:00:00Z,Albertsons Southern,August 2026 $8.99 TPR,,Complete - Unsettled (Open),2026-08-01,2026-08-28,2026-08-01,2026-08-28,28795.2896,8506.2368,8673.28,6108.04,7340.0,8673.28,8673.28,20122.0096,11615.7728,38986.2138,18864.3338,-0.12,Demand actual total was changed by System Administrator,2026-09-21,,2026-08-27,1507,"Promotions,_Sep_30,_2026  FULL HISTORY For Aevah.xlsx",2026-09-30
2026-09-01T00:00:00Z,Albertsons Southern,September 2026 $1 Digital Coupon,,Complete - Unsettled (Open),2026-09-01,2026-09-28,2026-09-01,2026-09-28,18896.9088,5582.2179,142.29,142.29,0.0,142.29,142.29,18754.6188,13172.4009,0.0,166.01,3.46,Entry status was set by System Automation,2026-09-29,,,1508,"Promotions,_Sep_30,_2026  FULL HISTORY For Aevah.xlsx",2026-09-30
2026-10-01T00:00:00Z,Albertsons Southern,October 2026 $9.99 TPR,,Planned,2026-10-01,2026-10-28,2026-10-01,2026-10-28,22496.32,6645.4974999999995,3388.0,3388.0,0.0,3388.0,3388.0,19108.32,12462.8225,33846.3198,14737.8698,-0.06,Demand actual total was changed by System Administrator,2026-09-22,,,1509,"Promotions,_Sep_30,_2026  FULL HISTORY For Aevah.xlsx",2026-09-30
2026-01-28T00:00:00Z,Albertsons Southwest,February 2026 $9.99 TPR,,Complete - Unsettled (Open),2026-01-28,2026-03-03,2026-01-28,2026-03-03,86181.888,25318.176,12979.2,12054.12,16059.0,16059.0,12979.2,73202.688,47884.512,129662.208,56459.518,0.08,Demand actual total was changed by System Administrator,2026-09-22,,2026-03-04,1510,"Promotions,_Sep_30,_2026  FULL HISTORY For Aevah.xlsx",2026-09-30
2026-03-04T00:00:00Z,Albertsons Southwest,March 2026 $9.99 National Event TPR,,Complete - Unsettled (Open),2026-03-04,2026-03-31,2026-03-04,2026-03-31,68945.5104,20254.5408,10383.36,8767.13,159.36,10383.36,10383.36,58562.1504,38307.6096,103729.7664,45167.6164,0.08,Demand actual total was changed by System Administrator,2026-09-22,,2026-03-19,1511,"Promotions,_Sep_30,_2026  FULL HISTORY For Aevah.xlsx",2026-09-30
2026-04-01T00:00:00Z,Albertsons Southwest,April 2026 $1 Digital Coupon,,Complete - Unsettled (Open),2026-04-01,2026-04-28,2026-04-01,2026-04-28,57006.1928,16747.691883333333,429.26,457.8,0.0,429.26,429.26,56576.9328,39829.24091666667,0.0,500.8,3.47,Demand planned base volume was changed by System Administrator,2026-09-28,,,1512,"Promotions,_Sep_30,_2026  FULL HISTORY For Aevah.xlsx",2026-09-30
2026-04-29T00:00:00Z,Albertsons Southwest,May 2026 $9.99 TPR + Digital,,Complete - Unsettled (Open),2026-04-29,2026-05-26,2026-04-29,2026-05-26,76390.8096,22442.8288,12079.87,8701.95,10728.0,12079.87,12079.87,64310.9396,41868.1108,114931.3536,50716.2836,0.28,Demand actual total was changed by System Administrator,2026-09-22,,2026-05-28,1513,"Promotions,_Sep_30,_2026  FULL HISTORY For Aevah.xlsx",2026-09-30
2026-07-01T00:00:00Z,Albertsons Southwest,July 2026 $9.99 TPR,,Complete - Unsettled (Open),2026-07-01,2026-07-28,2026-07-01,2026-07-28,76390.8096,22442.8288,11504.64,7569.01,10431.0,11504.64,11504.64,64886.1696,42443.3408,114931.3536,50045.1836,0.34,Demand actual total was changed by System Administrator,2026-09-21,,2026-07-30,1514,"Promotions,_Sep_30,_2026  FULL HISTORY For Aevah.xlsx",2026-09-30
2026-08-01T00:00:00Z,Albertsons Southwest,August 2026 $8.99 TPR,,Complete - Unsettled (Open),2026-08-01,2026-08-28,2026-08-01,2026-08-28,87303.7824,25648.9472,26296.32,17566.58,22536.0,26296.32,26296.32,61007.4624,35358.5152,118201.9584,57194.4984,-0.12,Demand actual total was changed by System Administrator,2026-09-21,,2026-08-27,1515,"Promotions,_Sep_30,_2026  FULL HISTORY For Aevah.xlsx",2026-09-30
2026-09-01T00:00:00Z,Albertsons Southwest,September 2026 $1 Digital,,Complete - Unsettled (Open),2026-09-01,2026-09-28,2026-09-01,2026-09-28,57293.1072,16832.1216,431.42,431.42,0.0,431.42,431.42,56861.6872,40029.5656,0.0,503.32,3.47,Entry status was set by System Automation,2026-09-29,,,1516,"Promotions,_Sep_30,_2026  FULL HISTORY For Aevah.xlsx",2026-09-30
2026-10-01T00:00:00Z,Albertsons Southwest,October 2026 $9.99 TPR,,Planned,2026-10-01,2026-10-28,2026-10-01,2026-10-28,70934.3232,20839.7696,10682.88,10682.88,0.0,10682.88,10682.88,60251.4432,39411.6736,106721.9712,46470.5312,0.08,Demand actual total was changed by System Administrator,2026-09-22,,,1517,"Promotions,_Sep_30,_2026  FULL HISTORY For Aevah.xlsx",2026-09-30
2026-03-01T00:00:00Z,The Fresh Market,The Fresh Market March 2026 TPR,,Draft,2026-03-01,2026-03-31,2026-03-01,2026-03-31,15573.0348,1415.591329861111,4527.05,0.0,0.0,4527.05,4527.06,11045.9748,9630.38347013889,24071.9904,11312.0804,0.04,Demand actual total was changed by System Administrator,2026-09-30,,,1518,"Promotions,_Sep_30,_2026  FULL HISTORY For Aevah.xlsx",2026-09-30
2026-05-01T00:00:00Z,The Fresh Market,The Fresh Market May 2026 TPR,,Draft,2026-05-01,2026-05-31,2026-05-01,2026-05-31,14231.8476,2338.0924291666665,4137.17,0.0,0.0,4137.17,4137.16,10094.6876,7756.595170833332,20794.968,9135.218,-0.04,Demand actual total was changed by System Administrator,2026-09-30,,,1519,"Promotions,_Sep_30,_2026  FULL HISTORY For Aevah.xlsx",2026-09-30
2026-08-01T00:00:00Z,The Fresh Market,The Fresh Market August 2026 TPR,,Draft,2026-08-01,2026-08-31,2026-08-01,2026-08-31,14231.8476,2338.0924291666665,4137.17,0.0,0.0,4137.17,4137.16,10094.6876,7756.595170833332,20794.968,9135.218,-0.04,Demand planned base volume was changed by System Administrator,2026-09-28,,,1520,"Promotions,_Sep_30,_2026  FULL HISTORY For Aevah.xlsx",2026-09-30
2026-08-01T00:00:00Z,Lowes Foods,August 4ct TPR,,Complete - Unsettled (Open),2026-08-01,2026-08-15,2026-08-01,2026-08-15,8764.7336,1955.3795,1319.99,771.86,0.0,1319.99,1319.99,7444.7436,5489.3641,11866.8,4421.99,0.47,Demand planned base volume was changed by System Administrator,2026-09-28,,,1521,"Promotions,_Sep_30,_2026  FULL HISTORY For Aevah.xlsx",2026-09-30
2026-10-01T00:00:00Z,Lowes Foods,October 4ct TPR,,Planned,2026-10-01,2026-10-15,2026-10-01,2026-10-15,8764.8,1955.4,1320.0,1320.0,0.0,1320.0,1320.0,7444.8,5489.4,11866.8,4422.0,0.47,Demand actual total was changed by System Administrator,2026-09-22,,,1522,"Promotions,_Sep_30,_2026  FULL HISTORY For Aevah.xlsx",2026-09-30
2026-04-27T00:00:00Z,HEB,2026 Single Puff EDLP,,In progress,2026-04-27,2026-12-31,2026-04-27,2026-12-31,2940912.0376,651633.8317020833,341966.51,341966.51,0.0,341966.51,341966.51,2598945.5276,1947311.6958979166,4240389.312,1641440.642,-0.39,Demand planned base volume was changed by System Administrator,2026-09-28,,,1533,"Promotions,_Sep_30,_2026  FULL HISTORY For Aevah.xlsx",2026-09-30
2026-04-27T00:00:00Z,Brookshire Brothers,April 2026 TPR 2/$4,,Complete - Unsettled (Open),2026-04-27,2026-05-25,2026-04-27,2026-05-25,5185.0432,1076.9678999999999,1507.3,362.63,0.0,1507.3,1778.66,3406.3832,2329.4152999999997,6024.96,2180.32,-0.14,Demand actual total was changed by System Administrator,2026-09-22,,,1537,"Promotions,_Sep_30,_2026  FULL HISTORY For Aevah.xlsx",2026-09-30
2026-01-28T00:00:00Z,Albertsons Kings Balducci's,February 2026 $9.99 TPR,,Complete - Unsettled (Open),2026-01-28,2026-03-03,2026-01-28,2026-03-03,1391.412,415.56075,209.55,0.0,0.0,209.55,209.55,1181.862,766.30125,2093.7042,911.6442,-0.58,Demand actual total was changed by System Administrator,2026-09-30,,,1538,"Promotions,_Sep_30,_2026  FULL HISTORY For Aevah.xlsx",2026-09-30
2026-06-29T00:00:00Z,Albertsons United,July Digital $1 off 4ct,,Complete - Unsettled (Open),2026-06-29,2026-07-26,2026-06-29,2026-07-26,11434.08,2656.1304,0.0,0.0,0.0,0.0,592.03,10842.05,8185.9196,0.0,0.0,13.82,Demand actual total was changed by System Administrator,2026-09-21,,,1539,"Promotions,_Sep_30,_2026  FULL HISTORY For Aevah.xlsx",2026-09-30
2026-09-01T00:00:00Z,Albertsons United,September Digital $1 off 4ct,,Draft,2026-09-01,2026-09-28,2026-09-01,2026-09-28,11434.08,2656.1304,86.1,86.1,0.0,86.1,678.13,10755.95,8099.8196,0.0,100.44,2.66,Demand actual total was changed by System Administrator,2026-09-21,,,1541,"Promotions,_Sep_30,_2026  FULL HISTORY For Aevah.xlsx",2026-09-30
2026-01-19T00:00:00Z,Costco,Costco January 2026 $4 TPD,,Complete - Unsettled (Open),2026-01-19,2026-02-15,2026-01-19,2026-02-15,20322874.6008,5984954.863521524,2342156.24,1158.0,3452336.0,3452336.0,3873190.38,16449684.2208,10464729.357278476,0.0,3386402.47,0.09,Demand actual total was changed by System Administrator,2026-09-30,,2026-02-23,1558,"Promotions,_Sep_30,_2026  FULL HISTORY For Aevah.xlsx",2026-09-30
2026-01-01T00:00:00Z,Sam's Club,Sam's January 2026 ISB,,Complete - Unsettled (Open),2026-01-01,2026-01-31,2026-01-01,2026-01-31,7337174.0274,2540560.6072,1864059.44,1149200.0,3034171.97,3034171.97,1864059.44,5473114.5874,2932553.9802,0.0,3633118.88,0.1,Demand actual total was changed by System Administrator,2026-09-30,,2026-02-05,1564,"Promotions,_Sep_30,_2026  FULL HISTORY For Aevah.xlsx",2026-09-30
2026-08-01T00:00:00Z,Sam's Club,Sam's August 2026 ISB,,Complete - Unsettled (Open),2026-08-01,2026-08-31,2026-08-01,2026-08-31,9264455.2308,3199321.9286,2288744.48,859300.0,775136.34,2288744.48,2288744.48,6975710.7508,3776388.8222,0.0,4522488.96,0.32,Demand actual total was changed by System Administrator,2026-09-21,,2026-08-24,1565,"Promotions,_Sep_30,_2026  FULL HISTORY For Aevah.xlsx",2026-09-30
2026-11-27T00:00:00Z,Sam's Club,Sam's Black Friday 2026 Deal,,Planned,2026-11-27,2026-11-30,2026-11-27,2026-11-30,550014.5742,189377.9825,66306.76,66306.76,0.0,66306.76,66306.76,483707.8142,294329.8317,0.0,132613.52,-0.89,Demand actual total was changed by System Administrator,2026-09-30,,,1566,"Promotions,_Sep_30,_2026  FULL HISTORY For Aevah.xlsx",2026-09-30
2026-07-23T00:00:00Z,PUBLIX,July 2026 4ct Shippers,,Complete - Unsettled (Open),2026-07-23,2026-07-29,2026-07-23,2026-07-29,80705.88,24677.865,0.0,0.0,0.0,0.0,0.0,80705.88,56028.015,0.0,0.0,0.0,Supply planned estimated shipment was changed by System Administrator,2026-09-28,,,1572,"Promotions,_Sep_30,_2026  FULL HISTORY For Aevah.xlsx",2026-09-30
2026-06-27T00:00:00Z,PUBLIX,2026 EDLP - 4ct,,In progress,2026-06-27,2026-12-31,2026-06-27,2026-12-31,2167527.8688,572435.7898666668,97930.47,97930.47,0.0,97930.47,97930.47,2069597.3988,1497161.6089333333,3186572.9196,1116975.1196,-0.22,Supply planned estimated shipment was changed by System Administrator,2026-09-28,,,1573,"Promotions,_Sep_30,_2026  FULL HISTORY For Aevah.xlsx",2026-09-30
2026-09-02T00:00:00Z,HEB,2026 September BOGO Singles,,Complete - Unsettled (Open),2026-09-02,2026-09-15,2026-09-02,2026-09-15,989478.504,222780.85520833335,1426689.94,257.92,2500.0,1426689.94,1426689.94,-437211.436,-659992.2912083333,1705541.8752,2142755.1752,-0.54,Entry status was set by System Automation,2026-09-16,,2026-09-02,1574,"Promotions,_Sep_30,_2026  FULL HISTORY For Aevah.xlsx",2026-09-30
2026-09-16T00:00:00Z,HEB,2026 September 20% off Multipacks,,Complete - Unsettled (Open),2026-09-16,2026-09-29,2026-09-16,2026-09-29,129490.624,27029.741333333335,25742.11,25742.11,25089.79,25742.11,25742.11,103748.514,76718.77266666667,79210.6044,-24537.6556,1.99,Entry status was set by System Automation,2026-09-30,,2026-09-23,1575,"Promotions,_Sep_30,_2026  FULL HISTORY For Aevah.xlsx",2026-09-30
2025-06-01T00:00:00Z,"CORE-MARK INTERNATIONAL, INC.",Core-Mark Expo Promo June 2025,,Complete - Unsettled (Open),2025-06-01,2025-06-30,2025-06-01,2025-06-30,378898.3872,97648.1577,37801.14,4474.51,0.0,37801.14,38657.79,340240.5972,242592.4395,378898.3872,37801.11,0.0,Edited by Joshua Phillips,2026-07-09,,,1577,"Promotions,_Sep_30,_2026  FULL HISTORY For Aevah.xlsx",2026-09-30
2026-08-01T00:00:00Z,"CORE-MARK INTERNATIONAL, INC.",Core-Mark Expo Promo August 2026,,Complete - Unsettled (Open),2026-08-01,2026-08-31,2026-08-01,2026-08-31,1037218.7808,122403.7967,100875.47,2835.74,368.75,100875.47,129400.58,907818.2008,785414.4041,1037218.7808,100875.46,0.0,Entry status was set by System Automation,2026-09-01,,2026-09-22,1578,"Promotions,_Sep_30,_2026  FULL HISTORY For Aevah.xlsx",2026-09-30
2025-08-01T00:00:00Z,"CORE-MARK INTERNATIONAL, INC.",Core-Mark Expo Promo August 2025,,Complete - Unsettled (Open),2025-08-01,2025-08-31,2025-08-01,2025-08-31,524407.9104,136964.0821,52317.95,8395.54,0.0,52317.95,53503.67,470904.2404,333940.1583,524407.9104,52317.99,0.0,Entry status was set by Joshua Phillips,2026-07-09,,,1579,"Promotions,_Sep_30,_2026  FULL HISTORY For Aevah.xlsx",2026-09-30
2026-06-08T00:00:00Z,"CORE-MARK INTERNATIONAL, INC.",Core-Mark Expo Promo June 2026,,Complete - Unsettled (Open),2026-06-08,2026-07-08,2026-06-08,2026-07-08,864919.3296,102089.7421,84119.71,2786.53,1431.25,84119.71,107905.07,757014.2596,654924.5175,864919.3296,84119.71,0.0,Entry status was set by Joshua Phillips,2026-07-09,,2026-08-05,1580,"Promotions,_Sep_30,_2026  FULL HISTORY For Aevah.xlsx",2026-09-30
