__time,customer,promotion_id,promotion_name,promotion_status,supplier,promotion_start_date,promotion_end_date,shipment_start_date,shipment_end_date,tactic,deal,product_group,regular_shopper_price,promoted_shopper_price,discount_usd,discount_pct,list_price_shipping_unit,list_price_selling_unit,net_supply_price_shipping_unit,net_supply_price_selling_unit,depletion_shipping_unit,depletion_selling_unit,bill_back_shipping_unit,bill_back_selling_unit,off_invoice,co_op_bill_back,scan,club_scan,processing_fee,co_op_pay_on_scan,total_allowance,base_volumes,planned_lift_pct,planned_lift_incremental,total_demand_selling_unit,total_demand_shipping_unit,planned_spending_depletion,planned_spending_bill_back,planned_spending_off_invoice,planned_spending_scan,planned_spending_club_scan,planned_spending_processing_fee,planned_spending_fixed,total_planned_spending,actual_spending,last_deduction_date,id,source_file,as_of_date
2025-10-01T00:00:00Z,PLAID PANTRY,0095ca71-a9ba-4064-ec73-08dd6bd158c7,PLAID PANTRY October 2025 TPR,Complete - Unsettled (Open),"CORE-MARK INTERNATIONAL, INC.",2025-10-01,2025-10-31,2025-09-17,2025-09-30,Retailer price reduction,TPR,Puff 1CT,0.0,0.0,0.0,0.0,247.68,1.72,247.27,1.72,0,0,0.0,0.0,0.0,0,0.3,0,0.0,0,172.8,4453.84,0.2,890.76,5344.6,37.11,0,0.0,0.0,1603.38,0,0.0,0.0,1603.38,0.0,,217,"Promotions,_Sep_30,_2026  FULL HISTORY For Aevah.xlsx",2026-09-30
2025-02-01T00:00:00Z,SMITHS,01029e8e-8f1c-434f-e4e0-08dd6bd158c8,SMITHS February 2025 TPR,Complete - Unsettled (Open),UNFI,2025-02-01,2025-02-28,2025-01-18,2025-01-31,Retailer price reduction,TPR,Puff 4CT,1.8316666666666668,0.0,1.8316666666666668,0.16666666666666669,39.84,6.64,33.06,5.51,0,0,0.0,0.0,0.0,0,0.0,0,0.0,0,0.0,0.0,0.5,0.0,0.0,0.0,0,0.0,0.0,0.0,0,0.0,0.0,0.0,0.0,2025-06-03,286,"Promotions,_Sep_30,_2026  FULL HISTORY For Aevah.xlsx",2026-09-30
2025-02-01T00:00:00Z,SMITHS,01029e8e-8f1c-434f-e4e0-08dd6bd158c8,SMITHS February 2025 TPR,Complete - Unsettled (Open),UNFI,2025-02-01,2025-02-28,2025-01-18,2025-01-31,Retailer price reduction,TPR,Puff 1CT,2.1357142857142857,0.0,2.1357142857142857,0.7142857142857143,176.9142857142857,1.2285714285714286,246.96,1.7185714285714286,0,0,0.0,0.0,0.0,0,0.3,0,0.0,0,43.2,768.0,0.3,230.4,998.4,6.93,0,0.0,0.0,299.52,0,0.0,0.0,299.52,823.28,2025-06-03,286,"Promotions,_Sep_30,_2026  FULL HISTORY For Aevah.xlsx",2026-09-30
2025-02-01T00:00:00Z,SMITHS,01029e8e-8f1c-434f-e4e0-08dd6bd158c8,SMITHS February 2025 TPR,Complete - Unsettled (Open),UNFI,2025-02-01,2025-02-28,2025-01-18,2025-01-31,Retailer price reduction,TPR,Bar 1CT,2.99,0.0,2.99,1.0,247.68,1.72,263.7,1.83,0,0,0.0,0.0,0.0,0,0.3,0,0.0,0,129.6,2911.68,0.3,873.51,3785.19,26.29,0,0.0,0.0,1135.56,0,0.0,0.0,1135.56,293.55,2025-06-03,286,"Promotions,_Sep_30,_2026  FULL HISTORY For Aevah.xlsx",2026-09-30
2026-06-23T00:00:00Z,SAVE MART,01a47183-cad2-4837-d733-08de5cdc8bfa,SAVE MART July 2026 Puff Singles TPR,Complete - Unsettled (Open),KEHE DISTRIBUTORS,2026-06-23,2026-07-27,2026-06-23,2026-07-27,Retailer price reduction,TPR,Puff 1CT,2.99,2.99,0.0,0.0,247.68,1.72,256.11,1.78,0,0,0.0,0.0,0.0,0,0.3,0,0.0,0,172.8,6954.03,0.3,2086.2,9040.23,62.78,0,0.0,0.0,2712.07,0,0.0,0.0,2712.07,11246.4,2026-08-02,988,"Promotions,_Sep_30,_2026  FULL HISTORY For Aevah.xlsx",2026-09-30
2026-07-01T00:00:00Z,Albertsons NorCal,01be745e-ec54-4b73-a10a-08de89a46b1d,July 2026 $9.99 TPR,Complete - Unsettled (Open),Direct,2026-07-01,2026-07-28,2026-06-01,2026-06-28,Retailer price reduction,TPR,Puff 4CT,10.99,9.99,1.0,0.091,39.84,6.64,39.84,6.64,0,0,0.0,0.0,0.0,0,1.0,0,0.0,0,24.0,6874.0,0.4,2749.6,9623.6,1603.93,0,0.0,0.0,9623.6,0,0.0,0.0,9623.6,13036.0,2026-07-30,1465,"Promotions,_Sep_30,_2026  FULL HISTORY For Aevah.xlsx",2026-09-30
2026-05-01T00:00:00Z,Walgreens,02213787-9b72-46e9-408a-08de5da29cfe,Walgreens May 2026 Puff Singles TPR,Complete - Unsettled (Open),"DOT FOODS, INC",2026-05-01,2026-05-31,2026-05-01,2026-05-31,Retailer price reduction,TPR,Puff 1CT,2.99,2.5,0.49,0.1639,247.68,1.72,247.68,1.72,0,0,0.0,0.0,0.0,0,0.25,0,0.0,0,108.0,42870.24,0.0,0.0,42870.24,297.71,0,0.0,0.0,10717.56,0,0.0,0.0,10717.56,0.0,,1143,"Promotions,_Sep_30,_2026  FULL HISTORY For Aevah.xlsx",2026-09-30
2026-05-01T00:00:00Z,Walgreens,02213787-9b72-46e9-408a-08de5da29cfe,Walgreens May 2026 Puff Singles TPR,Complete - Unsettled (Open),Direct,2026-05-01,2026-05-31,2026-05-01,2026-05-31,Customer advertising,Ad,,0.0,0.0,0.0,0.0,0.0,0.0,0.0,0.0,0,0,0.0,0.0,0.0,0,0.0,0,0.0,0,0.0,0.0,0.0,0.0,0.0,0.0,0,0.0,0.0,0.0,0,0.0,4000.0,4000.0,0.0,,1143,"Promotions,_Sep_30,_2026  FULL HISTORY For Aevah.xlsx",2026-09-30
2025-08-01T00:00:00Z,CEFCO,0269f55e-d6e1-487f-01a2-08dd6bd158cc,Cefco August 2025 TPR,Complete - Unsettled (Open),"GROCERY SUPPLY COMPANY, INC",2025-08-01,2025-08-30,2025-07-18,2025-07-31,Retailer price reduction,TPR,Puff 1CT,0.0,0.0,0.0,0.0,247.68,1.72,247.68,1.72,0,0,0.0,0.0,0.0,0,0.25,0,0.0,0,108.0,5781.09,0.15,867.15,6648.24,46.17,0,0.0,0.0,1662.06,0,0.0,0.0,1662.06,0.0,,512,"Promotions,_Sep_30,_2026  FULL HISTORY For Aevah.xlsx",2026-09-30
2025-01-01T00:00:00Z,SMART & FINAL,0285d1fa-9512-4fb8-ef8a-08dd6bd158c7,SMART & FINAL January 2025 TPR,Complete - Unsettled (Open),Direct,2025-01-01,2025-01-31,2025-01-01,2025-01-31,Retailer price reduction,TPR,Puff 1CT,0.0,0.0,0.0,0.0,247.68,1.72,247.27,1.72,0,0,0.0,0.0,0.0,0,0.35,0,0.0,0,100.8,11365.7,0.4,4546.28,15911.98,110.5,0,0.0,0.0,5569.2,0,0.0,0.0,5569.2,0.0,,224,"Promotions,_Sep_30,_2026  FULL HISTORY For Aevah.xlsx",2026-09-30
2026-02-01T00:00:00Z,Bolla,03471729-c130-4388-6365-08de5da29cfe,Bolla February 2026 TPR,Complete - Unsettled (Open),National Convenience Distributors,2026-02-01,2026-02-28,2026-02-01,2026-02-28,Retailer price reduction,TPR,Puff 1CT,0.9966666666666666,3.39,0.0,0.0,247.68,1.72,247.68,1.72,0,0,0.0,0.0,0.0,0,0.5,0,0.0,0,216.0,3360.0,0.15,504.0,3864.0,26.82,0,0.0,0.0,1932.0,0,0.0,0.0,1932.0,0.0,,1163,"Promotions,_Sep_30,_2026  FULL HISTORY For Aevah.xlsx",2026-09-30
2026-04-01T00:00:00Z,CERTCO INC.,034a3d45-f333-4387-7f28-08de5da29cfe,CERTCO INC. April 2026 Puff Singles TPR,Complete - Unsettled (Open),Direct,2026-04-01,2026-04-30,2026-04-01,2026-04-30,Retailer price reduction,TPR,Puff 1CT,0.0,2.25,0.0,0.0,247.68,1.72,247.68,1.72,0,0,0.0,0.0,0.0,0,0.22,0,0.0,0,221.76,14046.48,0.4,5618.58,19665.06,136.56,0,0.0,0.0,4326.3,0,0.0,0.0,4326.3,8518.86,2026-05-13,1232,"Promotions,_Sep_30,_2026  FULL HISTORY For Aevah.xlsx",2026-09-30
2026-11-01T00:00:00Z,CVS,03636933-2336-4c69-402c-08de5da29cfe,CVS November 2026 Puff 4-Pack TPR,Planned,"DOT FOODS, INC",2026-11-01,2026-11-14,2026-11-01,2026-11-14,Retailer price reduction,TPR,Puff 4CT,0.0,9.99,0.0,0.0,39.84,6.64,39.84,6.64,0,0,0.0,0.0,0.0,0,0.6,0,0.0,0,7.2,6939.28,0.2,1387.85,8327.13,1387.85,0,0.0,0.0,4996.27,0,0.0,0.0,4996.27,0.0,,1049,"Promotions,_Sep_30,_2026  FULL HISTORY For Aevah.xlsx",2026-09-30
2026-05-01T00:00:00Z,THE GIANT COMPANY,03657cde-7dc0-4564-4074-08de5da29cfe,THE GIANT COMPANY May 2026 Puff 4-Pack TPR,Complete - Unsettled (Open),UNFI,2026-05-01,2026-05-31,2026-05-01,2026-05-31,Retailer price reduction,TPR,Puff 4CT,9.99,8.99,1.0,0.1001,39.84,6.64,39.04,6.51,0,0,0.0,0.0,0.0,0,0.6,0,0.0,0,14.4,2878.6,0.3,863.58,3742.18,623.69,0,0.0,0.0,2245.3,0,0.0,0.0,2245.3,0.0,,1121,"Promotions,_Sep_30,_2026  FULL HISTORY For Aevah.xlsx",2026-09-30
2025-06-01T00:00:00Z,GELSONS,03770c1d-976b-4486-e770-08dd6bd158c4,GELSONS June 2025 TPR,Complete - Unsettled (Open),UNFI,2025-06-01,2025-06-30,2025-05-18,2025-05-31,Retailer price reduction,TPR,Puff 1CT,3.49,0.0,3.49,1.0,247.68,1.72,268.59,1.87,0,0,0.0,0.0,0.0,0,0.6,0,0.0,0,518.4,4563.2,0.4,1825.28,6388.48,44.36,0,0.0,0.0,3833.09,0,0.0,0.0,3833.09,0.0,,16,"Promotions,_Sep_30,_2026  FULL HISTORY For Aevah.xlsx",2026-09-30
2025-01-26T00:00:00Z,PUBLIX,03cbf5a1-8b11-487f-14fd-08dd663e4335,Publix February 2025 Singles BOGO,Complete - Unsettled (Open),KEHE DISTRIBUTORS,2025-01-26,2025-02-01,2025-01-12,2025-01-25,Retailer price reduction,BOGO,Puff 1CT,0.0,0.0,0.0,0.0,247.68,1.72,243.35,1.69,0,0,0.0,0.0,0.0,0,3.0,0,0.0,0,1296.0,12241.9,4.55,55700.64,67942.54,471.83,0,0.0,0.0,203827.62,0,0.0,0.0,203827.62,420.0,2025-03-04,1,"Promotions,_Sep_30,_2026  FULL HISTORY For Aevah.xlsx",2026-09-30
2025-01-26T00:00:00Z,PUBLIX,03cbf5a1-8b11-487f-14fd-08dd663e4335,Publix February 2025 Singles BOGO,Complete - Unsettled (Open),KEHE DISTRIBUTORS,2025-01-26,2025-02-01,2025-01-12,2025-01-25,Retailer price reduction,BOGO,Bar 1CT,1.495,1.495,0.0,0.0,247.68,1.72,243.35,1.69,0,0,0.0,0.0,0.0,0,3.0,0,0.0,0,864.0,2216.4,4.55,10084.62,12301.02,85.42,0,0.0,0.0,36903.06,0,0.0,0.0,36903.06,330982.0,2025-03-04,1,"Promotions,_Sep_30,_2026  FULL HISTORY For Aevah.xlsx",2026-09-30
2026-05-01T00:00:00Z,CVS,03e7db4b-60b3-4805-402a-08de5da29cfe,CVS May 2026 Puff 4-Pack TPR,Complete - Unsettled (Open),"DOT FOODS, INC",2026-05-01,2026-05-14,2026-05-01,2026-05-14,Retailer price reduction,TPR,Puff 4CT,0.0,9.99,0.0,0.0,39.84,6.64,39.84,6.64,0,0,0.0,0.0,0.0,0,0.6,0,0.0,0,7.2,7104.11,0.2,1420.82,8524.93,1420.82,0,0.0,0.0,5114.96,0,0.0,0.0,5114.96,1980.0,2026-06-04,1047,"Promotions,_Sep_30,_2026  FULL HISTORY For Aevah.xlsx",2026-09-30
2026-09-01T00:00:00Z,Albertsons Mid-Atlantic,04189646-88f8-424b-a082-08de89a46b1d,September 2026 $1 Digital 4ct,Complete - Unsettled (Open),Direct,2026-09-01,2026-09-28,2026-09-01,2026-09-28,Coupon,Digital Coupon,,0.0,0.0,0.0,0.0,0.0,0.0,0.0,0.0,0,0,0.0,0.0,0.0,0,0.0,0,0.0,0,0.0,0.0,0.0,0.0,0.0,0.0,0,0.0,0.0,0.0,0,0.0,370.15,370.15,0.0,,1456,"Promotions,_Sep_30,_2026  FULL HISTORY For Aevah.xlsx",2026-09-30
2026-03-01T00:00:00Z,RALPHS,0423a90c-d05e-44ae-405b-08de5da29cfe,RALPHS March 2026 Puff Singles TPR,Complete - Unsettled (Open),KEHE DISTRIBUTORS,2026-03-01,2026-03-30,2026-03-01,2026-03-30,Retailer price reduction,TPR,Puff 1CT,2.99,2.5,0.49,0.1639,247.68,1.72,253.24166666666667,1.7616666666666667,0,0,0.0,0.0,0.0,0,0.3,0,0.0,0,259.2,7646.54,0.2,1529.31,9175.85,63.73,0,0.0,0.0,2752.76,0,0.0,0.0,2752.76,6545.66,2026-06-18,1096,"Promotions,_Sep_30,_2026  FULL HISTORY For Aevah.xlsx",2026-09-30
2026-04-27T00:00:00Z,HEB,04357d90-b250-4181-85aa-08de96f8b98c,2026 Single Puff EDLP,In progress,Direct,2026-04-27,2026-12-31,2026-04-27,2026-12-31,Retailer price reduction,EDLP/EDLC,Puff 1CT,2.48,2.48,0.0,0.0,247.68,1.72,247.68,1.72,0,0,0.0,0.0,0.0,0,0.2,0,0.0,0,259.2,1554393.24,0.1,155439.34,1709832.58,11873.85,0,0.0,0.0,341966.51,0,0.0,0.0,341966.51,0.0,,1533,"Promotions,_Sep_30,_2026  FULL HISTORY For Aevah.xlsx",2026-09-30
2026-10-01T00:00:00Z,Dierbergs,0523ff89-efcf-41e9-7f35-08de5da29cfe,Dierbergs October 2026 Puff Singles TPR,Planned,Cohen Distributing,2026-10-01,2026-10-31,2026-10-01,2026-10-31,Retailer price reduction,TPR,Puff 1CT,0.42714285714285716,2.5,0.07,0.023414285714285714,247.68,1.72,247.68,1.72,0,0,0.0,0.0,0.0,0,0.25,0,0.0,0,252.0,6456.87,0.3,1937.06,8393.93,58.31,0,0.0,0.0,2098.46,0,0.0,0.0,2098.46,0.0,,1245,"Promotions,_Sep_30,_2026  FULL HISTORY For Aevah.xlsx",2026-09-30
2026-10-01T00:00:00Z,Dierbergs,0523ff89-efcf-41e9-7f35-08de5da29cfe,Dierbergs October 2026 Puff Singles TPR,Planned,Direct,2026-10-01,2026-10-31,2026-10-01,2026-10-31,Customer advertising,Ad,,0.0,0.0,0.0,0.0,0.0,0.0,0.0,0.0,0,0,0.0,0.0,0.0,0,0.0,0,0.0,0,0.0,0.0,0.0,0.0,0.0,0.0,0,0.0,0.0,0.0,0,0.0,395.0,395.0,0.0,,1245,"Promotions,_Sep_30,_2026  FULL HISTORY For Aevah.xlsx",2026-09-30
2026-10-22T00:00:00Z,PUBLIX,05db5191-7c39-4dd1-84ce-08de4f7c9ec1,October 2026 Puff 4-Pack TPR,Planned,Direct,2026-10-22,2026-10-28,2026-10-22,2026-10-28,Retailer price reduction,TPR,Puff 4CT,9.42,7.705714285714286,1.7142857142857144,0.156,39.84,6.64,39.84,6.64,0,0,0.0,0.0,0.0,0,2.0,0,0.0,0,84.0,11374.6,1.5,17061.9,28436.5,4739.41,0,0.0,0.0,56873.0,0,0.0,0.0,56873.0,0.0,,919,"Promotions,_Sep_30,_2026  FULL HISTORY For Aevah.xlsx",2026-09-30
2025-10-01T00:00:00Z,AWG,05fad815-f643-4807-facf-08dd6bd158cb,AWG October 2025 TPR,Complete - Unsettled (Open),"DOT FOODS, INC",2025-10-01,2025-10-31,2025-09-17,2025-09-30,Retailer price reduction,TPR,Bar 1CT,0.0,0.0,0.0,0.0,247.68,1.72,247.68,1.72,0,0,0.0,0.0,0.0,0,0.0,0,0.0,0,0.0,0.0,0.2,0.0,0.0,0.0,0,0.0,0.0,0.0,0,0.0,0.0,0.0,0.0,2025-10-11,501,"Promotions,_Sep_30,_2026  FULL HISTORY For Aevah.xlsx",2026-09-30
2025-10-01T00:00:00Z,AWG,05fad815-f643-4807-facf-08dd6bd158cb,AWG October 2025 TPR,Complete - Unsettled (Open),"DOT FOODS, INC",2025-10-01,2025-10-31,2025-09-17,2025-09-30,Retailer price reduction,TPR,Puff 4CT,0.0,0.0,0.0,0.0,39.84,6.64,39.84,6.64,0,0,0.0,0.0,0.0,0,0.0,0,0.0,0,0.0,1411.44,0.35,419.8,1831.24,305.21,0,0.0,0.0,0.0,0,0.0,0.0,0.0,0.0,2025-10-11,501,"Promotions,_Sep_30,_2026  FULL HISTORY For Aevah.xlsx",2026-09-30
2025-10-01T00:00:00Z,AWG,05fad815-f643-4807-facf-08dd6bd158cb,AWG October 2025 TPR,Complete - Unsettled (Open),"DOT FOODS, INC",2025-10-01,2025-10-31,2025-09-17,2025-09-30,Retailer price reduction,TPR,Puff 1CT,0.0,0.0,0.0,0.0,247.68,1.72,247.68,1.72,0,0,0.0,0.0,0.0,0,0.28,0,0.0,0,241.92,13398.99,0.25,3643.34,17042.33,118.35,0,0.0,0.0,4771.85,0,0.0,0.0,4771.85,981.86,2025-10-11,501,"Promotions,_Sep_30,_2026  FULL HISTORY For Aevah.xlsx",2026-09-30
2025-08-01T00:00:00Z,PILOT FLYING J,066866d3-daa1-4002-f129-08dd6bd158ca,PILOT FLYING J August 2025 TPR,Complete - Unsettled (Open),MCLANE GROCER,2025-08-01,2025-08-30,2025-07-18,2025-07-31,Retailer price reduction,TPR,Puff 1CT,0.0,0.0,0.0,0.0,247.68,1.72,247.22,1.72,0,0,0.0,0.0,0.0,0,0.25,0,0.0,0,108.0,19869.0,0.15,2980.36,22849.36,158.67,0,0.0,0.0,5712.34,0,0.0,0.0,5712.34,0.0,,405,"Promotions,_Sep_30,_2026  FULL HISTORY For Aevah.xlsx",2026-09-30
2026-06-01T00:00:00Z,VITAMIN SHOPPE,07090b36-ec50-4455-4081-08de5da29cfe,VITAMIN SHOPPE June 2026 Puff Singles TPR,Complete - Unsettled (Open),Direct,2026-06-01,2026-06-21,2026-06-01,2026-06-21,Retailer price reduction,TPR,Puff 1CT,3.29,2.5,0.79,0.2401,247.68,1.72,242.73,1.69,0,0,0.0,0.0,0.0,0,0.42,0,0.0,0,544.32,55965.0,0.2,11193.0,67158.0,466.37,0,0.0,0.0,28206.36,0,0.0,0.0,28206.36,53198.31,2026-07-22,1134,"Promotions,_Sep_30,_2026  FULL HISTORY For Aevah.xlsx",2026-09-30
2025-08-01T00:00:00Z,BRISTOL FARMS,073901f1-427f-4da2-0c58-08dd6bd158cc,Bristol Farms August 2025 TPR,Complete - Unsettled (Open),UNFI,2025-08-01,2025-08-30,2025-07-18,2025-07-31,Retailer price reduction,TPR,Puff 1CT,3.49,0.0,3.49,1.0,247.68,1.72,268.59,1.0685714285714287,0,0,0.0,0.0,0.0,0,0.3,0,0.0,0,172.8,2185.73,0.2,437.15,2622.88,18.21,0,0.0,0.0,786.86,0,0.0,0.0,786.86,0.0,,538,"Promotions,_Sep_30,_2026  FULL HISTORY For Aevah.xlsx",2026-09-30
2025-01-01T00:00:00Z,BRISTOL FARMS,074b1227-7c63-4961-0ace-08dd6bd158cc,Bristol Farms January 2025 TPR,Complete - Unsettled (Open),UNFI,2025-01-01,2025-01-30,2024-12-18,2024-12-31,Retailer price reduction,TPR,Puff 1CT,3.49,0.0,3.49,1.0,20.64,0.14,19.29,0.13,0,0,0.0,0.0,0.0,0,0.5,0,0.0,0,504.0,1499.96,0.32857142857142857,492.82,1992.78,13.81,0,0.0,0.0,996.39,0,0.0,0.0,996.39,1484.18,2025-03-03,536,"Promotions,_Sep_30,_2026  FULL HISTORY For Aevah.xlsx",2026-09-30
2026-09-22T00:00:00Z,SAVE MART,0774588b-a68a-4cb2-d734-08de5cdc8bfa,SAVE MART October 2026 Puff Singles TPR,In progress,KEHE DISTRIBUTORS,2026-09-22,2026-10-26,2026-09-22,2026-10-26,Retailer price reduction,TPR,Puff 1CT,2.99,2.99,0.0,0.0,247.68,1.72,256.11,1.78,0,0,0.0,0.0,0.0,0,0.39,0,0.0,0,224.64,6954.03,0.3,2086.2,9040.23,62.78,0,0.0,0.0,3525.69,0,0.0,0.0,3525.69,978.12,2026-09-28,989,"Promotions,_Sep_30,_2026  FULL HISTORY For Aevah.xlsx",2026-09-30
2026-10-01T00:00:00Z,VITAMIN SHOPPE,07d58dd7-9b6f-47cd-4082-08de5da29cfe,VITAMIN SHOPPE October 2026 Puff Singles TPR,Planned,Direct,2026-10-01,2026-10-07,2026-10-01,2026-10-07,Retailer price reduction,TPR,Puff 1CT,3.29,2.5,0.79,0.2401,247.68,1.72,242.73,1.69,0,0,0.0,0.0,0.0,0,0.42,0,0.0,0,544.32,18655.0,0.2,3731.0,22386.0,155.47,0,0.0,0.0,9402.12,0,0.0,0.0,9402.12,0.0,,1135,"Promotions,_Sep_30,_2026  FULL HISTORY For Aevah.xlsx",2026-09-30
2025-10-01T00:00:00Z,CIRCLE K,083e658a-26a5-4961-ee63-08dd6bd158ca,CIRCLE K EAST October 2025 TPR,Complete - Unsettled (Open),"CORE-MARK INTERNATIONAL, INC.",2025-10-01,2025-10-30,2025-09-17,2025-09-30,Retailer price reduction,TPR,Puff 1CT,3.49,0.0,3.49,1.0,247.68,1.72,247.27,1.72,0,0,0.0,0.0,0.0,0,0.59,0,0.0,0,169.92,37457.14,0.15,5618.58,43075.72,299.14,0,0.0,0.0,12707.34,0,0.0,0.0,12707.34,0.0,,395,"Promotions,_Sep_30,_2026  FULL HISTORY For Aevah.xlsx",2026-09-30
2025-10-01T00:00:00Z,CIRCLE K,083e658a-26a5-4961-ee63-08dd6bd158ca,CIRCLE K EAST October 2025 TPR,Complete - Unsettled (Open),MCLANE GROCER,2025-10-01,2025-10-30,2025-09-17,2025-09-30,Retailer price reduction,TPR,Puff 1CT,3.49,0.0,3.49,1.0,247.68,1.72,247.22,1.72,0,0,0.0,0.0,0.0,0,0.59,0,0.0,0,169.92,37457.14,0.15,5618.58,43075.72,299.14,0,0.0,0.0,12707.34,0,0.0,0.0,12707.34,0.0,,395,"Promotions,_Sep_30,_2026  FULL HISTORY For Aevah.xlsx",2026-09-30
2025-05-01T00:00:00Z,SUPERVALU,086c6f28-927f-4ccf-e68b-08dd6bd158c6,SUPERVALU May 2025 TPR,Complete - Unsettled (Open),UNFI,2025-05-01,2025-05-31,2025-04-17,2025-04-30,Retailer price reduction,TPR,Puff 4CT,0.0,0.0,0.0,0.0,39.84,6.64,33.06,5.51,0,0,0.0,0.0,0.0,0,0.92,0,0.0,0,33.12,1407.18,0.2,281.42,1688.6,281.42,0,0.0,0.0,1553.51,0,0.0,0.0,1553.51,0.0,,141,"Promotions,_Sep_30,_2026  FULL HISTORY For Aevah.xlsx",2026-09-30
2025-05-01T00:00:00Z,SUPERVALU,086c6f28-927f-4ccf-e68b-08dd6bd158c6,SUPERVALU May 2025 TPR,Complete - Unsettled (Open),UNFI,2025-05-01,2025-05-31,2025-04-17,2025-04-30,Retailer price reduction,TPR,Puff 1CT,0.0,0.0,0.0,0.0,247.68,1.72,244.17,1.7,0,0,0.0,0.0,0.0,0,0.13,0,0.0,0,131.04,19035.49,0.2,3807.11,22842.6,158.63,0,0.0,0.0,2969.53,0,0.0,0.0,2969.53,0.0,,141,"Promotions,_Sep_30,_2026  FULL HISTORY For Aevah.xlsx",2026-09-30
2025-05-01T00:00:00Z,SUPERVALU,086c6f28-927f-4ccf-e68b-08dd6bd158c6,SUPERVALU May 2025 TPR,Complete - Unsettled (Open),UNFI,2025-05-01,2025-05-31,2025-04-17,2025-04-30,Retailer price reduction,TPR,Bar 1CT,0.0,0.0,0.0,0.0,247.68,1.72,244.17,1.7,0,0,0.0,0.0,0.0,0,0.13,0,0.0,0,56.16,6004.74,0.2,1200.95,7205.69,50.03,0,0.0,0.0,936.74,0,0.0,0.0,936.74,0.0,,141,"Promotions,_Sep_30,_2026  FULL HISTORY For Aevah.xlsx",2026-09-30
2026-01-01T00:00:00Z,Loop,08728aeb-f4b9-492c-7f63-08de5da29cfe,Loop January 2026 Puff Singles TPR,Complete - Unsettled (Open),"CORE-MARK INTERNATIONAL, INC.",2026-01-01,2026-01-31,2026-01-01,2026-01-31,Retailer price reduction,TPR,Puff 1CT,0.7475,3.0,0.0,0.0,247.68,1.72,242.73,1.69,0,0,0.0,0.0,0.0,0,0.2,0,0.0,0,115.2,2684.6,0.15,402.68,3087.28,21.44,0,0.0,0.0,617.44,0,0.0,0.0,617.44,0.0,,1291,"Promotions,_Sep_30,_2026  FULL HISTORY For Aevah.xlsx",2026-09-30
2026-01-01T00:00:00Z,Loop,08728aeb-f4b9-492c-7f63-08de5da29cfe,Loop January 2026 Puff Singles TPR,Complete - Unsettled (Open),Direct,2026-01-01,2026-01-31,2026-01-01,2026-01-31,Customer advertising,Ad,,0.0,0.0,0.0,0.0,0.0,0.0,0.0,0.0,0,0,0.0,0.0,0.0,0,0.0,0,0.0,0,0.0,0.0,0.0,0.0,0.0,0.0,0,0.0,0.0,0.0,0,0.0,500.0,500.0,0.0,,1291,"Promotions,_Sep_30,_2026  FULL HISTORY For Aevah.xlsx",2026-09-30
2026-09-01T00:00:00Z,CVS,0890093a-329f-499c-402e-08de5da29cfe,CVS September 2026 Puff 4-Pack TPR,Complete - Unsettled (Open),"DOT FOODS, INC",2026-09-01,2026-09-14,2026-09-01,2026-09-14,Retailer price reduction,TPR,Puff 4CT,0.0,9.99,0.0,0.0,39.84,6.64,39.84,6.64,0,0,0.0,0.0,0.0,0,0.6,0,0.0,0,7.2,5538.24,0.2,1107.65,6645.89,1107.65,0,0.0,0.0,3987.54,0,0.0,0.0,3987.54,7241.85,2026-09-10,1051,"Promotions,_Sep_30,_2026  FULL HISTORY For Aevah.xlsx",2026-09-30
2026-07-01T00:00:00Z,Earth Fare,08e7b9ee-2f68-44a5-d70a-08de5cdc8bfa,Earth Fare July 2026 Puff Singles TPR,Complete - Unsettled (Open),UNFI,2026-07-01,2026-07-31,2026-07-01,2026-07-31,Retailer price reduction,TPR,Puff 1CT,0.0,2.5,0.0,0.0,247.68,1.72,242.73,1.69,0,0,0.0,0.0,0.0,0,0.47,0,0.0,0,203.04,863.56,0.3,259.06,1122.62,7.8,0,0.0,0.0,527.64,0,0.0,0.0,527.64,0.0,,947,"Promotions,_Sep_30,_2026  FULL HISTORY For Aevah.xlsx",2026-09-30
2026-09-01T00:00:00Z,Weis Markets,09456ba3-ded2-4bf8-4096-08de5da29cfe,Weis Markets September 2026 Puff Singles TPR,In progress,C&S Wholesale,2026-09-01,2026-09-30,2026-09-01,2026-09-30,Retailer price reduction,TPR,Puff 1CT,0.598,2.5,0.098,0.03278,235.008,1.632,235.008,1.546,0,0,0.0,0.0,0.0,0,0.25,0,0.0,0,684.0,1425.6,0.2375,356.4,1782.0,12.38,0,0.0,0.0,445.5,0,0.0,0.0,445.5,0.0,,1154,"Promotions,_Sep_30,_2026  FULL HISTORY For Aevah.xlsx",2026-09-30
2026-09-01T00:00:00Z,Weis Markets,09456ba3-ded2-4bf8-4096-08de5da29cfe,Weis Markets September 2026 Puff Singles TPR,In progress,C&S Wholesale,2026-09-01,2026-09-30,2026-09-01,2026-09-30,Retailer price reduction,TPR,Puff Shipper,0.0,2.5,0.0,0.0,130.94,2.745,130.94,0.4091666666666667,0,0,0.0,0.0,0.0,0,0.25,0,0.0,0,5508.0,2291.79,0.052083333333333336,572.95,2864.74,0.0,0,0.0,0.0,716.18,0,0.0,0.0,716.18,0.0,,1154,"Promotions,_Sep_30,_2026  FULL HISTORY For Aevah.xlsx",2026-09-30
2026-09-01T00:00:00Z,Weis Markets,09456ba3-ded2-4bf8-4096-08de5da29cfe,Weis Markets September 2026 Puff Singles TPR,In progress,C&S Wholesale,2026-09-01,2026-09-30,2026-09-01,2026-09-30,Retailer price reduction,TPR,Club Packs,0.0,2.5,0.0,0.0,9103.5,17.34,9103.5,17.34,0,0,0.0,0.0,0.0,0,0.25,0,0.0,0,131.25,0.0,0.25,0.0,0.0,0.0,0,0.0,0.0,0.0,0,0.0,0.0,0.0,0.0,,1154,"Promotions,_Sep_30,_2026  FULL HISTORY For Aevah.xlsx",2026-09-30
2026-07-01T00:00:00Z,HARMONS NEIGHBORHOOD GROCER,09cff7f1-fdcf-42f0-d71b-08de5cdc8bfa,HARMONS NEIGHBORHOOD GROCER July 2026 Puff Singles TPR,Complete - Unsettled (Open),ON THE DOT DISTRIBUTION,2026-07-01,2026-07-31,2026-07-01,2026-07-31,Retailer price reduction,TPR,Puff 1CT,2.99,2.5,0.49,0.1639,247.68,1.72,247.68,1.72,0,0,0.0,0.0,0.0,0,0.25,0,0.0,0,468.0,31714.22,0.25,7928.53,39642.75,275.29,0,0.0,0.0,9910.71,0,0.0,0.0,9910.71,0.0,,964,"Promotions,_Sep_30,_2026  FULL HISTORY For Aevah.xlsx",2026-09-30
2026-07-01T00:00:00Z,HARMONS NEIGHBORHOOD GROCER,09cff7f1-fdcf-42f0-d71b-08de5cdc8bfa,HARMONS NEIGHBORHOOD GROCER July 2026 Puff Singles TPR,Complete - Unsettled (Open),Direct,2026-07-01,2026-07-31,2026-07-01,2026-07-31,Customer advertising,Ad,,0.0,0.0,0.0,0.0,0.0,0.0,0.0,0.0,0,0,0.0,0.0,0.0,0,0.0,0,0.0,0,0.0,0.0,0.0,0.0,0.0,0.0,0,0.0,0.0,0.0,0,0.0,5000.0,5000.0,0.0,,964,"Promotions,_Sep_30,_2026  FULL HISTORY For Aevah.xlsx",2026-09-30
2026-08-01T00:00:00Z,KROGER,0a583ffb-587f-418b-404d-08de5da29cfe,KROGER August 2026 Puff Singles TPR,Complete - Unsettled (Open),UNFI,2026-08-01,2026-08-30,2026-08-01,2026-08-30,Retailer price reduction,TPR,Puff 1CT,1.196,2.0,0.396,0.13244,247.68,1.72,222.914,1.55,0,0,0.0,0.0,0.0,0,0.6,0,0.0,0,432.0,38571.43,0.35,13500.0,52071.43,361.6,0,0.0,0.0,31242.86,0,0.0,0.0,31242.86,100276.2,2026-09-22,1082,"Promotions,_Sep_30,_2026  FULL HISTORY For Aevah.xlsx",2026-09-30
2026-05-01T00:00:00Z,URM Stores,0ab759e5-2409-4cb3-d750-08de5cdc8bfa,URM Stores May 2026 Puff Singles TPR,Complete - Unsettled (Open),UNFI,2026-05-01,2026-05-31,2026-05-01,2026-05-31,Retailer price reduction,TPR,Puff 1CT,0.0,2.5,0.0,0.0,247.68,1.72,193.19,1.34,0,0,0.0,0.0,0.0,0,0.47,0,0.0,0,203.04,7085.72,0.5,3542.86,10628.58,73.8,0,0.0,0.0,4995.44,0,0.0,0.0,4995.44,0.0,,1017,"Promotions,_Sep_30,_2026  FULL HISTORY For Aevah.xlsx",2026-09-30
2026-05-01T00:00:00Z,URM Stores,0ab759e5-2409-4cb3-d750-08de5cdc8bfa,URM Stores May 2026 Puff Singles TPR,Complete - Unsettled (Open),Direct,2026-05-01,2026-05-31,2026-05-01,2026-05-31,Customer advertising,Ad,,0.0,0.0,0.0,0.0,0.0,0.0,0.0,0.0,0,0,0.0,0.0,0.0,0,0.0,0,0.0,0,0.0,0.0,0.0,0.0,0.0,0.0,0,0.0,0.0,0.0,0,0.0,350.0,350.0,0.0,,1017,"Promotions,_Sep_30,_2026  FULL HISTORY For Aevah.xlsx",2026-09-30
2026-07-01T00:00:00Z,SCHNUCKS,0acec37e-dcf0-41a6-7f7d-08de5da29cfe,SCHNUCKS July 2026 Puff 4-Pack TPR,Complete - Unsettled (Open),"DOT FOODS, INC",2026-07-01,2026-07-14,2026-07-01,2026-07-14,Retailer price reduction,TPR,Puff 4CT,0.0,8.99,0.0,0.0,39.84,6.64,39.84,6.64,0,0,0.0,0.0,0.0,0,0.4,0,0.0,0,12.0,1691.26,0.35,591.95,2283.21,380.54,0,0.0,0.0,913.28,0,0.0,0.0,913.28,0.0,,1317,"Promotions,_Sep_30,_2026  FULL HISTORY For Aevah.xlsx",2026-09-30
2026-07-27T00:00:00Z,Albertsons United,0b758fb0-ef20-485c-9325-08de5f343061,"August 2026 2/$5 Singles TPR, 4ct $9.99 TPR",Complete - Unsettled (Open),KEHE DISTRIBUTORS,2026-07-27,2026-08-23,2026-07-27,2026-08-23,Retailer price reduction,TPR,Puff 4CT,9.99,9.99,0.0,0.0,39.84,6.64,37.84,6.3075,0,0,0.0,0.0,0.0,0,1.0,0,0.0,0,24.0,1640.0,0.2,328.0,1968.0,328.0,0,0.0,0.0,1968.0,0,0.0,0.0,1968.0,8799.3,2026-09-09,1378,"Promotions,_Sep_30,_2026  FULL HISTORY For Aevah.xlsx",2026-09-30
2026-07-27T00:00:00Z,Albertsons United,0b758fb0-ef20-485c-9325-08de5f343061,"August 2026 2/$5 Singles TPR, 4ct $9.99 TPR",Complete - Unsettled (Open),KEHE DISTRIBUTORS,2026-07-27,2026-08-23,2026-07-27,2026-08-23,Retailer price reduction,TPR,Puff 1CT,0.9966666666666666,2.5,0.16333333333333333,0.05463333333333334,247.68,1.72,194.01833333333332,1.3458333333333334,0,0,0.0,0.0,0.0,0,0.39,0,0.0,0,673.92,10356.4,0.5416666666666666,7141.48,17497.88,121.51,0,0.0,0.0,6824.17,0,0.0,0.0,6824.17,6373.47,2026-09-09,1378,"Promotions,_Sep_30,_2026  FULL HISTORY For Aevah.xlsx",2026-09-30
2026-04-29T00:00:00Z,Albertsons Southwest,0b7ca9a2-4ed3-434f-8625-08de8bfc2efd,May 2026 $9.99 TPR + Digital,Complete - Unsettled (Open),Direct,2026-04-29,2026-05-26,2026-04-29,2026-05-26,Retailer price reduction,TPR,Puff 4CT,10.99,9.99,1.0,0.091,39.84,6.64,39.84,6.64,0,0,0.0,0.0,0.0,0,1.0,0,0.0,0,24.0,8217.6,0.4,3287.04,11504.64,1917.44,0,0.0,0.0,11504.64,0,0.0,0.0,11504.64,10704.0,2026-05-28,1513,"Promotions,_Sep_30,_2026  FULL HISTORY For Aevah.xlsx",2026-09-30
2026-04-29T00:00:00Z,Albertsons Southwest,0b7ca9a2-4ed3-434f-8625-08de8bfc2efd,May 2026 $9.99 TPR + Digital,Complete - Unsettled (Open),Direct,2026-04-29,2026-05-26,2026-04-29,2026-05-26,Coupon,Digital Coupon,,0.0,0.0,0.0,0.0,0.0,0.0,0.0,0.0,0,0,0.0,0.0,0.0,0,0.0,0,0.0,0,0.0,0.0,0.0,0.0,0.0,0.0,0,0.0,0.0,0.0,0,0.0,575.23,575.23,24.0,2026-05-28,1513,"Promotions,_Sep_30,_2026  FULL HISTORY For Aevah.xlsx",2026-09-30
2026-04-01T00:00:00Z,Albertsons Southwest,0c117327-8631-4180-85d0-08de8bfc2efd,April 2026 $1 Digital Coupon,Complete - Unsettled (Open),Direct,2026-04-01,2026-04-28,2026-04-01,2026-04-28,Coupon,Digital Coupon,,0.0,0.0,0.0,0.0,0.0,0.0,0.0,0.0,0,0,0.0,0.0,0.0,0,0.0,0,0.0,0,0.0,0.0,0.0,0.0,0.0,0.0,0,0.0,0.0,0.0,0,0.0,429.26,429.26,0.0,,1512,"Promotions,_Sep_30,_2026  FULL HISTORY For Aevah.xlsx",2026-09-30
2026-07-01T00:00:00Z,RALPHS,0c33557e-c6cf-4537-4059-08de5da29cfe,RALPHS July 2026 Puff Singles TPR,Complete - Unsettled (Open),KEHE DISTRIBUTORS,2026-07-01,2026-07-31,2026-07-01,2026-07-31,Retailer price reduction,TPR,Puff 1CT,2.99,2.5,0.49,0.1639,247.68,1.72,253.24166666666667,1.7616666666666667,0,0,0.0,0.0,0.0,0,0.3,0,0.0,0,259.2,16058.0,0.3,4817.4,20875.4,144.97,0,0.0,0.0,6262.62,0,0.0,0.0,6262.62,1180.8,2026-08-19,1094,"Promotions,_Sep_30,_2026  FULL HISTORY For Aevah.xlsx",2026-09-30
2026-09-17T00:00:00Z,PUBLIX,0c426811-6de1-4a2c-84cd-08de4f7c9ec1,September 2026 Puff 4-Pack TPR,Complete - Unsettled (Open),Direct,2026-09-17,2026-09-23,2026-09-17,2026-09-23,Retailer price reduction,TPR,Puff 4CT,9.42,7.705714285714286,1.7142857142857144,0.156,39.84,6.64,39.84,6.64,0,0,0.0,0.0,0.0,0,2.0,0,0.0,0,84.0,11374.6,1.75,19905.55,31280.15,5213.37,0,0.0,0.0,62560.3,0,0.0,0.0,62560.3,0.0,,918,"Promotions,_Sep_30,_2026  FULL HISTORY For Aevah.xlsx",2026-09-30
2026-04-01T00:00:00Z,Albertsons Southern,0c66bb4d-0b3c-42c5-1ed8-08de8bfc2efd,April 2026 $1 Digital Coupon,Complete - Unsettled (Open),Direct,2026-04-01,2026-04-28,2026-04-01,2026-04-28,Coupon,Digital Coupon,,0.0,0.0,0.0,0.0,0.0,0.0,0.0,0.0,0,0,0.0,0.0,0.0,0,0.0,0,0.0,0,0.0,0.0,0.0,0.0,0.0,0.0,0,0.0,0.0,0.0,0,0.0,144.63,144.63,0.0,,1504,"Promotions,_Sep_30,_2026  FULL HISTORY For Aevah.xlsx",2026-09-30
2026-08-10T00:00:00Z,AWG,0c7ea014-fd51-4044-7f1d-08de5da29cfe,AWG September 2026 Puff Singles TPR,Complete - Unsettled (Open),"DOT FOODS, INC",2026-08-10,2026-09-06,2026-08-10,2026-09-06,Retailer price reduction,TPR,Puff 1CT,0.42714285714285716,2.25,0.10571428571428572,0.03535714285714286,247.68,1.72,247.68,1.72,0,0,0.0,0.0,0.0,0,0.18,0,0.0,0,181.44,16563.66,0.3,4969.09,21532.75,149.54,0,0.0,0.0,3875.89,0,0.0,0.0,3875.89,0.0,,1221,"Promotions,_Sep_30,_2026  FULL HISTORY For Aevah.xlsx",2026-09-30
2025-08-01T00:00:00Z,MEIJER EXPRESS,0c9790fb-3b55-4004-f387-08dd6bd158cb,Meijer Express August 2025 TPR,Complete - Unsettled (Open),"DOT FOODS, INC",2025-08-01,2025-08-31,2025-07-18,2025-07-31,Retailer price reduction,TPR,Puff 1CT,0.0,0.0,0.0,0.0,247.68,1.72,247.68,1.72,0,0,0.0,0.0,0.0,0,0.25,0,0.0,0,108.0,6749.94,0.15,1012.5,7762.44,53.91,0,0.0,0.0,1940.61,0,0.0,0.0,1940.61,0.0,,485,"Promotions,_Sep_30,_2026  FULL HISTORY For Aevah.xlsx",2026-09-30
2025-12-01T00:00:00Z,TARGET CORPORATION,0caf38af-05b7-419e-f2f9-08dd6bd158c9,TARGET December 2025 TPR,Complete - Unsettled (Open),Direct,2025-12-01,2025-12-15,2025-11-17,2025-11-30,Retailer price reduction,TPR,Puff 4CT,0.0,0.0,0.0,0.0,36.66,6.11,36.06,6.0125,0,0,0.0,0.0,0.0,0,0.9,0,0.0,0,21.6,143239.64,0.3,42971.88,186211.52,31035.24,0,0.0,0.0,167590.36,0,0.0,0.0,167590.36,0.0,,345,"Promotions,_Sep_30,_2026  FULL HISTORY For Aevah.xlsx",2026-09-30
2026-05-01T00:00:00Z,WAKEFERN,0cbd2bff-0204-4a74-4086-08de5da29cfe,WAKEFERN May 2026 Puff Singles TPR,Complete - Unsettled (Open),UNFI,2026-05-01,2026-05-14,2026-05-01,2026-05-14,Retailer price reduction,TPR,Puff 1CT,0.0,2.49,0.0,0.0,247.68,1.72,217.96,1.515,0,0,0.0,0.0,0.0,0,0.8,0,0.0,0,460.8,17003.28,0.25,4250.82,21254.1,147.61,0,0.0,0.0,17003.28,0,0.0,0.0,17003.28,128.48,2026-06-11,1139,"Promotions,_Sep_30,_2026  FULL HISTORY For Aevah.xlsx",2026-09-30
2026-01-28T00:00:00Z,Albertsons Kings Balducci's,0d5f5d4b-a909-46b0-fb18-08de9bb1b971,February 2026 $9.99 TPR,Complete - Unsettled (Open),Direct,2026-01-28,2026-03-03,2026-01-28,2026-03-03,Retailer price reduction,TPR,Puff 4CT,0.0,9.99,0.0,0.0,39.84,6.64,39.84,6.64,0,0,0.0,0.0,0.0,0,1.0,0,0.0,0,18.0,190.5,0.1,19.05,209.55,34.93,0,0.0,0.0,209.55,0,0.0,0.0,209.55,0.0,,1538,"Promotions,_Sep_30,_2026  FULL HISTORY For Aevah.xlsx",2026-09-30
2025-01-01T00:00:00Z,KWIK TRIP,0da2bba5-b787-4873-e8f3-08dd6bd158ca,KWIK TRIP January 2025 TPR,Complete - Unsettled (Open),Direct,2025-01-01,2025-01-31,2024-12-18,2024-12-31,Retailer price reduction,TPR,Puff 1CT,0.0,0.0,0.0,0.0,247.68,1.72,247.68,1.1466666666666667,0,0,0.0,0.0,0.0,0,0.55,0,0.0,0,158.4,18385.72,0.5,9192.86,27578.58,191.51,0,0.0,0.0,15168.22,0,0.0,0.0,15168.22,0.0,,375,"Promotions,_Sep_30,_2026  FULL HISTORY For Aevah.xlsx",2026-09-30
2025-04-01T00:00:00Z,"ASSOCIATED FOOD STORES, INC.",0e0cde09-87c0-4d27-d70c-08dd6bd158ca,"ASSOCIATED FOOD STORES, INC. April 2025 TPR",Complete - Unsettled (Open),Direct,2025-04-01,2025-04-30,2025-03-18,2025-03-31,Retailer price reduction,TPR,Puff 4CT,10.99,0.0,10.99,1.0,39.84,6.64,39.84,6.64,0,0,0.0,0.0,0.0,0,0.0,0,0.0,0,0.0,3794.14,0.5,1897.08,5691.22,948.54,0,0.0,0.0,0.0,0,0.0,0.0,0.0,0.0,2025-05-11,356,"Promotions,_Sep_30,_2026  FULL HISTORY For Aevah.xlsx",2026-09-30
2025-04-01T00:00:00Z,"ASSOCIATED FOOD STORES, INC.",0e0cde09-87c0-4d27-d70c-08dd6bd158ca,"ASSOCIATED FOOD STORES, INC. April 2025 TPR",Complete - Unsettled (Open),Direct,2025-04-01,2025-04-30,2025-03-18,2025-03-31,Retailer price reduction,TPR,Puff 1CT,2.99,0.0,2.99,1.0,247.68,1.72,247.68,1.72,0,0,0.0,0.0,0.0,0,0.3,0,0.0,0,302.4,16317.8,0.3,4895.36,21213.16,147.31,0,0.0,0.0,6363.94,0,0.0,0.0,6363.94,34434.28,2025-05-11,356,"Promotions,_Sep_30,_2026  FULL HISTORY For Aevah.xlsx",2026-09-30
2025-04-01T00:00:00Z,"ASSOCIATED FOOD STORES, INC.",0e0cde09-87c0-4d27-d70c-08dd6bd158ca,"ASSOCIATED FOOD STORES, INC. April 2025 TPR",Complete - Unsettled (Open),Direct,2025-04-01,2025-04-30,2025-03-18,2025-03-31,Retailer price reduction,TPR,Bar 1CT,0.0,0.0,0.0,0.0,247.68,1.72,247.68,1.72,0,0,0.0,0.0,0.0,0,0.3,0,0.0,0,172.8,5966.47,0.3,1789.94,7756.41,53.87,0,0.0,0.0,2326.92,0,0.0,0.0,2326.92,142.86,2025-05-11,356,"Promotions,_Sep_30,_2026  FULL HISTORY For Aevah.xlsx",2026-09-30
2026-09-01T00:00:00Z,Albertsons United,0e417935-5a35-4b85-7a1f-08de9bb1b972,September Digital $1 off 4ct,Draft,Direct,2026-09-01,2026-09-28,2026-09-01,2026-09-28,Coupon,Digital Coupon,,0.0,0.0,0.0,0.0,0.0,0.0,0.0,0.0,0,0,0.0,0.0,0.0,0,0.0,0,0.0,0,0.0,0.0,0.0,0.0,0.0,0.0,0,0.0,0.0,0.0,0,0.0,86.1,86.1,0.0,,1541,"Promotions,_Sep_30,_2026  FULL HISTORY For Aevah.xlsx",2026-09-30
2026-09-01T00:00:00Z,CVS,0e927ade-7332-42ef-402f-08de5da29cfe,CVS September 2026 Puff Singles TPR,Complete - Unsettled (Open),"DOT FOODS, INC",2026-09-01,2026-09-14,2026-09-01,2026-09-14,Retailer price reduction,TPR,Puff 1CT,0.0,3.0,0.0,0.0,247.68,1.72,247.68,1.72,0,0,0.0,0.0,0.0,0,0.25,0,0.0,0,72.0,14544.42,0.15,2181.67,16726.09,116.16,0,0.0,0.0,4181.52,0,0.0,0.0,4181.52,769.4,2026-09-10,1052,"Promotions,_Sep_30,_2026  FULL HISTORY For Aevah.xlsx",2026-09-30
2026-01-01T00:00:00Z,SCHNUCKS,0f15a8a9-b96e-43c3-7f72-08de5da29cfe,SCHNUCKS January 2026 Puff Singles TPR,Complete - Unsettled (Open),"DOT FOODS, INC",2026-01-01,2026-01-31,2026-01-01,2026-01-31,Retailer price reduction,TPR,Puff 1CT,0.9966666666666666,2.0,0.33,0.11036666666666667,247.68,1.72,247.68,1.72,0,0,0.0,0.0,0.0,0,0.4,0,0.0,0,691.2,12813.36,0.4,5125.36,17938.72,124.56,0,0.0,0.0,7175.48,0,0.0,0.0,7175.48,496.1,2026-02-14,1306,"Promotions,_Sep_30,_2026  FULL HISTORY For Aevah.xlsx",2026-09-30
2026-06-01T00:00:00Z,CVS,0f345e34-df02-43fd-4028-08de5da29cfe,CVS June 2026 Puff 4-Pack TPR,Complete - Unsettled (Open),"DOT FOODS, INC",2026-06-01,2026-06-14,2026-06-01,2026-06-14,Retailer price reduction,TPR,Puff 4CT,0.0,9.99,0.0,0.0,39.84,6.64,39.84,6.64,0,0,0.0,0.0,0.0,0,0.6,0,0.0,0,7.2,5538.24,0.3,1661.47,7199.71,1199.95,0,0.0,0.0,4319.82,0,0.0,0.0,4319.82,6775.13,2026-07-03,1045,"Promotions,_Sep_30,_2026  FULL HISTORY For Aevah.xlsx",2026-09-30
2026-07-01T00:00:00Z,FRED MEYER,108efcbf-5762-459e-4036-08de5da29cfe,FRED MEYER July 2026 Puff Singles TPR,Complete - Unsettled (Open),UNFI,2026-07-01,2026-07-31,2026-07-01,2026-07-31,Retailer price reduction,TPR,Puff 1CT,2.1357142857142857,2.5,0.35,0.11707142857142858,247.68,1.72,256.6014285714285,1.3,0,0,0.0,0.0,0.0,0,0.3,0,0.0,0,216.0,20789.47,0.3,6236.84,27026.31,187.68,0,0.0,0.0,8107.88,0,0.0,0.0,8107.88,0.0,,1059,"Promotions,_Sep_30,_2026  FULL HISTORY For Aevah.xlsx",2026-09-30
2025-05-01T00:00:00Z,NORTHWEST GROCERS,1100de6c-097e-443a-28f9-08dd721102ed,NORTHWEST GROCERS May 2025 Puff TPR,Complete - Unsettled (Open),KEHE DISTRIBUTORS,2025-05-01,2025-05-31,2025-04-17,2025-04-30,Retailer price reduction,TPR,Puff 1CT,2.99,0.0,2.99,1.0,247.68,1.72,267.69,1.86,0,0,0.0,0.0,0.0,0,0.34,0,0.0,0,146.88,3917.56,0.3,1175.28,5092.84,35.37,0,0.0,0.0,1731.57,0,0.0,0.0,1731.57,0.0,,609,"Promotions,_Sep_30,_2026  FULL HISTORY For Aevah.xlsx",2026-09-30
2025-10-01T00:00:00Z,SPROUTS,111a38b0-31e1-4c33-f0c3-08dd6bd158c9,SPROUTS October 2025 TPR,Complete - Unsettled (Open),KEHE DISTRIBUTORS,2025-10-01,2025-10-30,2025-09-17,2025-09-30,Retailer price reduction,TPR,Puff 1CT,0.0,0.0,0.0,0.0,185.76,1.29,246.45,0.855,0,0,0.0,0.0,0.0,0,0.3,0,0.0,0,86.4,29795.3,0.5,14897.64,44692.94,310.36,0,0.0,0.0,13407.88,0,0.0,0.0,13407.88,6630.34,2025-11-07,339,"Promotions,_Sep_30,_2026  FULL HISTORY For Aevah.xlsx",2026-09-30
2026-01-01T00:00:00Z,FRED MEYER,11866222-9e44-4e36-4034-08de5da29cfe,FRED MEYER January 2026 Puff 4-Pack TPR,Complete - Unsettled (Open),UNFI,2026-01-01,2026-01-21,2026-01-01,2026-01-21,Retailer price reduction,TPR,Puff 4CT,10.99,9.99,1.0,0.091,39.84,6.64,42.16,7.03,0,0,0.0,0.0,0.0,0,0.8,0,0.0,0,28.8,4593.42,0.25,1148.35,5741.77,956.97,0,0.0,0.0,4593.42,0,0.0,0.0,4593.42,0.0,,1057,"Promotions,_Sep_30,_2026  FULL HISTORY For Aevah.xlsx",2026-09-30
2025-01-01T00:00:00Z,"ASSOCIATED FOOD STORES, INC.",118f2a4e-9f93-4888-d5d7-08dd6bd158ca,"ASSOCIATED FOOD STORES, INC. January 2025 TPR",Complete - Unsettled (Open),Direct,2025-01-01,2025-01-30,2024-12-18,2024-12-31,Retailer price reduction,TPR,Puff 1CT,2.99,0.0,2.99,1.0,20.64,0.14,247.68,1.72,0,0,0.0,0.0,0.0,0,0.5,0,0.0,0,504.0,13530.48,0.4,5412.18,18942.66,131.54,0,0.0,0.0,9471.34,0,0.0,0.0,9471.34,20344.73,2025-02-09,355,"Promotions,_Sep_30,_2026  FULL HISTORY For Aevah.xlsx",2026-09-30
2025-01-01T00:00:00Z,"ASSOCIATED FOOD STORES, INC.",118f2a4e-9f93-4888-d5d7-08dd6bd158ca,"ASSOCIATED FOOD STORES, INC. January 2025 TPR",Complete - Unsettled (Open),Direct,2025-01-01,2025-01-30,2024-12-18,2024-12-31,Retailer price reduction,TPR,Puff 4CT,10.99,0.0,10.99,1.0,39.84,6.64,39.84,6.64,0,0,0.0,0.0,0.0,0,0.0,0,0.0,0,0.0,3029.36,0.5,1514.68,4544.04,757.34,0,0.0,0.0,0.0,0,0.0,0.0,0.0,0.0,2025-02-09,355,"Promotions,_Sep_30,_2026  FULL HISTORY For Aevah.xlsx",2026-09-30
2025-01-01T00:00:00Z,"ASSOCIATED FOOD STORES, INC.",118f2a4e-9f93-4888-d5d7-08dd6bd158ca,"ASSOCIATED FOOD STORES, INC. January 2025 TPR",Complete - Unsettled (Open),Direct,2025-01-01,2025-01-30,2024-12-18,2024-12-31,Retailer price reduction,TPR,Bar 1CT,0.0,0.0,0.0,0.0,20.64,0.14,247.68,1.72,0,0,0.0,0.0,0.0,0,0.5,0,0.0,0,288.0,4947.33,0.4,1978.93,6926.26,48.11,0,0.0,0.0,3463.12,0,0.0,0.0,3463.12,10324.37,2025-02-09,355,"Promotions,_Sep_30,_2026  FULL HISTORY For Aevah.xlsx",2026-09-30
2026-10-01T00:00:00Z,Albertsons Portland,11dc9729-32c7-4d37-a174-08de89a46b1d,October 2026 $9.99 TPR,Planned,Direct,2026-10-01,2026-10-28,2026-10-01,2026-10-28,Retailer price reduction,TPR,Puff 4CT,10.99,9.99,1.0,0.091,39.84,6.64,39.84,6.64,0,0,0.0,0.0,0.0,0,1.0,0,0.0,0,36.0,4322.4,0.5,2161.2,6483.6,1080.6,0,0.0,0.0,6483.6,0,0.0,0.0,6483.6,0.0,,1474,"Promotions,_Sep_30,_2026  FULL HISTORY For Aevah.xlsx",2026-09-30
2026-10-01T00:00:00Z,CASEYS CORP,12ca70b4-86c4-4cc3-7f26-08de5da29cfe,CASEYS CORP October 2026 Puff Singles TPR,Planned,Direct,2026-10-01,2026-10-31,2026-10-01,2026-10-31,Retailer price reduction,TPR,Puff 1CT,0.598,2.5,0.098,0.03278,247.68,1.72,247.68,1.72,0,0,0.0,0.0,0.0,0,0.5,0,0.0,0,360.0,63356.03,0.15,9503.4,72859.43,505.98,0,0.0,0.0,36429.72,0,0.0,0.0,36429.72,0.0,,1230,"Promotions,_Sep_30,_2026  FULL HISTORY For Aevah.xlsx",2026-09-30
2026-10-01T00:00:00Z,CASEYS CORP,12ca70b4-86c4-4cc3-7f26-08de5da29cfe,CASEYS CORP October 2026 Puff Singles TPR,Planned,Direct,2026-10-01,2026-10-31,2026-10-01,2026-10-31,Customer advertising,Ad,,0.0,0.0,0.0,0.0,0.0,0.0,0.0,0.0,0,0,0.0,0.0,0.0,0,0.0,0,0.0,0,0.0,0.0,0.0,0.0,0.0,0.0,0,0.0,0.0,0.0,0,0.0,800.0,800.0,0.0,,1230,"Promotions,_Sep_30,_2026  FULL HISTORY For Aevah.xlsx",2026-09-30
2026-05-01T00:00:00Z,Lowes Foods,13268a2d-95b2-4a62-ceec-08de867ddefc,2026 Ice Cream Shippers,Complete - Unsettled (Open),"DOT FOODS, INC",2026-05-01,2026-07-31,2026-05-01,2026-07-31,Retailer price reduction,,Puff Shipper,0.0,0.0,0.0,0.0,123.84,3.99,123.84,0.0,0,0,0.0,0.0,0.0,0,0.0,0,0.0,0,0.0,0.0,0.0,0.0,0.0,0.0,0,0.0,0.0,0.0,0,0.0,0.0,0.0,0.0,,1441,"Promotions,_Sep_30,_2026  FULL HISTORY For Aevah.xlsx",2026-09-30
2026-07-01T00:00:00Z,Albertsons Southern,134926ed-412a-4106-1f3b-08de8bfc2efd,July 2026 $9.99 TPR + Ice Cream Shippers,Complete - Unsettled (Open),Direct,2026-07-01,2026-07-28,2026-07-01,2026-07-28,Retailer price reduction,TPR,Puff Shipper,2.99,0.0,2.99,1.0,199.2,6.64,199.2,1.38,0,0,19.2,0.64,0.0,0,2.0,0,0.0,0,2649.6,384.0,0.5,192.0,576.0,0.0,0,0.0,0.0,1152.0,0,0.0,0.0,1152.0,230.0,2026-07-30,1506,"Promotions,_Sep_30,_2026  FULL HISTORY For Aevah.xlsx",2026-09-30
2026-07-01T00:00:00Z,Albertsons Southern,134926ed-412a-4106-1f3b-08de8bfc2efd,July 2026 $9.99 TPR + Ice Cream Shippers,Complete - Unsettled (Open),Direct,2026-07-01,2026-07-28,2026-07-01,2026-07-28,Retailer price reduction,TPR,Puff 4CT,10.99,9.99,1.0,0.091,39.84,6.64,39.84,6.64,0,0,0.0,0.0,0.0,0,1.0,0,0.0,0,24.0,2710.4,0.5,1355.2,4065.6,677.6,0,0.0,0.0,4065.6,0,0.0,0.0,4065.6,4822.0,2026-07-30,1506,"Promotions,_Sep_30,_2026  FULL HISTORY For Aevah.xlsx",2026-09-30
2026-10-01T00:00:00Z,CIRCLE K,13ed00f1-f9cb-484b-7f31-08de5da29cfe,CIRCLE K October 2026 Puff Singles TPR,Planned,MCLANE GROCER,2026-10-01,2026-10-31,2026-10-01,2026-10-31,Retailer price reduction,TPR,Puff 1CT,1.994,3.0,0.196,0.05616,247.68,1.72,242.482,1.686,0,0,0.0,0.0,0.0,0,0.35,0,0.0,0,252.0,254450.72,0.2,50890.14,305340.86,2120.42,0,0.0,0.0,53434.65,0,0.0,0.0,53434.65,0.0,,1241,"Promotions,_Sep_30,_2026  FULL HISTORY For Aevah.xlsx",2026-09-30
2026-10-01T00:00:00Z,CIRCLE K,13ed00f1-f9cb-484b-7f31-08de5da29cfe,CIRCLE K October 2026 Puff Singles TPR,Planned,"CORE-MARK INTERNATIONAL, INC.",2026-10-01,2026-10-31,2026-10-01,2026-10-31,Retailer price reduction,TPR,Puff 1CT,1.994,3.0,0.196,0.05616,247.68,1.72,242.73,1.69,0,0,0.0,0.0,0.0,0,0.35,0,0.0,0,252.0,254450.72,0.2,50890.14,305340.86,2120.42,0,0.0,0.0,53434.65,0,0.0,0.0,53434.65,0.0,,1241,"Promotions,_Sep_30,_2026  FULL HISTORY For Aevah.xlsx",2026-09-30
2026-05-01T00:00:00Z,Brookshires,13f44d14-9f52-4c50-b872-08de5ffd5c98,"Brookshires May 2026 2/$5 TPR, $8.99 TPR",Complete - Unsettled (Open),KEHE DISTRIBUTORS,2026-05-01,2026-05-31,2026-05-01,2026-05-31,Retailer price reduction,TPR,Puff 1CT,2.99,2.5,0.49,0.1639,247.68,1.72,185.27,1.284,0,0,0.0,0.0,0.0,0,0.34,0,0.0,0,244.8,2852.44,0.25,713.12,3565.56,24.76,0,0.0,0.0,1212.29,0,0.0,0.0,1212.29,0.0,,1381,"Promotions,_Sep_30,_2026  FULL HISTORY For Aevah.xlsx",2026-09-30
2026-05-01T00:00:00Z,Brookshires,13f44d14-9f52-4c50-b872-08de5ffd5c98,"Brookshires May 2026 2/$5 TPR, $8.99 TPR",Complete - Unsettled (Open),KEHE DISTRIBUTORS,2026-05-01,2026-05-31,2026-05-01,2026-05-31,Retailer price reduction,TPR,Puff 4CT,10.99,8.99,2.0,0.182,39.84,6.64,37.44,6.24,0,0,0.0,0.0,0.0,0,1.0,0,0.0,0,12.0,678.9,0.25,169.72,848.62,141.44,0,0.0,0.0,848.62,0,0.0,0.0,848.62,0.0,,1381,"Promotions,_Sep_30,_2026  FULL HISTORY For Aevah.xlsx",2026-09-30
2025-05-01T00:00:00Z,TRAVEL CENTERS OF AMERICA,140068fe-1c7d-4655-cf23-08dd6bd158c8,TRAVEL CENTERS OF AMERICA May 2025 TPR,Complete - Unsettled (Open),"CORE-MARK INTERNATIONAL, INC.",2025-05-01,2025-05-31,2025-04-17,2025-04-30,Retailer price reduction,TPR,Puff 1CT,0.0,0.0,0.0,0.0,247.68,1.72,247.27,1.72,0,0,0.0,0.0,0.0,0,0.3,0,0.0,0,172.8,12074.08,0.15,1811.12,13885.2,96.44,0,0.0,0.0,4165.56,0,0.0,0.0,4165.56,0.0,,237,"Promotions,_Sep_30,_2026  FULL HISTORY For Aevah.xlsx",2026-09-30
2025-05-01T00:00:00Z,KROGER,1434c763-2e67-4ef1-ded1-08dd6bd158c9,KROGER May 2025 TPR,Complete - Unsettled (Open),UNFI,2025-05-01,2025-05-30,2025-04-17,2025-04-30,Retailer price reduction,TPR,Puff 1CT,1.196,0.0,1.196,0.4,247.68,1.72,244.17,0.68,0,0,0.0,0.0,0.0,0,0.3,0,0.0,0,86.4,148397.48,0.35,51939.12,200336.6,1391.22,0,0.0,0.0,60100.98,0,0.0,0.0,60100.98,0.0,,309,"Promotions,_Sep_30,_2026  FULL HISTORY For Aevah.xlsx",2026-09-30
2025-05-01T00:00:00Z,KROGER,1434c763-2e67-4ef1-ded1-08dd6bd158c9,KROGER May 2025 TPR,Complete - Unsettled (Open),UNFI,2025-05-01,2025-05-30,2025-04-17,2025-04-30,Retailer price reduction,TPR,Puff 4CT,4.396,0.0,4.396,0.4,39.84,6.64,33.06,2.204,0,0,0.0,0.0,0.0,0,1.0,0,0.0,0,12.0,87125.4,0.6,52275.24,139400.64,23233.44,0,0.0,0.0,139400.64,0,0.0,0.0,139400.64,0.0,,309,"Promotions,_Sep_30,_2026  FULL HISTORY For Aevah.xlsx",2026-09-30
2026-07-01T00:00:00Z,Nugget Market,143de2ad-97c4-4714-d727-08de5cdc8bfa,Nugget Market July 2026 Puff Singles TPR,Complete - Unsettled (Open),UNFI,2026-07-01,2026-07-31,2026-07-01,2026-07-31,Retailer price reduction,TPR,Puff 1CT,0.0,2.5,0.0,0.0,247.68,1.72,242.73,1.69,0,0,0.0,0.0,0.0,0,0.47,0,0.0,0,338.4,1667.36,0.3,500.21,2167.57,15.06,0,0.0,0.0,1018.76,0,0.0,0.0,1018.76,862.64,2026-08-26,976,"Promotions,_Sep_30,_2026  FULL HISTORY For Aevah.xlsx",2026-09-30
2027-01-01T00:00:00Z,Albertsons Corporate,1453b528-b685-445e-6fb1-08de8a6b9689,January 2027 National Event - Fee Only,Draft,Direct,2027-01-01,2027-01-31,2027-01-01,2027-01-31,Retailer price reduction,TPR,Puff 4CT,10.99,0.99,10.0,0.9099,39.84,6.64,39.84,6.64,0,0,0.0,0.0,0.0,0,1.0,0,0.0,0,24.0,0.0,0.0,0.0,0.0,0.0,0,0.0,0.0,0.0,0,0.0,0.0,0.0,0.0,,1475,"Promotions,_Sep_30,_2026  FULL HISTORY For Aevah.xlsx",2026-09-30
2027-01-01T00:00:00Z,Albertsons Corporate,1453b528-b685-445e-6fb1-08de8a6b9689,January 2027 National Event - Fee Only,Draft,Direct,2027-01-01,2027-01-31,2027-01-01,2027-01-31,Customer advertising,Family AD,,0.0,0.0,0.0,0.0,0.0,0.0,0.0,0.0,0,0,0.0,0.0,0.0,0,0.0,0,0.0,0,0.0,0.0,0.0,0.0,0.0,0.0,0,0.0,0.0,0.0,0,0.0,40000.0,40000.0,0.0,,1475,"Promotions,_Sep_30,_2026  FULL HISTORY For Aevah.xlsx",2026-09-30
2027-01-01T00:00:00Z,Albertsons Corporate,1453b528-b685-445e-6fb1-08de8a6b9689,January 2027 National Event - Fee Only,Draft,Direct,2027-01-01,2027-01-31,2027-01-01,2027-01-31,Coupon,$1 Off,,0.0,0.0,0.0,0.0,0.0,0.0,0.0,0.0,0,0,0.0,0.0,0.0,0,0.0,0,0.0,0,0.0,0.0,0.0,0.0,0.0,0.0,0,0.0,0.0,0.0,0,0.0,0.0,0.0,0.0,,1475,"Promotions,_Sep_30,_2026  FULL HISTORY For Aevah.xlsx",2026-09-30
2025-12-29T00:00:00Z,Albertsons United,14ab90b3-c060-46aa-4154-08de5e781b74,"January 2026 2/$5 TPR + Digital, $9.99 4ct TPR + Digital",Complete - Unsettled (Open),KEHE DISTRIBUTORS,2025-12-29,2026-01-25,2025-12-29,2026-01-25,Retailer price reduction,TPR,Puff 1CT,0.0,2.5,0.0,0.0,247.68,1.72,197.59333333333333,1.3755555555555556,0,0,0.0,0.0,0.0,0,0.39,0,0.0,0,505.44,13466.91,0.75,10100.2,23567.11,163.67,0,0.0,0.0,9191.16,0,0.0,0.0,9191.16,5180.84,2026-03-11,1335,"Promotions,_Sep_30,_2026  FULL HISTORY For Aevah.xlsx",2026-09-30
2025-12-29T00:00:00Z,Albertsons United,14ab90b3-c060-46aa-4154-08de5e781b74,"January 2026 2/$5 TPR + Digital, $9.99 4ct TPR + Digital",Complete - Unsettled (Open),KEHE DISTRIBUTORS,2025-12-29,2026-01-25,2025-12-29,2026-01-25,Retailer price reduction,TPR,Puff 4CT,0.0,9.99,0.0,0.0,39.84,6.64,38.04,6.34,0,0,0.0,0.0,0.0,0,1.0,0,0.0,0,24.0,2790.0,0.2,558.0,3348.0,558.0,0,0.0,0.0,3348.0,0,0.0,0.0,3348.0,831.0,2026-03-11,1335,"Promotions,_Sep_30,_2026  FULL HISTORY For Aevah.xlsx",2026-09-30
2025-12-29T00:00:00Z,Albertsons United,14ab90b3-c060-46aa-4154-08de5e781b74,"January 2026 2/$5 TPR + Digital, $9.99 4ct TPR + Digital",Complete - Unsettled (Open),Direct,2025-12-29,2026-01-25,2025-12-29,2026-01-25,Coupon,Digital Coupon,,0.0,0.0,0.0,0.0,0.0,0.0,0.0,0.0,0,0,0.0,0.0,0.0,0,0.0,0,0.0,0,0.0,0.0,0.0,0.0,0.0,0.0,0,0.0,0.0,0.0,0,0.0,1345.75,1345.75,0.0,2026-03-11,1335,"Promotions,_Sep_30,_2026  FULL HISTORY For Aevah.xlsx",2026-09-30
2026-04-01T00:00:00Z,SCHNUCKS,14b399c7-2126-4078-7f74-08de5da29cfe,SCHNUCKS April 2026 Puff Singles TPR,Complete - Unsettled (Open),"DOT FOODS, INC",2026-04-01,2026-04-14,2026-04-01,2026-04-14,Retailer price reduction,TPR,Puff 1CT,0.9966666666666666,2.0,0.33,0.11036666666666667,247.68,1.72,247.68,1.72,0,0,0.0,0.0,0.0,0,0.4,0,0.0,0,691.2,5644.8,0.4,2257.92,7902.72,54.88,0,0.0,0.0,3161.11,0,0.0,0.0,3161.11,0.0,,1308,"Promotions,_Sep_30,_2026  FULL HISTORY For Aevah.xlsx",2026-09-30
2025-05-01T00:00:00Z,AWG,14d0fe8e-f718-425b-f945-08dd6bd158cb,AWG May 2025 TPR,Complete - Unsettled (Open),"DOT FOODS, INC",2025-05-01,2025-05-18,2025-04-17,2025-04-30,Retailer price reduction,TPR,Puff 1CT,0.0,0.0,0.0,0.0,247.68,1.72,247.68,1.72,0,0,0.0,0.0,0.0,0,0.37,0,0.0,0,319.68,6979.01,0.3166666666666667,2152.45,9131.46,63.42,0,0.0,0.0,3378.64,0,0.0,0.0,3378.64,0.0,,499,"Promotions,_Sep_30,_2026  FULL HISTORY For Aevah.xlsx",2026-09-30
2025-05-01T00:00:00Z,AWG,14d0fe8e-f718-425b-f945-08dd6bd158cb,AWG May 2025 TPR,Complete - Unsettled (Open),"DOT FOODS, INC",2025-05-01,2025-05-18,2025-04-17,2025-04-30,Retailer price reduction,TPR,Puff 4CT,0.0,0.0,0.0,0.0,39.84,6.64,39.84,6.64,0,0,0.0,0.0,0.0,0,0.0,0,0.0,0,0.0,324.0,0.4,124.2,448.2,74.7,0,0.0,0.0,0.0,0,0.0,0.0,0.0,0.0,,499,"Promotions,_Sep_30,_2026  FULL HISTORY For Aevah.xlsx",2026-09-30
2025-05-01T00:00:00Z,AWG,14d0fe8e-f718-425b-f945-08dd6bd158cb,AWG May 2025 TPR,Complete - Unsettled (Open),"DOT FOODS, INC",2025-05-01,2025-05-18,2025-04-17,2025-04-30,Retailer price reduction,TPR,Bar 1CT,0.0,0.0,0.0,0.0,247.68,1.72,247.68,1.72,0,0,0.0,0.0,0.0,0,0.0,0,0.0,0,0.0,0.0,0.3,0.0,0.0,0.0,0,0.0,0.0,0.0,0,0.0,0.0,0.0,0.0,,499,"Promotions,_Sep_30,_2026  FULL HISTORY For Aevah.xlsx",2026-09-30
2026-10-01T00:00:00Z,Weis Markets,15e9920b-130b-4f6e-4095-08de5da29cfe,Weis Markets October 2026 Puff 4-Pack TPR,Planned,C&S Wholesale,2026-10-01,2026-10-31,2026-10-01,2026-10-31,Retailer price reduction,TPR,Club Packs,0.0,8.99,0.0,0.0,9439.5,17.98,9439.5,17.98,0,0,0.0,0.0,0.0,0,0.6,0,0.0,0,945.0,0.0,0.2,0.0,0.0,0.0,0,0.0,0.0,0.0,0,0.0,0.0,0.0,0.0,,1153,"Promotions,_Sep_30,_2026  FULL HISTORY For Aevah.xlsx",2026-09-30
2026-10-01T00:00:00Z,Weis Markets,15e9920b-130b-4f6e-4095-08de5da29cfe,Weis Markets October 2026 Puff 4-Pack TPR,Planned,C&S Wholesale,2026-10-01,2026-10-31,2026-10-01,2026-10-31,Retailer price reduction,TPR,Puff 4CT,0.0,8.99,0.0,0.0,37.5168,7.4288,37.5168,7.4288,0,0,0.0,0.0,0.0,0,0.6,0,0.0,0,84.0,2439.95,0.2,487.99,2927.94,487.99,0,0.0,0.0,1756.76,0,0.0,0.0,1756.76,0.0,,1153,"Promotions,_Sep_30,_2026  FULL HISTORY For Aevah.xlsx",2026-09-30
2026-10-01T00:00:00Z,Weis Markets,15e9920b-130b-4f6e-4095-08de5da29cfe,Weis Markets October 2026 Puff 4-Pack TPR,Planned,C&S Wholesale,2026-10-01,2026-10-31,2026-10-01,2026-10-31,Retailer price reduction,TPR,Puff Shipper,0.0,8.99,0.0,0.0,79.66000000000001,79.66,79.66,79.66,0,0,0.0,0.0,0.0,0,0.6,0,0.0,0,1.2,0.0,0.2,0.0,0.0,0.0,0,0.0,0.0,0.0,0,0.0,0.0,0.0,0.0,,1153,"Promotions,_Sep_30,_2026  FULL HISTORY For Aevah.xlsx",2026-09-30
2026-03-11T00:00:00Z,SMART & FINAL,15ea365b-2347-4253-d739-08de5cdc8bfa,SMART & FINAL March 2026 Puff Singles TPR,Complete - Unsettled (Open),KEHE DISTRIBUTORS,2026-03-11,2026-03-24,2026-03-11,2026-03-24,Retailer price reduction,TPR,Puff 1CT,0.0,24.99,0.0,0.0,247.68,1.72,227.88,1.58,0,0,0.0,0.0,0.0,0,2.16,0,0.0,0,622.08,5691.6,0.25,1422.9,7114.5,49.4,0,0.0,0.0,15367.32,0,0.0,0.0,15367.32,527.04,2026-03-24,994,"Promotions,_Sep_30,_2026  FULL HISTORY For Aevah.xlsx",2026-09-30
2026-03-11T00:00:00Z,SMART & FINAL,15ea365b-2347-4253-d739-08de5cdc8bfa,SMART & FINAL March 2026 Puff Singles TPR,Complete - Unsettled (Open),Direct,2026-03-11,2026-03-24,2026-03-11,2026-03-24,Customer advertising,Ad,,0.0,0.0,0.0,0.0,0.0,0.0,0.0,0.0,0,0,0.0,0.0,0.0,0,0.0,0,0.0,0,0.0,0.0,0.0,0.0,0.0,0.0,0,0.0,0.0,0.0,0,0.0,2500.0,2500.0,2500.0,2026-03-24,994,"Promotions,_Sep_30,_2026  FULL HISTORY For Aevah.xlsx",2026-09-30
2026-05-01T00:00:00Z,Albertsons SoCal,15f201a0-0a54-4d5c-f0e3-08de8bfc2efc,May 2026 $9.99 + Digital,Complete - Unsettled (Open),Direct,2026-05-01,2026-05-28,2026-05-01,2026-05-28,Retailer price reduction,TPR,Puff 4CT,10.99,9.99,1.0,0.091,39.84,6.64,39.84,6.64,0,0,0.0,0.0,0.0,0,1.0,0,0.0,0,24.0,8974.4,0.3,2692.32,11666.72,1944.45,0,0.0,0.0,11666.72,0,0.0,0.0,11666.72,10953.0,2026-05-28,1497,"Promotions,_Sep_30,_2026  FULL HISTORY For Aevah.xlsx",2026-09-30
2026-05-01T00:00:00Z,Albertsons SoCal,15f201a0-0a54-4d5c-f0e3-08de8bfc2efc,May 2026 $9.99 + Digital,Complete - Unsettled (Open),Direct,2026-05-01,2026-05-28,2026-05-01,2026-05-28,Coupon,Digital Coupon,,0.0,0.0,0.0,0.0,0.0,0.0,0.0,0.0,0,0,0.0,0.0,0.0,0,0.0,0,0.0,0,0.0,0.0,0.0,0.0,0.0,0.0,0,0.0,0.0,0.0,0,0.0,583.34,583.34,0.0,2026-05-28,1497,"Promotions,_Sep_30,_2026  FULL HISTORY For Aevah.xlsx",2026-09-30
2026-06-01T00:00:00Z,JACKSONS,1669a05b-914d-4b7a-7f5b-08de5da29cfe,JACKSONS June 2026 Puff Singles TPR,Complete - Unsettled (Open),CAPITOL DISTRIBUTING,2026-06-01,2026-06-24,2026-06-01,2026-06-24,Retailer price reduction,TPR,Puff 1CT,0.0,3.0,0.0,0.0,247.68,1.72,247.68,1.72,0,0,0.0,0.0,0.0,0,0.3,0,0.0,0,129.6,5422.02,0.2,1084.41,6506.43,45.18,0,0.0,0.0,1951.92,0,0.0,0.0,1951.92,0.0,,1283,"Promotions,_Sep_30,_2026  FULL HISTORY For Aevah.xlsx",2026-09-30
2026-06-01T00:00:00Z,JACKSONS,1669a05b-914d-4b7a-7f5b-08de5da29cfe,JACKSONS June 2026 Puff Singles TPR,Complete - Unsettled (Open),Direct,2026-06-01,2026-06-24,2026-06-01,2026-06-24,Customer advertising,Ad,,0.0,0.0,0.0,0.0,0.0,0.0,0.0,0.0,0,0,0.0,0.0,0.0,0,0.0,0,0.0,0,0.0,0.0,0.0,0.0,0.0,0.0,0,0.0,0.0,0.0,0,0.0,1000.0,1000.0,0.0,,1283,"Promotions,_Sep_30,_2026  FULL HISTORY For Aevah.xlsx",2026-09-30
2025-01-03T00:00:00Z,Albertsons Corporate,16b8c8c9-8f88-4724-28cb-08dd721102ed,ALBERTSONS COMPANIES January 2025 Puff Digital Coupon,Complete - Unsettled (Open),Direct,2025-01-03,2025-01-28,2024-12-20,2025-01-02,Coupon,Digital Coupon,,0.0,0.0,0.0,0.0,0.0,0.0,0.0,0.0,0,0,0.0,0.0,0.0,0,0.0,0,0.0,0,0.0,0.0,0.0,0.0,0.0,0.0,0,0.0,0.0,0.0,0,0.0,2489.89,2489.89,0.0,,610,"Promotions,_Sep_30,_2026  FULL HISTORY For Aevah.xlsx",2026-09-30
2025-06-01T00:00:00Z,PLAID PANTRY,16f0e5a8-2579-4667-eb91-08dd6bd158c7,PLAID PANTRY June 2025 TPR,Complete - Unsettled (Open),"CORE-MARK INTERNATIONAL, INC.",2025-06-01,2025-06-30,2025-05-18,2025-05-31,Retailer price reduction,TPR,Puff 1CT,0.0,0.0,0.0,0.0,247.68,1.72,247.27,1.72,0,0,0.0,0.0,0.0,0,0.85,0,0.0,0,489.6,3919.57,0.15,587.94,4507.51,31.31,0,0.0,0.0,3831.39,0,0.0,0.0,3831.39,0.0,,215,"Promotions,_Sep_30,_2026  FULL HISTORY For Aevah.xlsx",2026-09-30
2026-07-01T00:00:00Z,Raleys,17198652-bba9-4077-d72c-08de5cdc8bfa,Raleys July 2026 Puff Singles TPR,Complete - Unsettled (Open),UNFI,2026-07-01,2026-07-31,2026-07-01,2026-07-31,Retailer price reduction,TPR,Puff 1CT,0.0,2.5,0.0,0.0,247.68,1.72,242.73,1.69,0,0,0.0,0.0,0.0,0,0.36,0,0.0,0,311.04,12324.72,0.25,3081.17,15405.89,106.98,0,0.0,0.0,5546.13,0,0.0,0.0,5546.13,1075.41,2026-07-25,981,"Promotions,_Sep_30,_2026  FULL HISTORY For Aevah.xlsx",2026-09-30
2025-07-01T00:00:00Z,CIRCLE K,1729391f-7e2c-406f-edb8-08dd6bd158ca,CIRCLE K EAST July 2025 TPR,Complete - Unsettled (Open),"CORE-MARK INTERNATIONAL, INC.",2025-07-01,2025-07-30,2025-06-17,2025-06-30,Retailer price reduction,TPR,Puff 1CT,3.49,2.49,1.0,0.2865,247.68,1.72,247.27,1.72,0,0,0.0,0.0,0.0,0,0.59,0,0.0,0,169.92,43790.14,0.15,6568.52,50358.66,349.72,0,0.0,0.0,14855.8,0,0.0,0.0,14855.8,0.0,,392,"Promotions,_Sep_30,_2026  FULL HISTORY For Aevah.xlsx",2026-09-30
2025-07-01T00:00:00Z,CIRCLE K,1729391f-7e2c-406f-edb8-08dd6bd158ca,CIRCLE K EAST July 2025 TPR,Complete - Unsettled (Open),MCLANE GROCER,2025-07-01,2025-07-30,2025-06-17,2025-06-30,Retailer price reduction,TPR,Puff 1CT,3.49,2.49,1.0,0.2865,247.68,1.72,247.22,1.72,0,0,0.0,0.0,0.0,0,0.59,0,0.0,0,169.92,43790.14,0.15,6568.52,50358.66,349.72,0,0.0,0.0,14855.8,0,0.0,0.0,14855.8,0.0,,392,"Promotions,_Sep_30,_2026  FULL HISTORY For Aevah.xlsx",2026-09-30
2026-07-01T00:00:00Z,Pitco,172f48c6-140d-4932-7f6d-08de5da29cfe,Pitco July 2026 Puff Singles TPR,Complete - Unsettled (Open),"DOT FOODS, INC",2026-07-01,2026-07-31,2026-07-01,2026-07-31,Retailer price reduction,TPR,Puff 1CT,0.598,1.97,0.204,0.06822,247.68,1.72,247.68,1.72,0,0,0.0,0.0,0.0,0,0.33,0,0.0,0,237.6,11957.15,0.3,3587.15,15544.3,107.96,0,0.0,0.0,5129.61,0,0.0,0.0,5129.61,0.0,,1301,"Promotions,_Sep_30,_2026  FULL HISTORY For Aevah.xlsx",2026-09-30
2026-03-04T00:00:00Z,Albertsons NorCal,176c1535-9dc2-4ea6-a0f5-08de89a46b1d,March 2026 $9.99 National Event TPR,Complete - Unsettled (Open),Direct,2026-03-04,2026-03-31,2026-03-04,2026-03-31,Retailer price reduction,TPR,Puff 4CT,10.99,8.99,2.0,0.182,39.84,6.64,39.84,6.64,0,0,0.0,0.0,0.0,0,1.0,0,0.0,0,24.0,8263.6,0.35,2892.26,11155.86,1859.31,0,0.0,0.0,11155.86,0,0.0,0.0,11155.86,0.0,,1463,"Promotions,_Sep_30,_2026  FULL HISTORY For Aevah.xlsx",2026-09-30
2026-08-01T00:00:00Z,Atlantis,178815c3-249b-48cf-6363-08de5da29cfe,Atlantis September 2026 TPR,In progress,National Convenience Distributors,2026-08-01,2026-09-30,2026-08-01,2026-09-30,Retailer price reduction,TPR,Puff 1CT,0.598,2.5,0.098,0.03278,247.68,1.72,247.68,1.72,0,0,0.0,0.0,0.0,0,0.25,0,0.0,0,180.0,8452.85,0.15,1267.95,9720.8,67.5,0,0.0,0.0,2430.2,0,0.0,0.0,2430.2,0.0,,1161,"Promotions,_Sep_30,_2026  FULL HISTORY For Aevah.xlsx",2026-09-30
2026-02-01T00:00:00Z,VITAMIN SHOPPE,18643067-829e-47bb-407e-08de5da29cfe,VITAMIN SHOPPE February 2026 Puff Singles TPR,Complete - Unsettled (Open),Direct,2026-02-01,2026-02-08,2026-02-01,2026-02-08,Retailer price reduction,TPR,Puff 1CT,3.29,2.5,0.79,0.2401,247.68,1.72,242.73,1.69,0,0,0.0,0.0,0.0,0,0.42,0,0.0,0,544.32,21320.0,0.2,4264.0,25584.0,177.66,0,0.0,0.0,10745.28,0,0.0,0.0,10745.28,11687.33,2026-03-25,1131,"Promotions,_Sep_30,_2026  FULL HISTORY For Aevah.xlsx",2026-09-30
2026-09-01T00:00:00Z,RALPHS,187b4d40-d048-424e-405d-08de5da29cfe,RALPHS September 2026 Puff 4-Pack TPR,In progress,KEHE DISTRIBUTORS,2026-09-01,2026-09-30,2026-09-01,2026-09-30,Retailer price reduction,TPR,Puff 4CT,10.99,9.99,1.0,0.091,39.84,6.64,40.44,6.74,0,0,0.0,0.0,0.0,0,0.8,0,0.0,0,9.6,3240.0,0.25,810.0,4050.0,675.0,0,0.0,0.0,3240.0,0,0.0,0.0,3240.0,5470.56,2026-09-15,1098,"Promotions,_Sep_30,_2026  FULL HISTORY For Aevah.xlsx",2026-09-30
2025-07-01T00:00:00Z,ANABI OIL,18cf5a58-cfdc-44e4-e8b1-08dd6bd158c7,ANABI OIL July 2025 TPR,Complete - Unsettled (Open),"CORE-MARK INTERNATIONAL, INC.",2025-07-01,2025-07-31,2025-06-17,2025-06-30,Retailer price reduction,TPR,Puff 1CT,0.0,0.0,0.0,0.0,247.68,1.72,247.27,1.72,0,0,0.0,0.0,0.0,0,0.3,0,0.0,0,129.6,7328.61,0.15,1099.29,8427.9,58.53,0,0.0,0.0,2528.37,0,0.0,0.0,2528.37,0.0,,207,"Promotions,_Sep_30,_2026  FULL HISTORY For Aevah.xlsx",2026-09-30
2025-11-09T00:00:00Z,WAWA,18d5bc3f-33b8-49f8-4e68-08dd663e4335,Wawa November 2025 Singles TPR,Complete - Unsettled (Open),Direct,2025-11-09,2025-11-22,2025-10-26,2025-11-08,Display,End Cap,,0.0,0.0,0.0,0.0,0.0,0.0,0.0,0.0,0,0,0.0,0.0,0.0,0,0.0,0,0.0,0,0.0,0.0,0.0,0.0,0.0,0.0,0,0.0,0.0,0.0,0,0.0,27000.0,27000.0,6600.0,2025-11-24,12,"Promotions,_Sep_30,_2026  FULL HISTORY For Aevah.xlsx",2026-09-30
2026-10-01T00:00:00Z,Lowes Foods,18d77069-dcec-4b19-c70b-08de96343d89,October 4ct TPR,Planned,"DOT FOODS, INC",2026-10-01,2026-10-15,2026-10-01,2026-10-15,Retailer price reduction,TPR,Puff 4CT,10.99,8.99,2.0,0.182,39.84,6.64,39.84,6.64,0,0,0.0,0.0,0.0,0,1.0,0,0.0,0,24.0,942.85,0.4,377.15,1320.0,220.0,0,0.0,0.0,1320.0,0,0.0,0.0,1320.0,0.0,,1522,"Promotions,_Sep_30,_2026  FULL HISTORY For Aevah.xlsx",2026-09-30
2026-11-05T00:00:00Z,PUBLIX,19b0d63e-c078-4ebf-84c8-08de4f7c9ec1,November 2026 Puff Singles BOGO,Planned,Direct,2026-11-05,2026-11-11,2026-11-05,2026-11-11,Retailer price reduction,BOGO,Puff 1CT,2.546666666666667,2.33,0.43888888888888894,0.15733333333333333,247.68,1.72,247.68,1.72,0,0,0.0,0.0,0.0,0,1.35,0,0.0,0,1749.6,27565.6,4.5,124045.2,151610.8,1052.85,0,0.0,0.0,204674.57,0,0.0,0.0,204674.57,0.0,,913,"Promotions,_Sep_30,_2026  FULL HISTORY For Aevah.xlsx",2026-09-30
2026-01-01T00:00:00Z,KEHE DISTRIBUTORS,19d17519-a4ea-422e-7c6a-08de5e781b74,KeHE January 2026 20% OI,Complete - Unsettled (Open),Direct,2026-01-01,2026-01-31,2026-01-01,2026-01-31,Distributor price reduction,,Puff 1CT,0.0,0.0,0.0,0.0,0.0,0.0,245.8164705882353,0.0,0,0,0.0,0.0,0.0,0,0.0,0,0.0,0,0.0,0.0,0.0,0.0,0.0,0.0,0,0.0,69963.86,0.0,0,0.0,0.0,69963.86,67.08,2026-01-18,1358,"Promotions,_Sep_30,_2026  FULL HISTORY For Aevah.xlsx",2026-09-30
2026-08-01T00:00:00Z,Sam's Club,19d37f0b-c45d-44ed-08af-08deb27c50a3,Sam's August 2026 ISB,Complete - Unsettled (Open),Direct,2026-08-01,2026-08-31,2026-08-01,2026-08-31,Customer advertising,Ad,,0.0,0.0,0.0,0.0,0.0,0.0,0.0,0.0,0,0,0.0,0.0,0.0,0,0.0,0,0.0,0,0.0,0.0,0.0,0.0,0.0,0.0,0,0.0,0.0,0.0,0,0.0,55000.0,55000.0,387568.16,2026-08-24,1565,"Promotions,_Sep_30,_2026  FULL HISTORY For Aevah.xlsx",2026-09-30
2026-08-01T00:00:00Z,Sam's Club,19d37f0b-c45d-44ed-08af-08deb27c50a3,Sam's August 2026 ISB,Complete - Unsettled (Open),Direct,2026-08-01,2026-08-31,2026-08-01,2026-08-31,Coupon,Digital Coupon,,0.0,0.0,0.0,0.0,0.0,0.0,0.0,0.0,0,0,0.0,0.0,0.0,0,0.0,0,0.0,0,0.0,0.0,0.0,0.0,0.0,0.0,0,0.0,0.0,0.0,0,0.0,2233744.48,2233744.48,387568.18,2026-08-24,1565,"Promotions,_Sep_30,_2026  FULL HISTORY For Aevah.xlsx",2026-09-30
2026-04-01T00:00:00Z,Dierbergs,19def1dc-fae4-40bd-7f33-08de5da29cfe,Dierbergs April 2026 Puff Singles TPR,Complete - Unsettled (Open),Cohen Distributing,2026-04-01,2026-04-30,2026-04-01,2026-04-30,Retailer price reduction,TPR,Puff 1CT,0.42714285714285716,2.5,0.07,0.023414285714285714,247.68,1.72,247.68,1.72,0,0,0.0,0.0,0.0,0,0.25,0,0.0,0,252.0,6248.57,0.3,1874.57,8123.14,56.41,0,0.0,0.0,2030.78,0,0.0,0.0,2030.78,1409.0,2026-04-28,1243,"Promotions,_Sep_30,_2026  FULL HISTORY For Aevah.xlsx",2026-09-30
2026-04-01T00:00:00Z,Dierbergs,19def1dc-fae4-40bd-7f33-08de5da29cfe,Dierbergs April 2026 Puff Singles TPR,Complete - Unsettled (Open),Direct,2026-04-01,2026-04-30,2026-04-01,2026-04-30,Customer advertising,Ad,,0.0,0.0,0.0,0.0,0.0,0.0,0.0,0.0,0,0,0.0,0.0,0.0,0,0.0,0,0.0,0,0.0,0.0,0.0,0.0,0.0,0.0,0,0.0,0.0,0.0,0,0.0,395.0,395.0,0.0,2026-04-28,1243,"Promotions,_Sep_30,_2026  FULL HISTORY For Aevah.xlsx",2026-09-30
2025-08-01T00:00:00Z,STOP & SHOP,1a203433-4e8d-42f7-e10b-08dd6bd158c6,STOP & SHOP August 2025 TPR,Complete - Unsettled (Open),UNFI,2025-08-01,2025-08-28,2025-07-18,2025-07-31,Retailer price reduction,TPR,Puff 1CT,0.0,0.0,0.0,0.0,247.68,1.72,244.17,1.7,0,0,0.0,0.0,0.0,0,0.34,0,0.0,0,146.88,28045.28,0.2,5609.06,33654.34,233.7,0,0.0,0.0,11442.47,0,0.0,0.0,11442.47,9902.9,2025-10-17,133,"Promotions,_Sep_30,_2026  FULL HISTORY For Aevah.xlsx",2026-09-30
2026-09-01T00:00:00Z,WAKEFERN,1a36ef6c-f2ff-4975-4087-08de5da29cfe,WAKEFERN September 2026 Puff Singles TPR,Complete - Unsettled (Open),UNFI,2026-09-01,2026-09-14,2026-09-01,2026-09-14,Retailer price reduction,TPR,Puff 1CT,0.0,2.49,0.0,0.0,247.68,1.72,242.73,1.69,0,0,0.0,0.0,0.0,0,0.8,0,0.0,0,460.8,14838.48,0.25,3709.62,18548.1,128.82,0,0.0,0.0,14838.48,0,0.0,0.0,14838.48,0.0,,1140,"Promotions,_Sep_30,_2026  FULL HISTORY For Aevah.xlsx",2026-09-30
2027-01-01T00:00:00Z,GETGO,1aa892bf-6162-4960-fae5-08dd6bd158ca,GETGO January 2027 TPR,Planned,MCLANE GROCER,2027-01-01,2027-01-31,2026-12-18,2026-12-31,Retailer price reduction,TPR,Puff 1CT,0.0,0.0,0.0,0.0,247.68,1.72,242.31666666666666,1.6833333333333333,0,0,0.0,0.0,0.0,0,0.0,0,0.0,0,0.0,344.6,0.15,51.69,396.29,2.75,0,0.0,0.0,0.0,0,0.0,0.0,0.0,0.0,,433,"Promotions,_Sep_30,_2026  FULL HISTORY For Aevah.xlsx",2026-09-30
2026-06-11T00:00:00Z,PUBLIX,1b338b76-e61a-4c5e-84c6-08de4f7c9ec1,June 2026 Puff Singles 2/$4 TPR + Ice Cream Shippers,Complete - Unsettled (Open),Direct,2026-06-11,2026-07-04,2026-06-11,2026-07-04,Retailer price reduction,TPR,Puff 1CT,2.546666666666667,2.0,0.768888888888889,0.2677,247.68,1.72,247.68,1.72,0,0,0.0,0.0,0.0,0,0.69,0,0.0,0,894.24,109906.97,2.25,247290.68,357197.65,2480.54,0,0.0,0.0,246466.36,0,0.0,0.0,246466.36,193954.17,2026-07-06,911,"Promotions,_Sep_30,_2026  FULL HISTORY For Aevah.xlsx",2026-09-30
2026-06-11T00:00:00Z,PUBLIX,1b338b76-e61a-4c5e-84c6-08de4f7c9ec1,June 2026 Puff Singles 2/$4 TPR + Ice Cream Shippers,Complete - Unsettled (Open),Direct,2026-06-11,2026-07-04,2026-06-11,2026-07-04,Retailer price reduction,TPR,Puff Shipper,0.0,0.0,0.0,0.0,123.84,3.99,123.84,0.0,0,0,0.0,0.0,0.0,0,0.69,0,0.0,0,0.0,0.0,0.0,0.0,0.0,0.0,0,0.0,0.0,0.0,0,0.0,0.0,0.0,0.0,2026-07-06,911,"Promotions,_Sep_30,_2026  FULL HISTORY For Aevah.xlsx",2026-09-30
2026-05-01T00:00:00Z,KROGER,1b806ec8-d875-4fed-4052-08de5da29cfe,KROGER May 2026 Puff Singles TPR,Complete - Unsettled (Open),Direct,2026-05-01,2026-05-30,2026-05-01,2026-05-30,Retailer price reduction,TPR,Puff 1CT,1.196,2.5,0.196,0.06556,247.68,1.72,247.68,1.72,0,0,0.0,0.0,0.0,0,0.0,0,0.0,0,0.0,38571.43,0.3,11571.43,50142.86,348.22,0,0.0,0.0,0.0,0,0.0,0.0,0.0,0.0,,1087,"Promotions,_Sep_30,_2026  FULL HISTORY For Aevah.xlsx",2026-09-30
2026-07-01T00:00:00Z,TOWN PUMP,1baf658a-dc67-4908-7f85-08de5da29cfe,TOWN PUMP July 2026 Puff Singles TPR,Complete - Unsettled (Open),MCLANE GROCER,2026-07-01,2026-07-28,2026-07-01,2026-07-28,Retailer price reduction,TPR,Puff 1CT,0.0,2.99,0.0,0.0,247.68,1.72,242.11,1.68,0,0,0.0,0.0,0.0,0,0.2,0,0.0,0,57.6,3267.2,0.2,653.44,3920.64,27.22,0,0.0,0.0,784.12,0,0.0,0.0,784.12,0.0,,1325,"Promotions,_Sep_30,_2026  FULL HISTORY For Aevah.xlsx",2026-09-30
2026-07-01T00:00:00Z,TOWN PUMP,1baf658a-dc67-4908-7f85-08de5da29cfe,TOWN PUMP July 2026 Puff Singles TPR,Complete - Unsettled (Open),Direct,2026-07-01,2026-07-28,2026-07-01,2026-07-28,Customer advertising,Ad,,0.0,0.0,0.0,0.0,0.0,0.0,0.0,0.0,0,0,0.0,0.0,0.0,0,0.0,0,0.0,0,0.0,0.0,0.0,0.0,0.0,0.0,0,0.0,0.0,0.0,0,0.0,1400.0,1400.0,0.0,,1325,"Promotions,_Sep_30,_2026  FULL HISTORY For Aevah.xlsx",2026-09-30
2026-05-01T00:00:00Z,HY-VEE,1c27dc67-061f-4b65-7f4e-08de5da29cfe,HY-VEE May 2026 Puff Singles TPR,Complete - Unsettled (Open),Direct,2026-05-01,2026-05-14,2026-05-01,2026-05-14,Retailer price reduction,TPR,Puff 1CT,1.0872727272727274,1.67,0.48,0.16054545454545457,247.68,1.72,242.48,1.68,0,0,0.0,0.0,0.0,0,0.74,0,0.0,0,1172.16,25319.67,0.6,15191.81,40511.48,281.33,0,0.0,0.0,29978.49,0,0.0,0.0,29978.49,7105.17,2026-05-25,1270,"Promotions,_Sep_30,_2026  FULL HISTORY For Aevah.xlsx",2026-09-30
2026-05-01T00:00:00Z,HY-VEE,1c27dc67-061f-4b65-7f4e-08de5da29cfe,HY-VEE May 2026 Puff Singles TPR,Complete - Unsettled (Open),Direct,2026-05-01,2026-05-14,2026-05-01,2026-05-14,Customer advertising,Ad,,0.0,0.0,0.0,0.0,0.0,0.0,0.0,0.0,0,0,0.0,0.0,0.0,0,0.0,0,0.0,0,0.0,0.0,0.0,0.0,0.0,0.0,0,0.0,0.0,0.0,0,0.0,600.0,600.0,2719.87,2026-05-25,1270,"Promotions,_Sep_30,_2026  FULL HISTORY For Aevah.xlsx",2026-09-30
2025-06-01T00:00:00Z,HY-VEE FAST & FRESH,1c3aaadd-7b58-4ee2-fd58-08dd6bd158ca,HY-VEE FAST & FRESH June 2025 TPR,Complete - Unsettled (Open),Direct,2025-06-01,2025-06-30,2025-05-18,2025-05-31,Retailer price reduction,TPR,Puff 1CT,0.0,0.0,0.0,0.0,247.68,1.72,247.27,1.72,0,0,0.0,0.0,0.0,0,0.4,0,0.0,0,172.8,5538.12,0.15,830.73,6368.85,44.22,0,0.0,0.0,2547.54,0,0.0,0.0,2547.54,0.0,,444,"Promotions,_Sep_30,_2026  FULL HISTORY For Aevah.xlsx",2026-09-30
2027-01-01T00:00:00Z,SMITHS,1c92bc4e-8530-4598-f161-08dd6bd158c8,SMITHS January 2027 TPR,Planned,UNFI,2027-01-01,2027-01-31,2026-12-18,2026-12-31,Retailer price reduction,TPR,Puff 1CT,2.5628571428571427,0.0,2.5628571428571427,0.8571428571428572,176.9142857142857,1.2285714285714286,246.9185714285714,1.4714285714285715,0,0,0.0,0.0,0.0,0,0.3,0,0.0,0,259.2,1644.66,0.4,657.86,2302.52,15.99,0,0.0,0.0,690.76,0,0.0,0.0,690.76,0.0,,295,"Promotions,_Sep_30,_2026  FULL HISTORY For Aevah.xlsx",2026-09-30
2027-01-01T00:00:00Z,SMITHS,1c92bc4e-8530-4598-f161-08dd6bd158c8,SMITHS January 2027 TPR,Planned,UNFI,2027-01-01,2027-01-31,2026-12-18,2026-12-31,Retailer price reduction,TPR,Puff 4CT,10.99,0.0,10.99,1.0,39.84,6.64,39.04,6.51,0,0,0.0,0.0,0.0,0,0.0,0,0.0,0,0.0,435.88,0.5,217.94,653.82,108.96,0,0.0,0.0,0.0,0,0.0,0.0,0.0,0.0,,295,"Promotions,_Sep_30,_2026  FULL HISTORY For Aevah.xlsx",2026-09-30
2027-01-01T00:00:00Z,SMITHS,1c92bc4e-8530-4598-f161-08dd6bd158c8,SMITHS January 2027 TPR,Planned,UNFI,2027-01-01,2027-01-31,2026-12-18,2026-12-31,Retailer price reduction,TPR,Bar 1CT,2.99,0.0,2.99,1.0,247.68,1.72,262.15,0.0,0,0,0.0,0.0,0.0,0,0.3,0,0.0,0,0.0,0.0,0.4,0.0,0.0,0.0,0,0.0,0.0,0.0,0,0.0,0.0,0.0,0.0,,295,"Promotions,_Sep_30,_2026  FULL HISTORY For Aevah.xlsx",2026-09-30
2025-01-01T00:00:00Z,MAVERIK,1db932f6-403f-4d25-28f3-08dd721102ed,MAVERIK January 2025 Puff TPR,Complete - Unsettled (Open),"CORE-MARK INTERNATIONAL, INC.",2025-01-01,2025-01-08,2025-01-01,2025-01-08,Retailer price reduction,TPR,Puff 1CT,0.0,0.0,0.0,0.0,20.64,0.14,20.08,0.14,0,0,0.0,0.0,0.0,0,0.85,0,0.0,0,489.6,10103.99,0.15,1515.59,11619.58,80.69,0,0.0,0.0,9876.64,0,0.0,0.0,9876.64,0.0,,611,"Promotions,_Sep_30,_2026  FULL HISTORY For Aevah.xlsx",2026-09-30
2026-09-01T00:00:00Z,SAVE MART,1e0e1bb4-399d-4b0b-d737-08de5cdc8bfa,SAVE MART September 2026 Puff 4-Pack TPR,In progress,KEHE DISTRIBUTORS,2026-09-01,2026-09-30,2026-09-01,2026-09-30,Retailer price reduction,TPR,Puff 4CT,0.0,9.49,0.0,0.0,39.84,6.64,37.973333333333336,6.33,0,0,0.0,0.0,0.0,0,1.0,0,0.0,0,18.0,1864.29,0.2,372.87,2237.16,372.87,0,0.0,0.0,2237.16,0,0.0,0.0,2237.16,0.0,,992,"Promotions,_Sep_30,_2026  FULL HISTORY For Aevah.xlsx",2026-09-30
2026-02-15T00:00:00Z,CVS,1e15d33f-aae4-484d-4022-08de5da29cfe,CVS February 2026 Puff 4-Pack TPR,Complete - Unsettled (Open),"DOT FOODS, INC",2026-02-15,2026-02-28,2026-02-15,2026-02-28,Retailer price reduction,TPR,Puff 4CT,0.0,9.99,0.0,0.0,39.84,6.64,39.84,6.64,0,0,0.0,0.0,0.0,0,0.6,0,0.0,0,7.2,6461.28,0.2,1292.25,7753.53,1292.25,0,0.0,0.0,4652.12,0,0.0,0.0,4652.12,2505.0,2026-03-11,1039,"Promotions,_Sep_30,_2026  FULL HISTORY For Aevah.xlsx",2026-09-30
2025-03-01T00:00:00Z,TOWN PUMP,1e25b0d0-27dc-403f-fae6-08dd6bd158ca,TOWN PUMP March 2025 TPR,Complete - Unsettled (Open),MCLANE GROCER,2025-03-01,2025-03-27,2025-02-15,2025-02-28,Retailer price reduction,TPR,Puff 1CT,0.0,0.0,0.0,0.0,247.68,1.72,247.22,1.72,0,0,0.0,0.0,0.0,0,0.2,0,0.0,0,57.6,2892.86,0.2,578.58,3471.44,24.1,0,0.0,0.0,694.28,0,0.0,0.0,694.28,0.0,,434,"Promotions,_Sep_30,_2026  FULL HISTORY For Aevah.xlsx",2026-09-30
2026-05-01T00:00:00Z,BIG Y,1e533f3b-5909-4bae-401f-08de5da29cfe,BIG Y May 2026 Puff Singles TPR,Complete - Unsettled (Open),UNFI,2026-05-01,2026-05-30,2026-05-01,2026-05-30,Retailer price reduction,TPR,Puff 1CT,2.99,2.5,0.49,0.1639,247.68,1.72,209.55333333333334,1.4533333333333336,0,0,0.0,0.0,0.0,0,0.2,0,0.0,0,86.4,4515.26,0.0,0.0,4515.26,31.36,0,0.0,0.0,903.05,0,0.0,0.0,903.05,0.0,,1036,"Promotions,_Sep_30,_2026  FULL HISTORY For Aevah.xlsx",2026-09-30
2026-05-01T00:00:00Z,BIG Y,1e533f3b-5909-4bae-401f-08de5da29cfe,BIG Y May 2026 Puff Singles TPR,Complete - Unsettled (Open),Direct,2026-05-01,2026-05-30,2026-05-01,2026-05-30,Customer advertising,Ad,,0.0,0.0,0.0,0.0,0.0,0.0,0.0,0.0,0,0,0.0,0.0,0.0,0,0.0,0,0.0,0,0.0,0.0,0.0,0.0,0.0,0.0,0,0.0,0.0,0.0,0,0.0,500.0,500.0,0.0,,1036,"Promotions,_Sep_30,_2026  FULL HISTORY For Aevah.xlsx",2026-09-30
2026-01-01T00:00:00Z,VITAMIN SHOPPE,1e65f4ec-f30c-443a-407f-08de5da29cfe,VITAMIN SHOPPE January 2026 Puff Singles TPR,Complete - Unsettled (Open),Direct,2026-01-01,2026-01-15,2026-01-01,2026-01-15,Retailer price reduction,TPR,Puff 1CT,3.29,2.5,0.79,0.2401,247.68,1.72,242.73,1.69,0,0,0.0,0.0,0.0,0,0.42,0,0.0,0,544.32,47658.22,0.4,19063.29,66721.51,463.34,0,0.0,0.0,28023.03,0,0.0,0.0,28023.03,39174.1,2026-02-18,1132,"Promotions,_Sep_30,_2026  FULL HISTORY For Aevah.xlsx",2026-09-30
2026-09-01T00:00:00Z,MEIJER,1f82a94f-ff3f-4844-6383-08de5da29cfe,MEIJER September 2026 TPR,Complete - Unsettled (Open),Direct,2026-09-01,2026-09-08,2026-09-01,2026-09-08,Retailer price reduction,TPR,Puff 4CT,0.0,8.49,0.0,0.0,39.84,6.64,39.04,6.51,0,0,0.0,0.0,0.0,0,0.7,0,0.0,0,12.6,3265.02,0.05,163.25,3428.27,571.38,0,0.0,0.0,2399.79,0,0.0,0.0,2399.79,9866.58,2026-09-14,1193,"Promotions,_Sep_30,_2026  FULL HISTORY For Aevah.xlsx",2026-09-30
2025-05-01T00:00:00Z,Lowes Foods,200c95dc-94bb-4eaf-06d5-08dd6bd158cc,Lowes Foods May 2025 TPR,Complete - Unsettled (Open),"DOT FOODS, INC",2025-05-01,2025-05-28,2025-04-17,2025-04-30,Retailer price reduction,TPR,Puff 1CT,2.99,0.0,2.99,1.0,247.68,1.72,247.68,1.72,0,0,0.0,0.0,0.0,0,0.25,0,0.0,0,144.0,4826.6,0.425,2076.85,6903.45,47.94,0,0.0,0.0,1725.86,0,0.0,0.0,1725.86,0.0,,527,"Promotions,_Sep_30,_2026  FULL HISTORY For Aevah.xlsx",2026-09-30
2026-02-01T00:00:00Z,HY-VEE FAST & FRESH,202f4157-0c26-4306-7f53-08de5da29cfe,HY-VEE FAST & FRESH February 2026 Puff Singles TPR,Complete - Unsettled (Open),Direct,2026-02-01,2026-02-28,2026-02-01,2026-02-28,Retailer price reduction,TPR,Puff 1CT,0.0,2.5,0.0,0.0,247.68,1.72,242.73,1.69,0,0,0.0,0.0,0.0,0,0.25,0,0.0,0,108.0,2552.75,0.15,382.91,2935.66,20.39,0,0.0,0.0,733.91,0,0.0,0.0,733.91,0.0,,1275,"Promotions,_Sep_30,_2026  FULL HISTORY For Aevah.xlsx",2026-09-30
2026-06-01T00:00:00Z,LANL,20483dd9-aaf2-4679-d720-08de5cdc8bfa,LANL June 2026 Puff Singles TPR,Complete - Unsettled (Open),UNFI,2026-06-01,2026-06-30,2026-06-01,2026-06-30,Retailer price reduction,TPR,Puff 1CT,0.0,2.5,0.0,0.0,247.68,1.72,242.73,1.69,0,0,0.0,0.0,0.0,0,0.43,0,0.0,0,247.68,2625.86,1.0,2625.86,5251.72,36.47,0,0.0,0.0,2258.24,0,0.0,0.0,2258.24,0.0,,969,"Promotions,_Sep_30,_2026  FULL HISTORY For Aevah.xlsx",2026-09-30
2026-06-01T00:00:00Z,LANL,20483dd9-aaf2-4679-d720-08de5cdc8bfa,LANL June 2026 Puff Singles TPR,Complete - Unsettled (Open),Direct,2026-06-01,2026-06-30,2026-06-01,2026-06-30,Customer advertising,Ad,,0.0,0.0,0.0,0.0,0.0,0.0,0.0,0.0,0,0,0.0,0.0,0.0,0,0.0,0,0.0,0,0.0,0.0,0.0,0.0,0.0,0.0,0,0.0,0.0,0.0,0,0.0,150.0,150.0,0.0,,969,"Promotions,_Sep_30,_2026  FULL HISTORY For Aevah.xlsx",2026-09-30
2025-03-26T00:00:00Z,HEB,20716d2f-1b35-433a-28ef-08dd721102ed,HEB March 2025 Puff Coupon,Complete - Unsettled (Open),Direct,2025-03-26,2025-04-08,2025-03-12,2025-03-25,Coupon,$1 Off,,0.0,0.0,0.0,0.0,0.0,0.0,0.0,0.0,0,0,0.0,0.0,0.0,0,0.0,0,0.0,0,0.0,0.0,0.0,0.0,0.0,0.0,0,0.0,0.0,0.0,0,0.0,101161.2,101161.2,21457.63,2025-04-09,612,"Promotions,_Sep_30,_2026  FULL HISTORY For Aevah.xlsx",2026-09-30
2026-08-01T00:00:00Z,URM Stores,20eb276a-4562-496b-d751-08de5cdc8bfa,URM Stores August 2026 Puff Singles TPR,Complete - Unsettled (Open),UNFI,2026-08-01,2026-08-31,2026-08-01,2026-08-31,Retailer price reduction,TPR,Puff 1CT,0.0,2.5,0.0,0.0,247.68,1.72,193.19,1.34,0,0,0.0,0.0,0.0,0,0.47,0,0.0,0,203.04,7085.71,0.5,3542.86,10628.57,73.8,0,0.0,0.0,4995.43,0,0.0,0.0,4995.43,0.0,,1018,"Promotions,_Sep_30,_2026  FULL HISTORY For Aevah.xlsx",2026-09-30
2026-08-01T00:00:00Z,URM Stores,20eb276a-4562-496b-d751-08de5cdc8bfa,URM Stores August 2026 Puff Singles TPR,Complete - Unsettled (Open),Direct,2026-08-01,2026-08-31,2026-08-01,2026-08-31,Customer advertising,Ad,,0.0,0.0,0.0,0.0,0.0,0.0,0.0,0.0,0,0,0.0,0.0,0.0,0,0.0,0,0.0,0,0.0,0.0,0.0,0.0,0.0,0.0,0,0.0,0.0,0.0,0,0.0,350.0,350.0,0.0,,1018,"Promotions,_Sep_30,_2026  FULL HISTORY For Aevah.xlsx",2026-09-30
2026-01-01T00:00:00Z,HY-VEE,21332c7e-b7ab-4c55-7f4d-08de5da29cfe,HY-VEE January 2026 Puff Singles TPR,Complete - Unsettled (Open),Direct,2026-01-01,2026-01-10,2026-01-01,2026-01-10,Retailer price reduction,TPR,Puff 1CT,1.0872727272727274,2.25,0.2690909090909091,0.09,247.68,1.72,242.48,1.68,0,0,0.0,0.0,0.0,0,0.4,0,0.0,0,633.6,13737.65,0.6,8242.59,21980.24,152.64,0,0.0,0.0,8792.11,0,0.0,0.0,8792.11,9352.8,2026-03-08,1269,"Promotions,_Sep_30,_2026  FULL HISTORY For Aevah.xlsx",2026-09-30
2026-01-01T00:00:00Z,HY-VEE,21332c7e-b7ab-4c55-7f4d-08de5da29cfe,HY-VEE January 2026 Puff Singles TPR,Complete - Unsettled (Open),Direct,2026-01-01,2026-01-10,2026-01-01,2026-01-10,Customer advertising,Ad,,0.0,0.0,0.0,0.0,0.0,0.0,0.0,0.0,0,0,0.0,0.0,0.0,0,0.0,0,0.0,0,0.0,0.0,0.0,0.0,0.0,0.0,0,0.0,0.0,0.0,0,0.0,600.0,600.0,637.2,2026-03-08,1269,"Promotions,_Sep_30,_2026  FULL HISTORY For Aevah.xlsx",2026-09-30
2026-04-01T00:00:00Z,Albertsons Jewel Osco,21653f59-4a88-4772-626a-08de6afe834a,April 2026 $1 off Digital,Complete - Unsettled (Open),Direct,2026-04-01,2026-04-28,2026-04-29,2026-05-26,Coupon,Digital Coupon,,0.0,0.0,0.0,0.0,0.0,0.0,0.0,0.0,0,0,0.0,0.0,0.0,0,0.0,0,0.0,0,0.0,0.0,0.0,0.0,0.0,0.0,0,0.0,0.0,0.0,0,0.0,315.91,315.91,0.0,,1398,"Promotions,_Sep_30,_2026  FULL HISTORY For Aevah.xlsx",2026-09-30
2025-01-01T00:00:00Z,HARMONS NEIGHBORHOOD GROCER,21ad82d6-eee0-4370-28e3-08dd721102ed,HARMONS NEIGHBORHOOD GROCER January 2025 Bar TPR,Complete - Unsettled (Open),ON THE DOT DISTRIBUTION,2025-01-01,2025-01-31,2024-12-18,2024-12-31,Retailer price reduction,TPR,Bar 1CT,0.0,0.0,0.0,0.0,20.64,0.14,247.68,1.72,0,0,0.0,0.0,0.0,0,0.25,0,0.0,0,108.0,1570.39,0.5,785.2,2355.59,16.35,0,0.0,0.0,588.9,0,0.0,0.0,588.9,0.0,,613,"Promotions,_Sep_30,_2026  FULL HISTORY For Aevah.xlsx",2026-09-30
2025-01-01T00:00:00Z,HARMONS NEIGHBORHOOD GROCER,21ad82d6-eee0-4370-28e3-08dd721102ed,HARMONS NEIGHBORHOOD GROCER January 2025 Bar TPR,Complete - Unsettled (Open),Direct,2025-01-01,2025-01-31,2024-12-18,2024-12-31,Customer advertising,Ad,,0.0,0.0,0.0,0.0,0.0,0.0,0.0,0.0,0,0,0.0,0.0,0.0,0,0.0,0,0.0,0,0.0,0.0,0.0,0.0,0.0,0.0,0,0.0,0.0,0.0,0,0.0,5000.0,5000.0,0.0,,613,"Promotions,_Sep_30,_2026  FULL HISTORY For Aevah.xlsx",2026-09-30
2025-04-01T00:00:00Z,PLAID PANTRY,2279e2bf-8553-4068-eb20-08dd6bd158c7,PLAID PANTRY April 2025 TPR,Complete - Unsettled (Open),"CORE-MARK INTERNATIONAL, INC.",2025-04-01,2025-04-30,2025-03-18,2025-03-31,Retailer price reduction,TPR,Puff 1CT,0.0,0.0,0.0,0.0,247.68,1.72,247.27,1.72,0,0,0.0,0.0,0.0,0,0.3,0,0.0,0,172.8,3287.21,0.2,657.44,3944.65,27.4,0,0.0,0.0,1183.39,0,0.0,0.0,1183.39,0.0,,214,"Promotions,_Sep_30,_2026  FULL HISTORY For Aevah.xlsx",2026-09-30
2025-07-27T00:00:00Z,KEHE DISTRIBUTORS,22b58356-f48b-436b-c44d-08dd896eff0a,KeHE Aug 2025 15% OI,Complete - Unsettled (Open),Direct,2025-07-27,2025-08-23,2025-06-30,2025-08-01,Distributor price reduction,,Puff 4CT,0.0,0.0,0.0,0.0,0.0,0.0,39.84,0.0,0,0,0.0,0.0,0.0,0,0.0,0,0.0,0,0.0,0.0,0.0,0.0,0.0,0.0,0,0.0,0.0,0.0,0,0.0,0.0,0.0,2547.61,2025-08-10,664,"Promotions,_Sep_30,_2026  FULL HISTORY For Aevah.xlsx",2026-09-30
2025-07-27T00:00:00Z,KEHE DISTRIBUTORS,22b58356-f48b-436b-c44d-08dd896eff0a,KeHE Aug 2025 15% OI,Complete - Unsettled (Open),Direct,2025-07-27,2025-08-23,2025-06-30,2025-08-01,Distributor price reduction,,Bar 4CT,0.0,0.0,0.0,0.0,0.0,0.0,39.84,0.0,0,0,0.0,0.0,0.0,0,0.0,0,0.0,0,0.0,0.0,0.0,0.0,0.0,0.0,0,0.0,0.0,0.0,0,0.0,0.0,0.0,849.2,2025-08-10,664,"Promotions,_Sep_30,_2026  FULL HISTORY For Aevah.xlsx",2026-09-30
2025-07-27T00:00:00Z,KEHE DISTRIBUTORS,22b58356-f48b-436b-c44d-08dd896eff0a,KeHE Aug 2025 15% OI,Complete - Unsettled (Open),Direct,2025-07-27,2025-08-23,2025-06-30,2025-08-01,Distributor price reduction,,Puff 1CT,0.0,0.0,0.0,0.0,0.0,0.0,20.64,0.0,0,0,0.0,0.0,0.0,0,0.0,0,0.0,0,0.0,0.0,0.0,0.0,0.0,0.0,0,0.0,10039.9,0.0,0,0.0,0.0,10039.9,9484.9,2025-08-10,664,"Promotions,_Sep_30,_2026  FULL HISTORY For Aevah.xlsx",2026-09-30
2025-07-27T00:00:00Z,KEHE DISTRIBUTORS,22b58356-f48b-436b-c44d-08dd896eff0a,KeHE Aug 2025 15% OI,Complete - Unsettled (Open),Direct,2025-07-27,2025-08-23,2025-06-30,2025-08-01,Distributor price reduction,,Bar 1CT,0.0,0.0,0.0,0.0,0.0,0.0,20.64,0.0,0,0,0.0,0.0,0.0,0,0.0,0,0.0,0,0.0,0.0,0.0,0.0,0.0,0.0,0,0.0,0.0,0.0,0,0.0,0.0,0.0,2122.94,2025-08-10,664,"Promotions,_Sep_30,_2026  FULL HISTORY For Aevah.xlsx",2026-09-30
2025-01-01T00:00:00Z,Hudson News,22c8c853-b4b9-45dd-e4a9-08dd6bd158c7,HUDSON NEWS January 2025 TPR,Complete - Unsettled (Open),"CORE-MARK INTERNATIONAL, INC.",2025-01-01,2025-01-31,2024-12-18,2024-12-31,Retailer price reduction,TPR,Puff 1CT,0.0,0.0,0.0,0.0,20.64,0.14,247.68,1.72,0,0,0.0,0.0,0.0,0,0.0,0,0.0,0,0.0,13371.41,0.15,2005.72,15377.13,106.79,0,0.0,0.0,0.0,0,0.0,0.0,0.0,0.0,,183,"Promotions,_Sep_30,_2026  FULL HISTORY For Aevah.xlsx",2026-09-30
2026-05-20T00:00:00Z,MAVERIK,22ee9730-d96b-4f21-7f6a-08de5da29cfe,MAVERIK August 2026 Puff Singles TPR,Complete - Unsettled (Open),"CORE-MARK INTERNATIONAL, INC.",2026-05-20,2026-08-18,2026-05-20,2026-08-18,Retailer price reduction,TPR,Puff 1CT,0.4983333333333333,2.5,0.08166666666666667,0.02731666666666667,247.68,1.72,242.58,1.68,0,0,0.0,0.0,0.0,0,0.62,0,0.0,0,535.68,309751.76,0.3,92925.53,402677.29,2796.37,0,0.0,0.0,249659.93,0,0.0,0.0,249659.93,0.0,,1298,"Promotions,_Sep_30,_2026  FULL HISTORY For Aevah.xlsx",2026-09-30
2025-01-01T00:00:00Z,GELSONS,237d703e-98e3-4e8e-e61e-08dd6bd158c4,GELSONS January 2025 TPR,Complete - Unsettled (Open),UNFI,2025-01-01,2025-01-30,2024-12-18,2024-12-31,Retailer price reduction,TPR,Puff 1CT,3.49,0.0,3.49,1.0,20.64,0.14,19.29,0.13,0,0,0.0,0.0,0.0,0,0.25,0,0.0,0,216.0,2400.0,0.5,1200.0,3600.0,25.0,0,0.0,0.0,900.0,0,0.0,0.0,900.0,127.5,2025-03-31,14,"Promotions,_Sep_30,_2026  FULL HISTORY For Aevah.xlsx",2026-09-30
2026-03-05T00:00:00Z,PUBLIX,23af6220-8367-45b2-84ca-08de4f7c9ec1,March 2026 Puff 4-Pack TPR,Complete - Unsettled (Open),Direct,2026-03-05,2026-03-11,2026-03-05,2026-03-11,Retailer price reduction,TPR,Puff 4CT,9.42,7.705714285714286,1.7142857142857144,0.156,39.84,6.64,39.84,6.64,0,0,0.0,0.0,0.0,0,3.0,0,0.0,0,126.0,14040.87,1.0,14040.87,28081.74,4680.3,0,0.0,0.0,84245.22,0,0.0,0.0,84245.22,120336.0,2026-03-16,915,"Promotions,_Sep_30,_2026  FULL HISTORY For Aevah.xlsx",2026-09-30
2026-03-01T00:00:00Z,Food City,24376e4b-c1e7-4e37-a30e-08de68a1a1f2,2026 Food City EDLP $.07 Single Puffs,In progress,Direct,2026-03-01,2026-12-31,2026-03-01,2026-12-31,Retailer price reduction,EDLP/EDLC,Puff 1CT,0.9966666666666666,0.9966666666666666,0.0,0.0,247.68,1.72,247.68,1.72,0,0,0.0,0.0,0.0,0,0.07,0,0.0,0,30.24,63627.41,0.05,3181.37,66808.78,463.95,0,0.0,0.0,4676.6,0,0.0,0.0,4676.6,0.0,,1387,"Promotions,_Sep_30,_2026  FULL HISTORY For Aevah.xlsx",2026-09-30
2025-01-01T00:00:00Z,TRAVEL CENTERS OF AMERICA,2480843a-6713-42b1-ce41-08dd6bd158c8,TRAVEL CENTERS OF AMERICA January 2025 TPR,Complete - Unsettled (Open),"CORE-MARK INTERNATIONAL, INC.",2025-01-01,2025-01-31,2024-12-18,2024-12-31,Retailer price reduction,TPR,Puff 1CT,0.0,0.0,0.0,0.0,20.64,0.14,247.68,1.72,0,0,0.0,0.0,0.0,0,0.3,0,0.0,0,172.8,8438.84,0.15,1265.84,9704.68,67.4,0,0.0,0.0,2911.4,0,0.0,0.0,2911.4,0.0,,235,"Promotions,_Sep_30,_2026  FULL HISTORY For Aevah.xlsx",2026-09-30
2026-10-07T00:00:00Z,SMART & FINAL,24b5fe9a-6214-4493-d73d-08de5cdc8bfa,SMART & FINAL October 2026 Puff Singles TPR,Planned,KEHE DISTRIBUTORS,2026-10-07,2026-10-20,2026-10-07,2026-10-20,Retailer price reduction,TPR,Puff 1CT,0.0,24.99,0.0,0.0,247.68,1.72,227.88,1.58,0,0,0.0,0.0,0.0,0,2.16,0,0.0,0,622.08,7114.52,0.25,1778.64,8893.16,61.76,0,0.0,0.0,19209.22,0,0.0,0.0,19209.22,0.0,,998,"Promotions,_Sep_30,_2026  FULL HISTORY For Aevah.xlsx",2026-09-30
2026-10-07T00:00:00Z,SMART & FINAL,24b5fe9a-6214-4493-d73d-08de5cdc8bfa,SMART & FINAL October 2026 Puff Singles TPR,Planned,Direct,2026-10-07,2026-10-20,2026-10-07,2026-10-20,Customer advertising,Ad,,0.0,0.0,0.0,0.0,0.0,0.0,0.0,0.0,0,0,0.0,0.0,0.0,0,0.0,0,0.0,0,0.0,0.0,0.0,0.0,0.0,0.0,0,0.0,0.0,0.0,0,0.0,2500.0,2500.0,0.0,,998,"Promotions,_Sep_30,_2026  FULL HISTORY For Aevah.xlsx",2026-09-30
2026-04-29T00:00:00Z,Albertsons Southern,24d4d03d-96f9-418a-1f1f-08de8bfc2efd,May 2026 $9.99 TPR + Digital Minions Shippers,Complete - Unsettled (Open),Direct,2026-04-29,2026-05-26,2026-04-29,2026-05-26,Retailer price reduction,TPR,Puff 4CT,10.99,9.99,1.0,0.091,39.84,6.64,39.84,6.64,0,0,0.0,0.0,0.0,0,1.0,0,0.0,0,24.0,2710.4,0.5,1355.2,4065.6,677.6,0,0.0,0.0,4065.6,0,0.0,0.0,4065.6,6016.6,2026-05-28,1505,"Promotions,_Sep_30,_2026  FULL HISTORY For Aevah.xlsx",2026-09-30
2026-04-29T00:00:00Z,Albertsons Southern,24d4d03d-96f9-418a-1f1f-08de8bfc2efd,May 2026 $9.99 TPR + Digital Minions Shippers,Complete - Unsettled (Open),Direct,2026-04-29,2026-05-26,2026-04-29,2026-05-26,Retailer price reduction,TPR,Puff Shipper,0.0,0.0,0.0,0.0,199.2,6.64,199.2,0.0,0,0,19.8,0.66,0.0,0,2.0,0,0.0,0,59.4,384.0,0.5,192.0,576.0,0.0,0,0.0,0.0,1152.0,0,0.0,0.0,1152.0,10.4,2026-05-28,1505,"Promotions,_Sep_30,_2026  FULL HISTORY For Aevah.xlsx",2026-09-30
2026-05-01T00:00:00Z,Albertsons Portland,24fd0de7-59ca-4039-7475-08de8a6b9689,Minions Shippers,Draft,Direct,2026-05-01,2026-05-31,2026-05-01,2026-05-31,Retailer price reduction,Scan,Puff Shipper,0.0,9.99,0.0,0.0,199.2,6.64,199.2,1.38,0,0,19.2,0.64,0.0,0,0.0,0,0.0,0,57.6,212.56,0.0,0.0,212.56,0.0,0,0.0,0.0,0.0,0,0.0,0.0,0.0,0.0,,1476,"Promotions,_Sep_30,_2026  FULL HISTORY For Aevah.xlsx",2026-09-30
2025-01-31T00:00:00Z,CROSS AMERICA PARTNERS,25067796-9fc9-4926-e4b2-08dd6bd158c7,CROSS AMERICA PARTNERS March 2025 TPR,Complete - Unsettled (Open),"CORE-MARK INTERNATIONAL, INC.",2025-01-31,2025-03-02,2025-01-17,2025-01-30,Retailer price reduction,TPR,Puff 1CT,0.0,0.0,0.0,0.0,247.68,1.72,247.27,1.72,0,0,0.0,0.0,0.0,0,0.0,0,0.0,0,0.0,5535.72,0.5,2767.86,8303.58,57.67,0,0.0,0.0,0.0,0,0.0,0.0,0.0,0.0,,192,"Promotions,_Sep_30,_2026  FULL HISTORY For Aevah.xlsx",2026-09-30
2027-01-01T00:00:00Z,KROGER,250ff525-13f6-48ea-e799-08dd6bd158c9,KROGER January 2027 TPR,Planned,UNFI,2027-01-01,2027-01-30,2026-12-18,2026-12-31,Retailer price reduction,TPR,Puff 4CT,4.396,0.0,4.396,0.4,39.84,6.64,39.04,6.51,0,0,0.0,0.0,0.0,0,1.0,0,0.0,0,30.0,1595.7,0.6,957.42,2553.12,425.52,0,0.0,0.0,2553.12,0,0.0,0.0,2553.12,0.0,,317,"Promotions,_Sep_30,_2026  FULL HISTORY For Aevah.xlsx",2026-09-30
2027-01-01T00:00:00Z,KROGER,250ff525-13f6-48ea-e799-08dd6bd158c9,KROGER January 2027 TPR,Planned,UNFI,2027-01-01,2027-01-30,2026-12-18,2026-12-31,Retailer price reduction,TPR,Puff 1CT,1.196,0.0,1.196,0.4,247.68,1.72,242.73,1.69,0,0,0.0,0.0,0.0,0,0.3,0,0.0,0,216.0,3857.14,0.35,1350.0,5207.14,36.16,0,0.0,0.0,1562.14,0,0.0,0.0,1562.14,0.0,,317,"Promotions,_Sep_30,_2026  FULL HISTORY For Aevah.xlsx",2026-09-30
2025-03-01T00:00:00Z,TERRIBLES,25233835-2d7d-4c40-e2a9-08dd6bd158c7,TERRIBLES March 2025 TPR,Complete - Unsettled (Open),"CORE-MARK INTERNATIONAL, INC.",2025-03-01,2025-03-30,2025-02-15,2025-02-28,Retailer price reduction,TPR,Puff 1CT,0.0,0.0,0.0,0.0,247.68,1.72,247.27,1.72,0,0,0.0,0.0,0.0,0,0.5,0,0.0,0,216.0,4371.45,0.1,437.16,4808.61,33.39,0,0.0,0.0,2404.32,0,0.0,0.0,2404.32,0.0,,175,"Promotions,_Sep_30,_2026  FULL HISTORY For Aevah.xlsx",2026-09-30
2025-01-01T00:00:00Z,SMITHS,2537f99e-7885-40f5-e3c7-08dd6bd158c8,SMITHS January 2025 TPR,Complete - Unsettled (Open),UNFI,2025-01-01,2025-01-31,2024-12-18,2024-12-31,Retailer price reduction,TPR,Puff 1CT,2.1357142857142857,0.0,2.1357142857142857,0.7142857142857143,144.48,1.002857142857143,17.54,0.017142857142857144,0,0,0.0,0.0,0.0,0,0.3,0,0.0,0,43.2,713.15,0.4,285.26,998.41,6.93,0,0.0,0.0,299.52,0,0.0,0.0,299.52,2033.47,2025-07-22,285,"Promotions,_Sep_30,_2026  FULL HISTORY For Aevah.xlsx",2026-09-30
2025-01-01T00:00:00Z,SMITHS,2537f99e-7885-40f5-e3c7-08dd6bd158c8,SMITHS January 2025 TPR,Complete - Unsettled (Open),UNFI,2025-01-01,2025-01-31,2024-12-18,2024-12-31,Retailer price reduction,TPR,Puff 4CT,1.8316666666666668,0.0,1.8316666666666668,0.16666666666666669,39.84,6.64,33.86,0.0,0,0,0.0,0.0,0.0,0,0.0,0,0.0,0,0.0,0.0,0.5,0.0,0.0,0.0,0,0.0,0.0,0.0,0,0.0,0.0,0.0,0.0,2025-07-22,285,"Promotions,_Sep_30,_2026  FULL HISTORY For Aevah.xlsx",2026-09-30
2025-01-01T00:00:00Z,SMITHS,2537f99e-7885-40f5-e3c7-08dd6bd158c8,SMITHS January 2025 TPR,Complete - Unsettled (Open),UNFI,2025-01-01,2025-01-31,2024-12-18,2024-12-31,Retailer price reduction,TPR,Bar 1CT,2.99,0.0,2.99,1.0,20.64,0.14,17.54,0.12,0,0,0.0,0.0,0.0,0,0.3,0,0.0,0,129.6,2703.7,0.4,1081.48,3785.18,26.29,0,0.0,0.0,1135.55,0,0.0,0.0,1135.55,1700.06,2025-07-22,285,"Promotions,_Sep_30,_2026  FULL HISTORY For Aevah.xlsx",2026-09-30
2025-08-01T00:00:00Z,WINCO,2538502f-8f95-4442-dcfd-08dd6bd158c5,WINCO August 2025 TPR,Complete - Unsettled (Open),Direct,2025-08-01,2025-08-31,2025-07-18,2025-07-31,Retailer price reduction,TPR,Puff 1CT,2.99,0.0,2.99,1.0,247.68,1.72,247.68,1.72,0,0,0.0,0.0,0.0,0,0.13,0,0.0,0,112.32,138490.6,0.5,69245.3,207735.9,1442.6,0,0.0,0.0,27005.67,0,0.0,0.0,27005.67,0.0,,91,"Promotions,_Sep_30,_2026  FULL HISTORY For Aevah.xlsx",2026-09-30
2025-08-01T00:00:00Z,WINCO,2538502f-8f95-4442-dcfd-08dd6bd158c5,WINCO August 2025 TPR,Complete - Unsettled (Open),Direct,2025-08-01,2025-08-31,2025-07-18,2025-07-31,Retailer price reduction,TPR,Bar 1CT,2.99,0.0,2.99,1.0,247.68,1.72,247.68,0.0,0,0,0.0,0.0,0.0,0,0.13,0,0.0,0,0.0,0.0,0.5,0.0,0.0,0.0,0,0.0,0.0,0.0,0,0.0,0.0,0.0,0.0,,91,"Promotions,_Sep_30,_2026  FULL HISTORY For Aevah.xlsx",2026-09-30
2025-05-01T00:00:00Z,ANABI OIL,25854f65-2b4b-4af8-e807-08dd6bd158c7,ANABI OIL May 2025 TPR,Complete - Unsettled (Open),"CORE-MARK INTERNATIONAL, INC.",2025-05-01,2025-05-31,2025-04-17,2025-04-30,Retailer price reduction,TPR,Puff 1CT,0.0,0.0,0.0,0.0,247.68,1.72,247.27,1.72,0,0,0.0,0.0,0.0,0,0.3,0,0.0,0,129.6,6975.0,0.15,1046.25,8021.25,55.71,0,0.0,0.0,2406.36,0,0.0,0.0,2406.36,0.0,,205,"Promotions,_Sep_30,_2026  FULL HISTORY For Aevah.xlsx",2026-09-30
2026-02-01T00:00:00Z,URM Stores,25ed3c3f-a8c2-464e-d74f-08de5cdc8bfa,URM Stores February 2026 Puff Singles TPR,Complete - Unsettled (Open),UNFI,2026-02-01,2026-02-28,2026-02-01,2026-02-28,Retailer price reduction,TPR,Puff 1CT,0.0,2.5,0.0,0.0,247.68,1.72,242.73,1.69,0,0,0.0,0.0,0.0,0,0.47,0,0.0,0,203.04,6400.0,0.5,3200.0,9600.0,66.67,0,0.0,0.0,4512.0,0,0.0,0.0,4512.0,0.0,,1016,"Promotions,_Sep_30,_2026  FULL HISTORY For Aevah.xlsx",2026-09-30
2026-02-01T00:00:00Z,URM Stores,25ed3c3f-a8c2-464e-d74f-08de5cdc8bfa,URM Stores February 2026 Puff Singles TPR,Complete - Unsettled (Open),Direct,2026-02-01,2026-02-28,2026-02-01,2026-02-28,Customer advertising,Ad,,0.0,0.0,0.0,0.0,0.0,0.0,0.0,0.0,0,0,0.0,0.0,0.0,0,0.0,0,0.0,0,0.0,0.0,0.0,0.0,0.0,0.0,0,0.0,0.0,0.0,0,0.0,350.0,350.0,0.0,,1016,"Promotions,_Sep_30,_2026  FULL HISTORY For Aevah.xlsx",2026-09-30
2025-06-01T00:00:00Z,HY-VEE,26582063-ff2d-4b7a-0447-08dd6bd158cb,HY-VEE June 2025 TPR,Complete - Unsettled (Open),Direct,2025-06-01,2025-06-10,2025-05-18,2025-05-31,Retailer price reduction,TPR,Puff 1CT,0.0,0.0,0.0,0.0,247.68,1.72,247.27,1.72,0,0,0.0,0.0,0.0,0,0.25,0,0.0,0,288.0,14605.13,0.2,2921.02,17526.15,121.72,0,0.0,0.0,4381.55,0,0.0,0.0,4381.55,0.0,,455,"Promotions,_Sep_30,_2026  FULL HISTORY For Aevah.xlsx",2026-09-30
2025-06-01T00:00:00Z,HY-VEE,26582063-ff2d-4b7a-0447-08dd6bd158cb,HY-VEE June 2025 TPR,Complete - Unsettled (Open),Direct,2025-06-01,2025-06-10,2025-05-18,2025-05-31,Retailer price reduction,TPR,Puff 4CT,0.0,0.0,0.0,0.0,39.84,6.64,39.04,6.51,0,0,0.0,0.0,0.0,0,0.0,0,0.0,0,0.0,1500.96,0.5,750.46,2251.42,375.23,0,0.0,0.0,0.0,0,0.0,0.0,0.0,0.0,,455,"Promotions,_Sep_30,_2026  FULL HISTORY For Aevah.xlsx",2026-09-30
2025-06-01T00:00:00Z,HY-VEE,26582063-ff2d-4b7a-0447-08dd6bd158cb,HY-VEE June 2025 TPR,Complete - Unsettled (Open),Direct,2025-06-01,2025-06-10,2025-05-18,2025-05-31,Retailer price reduction,TPR,Bar 1CT,0.0,0.0,0.0,0.0,247.68,1.72,247.27,1.72,0,0,0.0,0.0,0.0,0,0.25,0,0.0,0,108.0,1439.95,0.2,287.99,1727.94,11.99,0,0.0,0.0,431.98,0,0.0,0.0,431.98,0.0,,455,"Promotions,_Sep_30,_2026  FULL HISTORY For Aevah.xlsx",2026-09-30
2025-08-01T00:00:00Z,CASEYS CORP,2662bff9-0603-4f4b-28dc-08dd721102ed,CASEYS CORP August 2025 Puff TPR,Complete - Unsettled (Open),Direct,2025-08-01,2025-08-30,2025-07-18,2025-07-31,Retailer price reduction,TPR,Puff 1CT,0.0,0.0,0.0,0.0,247.68,1.72,247.68,1.72,0,0,0.0,0.0,0.0,0,0.5,0,0.0,0,216.0,79902.12,0.15,11985.33,91887.45,638.11,0,0.0,0.0,45943.73,0,0.0,0.0,45943.73,0.0,,614,"Promotions,_Sep_30,_2026  FULL HISTORY For Aevah.xlsx",2026-09-30
2025-08-01T00:00:00Z,CASEYS CORP,2662bff9-0603-4f4b-28dc-08dd721102ed,CASEYS CORP August 2025 Puff TPR,Complete - Unsettled (Open),Direct,2025-08-01,2025-08-30,2025-07-18,2025-07-31,Customer advertising,Ad,,0.0,0.0,0.0,0.0,0.0,0.0,0.0,0.0,0,0,0.0,0.0,0.0,0,0.0,0,0.0,0,0.0,0.0,0.0,0.0,0.0,0.0,0,0.0,0.0,0.0,0,0.0,1000.0,1000.0,0.0,,614,"Promotions,_Sep_30,_2026  FULL HISTORY For Aevah.xlsx",2026-09-30
2025-09-01T00:00:00Z,TARGET CORPORATION,275ed6ff-b34d-46c5-f2f8-08dd6bd158c9,TARGET September 2025 TPR,Complete - Unsettled (Open),Direct,2025-09-01,2025-09-30,2025-08-18,2025-08-31,Retailer price reduction,TPR,Puff 4CT,0.0,0.0,0.0,0.0,36.66,6.11,36.06,6.0125,0,0,0.0,0.0,0.0,0,0.0,0,0.0,0,0.0,360285.72,0.5,180142.88,540428.6,90071.44,0,0.0,0.0,0.0,0,0.0,0.0,0.0,0.0,,344,"Promotions,_Sep_30,_2026  FULL HISTORY For Aevah.xlsx",2026-09-30
2025-04-06T00:00:00Z,MEIJER,27a12864-5547-4b0c-ece3-08dd6bd158cb,MEIJER April 2025 TPR,Complete - Unsettled (Open),Direct,2025-04-06,2025-05-03,2025-04-06,2025-05-03,Retailer price reduction,TPR,Puff 4CT,0.0,0.0,0.0,0.0,39.84,6.64,39.04,6.51,0,0,0.0,0.0,0.0,0,0.7,0,0.02,0,12.96,14612.01,0.4,5844.8,20456.81,3409.46,0,0.0,0.0,14319.76,0,409.14,0.0,14728.9,8845.47,2025-05-22,465,"Promotions,_Sep_30,_2026  FULL HISTORY For Aevah.xlsx",2026-09-30
2025-04-06T00:00:00Z,MEIJER,27a12864-5547-4b0c-ece3-08dd6bd158cb,MEIJER April 2025 TPR,Complete - Unsettled (Open),Direct,2025-04-06,2025-05-03,2025-04-06,2025-05-03,Customer advertising,Ad,,0.0,0.0,0.0,0.0,0.0,0.0,0.0,0.0,0,0,0.0,0.0,0.0,0,0.0,0,0.0,0,0.0,0.0,0.0,0.0,0.0,0.0,0,0.0,0.0,0.0,0,0.0,500.0,500.0,1516.22,2025-05-22,465,"Promotions,_Sep_30,_2026  FULL HISTORY For Aevah.xlsx",2026-09-30
2025-09-01T00:00:00Z,KWIK TRIP,2931e0d9-fafd-4f79-84c1-08ddcd93813a,KWIK TRIP September 2025 TPR,Draft,Direct,2025-09-01,2025-09-30,2025-08-20,2025-08-31,Retailer price reduction,TPR,Puff 1CT,3.29,2.63,0.66,0.2006,247.68,1.72,244.38,1.7,0,0,0.0,0.0,0.0,0,0.17,0,0.0,0,73.44,24670.16,0.5,12335.08,37005.24,256.98,0,0.0,0.0,6290.89,0,0.0,0.0,6290.89,0.0,,675,"Promotions,_Sep_30,_2026  FULL HISTORY For Aevah.xlsx",2026-09-30
2026-06-22T00:00:00Z,WAWA,29459027-0951-4288-6397-08de5da29cfe,WAWA July 2026 TPR,Complete - Unsettled (Open),MCLANE GROCER,2026-06-22,2026-07-05,2026-06-22,2026-07-05,Retailer price reduction,TPR,Puff 1CT,0.598,3.29,0.0,0.0,247.68,1.72,237.382,1.65,0,0,0.0,0.0,0.0,0,0.1,0,0.0,0,72.0,35331.06,0.5,17665.53,52996.59,368.03,0,0.0,0.0,5299.66,0,0.0,0.0,5299.66,0.0,,1213,"Promotions,_Sep_30,_2026  FULL HISTORY For Aevah.xlsx",2026-09-30
2026-06-22T00:00:00Z,WAWA,29459027-0951-4288-6397-08de5da29cfe,WAWA July 2026 TPR,Complete - Unsettled (Open),Direct,2026-06-22,2026-07-05,2026-06-22,2026-07-05,Display,PDQ,,0.0,0.0,0.0,0.0,0.0,0.0,0.0,0.0,0,0,0.0,0.0,0.0,0,0.0,0,0.0,0,0.0,0.0,0.0,0.0,0.0,0.0,0,0.0,0.0,0.0,0,0.0,7500.0,7500.0,0.0,,1213,"Promotions,_Sep_30,_2026  FULL HISTORY For Aevah.xlsx",2026-09-30
2025-10-01T00:00:00Z,SAVE MART,2967a43b-f49c-4424-e106-08dd6bd158c8,SAVE MART October 2025 TPR,Complete - Unsettled (Open),KEHE DISTRIBUTORS,2025-10-01,2025-10-30,2025-09-17,2025-09-30,Retailer price reduction,TPR,Puff 1CT,2.99,0.0,2.99,1.0,247.68,1.72,271.09,1.88,0,0,0.0,0.0,0.0,0,0.3,0,0.0,0,216.0,14748.88,0.2,2949.78,17698.66,122.91,0,0.0,0.0,5309.59,0,0.0,0.0,5309.59,9176.4,2025-11-02,280,"Promotions,_Sep_30,_2026  FULL HISTORY For Aevah.xlsx",2026-09-30
2026-03-01T00:00:00Z,WEGMANS,29a4d9a0-f256-49c5-408d-08de5da29cfe,WEGMANS March 2026 TPR,Complete - Unsettled (Open),UNFI,2026-03-01,2026-03-30,2026-03-01,2026-03-30,Retailer price reduction,TPR,Puff 1CT,0.92,2.79,0.06153846153846154,0.020584615384615385,247.68,1.72,242.6653846153846,1.69,0,0,0.0,0.0,0.0,0,0.45,0,0.0,0,842.4,42288.6,0.3,12686.57,54975.17,381.77,0,0.0,0.0,24738.83,0,0.0,0.0,24738.83,0.0,,1146,"Promotions,_Sep_30,_2026  FULL HISTORY For Aevah.xlsx",2026-09-30
2026-03-01T00:00:00Z,WEGMANS,29a4d9a0-f256-49c5-408d-08de5da29cfe,WEGMANS March 2026 TPR,Complete - Unsettled (Open),UNFI,2026-03-01,2026-03-30,2026-03-01,2026-03-30,Retailer price reduction,TPR,Puff 12CT,0.0,0.0,0.0,0.0,49.650666666666666,16.750666666666667,48.60466666666667,16.414,0,0,0.0,0.0,0.0,0,0.0,0,0.0,0,0.0,4580.26,0.3,1374.08,5954.34,5938.66,0,0.0,0.0,0.0,0,0.0,0.0,0.0,0.0,,1146,"Promotions,_Sep_30,_2026  FULL HISTORY For Aevah.xlsx",2026-09-30
2026-07-01T00:00:00Z,Harbor Wholesale,29af400e-bddc-415d-7f44-08de5da29cfe,Harbor Wholesale July 2026 Puff Singles TPR,Complete - Unsettled (Open),"DOT FOODS, INC",2026-07-01,2026-07-31,2026-07-01,2026-07-31,Retailer price reduction,TPR,Puff 1CT,0.0,2.5,0.0,0.0,247.68,1.72,247.68,1.72,0,0,0.0,0.0,0.0,0,0.25,0,0.0,0,216.0,14171.42,0.3,4251.42,18422.84,127.95,0,0.0,0.0,4605.7,0,0.0,0.0,4605.7,0.0,,1260,"Promotions,_Sep_30,_2026  FULL HISTORY For Aevah.xlsx",2026-09-30
2026-07-01T00:00:00Z,Harbor Wholesale,29af400e-bddc-415d-7f44-08de5da29cfe,Harbor Wholesale July 2026 Puff Singles TPR,Complete - Unsettled (Open),Direct,2026-07-01,2026-07-31,2026-07-01,2026-07-31,Customer advertising,Ad,,0.0,0.0,0.0,0.0,0.0,0.0,0.0,0.0,0,0,0.0,0.0,0.0,0,0.0,0,0.0,0,0.0,0.0,0.0,0.0,0.0,0.0,0,0.0,0.0,0.0,0,0.0,5500.0,5500.0,0.0,,1260,"Promotions,_Sep_30,_2026  FULL HISTORY For Aevah.xlsx",2026-09-30
2026-06-01T00:00:00Z,TERRIBLES,2a42f3c0-84bc-4a29-7f81-08de5da29cfe,TERRIBLES June 2026 Puff Singles TPR,Complete - Unsettled (Open),"CORE-MARK INTERNATIONAL, INC.",2026-06-01,2026-06-30,2026-06-01,2026-06-30,Retailer price reduction,TPR,Puff 1CT,0.0,3.25,0.0,0.0,247.68,1.72,242.73,1.69,0,0,0.0,0.0,0.0,0,0.5,0,0.0,0,216.0,5760.9,0.1,576.09,6336.99,44.01,0,0.0,0.0,3168.48,0,0.0,0.0,3168.48,0.0,,1321,"Promotions,_Sep_30,_2026  FULL HISTORY For Aevah.xlsx",2026-09-30
2026-06-01T00:00:00Z,TERRIBLES,2a42f3c0-84bc-4a29-7f81-08de5da29cfe,TERRIBLES June 2026 Puff Singles TPR,Complete - Unsettled (Open),Direct,2026-06-01,2026-06-30,2026-06-01,2026-06-30,Customer advertising,Ad,,0.0,0.0,0.0,0.0,0.0,0.0,0.0,0.0,0,0,0.0,0.0,0.0,0,0.0,0,0.0,0,0.0,0.0,0.0,0.0,0.0,0.0,0,0.0,0.0,0.0,0,0.0,350.0,350.0,0.0,,1321,"Promotions,_Sep_30,_2026  FULL HISTORY For Aevah.xlsx",2026-09-30
2026-01-19T00:00:00Z,Costco,2a4c3e60-059b-48ad-c53f-08deaad040d4,Costco January 2026 $4 TPD,Complete - Unsettled (Open),Direct,2026-01-19,2026-02-15,2026-01-19,2026-02-15,Coupon,50% Off,,0.0,0.0,0.0,0.0,0.0,0.0,0.0,0.0,0,0,0.0,0.0,0.0,0,0.0,0,0.0,0,0.0,0.0,0.0,0.0,0.0,0.0,0,0.0,0.0,0.0,0,0.0,2342156.24,2342156.24,3452336.0,2026-02-23,1558,"Promotions,_Sep_30,_2026  FULL HISTORY For Aevah.xlsx",2026-09-30
2025-06-01T00:00:00Z,VITAMIN SHOPPE,2a87fb79-4bed-476a-d26e-08dd6bd158c5,VITAMIN SHOPPE June 2025 TPR,Complete - Unsettled (Open),Direct,2025-06-01,2025-06-03,2025-05-18,2025-05-31,Retailer price reduction,TPR,Puff 1CT,2.632,0.0,2.632,0.8,198.144,1.376,247.352,1.376,0,0,0.0,0.0,0.0,0,0.57,0,0.0,0,328.32,17237.37,0.3,5171.21,22408.58,155.61,0,0.0,0.0,12772.89,0,0.0,0.0,12772.89,0.0,,76,"Promotions,_Sep_30,_2026  FULL HISTORY For Aevah.xlsx",2026-09-30
2025-11-01T00:00:00Z,HARMONS NEIGHBORHOOD GROCER,2ab00b51-b67b-4c89-28ed-08dd721102ed,HARMONS NEIGHBORHOOD GROCER November 2025 Bar TPR,Complete - Unsettled (Open),ON THE DOT DISTRIBUTION,2025-11-01,2025-11-30,2025-10-18,2025-10-31,Retailer price reduction,TPR,Bar 1CT,0.0,0.0,0.0,0.0,247.68,1.72,247.68,0.0,0,0,0.0,0.0,0.0,0,0.25,0,0.0,0,0.0,0.0,0.3,0.0,0.0,0.0,0,0.0,0.0,0.0,0,0.0,0.0,0.0,0.0,,615,"Promotions,_Sep_30,_2026  FULL HISTORY For Aevah.xlsx",2026-09-30
2025-11-01T00:00:00Z,HARMONS NEIGHBORHOOD GROCER,2ab00b51-b67b-4c89-28ed-08dd721102ed,HARMONS NEIGHBORHOOD GROCER November 2025 Bar TPR,Complete - Unsettled (Open),Direct,2025-11-01,2025-11-30,2025-10-18,2025-10-31,Customer advertising,Ad,,0.0,0.0,0.0,0.0,0.0,0.0,0.0,0.0,0,0,0.0,0.0,0.0,0,0.0,0,0.0,0,0.0,0.0,0.0,0.0,0.0,0.0,0,0.0,0.0,0.0,0,0.0,3000.0,3000.0,0.0,,615,"Promotions,_Sep_30,_2026  FULL HISTORY For Aevah.xlsx",2026-09-30
2026-06-01T00:00:00Z,CASEYS CORP,2acf342c-022c-40f9-7f24-08de5da29cfe,CASEYS CORP June 2026 Puff Singles TPR,Complete - Unsettled (Open),Direct,2026-06-01,2026-06-30,2026-06-01,2026-06-30,Retailer price reduction,TPR,Puff 1CT,0.598,2.5,0.098,0.03278,247.68,1.72,247.68,1.72,0,0,0.0,0.0,0.0,0,0.5,0,0.0,0,360.0,61312.28,0.15,9196.84,70509.12,489.64,0,0.0,0.0,35254.56,0,0.0,0.0,35254.56,0.0,,1228,"Promotions,_Sep_30,_2026  FULL HISTORY For Aevah.xlsx",2026-09-30
2026-06-01T00:00:00Z,CASEYS CORP,2acf342c-022c-40f9-7f24-08de5da29cfe,CASEYS CORP June 2026 Puff Singles TPR,Complete - Unsettled (Open),Direct,2026-06-01,2026-06-30,2026-06-01,2026-06-30,Customer advertising,Ad,,0.0,0.0,0.0,0.0,0.0,0.0,0.0,0.0,0,0,0.0,0.0,0.0,0,0.0,0,0.0,0,0.0,0.0,0.0,0.0,0.0,0.0,0,0.0,0.0,0.0,0,0.0,800.0,800.0,0.0,,1228,"Promotions,_Sep_30,_2026  FULL HISTORY For Aevah.xlsx",2026-09-30
2026-03-01T00:00:00Z,SMITHS,2ad9ea0e-174b-48c1-4064-08de5da29cfe,SMITHS March 2026 Puff 4-Pack TPR,Complete - Unsettled (Open),UNFI,2026-03-01,2026-03-30,2026-03-01,2026-03-30,Retailer price reduction,TPR,Puff 4CT,10.99,9.99,1.0,0.091,39.84,6.64,39.04,6.51,0,0,0.0,0.0,0.0,0,0.8,0,0.0,0,28.8,2808.93,0.2,561.78,3370.71,561.78,0,0.0,0.0,2696.56,0,0.0,0.0,2696.56,0.0,,1105,"Promotions,_Sep_30,_2026  FULL HISTORY For Aevah.xlsx",2026-09-30
2026-10-01T00:00:00Z,Albertsons Jewel Osco,2b1cb657-fc27-431f-6270-08de6afe834a,October 2026 $9.99 TPR,Planned,Direct,2026-10-01,2026-10-28,2026-10-01,2026-10-28,Retailer price reduction,TPR,Puff 4CT,10.99,9.99,1.0,0.091,39.84,6.64,39.84,6.64,0,0,0.0,0.0,0.0,0,1.0,0,0.0,0,36.0,6208.0,0.75,4656.0,10864.0,1810.66,0,0.0,0.0,10864.0,0,0.0,0.0,10864.0,0.0,,1400,"Promotions,_Sep_30,_2026  FULL HISTORY For Aevah.xlsx",2026-09-30
2025-08-01T00:00:00Z,VITAMIN SHOPPE,2ba9876d-9d01-4883-d2fb-08dd6bd158c5,VITAMIN SHOPPE August 2025 TPR,Complete - Unsettled (Open),Direct,2025-08-01,2025-08-03,2025-07-18,2025-07-31,Retailer price reduction,TPR,Puff 1CT,2.632,0.0,2.632,0.8,198.144,1.376,247.352,1.376,0,0,0.0,0.0,0.0,0,0.57,0,0.0,0,328.32,13805.66,0.3,4141.7,17947.36,124.65,0,0.0,0.0,10230.01,0,0.0,0.0,10230.01,0.0,,77,"Promotions,_Sep_30,_2026  FULL HISTORY For Aevah.xlsx",2026-09-30
2025-07-01T00:00:00Z,THE GIANT COMPANY,2bb99fe9-de0b-4a23-d67a-08dd6bd158c6,THE GIANT COMPANY July 2025 TPR,Complete - Unsettled (Open),UNFI,2025-07-01,2025-07-28,2025-06-17,2025-06-30,Retailer price reduction,TPR,Puff 1CT,0.0,0.0,0.0,0.0,206.4,1.4333333333333333,247.27,1.72,0,0,0.0,0.0,0.0,0,0.65,0,0.0,0,561.6,63406.62,0.4,25362.66,88769.28,616.44,0,0.0,0.0,57700.03,0,0.0,0.0,57700.03,0.0,,116,"Promotions,_Sep_30,_2026  FULL HISTORY For Aevah.xlsx",2026-09-30
2026-03-01T00:00:00Z,CIRCLE K,2bd927cd-43f3-454e-7f2e-08de5da29cfe,CIRCLE K March 2026 Puff Singles TPR,Complete - Unsettled (Open),"CORE-MARK INTERNATIONAL, INC.",2026-03-01,2026-03-30,2026-03-01,2026-03-30,Retailer price reduction,TPR,Puff 1CT,1.994,2.5,0.494,0.14626,247.68,1.72,242.73,1.69,0,0,0.0,0.0,0.0,0,0.5,0,0.0,0,360.0,203778.77,0.2,40755.76,244534.53,1698.16,0,0.0,0.0,61133.63,0,0.0,0.0,61133.63,0.0,,1238,"Promotions,_Sep_30,_2026  FULL HISTORY For Aevah.xlsx",2026-09-30
2026-03-01T00:00:00Z,CIRCLE K,2bd927cd-43f3-454e-7f2e-08de5da29cfe,CIRCLE K March 2026 Puff Singles TPR,Complete - Unsettled (Open),MCLANE GROCER,2026-03-01,2026-03-30,2026-03-01,2026-03-30,Retailer price reduction,TPR,Puff 1CT,1.994,2.5,0.494,0.14626,247.68,1.72,242.482,1.686,0,0,0.0,0.0,0.0,0,0.5,0,0.0,0,360.0,203778.77,0.2,40755.76,244534.53,1698.16,0,0.0,0.0,61133.63,0,0.0,0.0,61133.63,0.0,,1238,"Promotions,_Sep_30,_2026  FULL HISTORY For Aevah.xlsx",2026-09-30
2026-03-01T00:00:00Z,CIRCLE K,2bd927cd-43f3-454e-7f2e-08de5da29cfe,CIRCLE K March 2026 Puff Singles TPR,Complete - Unsettled (Open),Direct,2026-03-01,2026-03-30,2026-03-01,2026-03-30,Customer advertising,Ad,,0.0,0.0,0.0,0.0,0.0,0.0,0.0,0.0,0,0,0.0,0.0,0.0,0,0.0,0,0.0,0,0.0,0.0,0.0,0.0,0.0,0.0,0,0.0,0.0,0.0,0,0.0,35000.0,35000.0,0.0,,1238,"Promotions,_Sep_30,_2026  FULL HISTORY For Aevah.xlsx",2026-09-30
2026-07-01T00:00:00Z,Albertsons Seattle,2be8fab2-29c0-4461-b4de-08de8bfc2efc,July 2026 $9.99 TPR + Ice Cream Shippers,Complete - Unsettled (Open),Direct,2026-07-01,2026-07-28,2026-07-01,2026-07-28,Retailer price reduction,TPR,Puff 4CT,10.99,8.99,2.0,0.182,39.84,6.64,39.84,6.64,0,0,0.0,0.0,0.0,0,1.0,0,0.0,0,24.0,6168.0,0.5,3084.0,9252.0,1542.0,0,0.0,0.0,9252.0,0,0.0,0.0,9252.0,9747.2,2026-07-30,1482,"Promotions,_Sep_30,_2026  FULL HISTORY For Aevah.xlsx",2026-09-30
2026-07-01T00:00:00Z,Albertsons Seattle,2be8fab2-29c0-4461-b4de-08de8bfc2efc,July 2026 $9.99 TPR + Ice Cream Shippers,Complete - Unsettled (Open),Direct,2026-07-01,2026-07-28,2026-07-01,2026-07-28,Retailer price reduction,TPR,Puff Shipper,2.99,8.99,0.0,0.0,199.2,6.64,199.2,1.38,0,0,19.2,0.64,0.0,0,1.0,0,0.0,0,1353.6,496.0,0.5,248.0,744.0,0.0,0,0.0,0.0,744.0,0,0.0,0.0,744.0,314.8,2026-07-30,1482,"Promotions,_Sep_30,_2026  FULL HISTORY For Aevah.xlsx",2026-09-30
2026-07-01T00:00:00Z,Albertsons Haggen,2c1e9361-a0c1-4214-4152-08de5e781b74,July 2026 2/$5 TPR,Complete - Unsettled (Open),UNFI,2026-07-01,2026-07-28,2026-07-01,2026-07-28,Retailer price reduction,TPR,Puff 1CT,0.0,2.5,0.0,0.0,247.68,1.72,262.15,1.82,0,0,0.0,0.0,0.0,0,0.25,0,0.0,0,144.0,1554.0,0.25,388.5,1942.5,13.48,0,0.0,0.0,485.61,0,0.0,0.0,485.61,1988.4,2026-08-06,1333,"Promotions,_Sep_30,_2026  FULL HISTORY For Aevah.xlsx",2026-09-30
2026-07-01T00:00:00Z,Albertsons Haggen,2c1e9361-a0c1-4214-4152-08de5e781b74,July 2026 2/$5 TPR,Complete - Unsettled (Open),Direct,2026-07-01,2026-07-28,2026-07-01,2026-07-28,Customer advertising,Ad,,0.0,0.0,0.0,0.0,0.0,0.0,0.0,0.0,0,0,0.0,0.0,0.0,0,0.0,0,0.0,0,0.0,0.0,0.0,0.0,0.0,0.0,0,0.0,0.0,0.0,0,0.0,300.0,300.0,0.0,2026-08-06,1333,"Promotions,_Sep_30,_2026  FULL HISTORY For Aevah.xlsx",2026-09-30
2026-11-27T00:00:00Z,Sam's Club,2c2f44c3-47ec-474e-0939-08deb27c50a3,Sam's Black Friday 2026 Deal,Planned,Direct,2026-11-27,2026-11-30,2026-11-27,2026-11-30,Coupon,Digital Coupon,,0.0,0.0,0.0,0.0,0.0,0.0,0.0,0.0,0,0,0.0,0.0,0.0,0,0.0,0,0.0,0,0.0,0.0,0.0,0.0,0.0,0.0,0,0.0,0.0,0.0,0,0.0,66306.76,66306.76,0.0,,1566,"Promotions,_Sep_30,_2026  FULL HISTORY For Aevah.xlsx",2026-09-30
2026-08-01T00:00:00Z,MEIJER,2cfe24d6-68a2-4037-6382-08de5da29cfe,MEIJER August 2026 TPR,Complete - Unsettled (Open),Direct,2026-08-01,2026-08-06,2026-08-01,2026-08-06,Retailer price reduction,TPR,Puff 4CT,0.0,8.49,0.0,0.0,39.84,6.64,39.04,6.51,0,0,0.0,0.0,0.0,0,0.7,0,0.0,0,12.6,2448.76,0.4,979.5,3428.26,571.38,0,0.0,0.0,2399.78,0,0.0,0.0,2399.78,0.0,,1192,"Promotions,_Sep_30,_2026  FULL HISTORY For Aevah.xlsx",2026-09-30
2026-08-01T00:00:00Z,MEIJER,2cfe24d6-68a2-4037-6382-08de5da29cfe,MEIJER August 2026 TPR,Complete - Unsettled (Open),Direct,2026-08-01,2026-08-06,2026-08-01,2026-08-06,Display,PDQ,,0.0,0.0,0.0,0.0,0.0,0.0,0.0,0.0,0,0,0.0,0.0,0.0,0,0.0,0,0.0,0,0.0,0.0,0.0,0.0,0.0,0.0,0,0.0,0.0,0.0,0,0.0,500.0,500.0,0.0,,1192,"Promotions,_Sep_30,_2026  FULL HISTORY For Aevah.xlsx",2026-09-30
2027-01-01T00:00:00Z,PILOT FLYING J,2d7bfc4a-0da6-4435-f37c-08dd6bd158ca,PILOT FLYING J January 2027 TPR,Planned,MCLANE GROCER,2027-01-01,2027-01-30,2026-12-18,2026-12-31,Retailer price reduction,TPR,Puff 1CT,0.0,0.0,0.0,0.0,247.68,1.72,242.31666666666666,1.6833333333333333,0,0,0.0,0.0,0.0,0,0.43,0,0.0,0,185.76,1310.44,0.15,196.56,1507.0,10.47,0,0.0,0.0,648.01,0,0.0,0.0,648.01,0.0,,412,"Promotions,_Sep_30,_2026  FULL HISTORY For Aevah.xlsx",2026-09-30
2026-08-01T00:00:00Z,SCHNUCKS,2d8c592f-b02f-4b07-7f7e-08de5da29cfe,SCHNUCKS August 2026 Puff 4-Pack TPR,Complete - Unsettled (Open),"DOT FOODS, INC",2026-08-01,2026-08-14,2026-08-01,2026-08-14,Retailer price reduction,TPR,Puff 4CT,0.0,7.99,0.0,0.0,39.84,6.64,39.84,6.64,0,0,0.0,0.0,0.0,0,1.0,0,0.0,0,30.0,1839.62,0.4,735.85,2575.47,429.25,0,0.0,0.0,2575.47,0,0.0,0.0,2575.47,0.0,,1318,"Promotions,_Sep_30,_2026  FULL HISTORY For Aevah.xlsx",2026-09-30
2026-02-01T00:00:00Z,GELSONS,2dfba802-539e-46e3-d715-08de5cdc8bfa,GELSONS February 2026 Puff 4-Pack TPR,Complete - Unsettled (Open),UNFI,2026-02-01,2026-02-28,2026-02-01,2026-02-28,Retailer price reduction,TPR,Puff 4CT,11.99,8.99,3.0,0.2502,39.84,6.64,42.94,7.16,0,0,0.0,0.0,0.0,0,0.5,0,0.0,0,9.0,755.52,0.75,566.64,1322.16,220.37,0,0.0,0.0,661.07,0,0.0,0.0,661.07,0.0,,958,"Promotions,_Sep_30,_2026  FULL HISTORY For Aevah.xlsx",2026-09-30
2026-02-01T00:00:00Z,GELSONS,2dfba802-539e-46e3-d715-08de5cdc8bfa,GELSONS February 2026 Puff 4-Pack TPR,Complete - Unsettled (Open),Direct,2026-02-01,2026-02-28,2026-02-01,2026-02-28,Customer advertising,Ad,,0.0,0.0,0.0,0.0,0.0,0.0,0.0,0.0,0,0,0.0,0.0,0.0,0,0.0,0,0.0,0,0.0,0.0,0.0,0.0,0.0,0.0,0,0.0,0.0,0.0,0,0.0,425.0,425.0,0.0,,958,"Promotions,_Sep_30,_2026  FULL HISTORY For Aevah.xlsx",2026-09-30
2026-10-01T00:00:00Z,Albertsons Southern,2e4528d2-f087-498f-1f5e-08de8bfc2efd,October 2026 $9.99 TPR,Planned,Direct,2026-10-01,2026-10-28,2026-10-01,2026-10-28,Retailer price reduction,TPR,Puff 4CT,10.99,9.99,1.0,0.091,39.84,6.64,39.84,6.64,0,0,0.0,0.0,0.0,0,1.0,0,0.0,0,24.0,2710.4,0.25,677.6,3388.0,564.67,0,0.0,0.0,3388.0,0,0.0,0.0,3388.0,0.0,,1509,"Promotions,_Sep_30,_2026  FULL HISTORY For Aevah.xlsx",2026-09-30
2026-10-01T00:00:00Z,RALPHS,2ef74cb0-b0b1-4c53-405c-08de5da29cfe,RALPHS October 2026 Puff 4-Pack TPR,Planned,KEHE DISTRIBUTORS,2026-10-01,2026-10-31,2026-10-01,2026-10-31,Retailer price reduction,TPR,Puff 4CT,10.99,9.99,1.0,0.091,39.84,6.64,40.44,6.74,0,0,0.0,0.0,0.0,0,0.8,0,0.0,0,9.6,3348.0,0.2,669.6,4017.6,669.6,0,0.0,0.0,3214.08,0,0.0,0.0,3214.08,0.0,,1097,"Promotions,_Sep_30,_2026  FULL HISTORY For Aevah.xlsx",2026-09-30
2026-09-01T00:00:00Z,New Seasons,2f465c38-55f3-481a-d724-08de5cdc8bfa,New Seasons September 2026 Puff Singles TPR,In progress,UNFI,2026-09-01,2026-09-30,2026-09-01,2026-09-30,Retailer price reduction,TPR,Puff 1CT,0.0,2.5,0.0,0.0,247.68,1.72,242.73,1.69,0,0,0.0,0.0,0.0,0,0.43,0,0.0,0,371.52,3111.42,1.0,3111.42,6222.84,43.22,0,0.0,0.0,2675.82,0,0.0,0.0,2675.82,0.0,,973,"Promotions,_Sep_30,_2026  FULL HISTORY For Aevah.xlsx",2026-09-30
2026-01-01T00:00:00Z,Food 4 Less,2fb95df3-50c8-4061-6702-08de5e781b74,Food 4 Less January 2026 TPR,Complete - Unsettled (Open),UNFI,2026-01-01,2026-01-31,2026-01-01,2026-01-31,Retailer price reduction,TPR,Puff 1CT,0.4983333333333333,1.99,0.16666666666666669,0.055733333333333336,247.68,1.72,193.19,1.34,0,0,0.0,0.0,0.0,0,0.33,0,0.0,0,285.12,3610.3,0.75,2707.73,6318.03,43.88,0,0.0,0.0,2084.94,0,0.0,0.0,2084.94,0.0,,1349,"Promotions,_Sep_30,_2026  FULL HISTORY For Aevah.xlsx",2026-09-30
2025-02-26T00:00:00Z,Albertsons Corporate,2fba36bc-8e70-4fbf-28cd-08dd721102ed,ALBERTSONS COMPANIES April 2025 Puff Digital Coupon,Complete - Unsettled (Open),Direct,2025-02-26,2025-03-25,2025-02-26,2025-03-25,Coupon,Digital Coupon,,0.0,0.0,0.0,0.0,0.0,0.0,0.0,0.0,0,0,0.0,0.0,0.0,0,0.0,0,0.0,0,0.0,0.0,0.0,0.0,0.0,0.0,0,0.0,0.0,0.0,0,0.0,3172.01,3172.01,0.0,,616,"Promotions,_Sep_30,_2026  FULL HISTORY For Aevah.xlsx",2026-09-30
2026-12-01T00:00:00Z,Fresh Thyme,2fd65a4b-071f-451d-d710-08de5cdc8bfa,Fresh Thyme January 2027 Puff Singles TPR,Planned,KEHE DISTRIBUTORS,2026-12-01,2027-01-08,2026-12-01,2027-01-08,Retailer price reduction,TPR,Puff 1CT,0.0,2.5,0.0,0.0,247.68,1.72,234.81,1.634,0,0,0.0,0.0,0.0,0,0.3,0,0.0,0,216.0,6482.11,0.2,1296.42,7778.53,54.02,0,0.0,0.0,2333.56,0,0.0,0.0,2333.56,0.0,,953,"Promotions,_Sep_30,_2026  FULL HISTORY For Aevah.xlsx",2026-09-30
2026-08-01T00:00:00Z,Albertsons Southern,304e9ad3-0277-4ddd-1f4f-08de8bfc2efd,August 2026 $8.99 TPR,Complete - Unsettled (Open),Direct,2026-08-01,2026-08-28,2026-08-01,2026-08-28,Retailer price reduction,TPR,Puff 4CT,10.99,8.99,2.0,0.182,39.84,6.64,39.84,6.64,0,0,0.0,0.0,0.0,0,2.0,0,0.0,0,48.0,2710.4,0.6,1626.24,4336.64,722.77,0,0.0,0.0,8673.28,0,0.0,0.0,8673.28,7340.0,2026-08-27,1507,"Promotions,_Sep_30,_2026  FULL HISTORY For Aevah.xlsx",2026-09-30
2026-03-04T00:00:00Z,Albertsons Intermountain,30896a63-4efc-439c-4c87-08de89a46b1d,March 2026 $9.99 National Event TPR,Complete - Unsettled (Open),Direct,2026-03-04,2026-03-31,2026-03-04,2026-03-31,Retailer price reduction,TPR,Puff 4CT,10.99,9.99,1.0,0.091,39.84,6.64,39.84,6.64,0,0,0.0,0.0,0.0,0,1.0,0,0.0,0,24.0,3124.8,0.6,1874.88,4999.68,833.28,0,0.0,0.0,4999.68,0,0.0,0.0,4999.68,0.0,,1445,"Promotions,_Sep_30,_2026  FULL HISTORY For Aevah.xlsx",2026-09-30
2026-01-01T00:00:00Z,Weis Markets,30b969db-5507-4e24-4092-08de5da29cfe,Weis Markets January 2026 Puff Singles TPR,Complete - Unsettled (Open),C&S Wholesale,2026-01-01,2026-01-31,2026-01-01,2026-01-31,Retailer price reduction,TPR,Puff 1CT,0.598,2.0,0.198,0.06622,235.008,1.632,235.008,1.546,0,0,0.0,0.0,0.0,0,0.5,0,0.0,0,1368.0,1657.26,0.285,497.18,2154.44,14.96,0,0.0,0.0,1077.22,0,0.0,0.0,1077.22,0.0,,1150,"Promotions,_Sep_30,_2026  FULL HISTORY For Aevah.xlsx",2026-09-30
2026-01-01T00:00:00Z,Weis Markets,30b969db-5507-4e24-4092-08de5da29cfe,Weis Markets January 2026 Puff Singles TPR,Complete - Unsettled (Open),C&S Wholesale,2026-01-01,2026-01-31,2026-01-01,2026-01-31,Retailer price reduction,TPR,Puff Shipper,0.0,2.0,0.0,0.0,130.94,2.745,130.94,0.4091666666666667,0,0,0.0,0.0,0.0,0,0.5,0,0.0,0,11016.0,2664.22,0.0625,799.27,3463.49,0.0,0,0.0,0.0,1731.74,0,0.0,0.0,1731.74,0.0,,1150,"Promotions,_Sep_30,_2026  FULL HISTORY For Aevah.xlsx",2026-09-30
2026-01-01T00:00:00Z,Weis Markets,30b969db-5507-4e24-4092-08de5da29cfe,Weis Markets January 2026 Puff Singles TPR,Complete - Unsettled (Open),C&S Wholesale,2026-01-01,2026-01-31,2026-01-01,2026-01-31,Retailer price reduction,TPR,Club Packs,0.0,2.0,0.0,0.0,9103.5,17.34,9103.5,17.34,0,0,0.0,0.0,0.0,0,0.5,0,0.0,0,262.5,0.0,0.3,0.0,0.0,0.0,0,0.0,0.0,0.0,0,0.0,0.0,0.0,0.0,,1150,"Promotions,_Sep_30,_2026  FULL HISTORY For Aevah.xlsx",2026-09-30
2026-01-01T00:00:00Z,HEB,3114a86a-3dee-4a1e-9ffd-08de4f7c9ec1,HEB January 2026 4 Pack Coupon,Complete - Unsettled (Open),Direct,2026-01-01,2026-01-14,2026-01-01,2026-01-14,Coupon,$1 Off,,0.0,0.0,0.0,0.0,0.0,0.0,0.0,0.0,0,0,0.0,0.0,0.0,0,0.0,0,0.0,0,0.0,0.0,0.0,0.0,0.0,0.0,0,0.0,0.0,0.0,0,0.0,1450.54,1450.54,14935.52,2026-01-22,926,"Promotions,_Sep_30,_2026  FULL HISTORY For Aevah.xlsx",2026-09-30
2025-06-01T00:00:00Z,EXTRA MILE,319d5029-d79f-455e-f45e-08dd6bd158ca,EXTRA MILE June 2025 TPR,Complete - Unsettled (Open),MCLANE GROCER,2025-06-01,2025-06-30,2025-05-18,2025-05-31,Retailer price reduction,TPR,Puff 1CT,0.0,0.0,0.0,0.0,247.68,1.72,247.22,1.72,0,0,0.0,0.0,0.0,0,0.4,0,0.0,0,172.8,34125.0,0.2,6825.0,40950.0,284.37,0,0.0,0.0,16380.0,0,0.0,0.0,16380.0,0.0,,414,"Promotions,_Sep_30,_2026  FULL HISTORY For Aevah.xlsx",2026-09-30
2025-06-01T00:00:00Z,EXTRA MILE,319d5029-d79f-455e-f45e-08dd6bd158ca,EXTRA MILE June 2025 TPR,Complete - Unsettled (Open),MCLANE GROCER,2025-06-01,2025-06-30,2025-05-18,2025-05-31,Retailer price reduction,TPR,Puff 4CT,0.0,0.0,0.0,0.0,39.84,6.64,38.94,6.49,0,0,0.0,0.0,0.0,0,0.3,0,0.0,0,3.6,1774.38,0.5,887.2,2661.58,443.6,0,0.0,0.0,798.48,0,0.0,0.0,798.48,0.0,,414,"Promotions,_Sep_30,_2026  FULL HISTORY For Aevah.xlsx",2026-09-30
2026-12-01T00:00:00Z,KROGER,31db6a74-e67a-4566-404e-08de5da29cfe,KROGER December 2026 Puff Singles TPR,Planned,UNFI,2026-12-01,2026-12-31,2026-12-01,2026-12-31,Retailer price reduction,TPR,Puff 1CT,1.196,2.5,0.196,0.06556,247.68,1.72,242.73,1.69,0,0,0.0,0.0,0.0,0,0.3,0,0.0,0,216.0,39857.15,0.3,11957.14,51814.29,359.82,0,0.0,0.0,15544.29,0,0.0,0.0,15544.29,0.0,,1083,"Promotions,_Sep_30,_2026  FULL HISTORY For Aevah.xlsx",2026-09-30
2025-07-23T00:00:00Z,HEB,31e71a94-bf9e-4021-28f2-08dd721102ed,HEB BTS Event,Complete - Unsettled (Open),KEHE DISTRIBUTORS,2025-07-23,2025-08-05,2025-07-16,2025-07-23,Retailer price reduction,TPR,Puff 1CT,2.98,2.48,0.5,0.1678,247.68,1.72,246.45,1.71,0,0,0.0,0.0,0.0,0,0.5,0,0.0,0,360.0,101130.66,2.0,202261.32,303391.98,2106.89,0,0.0,0.0,151696.0,0,0.0,0.0,151696.0,22231.4,2025-10-20,617,"Promotions,_Sep_30,_2026  FULL HISTORY For Aevah.xlsx",2026-09-30
2026-04-01T00:00:00Z,PUBLIX,32001408-ee36-4fed-c4c6-08de7ea07320,2026 Front End Program Q2,Draft,Direct,2026-04-01,2026-06-30,2026-04-01,2026-06-30,Display,End Cap,,0.0,0.0,0.0,0.0,0.0,0.0,0.0,0.0,0,0,0.0,0.0,0.0,0,0.0,0,0.0,0,0.0,0.0,0.0,0.0,0.0,0.0,0,0.0,0.0,0.0,0,0.0,5869.71,5869.71,0.0,,1416,"Promotions,_Sep_30,_2026  FULL HISTORY For Aevah.xlsx",2026-09-30
2026-04-29T00:00:00Z,Albertsons Intermountain,320a4fa1-29bb-4adb-4c88-08de89a46b1d,May 2026 $9.99 TPR + Digital,Complete - Unsettled (Open),Direct,2026-04-29,2026-05-26,2026-04-29,2026-05-26,Retailer price reduction,TPR,Puff 4CT,10.99,9.99,1.0,0.091,39.84,6.64,39.84,6.64,0,0,0.0,0.0,0.0,0,1.0,0,0.0,0,24.0,2359.6,0.7,1651.72,4011.32,668.55,0,0.0,0.0,4011.32,0,0.0,0.0,4011.32,4478.5,2026-05-28,1446,"Promotions,_Sep_30,_2026  FULL HISTORY For Aevah.xlsx",2026-09-30
2026-04-29T00:00:00Z,Albertsons Intermountain,320a4fa1-29bb-4adb-4c88-08de89a46b1d,May 2026 $9.99 TPR + Digital,Complete - Unsettled (Open),Direct,2026-04-29,2026-05-26,2026-04-29,2026-05-26,Coupon,Digital Coupon,,0.0,0.0,0.0,0.0,0.0,0.0,0.0,0.0,0,0,0.0,0.0,0.0,0,0.0,0,0.0,0,0.0,0.0,0.0,0.0,0.0,0.0,0,0.0,0.0,0.0,0,0.0,200.57,200.57,17.5,2026-05-28,1446,"Promotions,_Sep_30,_2026  FULL HISTORY For Aevah.xlsx",2026-09-30
2027-01-01T00:00:00Z,WEGMANS,323088fb-7d81-4cea-dfb8-08dd6bd158c6,WEGMANS January 2027 TPR,Draft,UNFI,2027-01-01,2027-01-31,2026-12-18,2026-12-31,Retailer price reduction,TPR,Puff 1CT,0.0,0.0,0.0,0.0,247.68,1.72,243.65,1.696,0,0,0.0,0.0,0.0,0,0.52,0,0.0,0,374.4,3253.72,0.5,1626.86,4880.58,33.89,0,0.0,0.0,2537.9,0,0.0,0.0,2537.9,0.0,,130,"Promotions,_Sep_30,_2026  FULL HISTORY For Aevah.xlsx",2026-09-30
2027-01-01T00:00:00Z,WEGMANS,323088fb-7d81-4cea-dfb8-08dd6bd158c6,WEGMANS January 2027 TPR,Draft,UNFI,2027-01-01,2027-01-31,2026-12-18,2026-12-31,Retailer price reduction,TPR,Bar 1CT,0.0,0.0,0.0,0.0,247.68,1.72,242.73,1.69,0,0,0.0,0.0,0.0,0,0.52,0,0.0,0,74.88,0.0,0.5,0.0,0.0,0.0,0,0.0,0.0,0.0,0,0.0,0.0,0.0,0.0,,130,"Promotions,_Sep_30,_2026  FULL HISTORY For Aevah.xlsx",2026-09-30
2027-01-01T00:00:00Z,WEGMANS,323088fb-7d81-4cea-dfb8-08dd6bd158c6,WEGMANS January 2027 TPR,Draft,Direct,2027-01-01,2027-01-31,2026-12-18,2026-12-31,Display,,,0.0,0.0,0.0,0.0,0.0,0.0,0.0,0.0,0,0,0.0,0.0,0.0,0,0.0,0,0.0,0,0.0,0.0,0.0,0.0,0.0,0.0,0,0.0,0.0,0.0,0,0.0,0.0,0.0,0.0,,130,"Promotions,_Sep_30,_2026  FULL HISTORY For Aevah.xlsx",2026-09-30
2026-02-01T00:00:00Z,Weis Markets,325168b7-d603-4783-4091-08de5da29cfe,Weis Markets February 2026 Puff 4-Pack TPR,Complete - Unsettled (Open),C&S Wholesale,2026-02-01,2026-02-28,2026-02-01,2026-02-28,Retailer price reduction,TPR,Puff 4CT,0.0,7.99,0.0,0.0,37.5168,7.4288,37.5168,7.4288,0,0,0.0,0.0,0.0,0,1.2,0,0.0,0,168.0,2058.09,0.25,514.52,2572.61,428.77,0,0.0,0.0,3087.13,0,0.0,0.0,3087.13,3780.16,2026-02-27,1149,"Promotions,_Sep_30,_2026  FULL HISTORY For Aevah.xlsx",2026-09-30
2026-02-01T00:00:00Z,Weis Markets,325168b7-d603-4783-4091-08de5da29cfe,Weis Markets February 2026 Puff 4-Pack TPR,Complete - Unsettled (Open),C&S Wholesale,2026-02-01,2026-02-28,2026-02-01,2026-02-28,Retailer price reduction,TPR,Club Packs,0.0,7.99,0.0,0.0,9439.5,17.98,9439.5,17.98,0,0,0.0,0.0,0.0,0,1.2,0,0.0,0,1890.0,0.0,0.25,0.0,0.0,0.0,0,0.0,0.0,0.0,0,0.0,0.0,0.0,0.0,2026-02-27,1149,"Promotions,_Sep_30,_2026  FULL HISTORY For Aevah.xlsx",2026-09-30
2026-02-01T00:00:00Z,Weis Markets,325168b7-d603-4783-4091-08de5da29cfe,Weis Markets February 2026 Puff 4-Pack TPR,Complete - Unsettled (Open),C&S Wholesale,2026-02-01,2026-02-28,2026-02-01,2026-02-28,Retailer price reduction,TPR,Puff Shipper,0.0,7.99,0.0,0.0,79.66000000000001,79.66,79.66,79.66,0,0,0.0,0.0,0.0,0,1.2,0,0.0,0,2.4,0.0,0.25,0.0,0.0,0.0,0,0.0,0.0,0.0,0,0.0,0.0,0.0,0.0,2026-02-27,1149,"Promotions,_Sep_30,_2026  FULL HISTORY For Aevah.xlsx",2026-09-30
2025-07-01T00:00:00Z,SPARTAN NASH,3268e321-feb7-45cf-d6a4-08dd6bd158c8,SPARTAN NASH July 2025 TPR,Complete - Unsettled (Open),Direct,2025-07-01,2025-07-30,2025-06-17,2025-06-30,Retailer price reduction,TPR,Puff 1CT,0.0,0.0,0.0,0.0,247.68,1.72,247.68,1.72,0,0,0.0,0.0,0.0,0,0.25,0,0.0,0,144.0,10699.36,0.2,2139.87,12839.23,89.16,0,0.0,0.0,3209.81,0,0.0,0.0,3209.81,0.0,,254,"Promotions,_Sep_30,_2026  FULL HISTORY For Aevah.xlsx",2026-09-30
2026-02-01T00:00:00Z,CERTCO INC.,32b14a71-c534-49fe-7f2b-08de5da29cfe,CERTCO INC. February 2026 Puff 4-Pack TPR,Complete - Unsettled (Open),Direct,2026-02-01,2026-02-28,2026-02-01,2026-02-28,Retailer price reduction,TPR,Puff 4CT,0.0,7.99,0.0,0.0,39.84,6.64,39.84,6.64,0,0,0.0,0.0,0.0,0,0.8,0,0.0,0,28.8,8959.11,0.3,2687.74,11646.85,1941.16,0,0.0,0.0,9317.47,0,0.0,0.0,9317.47,12393.06,2026-02-06,1235,"Promotions,_Sep_30,_2026  FULL HISTORY For Aevah.xlsx",2026-09-30
2026-02-23T00:00:00Z,AWG,32d54fad-bf0a-44ec-7f1e-08de5da29cfe,AWG March 2026 Puff 4-Pack TPR,Complete - Unsettled (Open),"DOT FOODS, INC",2026-02-23,2026-03-22,2026-02-23,2026-03-22,Retailer price reduction,TPR,Puff 4CT,0.0,8.99,0.0,0.0,39.84,6.64,39.84,6.64,0,0,0.0,0.0,0.0,0,0.71,0,0.0,0,8.52,537.59,0.2,107.51,645.1,107.51,0,0.0,0.0,458.02,0,0.0,0.0,458.02,0.0,,1222,"Promotions,_Sep_30,_2026  FULL HISTORY For Aevah.xlsx",2026-09-30
2025-07-27T00:00:00Z,UNFI,32d7f9b7-9ecf-43b6-4ce1-08dd896eff0c,UNFI Aug 2025 15% OI,Complete - Unsettled (Open),Direct,2025-07-27,2025-08-23,2025-06-30,2025-08-01,Distributor price reduction,,Puff 1CT,0.0,0.0,0.0,0.0,0.0,0.0,20.64,0.0,0,0,0.0,0.0,0.0,0,0.0,0,0.0,0,0.0,0.0,0.0,0.0,0.0,0.0,0,0.0,3190.74,0.0,0,0.0,0.0,3190.74,10675.36,2025-10-17,667,"Promotions,_Sep_30,_2026  FULL HISTORY For Aevah.xlsx",2026-09-30
2025-07-27T00:00:00Z,UNFI,32d7f9b7-9ecf-43b6-4ce1-08dd896eff0c,UNFI Aug 2025 15% OI,Complete - Unsettled (Open),Direct,2025-07-27,2025-08-23,2025-06-30,2025-08-01,Distributor price reduction,,Puff 4CT,0.0,0.0,0.0,0.0,0.0,0.0,39.84,0.0,0,0,0.0,0.0,0.0,0,0.0,0,0.0,0,0.0,0.0,0.0,0.0,0.0,0.0,0,0.0,8324.91,0.0,0,0.0,0.0,8324.91,1456.26,2025-10-17,667,"Promotions,_Sep_30,_2026  FULL HISTORY For Aevah.xlsx",2026-09-30
2025-07-27T00:00:00Z,UNFI,32d7f9b7-9ecf-43b6-4ce1-08dd896eff0c,UNFI Aug 2025 15% OI,Complete - Unsettled (Open),Direct,2025-07-27,2025-08-23,2025-06-30,2025-08-01,Distributor price reduction,,Bar 4CT,0.0,0.0,0.0,0.0,0.0,0.0,39.84,0.0,0,0,0.0,0.0,0.0,0,0.0,0,0.0,0,0.0,0.0,0.0,0.0,0.0,0.0,0,0.0,389.9,0.0,0,0.0,0.0,389.9,485.76,2025-10-17,667,"Promotions,_Sep_30,_2026  FULL HISTORY For Aevah.xlsx",2026-09-30
2025-07-27T00:00:00Z,UNFI,32d7f9b7-9ecf-43b6-4ce1-08dd896eff0c,UNFI Aug 2025 15% OI,Complete - Unsettled (Open),Direct,2025-07-27,2025-08-23,2025-06-30,2025-08-01,Distributor price reduction,,Bar 1CT,0.0,0.0,0.0,0.0,0.0,0.0,20.64,0.0,0,0,0.0,0.0,0.0,0,0.0,0,0.0,0,0.0,0.0,0.0,0.0,0.0,0.0,0,0.0,370.08,0.0,0,0.0,0.0,370.08,12025.47,2025-10-17,667,"Promotions,_Sep_30,_2026  FULL HISTORY For Aevah.xlsx",2026-09-30
2025-03-01T00:00:00Z,HY-VEE FAST & FRESH,32fa236a-4df9-412d-fcae-08dd6bd158ca,HY-VEE FAST & FRESH March 2025 TPR,Complete - Unsettled (Open),Direct,2025-03-01,2025-03-30,2025-02-15,2025-02-28,Retailer price reduction,TPR,Puff 1CT,0.0,0.0,0.0,0.0,247.68,1.72,247.27,1.72,0,0,0.0,0.0,0.0,0,0.25,0,0.0,0,108.0,4628.55,0.15,694.29,5322.84,36.96,0,0.0,0.0,1330.71,0,0.0,0.0,1330.71,0.0,,442,"Promotions,_Sep_30,_2026  FULL HISTORY For Aevah.xlsx",2026-09-30
2026-08-01T00:00:00Z,Albertsons Portland,3341c6c5-e5d6-4ccd-a16c-08de89a46b1d,August 2026 $8.99 TPR,Complete - Unsettled (Open),Direct,2026-08-01,2026-08-28,2026-08-01,2026-08-28,Retailer price reduction,TPR,Puff 4CT,10.99,5.993333333333333,4.996666666666667,0.45466666666666666,39.84,6.64,39.84,6.64,0,0,0.0,0.0,0.0,0,1.3333333333333335,0,0.0,0,48.0,4322.4,0.75,3241.8,7564.2,1260.7,0,0.0,0.0,14324.8,0,0.0,0.0,14324.8,8976.0,2026-08-27,1473,"Promotions,_Sep_30,_2026  FULL HISTORY For Aevah.xlsx",2026-09-30
2026-04-23T00:00:00Z,SAVE MART,3376394e-d104-4c6d-d732-08de5cdc8bfa,SAVE MART May 2026 Puff Singles TPR,Complete - Unsettled (Open),KEHE DISTRIBUTORS,2026-04-23,2026-05-13,2026-04-23,2026-05-13,Retailer price reduction,TPR,Puff 1CT,2.99,2.99,0.0,0.0,247.68,1.72,201.62,1.4,0,0,0.0,0.0,0.0,0,0.3,0,0.0,0,172.8,4477.44,0.3,1343.23,5820.67,40.42,0,0.0,0.0,1746.2,0,0.0,0.0,1746.2,0.0,,987,"Promotions,_Sep_30,_2026  FULL HISTORY For Aevah.xlsx",2026-09-30
2025-06-01T00:00:00Z,ANABI OIL,3462a10f-6709-480e-e85c-08dd6bd158c7,ANABI OIL June 2025 TPR,Complete - Unsettled (Open),"CORE-MARK INTERNATIONAL, INC.",2025-06-01,2025-06-30,2025-05-18,2025-05-31,Retailer price reduction,TPR,Puff 1CT,0.0,0.0,0.0,0.0,247.68,1.72,247.27,1.72,0,0,0.0,0.0,0.0,0,0.3,0,0.0,0,129.6,6760.71,0.15,1014.12,7774.83,54.0,0,0.0,0.0,2332.44,0,0.0,0.0,2332.44,0.0,,206,"Promotions,_Sep_30,_2026  FULL HISTORY For Aevah.xlsx",2026-09-30
2026-04-01T00:00:00Z,Follett,34d5ba0c-a17f-407a-6372-08de5da29cfe,Follett April 2026 TPR,Complete - Unsettled (Open),Vistar,2026-04-01,2026-04-14,2026-04-01,2026-04-14,Retailer price reduction,TPR,Puff 1CT,0.37375,3.39,0.0,0.0,247.68,1.72,247.68,1.72,0,0,0.0,0.0,0.0,0,0.33,0,0.0,0,380.16,9600.0,0.15,1440.0,11040.0,76.64,0,0.0,0.0,3643.2,0,0.0,0.0,3643.2,0.0,,1176,"Promotions,_Sep_30,_2026  FULL HISTORY For Aevah.xlsx",2026-09-30
2026-05-01T00:00:00Z,TOPS,3515c3ba-47b6-4f7d-4079-08de5da29cfe,TOPS May 2026 Puff Singles TPR,Complete - Unsettled (Open),UNFI,2026-05-01,2026-05-31,2026-05-01,2026-05-31,Retailer price reduction,TPR,Puff 1CT,0.0,2.0,0.0,0.0,247.68,1.72,193.19,1.34,0,0,0.0,0.0,0.0,0,0.88,0,0.0,0,380.16,3321.4,0.3,996.42,4317.82,29.98,0,0.0,0.0,3799.67,0,0.0,0.0,3799.67,0.0,,1126,"Promotions,_Sep_30,_2026  FULL HISTORY For Aevah.xlsx",2026-09-30
2026-07-01T00:00:00Z,GELSONS,352c657b-5017-4a2b-d717-08de5cdc8bfa,GELSONS July 2026 Puff 4-Pack TPR,Complete - Unsettled (Open),UNFI,2026-07-01,2026-07-31,2026-07-01,2026-07-31,Retailer price reduction,TPR,Puff 4CT,11.99,8.99,3.0,0.2502,39.84,6.64,42.94,7.16,0,0,0.0,0.0,0.0,0,0.5,0,0.0,0,9.0,888.96,0.75,666.72,1555.68,259.28,0,0.0,0.0,777.84,0,0.0,0.0,777.84,0.0,,960,"Promotions,_Sep_30,_2026  FULL HISTORY For Aevah.xlsx",2026-09-30
2026-07-01T00:00:00Z,GELSONS,352c657b-5017-4a2b-d717-08de5cdc8bfa,GELSONS July 2026 Puff 4-Pack TPR,Complete - Unsettled (Open),Direct,2026-07-01,2026-07-31,2026-07-01,2026-07-31,Customer advertising,Ad,,0.0,0.0,0.0,0.0,0.0,0.0,0.0,0.0,0,0,0.0,0.0,0.0,0,0.0,0,0.0,0,0.0,0.0,0.0,0.0,0.0,0.0,0,0.0,0.0,0.0,0,0.0,425.0,425.0,0.0,,960,"Promotions,_Sep_30,_2026  FULL HISTORY For Aevah.xlsx",2026-09-30
2026-03-01T00:00:00Z,Holiday Oil,353c2e5b-c47c-4fa3-7f47-08de5da29cfe,Holiday Oil March 2026 Puff Singles TPR,Complete - Unsettled (Open),Cottonwood Distributing,2026-03-01,2026-03-30,2026-03-01,2026-03-30,Retailer price reduction,TPR,Puff 1CT,0.5695238095238095,2.5,0.09333333333333334,0.031219047619047622,234.10285714285712,1.625714285714286,234.10285714285712,1.543809523809524,0,0,0.0,0.0,0.0,0,0.25,0,0.0,0,720.0,7393.99,0.15,1109.12,8503.11,59.04,0,0.0,0.0,2125.77,0,0.0,0.0,2125.77,0.0,,1263,"Promotions,_Sep_30,_2026  FULL HISTORY For Aevah.xlsx",2026-09-30
2026-04-01T00:00:00Z,VITAMIN SHOPPE,35c2b257-4e30-48fb-407b-08de5da29cfe,VITAMIN SHOPPE April 2026 Puff Singles TPR,Complete - Unsettled (Open),Direct,2026-04-01,2026-04-08,2026-04-01,2026-04-08,Retailer price reduction,TPR,Puff 1CT,3.29,2.5,0.79,0.2401,247.68,1.72,242.73,1.69,0,0,0.0,0.0,0.0,0,0.42,0,0.0,0,544.32,21320.0,0.2,4264.0,25584.0,177.66,0,0.0,0.0,10745.28,0,0.0,0.0,10745.28,0.0,,1128,"Promotions,_Sep_30,_2026  FULL HISTORY For Aevah.xlsx",2026-09-30
2026-10-01T00:00:00Z,URM Stores,35c94da8-277d-4dda-d752-08de5cdc8bfa,URM Stores October 2026 Puff Singles TPR,Planned,UNFI,2026-10-01,2026-10-01,2026-10-01,2026-10-01,Retailer price reduction,TPR,Puff 1CT,0.0,2.5,0.0,0.0,247.68,1.72,242.73,1.69,0,0,0.0,0.0,0.0,0,0.47,0,0.0,0,203.04,228.57,0.5,114.29,342.86,2.38,0,0.0,0.0,161.14,0,0.0,0.0,161.14,0.0,,1019,"Promotions,_Sep_30,_2026  FULL HISTORY For Aevah.xlsx",2026-09-30
2026-10-01T00:00:00Z,URM Stores,35c94da8-277d-4dda-d752-08de5cdc8bfa,URM Stores October 2026 Puff Singles TPR,Planned,Direct,2026-10-01,2026-10-01,2026-10-01,2026-10-01,Customer advertising,Ad,,0.0,0.0,0.0,0.0,0.0,0.0,0.0,0.0,0,0,0.0,0.0,0.0,0,0.0,0,0.0,0,0.0,0.0,0.0,0.0,0.0,0.0,0,0.0,0.0,0.0,0,0.0,350.0,350.0,0.0,,1019,"Promotions,_Sep_30,_2026  FULL HISTORY For Aevah.xlsx",2026-09-30
2026-10-01T00:00:00Z,KROGER,36b15e0a-d5ec-4557-4054-08de5da29cfe,KROGER October 2026 Puff 4-Pack TPR,Planned,UNFI,2026-10-01,2026-10-31,2026-10-01,2026-10-31,Retailer price reduction,TPR,Puff 4CT,4.396,9.99,0.4,0.0364,39.84,6.64,39.04,6.51,0,0,0.0,0.0,0.0,0,0.8,0,0.0,0,24.0,18591.7,0.2,3718.34,22310.04,3718.34,0,0.0,0.0,17848.04,0,0.0,0.0,17848.04,0.0,,1089,"Promotions,_Sep_30,_2026  FULL HISTORY For Aevah.xlsx",2026-09-30
2025-02-01T00:00:00Z,CASEYS CORP,37259c6a-f454-416e-28d9-08dd721102ed,CASEYS CORP February 2025 Puff TPR,Complete - Unsettled (Open),Direct,2025-02-01,2025-02-28,2025-01-18,2025-01-31,Retailer price reduction,TPR,Puff 1CT,0.0,0.0,0.0,0.0,247.68,1.72,247.68,1.72,0,0,0.0,0.0,0.0,0,1.0,0,0.0,0,432.0,54080.0,0.15,8112.0,62192.0,431.89,0,0.0,0.0,62192.0,0,0.0,0.0,62192.0,8539.8,2025-04-11,618,"Promotions,_Sep_30,_2026  FULL HISTORY For Aevah.xlsx",2026-09-30
2025-02-01T00:00:00Z,CASEYS CORP,37259c6a-f454-416e-28d9-08dd721102ed,CASEYS CORP February 2025 Puff TPR,Complete - Unsettled (Open),Direct,2025-02-01,2025-02-28,2025-01-18,2025-01-31,Customer advertising,Ad,,0.0,0.0,0.0,0.0,0.0,0.0,0.0,0.0,0,0,0.0,0.0,0.0,0,0.0,0,0.0,0,0.0,0.0,0.0,0.0,0.0,0.0,0,0.0,0.0,0.0,0,0.0,5000.0,5000.0,0.0,2025-04-11,618,"Promotions,_Sep_30,_2026  FULL HISTORY For Aevah.xlsx",2026-09-30
2025-07-01T00:00:00Z,HARMONS NEIGHBORHOOD GROCER,37c37802-926f-4427-28e8-08dd721102ed,HARMONS NEIGHBORHOOD GROCER July 2025 Puff TPR,Complete - Unsettled (Open),ON THE DOT DISTRIBUTION,2025-07-01,2025-07-31,2025-06-17,2025-06-30,Retailer price reduction,TPR,Puff 1CT,2.99,0.0,2.99,1.0,247.68,1.72,247.68,1.5766666666666667,0,0,0.0,0.0,0.0,0,0.25,0,0.0,0,396.0,41373.71,0.3,12412.11,53785.82,373.52,0,0.0,0.0,13446.46,0,0.0,0.0,13446.46,7802.0,2025-08-05,619,"Promotions,_Sep_30,_2026  FULL HISTORY For Aevah.xlsx",2026-09-30
2025-07-01T00:00:00Z,HARMONS NEIGHBORHOOD GROCER,37c37802-926f-4427-28e8-08dd721102ed,HARMONS NEIGHBORHOOD GROCER July 2025 Puff TPR,Complete - Unsettled (Open),Direct,2025-07-01,2025-07-31,2025-06-17,2025-06-30,Customer advertising,Ad,,0.0,0.0,0.0,0.0,0.0,0.0,0.0,0.0,0,0,0.0,0.0,0.0,0,0.0,0,0.0,0,0.0,0.0,0.0,0.0,0.0,0.0,0,0.0,0.0,0.0,0,0.0,3000.0,3000.0,0.0,2025-08-05,619,"Promotions,_Sep_30,_2026  FULL HISTORY For Aevah.xlsx",2026-09-30
2025-02-01T00:00:00Z,WINCO,37ced9a4-2c29-47ba-d7b7-08dd6bd158c5,WINCO February 2025 TPR,Complete - Unsettled (Open),Direct,2025-02-01,2025-02-07,2025-01-18,2025-01-31,Retailer price reduction,TPR,Puff 1CT,2.99,0.0,2.99,1.0,247.68,1.72,247.68,1.72,0,0,0.0,0.0,0.0,0,0.24,0,0.0,0,207.36,13632.0,0.3,4089.6,17721.6,123.06,0,0.0,0.0,4253.19,0,0.0,0.0,4253.19,0.0,,85,"Promotions,_Sep_30,_2026  FULL HISTORY For Aevah.xlsx",2026-09-30
2025-02-01T00:00:00Z,WINCO,37ced9a4-2c29-47ba-d7b7-08dd6bd158c5,WINCO February 2025 TPR,Complete - Unsettled (Open),Direct,2025-02-01,2025-02-07,2025-01-18,2025-01-31,Retailer price reduction,TPR,Bar 1CT,2.99,0.0,2.99,1.0,247.68,1.72,247.68,1.72,0,0,0.0,0.0,0.0,0,0.24,0,0.0,0,69.12,1420.0,0.3,426.0,1846.0,12.82,0,0.0,0.0,443.04,0,0.0,0.0,443.04,0.0,,85,"Promotions,_Sep_30,_2026  FULL HISTORY For Aevah.xlsx",2026-09-30
2025-05-12T00:00:00Z,Costco Canada,38285f81-d68f-43ff-0570-08dde7070bbf,Costco Canada May 2025 DMVM,Complete - Unsettled (Open),Direct,2025-05-12,2025-05-25,2025-05-12,2025-05-25,Retailer price reduction,TPR,Club Packs,0.0,0.0,0.0,0.0,9607.5,18.3,9607.5,18.3,0,0,7.0,0.01,0.0,0,0.0,0,0.0,0,7.0,0.0,0.0,0.0,0.0,0.0,0,0.0,0.0,0.0,0,0.0,0.0,0.0,662032.7,2025-05-27,678,"Promotions,_Sep_30,_2026  FULL HISTORY For Aevah.xlsx",2026-09-30
2025-10-01T00:00:00Z,Lowes Foods,3858b1bd-e185-475c-07b7-08dd6bd158cc,Lowes Foods October 2025 TPR,Complete - Unsettled (Open),"DOT FOODS, INC",2025-10-01,2025-10-14,2025-09-17,2025-09-30,Retailer price reduction,TPR,Puff 1CT,2.99,0.0,2.99,1.0,247.68,1.72,247.68,1.72,0,0,0.0,0.0,0.0,0,0.25,0,0.0,0,144.0,3626.28,0.475,1675.37,5301.65,36.81,0,0.0,0.0,1325.4,0,0.0,0.0,1325.4,0.0,,529,"Promotions,_Sep_30,_2026  FULL HISTORY For Aevah.xlsx",2026-09-30
2026-09-01T00:00:00Z,Bolla,386b2c7d-53dc-45c1-6368-08de5da29cfe,Bolla September 2026 TPR,In progress,National Convenience Distributors,2026-09-01,2026-09-30,2026-09-01,2026-09-30,Retailer price reduction,TPR,Puff 1CT,0.9966666666666666,3.39,0.0,0.0,247.68,1.72,247.68,1.72,0,0,0.0,0.0,0.0,0,0.5,0,0.0,0,216.0,3600.0,0.15,540.0,4140.0,28.74,0,0.0,0.0,2070.0,0,0.0,0.0,2070.0,0.0,,1166,"Promotions,_Sep_30,_2026  FULL HISTORY For Aevah.xlsx",2026-09-30
2026-09-01T00:00:00Z,Bolla,386b2c7d-53dc-45c1-6368-08de5da29cfe,Bolla September 2026 TPR,In progress,Direct,2026-09-01,2026-09-30,2026-09-01,2026-09-30,Customer advertising,Ad,,0.0,0.0,0.0,0.0,0.0,0.0,0.0,0.0,0,0,0.0,0.0,0.0,0,0.0,0,0.0,0,0.0,0.0,0.0,0.0,0.0,0.0,0,0.0,0.0,0.0,0,0.0,750.0,750.0,0.0,,1166,"Promotions,_Sep_30,_2026  FULL HISTORY For Aevah.xlsx",2026-09-30
2026-07-01T00:00:00Z,HARRIS TEETER,39161036-837d-4e07-4043-08de5da29cfe,HARRIS TEETER July 2026 Puff Singles TPR,Complete - Unsettled (Open),KEHE DISTRIBUTORS,2026-07-01,2026-07-21,2026-07-01,2026-07-21,Retailer price reduction,TPR,Puff 1CT,0.0,2.25,0.0,0.0,247.68,1.72,232.83,1.62,0,0,0.0,0.0,0.0,0,0.3,0,0.0,0,129.6,10875.0,0.0,0.0,10875.0,75.52,0,0.0,0.0,3262.5,0,0.0,0.0,3262.5,0.0,,1072,"Promotions,_Sep_30,_2026  FULL HISTORY For Aevah.xlsx",2026-09-30
2026-07-01T00:00:00Z,HARRIS TEETER,39161036-837d-4e07-4043-08de5da29cfe,HARRIS TEETER July 2026 Puff Singles TPR,Complete - Unsettled (Open),Direct,2026-07-01,2026-07-21,2026-07-01,2026-07-21,Customer advertising,Ad,,0.0,0.0,0.0,0.0,0.0,0.0,0.0,0.0,0,0,0.0,0.0,0.0,0,0.0,0,0.0,0,0.0,0.0,0.0,0.0,0.0,0.0,0,0.0,0.0,0.0,0,0.0,850.0,850.0,0.0,,1072,"Promotions,_Sep_30,_2026  FULL HISTORY For Aevah.xlsx",2026-09-30
2026-01-01T00:00:00Z,Hudson News,394ae2a2-b803-4cc5-637a-08de5da29cfe,Hudson News March 2026 TPR,Complete - Unsettled (Open),Direct,2026-01-01,2026-03-30,2026-01-01,2026-03-30,Customer advertising,Ad,,0.0,0.0,0.0,0.0,0.0,0.0,0.0,0.0,0,0,0.0,0.0,0.0,0,0.0,0,0.0,0,0.0,0.0,0.0,0.0,0.0,0.0,0,0.0,0.0,0.0,0,0.0,66000.0,66000.0,0.0,,1184,"Promotions,_Sep_30,_2026  FULL HISTORY For Aevah.xlsx",2026-09-30
2027-01-01T00:00:00Z,SCHNUCKS,39971e53-1d75-4450-e866-08dd6bd158ca,SCHNUCKS January 2027 TPR,Planned,"DOT FOODS, INC",2027-01-01,2027-01-21,2026-12-18,2026-12-31,Retailer price reduction,TPR,Puff 4CT,0.0,0.0,0.0,0.0,39.84,6.64,39.84,6.64,0,0,0.0,0.0,0.0,0,0.0,0,0.0,0,0.0,315.37,0.5,157.68,473.05,78.84,0,0.0,0.0,0.0,0,0.0,0.0,0.0,0.0,,374,"Promotions,_Sep_30,_2026  FULL HISTORY For Aevah.xlsx",2026-09-30
2027-01-01T00:00:00Z,SCHNUCKS,39971e53-1d75-4450-e866-08dd6bd158ca,SCHNUCKS January 2027 TPR,Planned,"DOT FOODS, INC",2027-01-01,2027-01-21,2026-12-18,2026-12-31,Retailer price reduction,TPR,Puff 1CT,0.0,0.0,0.0,0.0,247.68,1.72,247.68,1.72,0,0,0.0,0.0,0.0,0,0.4,0,0.0,0,288.0,464.88,0.4,185.95,650.83,4.52,0,0.0,0.0,260.34,0,0.0,0.0,260.34,0.0,,374,"Promotions,_Sep_30,_2026  FULL HISTORY For Aevah.xlsx",2026-09-30
2025-02-01T00:00:00Z,DELEK,3a438e0d-2eec-4b56-dd59-08dd6bd158c7,DELEK February 2025 TPR,Complete - Unsettled (Open),"CORE-MARK INTERNATIONAL, INC.",2025-02-01,2025-02-28,2025-01-18,2025-01-31,Retailer price reduction,TPR,Puff 1CT,0.0,0.0,0.0,0.0,247.68,1.72,247.27,1.72,0,0,0.0,0.0,0.0,0,0.25,0,0.0,0,72.0,3984.0,0.15,597.6,4581.6,31.82,0,0.0,0.0,1145.4,0,0.0,0.0,1145.4,0.0,,159,"Promotions,_Sep_30,_2026  FULL HISTORY For Aevah.xlsx",2026-09-30
2025-08-01T00:00:00Z,GIANT EAGLE,3a684374-1eb6-4a6f-e994-08dd6bd158c9,GIANT EAGLE August 2025 TPR,Complete - Unsettled (Open),KEHE DISTRIBUTORS,2025-08-01,2025-08-28,2025-07-18,2025-07-31,Retailer price reduction,TPR,Puff 1CT,2.79,0.0,2.79,1.0,247.68,1.72,260.38,1.81,0,0,0.0,0.0,0.0,0,0.52,0,0.0,0,299.52,19821.16,0.4,7928.47,27749.63,192.7,0,0.0,0.0,14429.81,0,0.0,0.0,14429.81,0.0,,320,"Promotions,_Sep_30,_2026  FULL HISTORY For Aevah.xlsx",2026-09-30
2026-01-28T00:00:00Z,Albertsons Jewel Osco,3a95f614-49d0-484e-08b1-08de84ec3490,February 2026 $8.99 TPR,Complete - Unsettled (Open),Direct,2026-01-28,2026-03-03,2026-01-28,2026-03-03,Retailer price reduction,TPR,Puff 4CT,0.0,9.99,0.0,0.0,39.84,6.64,39.84,6.64,0,0,0.0,0.0,0.0,0,2.0,0,0.0,0,48.0,9347.43,1.2,11216.9,20564.33,3427.38,0,0.0,0.0,41128.66,0,0.0,0.0,41128.66,10882.0,2026-03-04,1424,"Promotions,_Sep_30,_2026  FULL HISTORY For Aevah.xlsx",2026-09-30
2025-01-01T00:00:00Z,JACKSONS,3afb9cad-6bed-4325-db0e-08dd6bd158c8,JACKSONS January 2025 TPR,Complete - Unsettled (Open),CAPITOL DISTRIBUTING,2025-01-01,2025-01-31,2024-12-18,2024-12-31,Retailer price reduction,TPR,Puff 1CT,0.0,0.0,0.0,0.0,20.64,0.14,247.68,1.72,0,0,0.0,0.0,0.0,0,0.5,0,0.0,0,216.0,11440.01,0.3,3431.99,14872.0,103.28,0,0.0,0.0,7435.99,0,0.0,0.0,7435.99,0.0,,264,"Promotions,_Sep_30,_2026  FULL HISTORY For Aevah.xlsx",2026-09-30
2026-02-01T00:00:00Z,Loop,3b23f9ac-9431-4e67-7f64-08de5da29cfe,Loop February 2026 Puff Singles TPR,Complete - Unsettled (Open),"CORE-MARK INTERNATIONAL, INC.",2026-02-01,2026-02-28,2026-02-01,2026-02-28,Retailer price reduction,TPR,Puff 1CT,0.7475,3.0,0.0,0.0,247.68,1.72,242.73,1.69,0,0,0.0,0.0,0.0,0,0.2,0,0.0,0,115.2,2784.0,0.15,417.6,3201.6,22.24,0,0.0,0.0,640.32,0,0.0,0.0,640.32,0.0,,1292,"Promotions,_Sep_30,_2026  FULL HISTORY For Aevah.xlsx",2026-09-30
2026-07-01T00:00:00Z,VITAMIN SHOPPE,3b74de82-4e19-4da2-4080-08de5da29cfe,VITAMIN SHOPPE July 2026 Puff Singles TPR,Complete - Unsettled (Open),Direct,2026-07-01,2026-07-14,2026-07-01,2026-07-14,Retailer price reduction,TPR,Puff 1CT,3.29,2.5,0.79,0.2401,247.68,1.72,242.73,1.69,0,0,0.0,0.0,0.0,0,0.42,0,0.0,0,544.32,37310.0,0.4,14924.0,52234.0,362.74,0,0.0,0.0,21938.28,0,0.0,0.0,21938.28,0.0,,1133,"Promotions,_Sep_30,_2026  FULL HISTORY For Aevah.xlsx",2026-09-30
2025-11-01T00:00:00Z,SPARTAN NASH,3be99478-fcb1-4c1a-d7f7-08dd6bd158c8,SPARTAN NASH November 2025 TPR,Complete - Unsettled (Open),Direct,2025-11-01,2025-11-30,2025-10-18,2025-10-31,Retailer price reduction,TPR,Puff 1CT,0.0,0.0,0.0,0.0,247.68,1.72,247.68,1.72,0,0,0.0,0.0,0.0,0,0.25,0,0.0,0,144.0,11186.54,0.2,2237.31,13423.85,93.22,0,0.0,0.0,3355.96,0,0.0,0.0,3355.96,10152.0,2025-12-17,257,"Promotions,_Sep_30,_2026  FULL HISTORY For Aevah.xlsx",2026-09-30
2026-05-21T00:00:00Z,SAVE MART,3c2c3481-e83e-4cab-eaa1-08de5cdc8bfa,Save Mart May 2026 $1 Digital Coupon,Complete - Unsettled (Open),Direct,2026-05-21,2026-06-03,2026-05-21,2026-06-03,Coupon,Digital Coupon,,0.0,0.0,0.0,0.0,0.0,0.0,0.0,0.0,0,0,0.0,0.0,0.0,0,0.0,0,0.0,0,0.0,0.0,0.0,0.0,0.0,0.0,0,0.0,0.0,0.0,0,0.0,455.07,455.07,0.0,,1032,"Promotions,_Sep_30,_2026  FULL HISTORY For Aevah.xlsx",2026-09-30
2026-04-16T00:00:00Z,PUBLIX,3c873633-8e87-45c2-84c4-08de4f7c9ec1,April 2026 Puff Singles 2/$4 TPR + Shippers,Complete - Unsettled (Open),Direct,2026-04-16,2026-04-22,2026-04-16,2026-04-22,Retailer price reduction,TPR,Puff 1CT,2.546666666666667,2.33,0.43888888888888894,0.15733333333333333,247.68,1.72,247.68,1.72,0,0,0.0,0.0,0.0,0,0.69,0,0.0,0,894.24,32056.2,2.25,72126.46,104182.66,723.48,0,0.0,0.0,71886.03,0,0.0,0.0,71886.03,72775.68,2026-04-27,909,"Promotions,_Sep_30,_2026  FULL HISTORY For Aevah.xlsx",2026-09-30
2026-04-16T00:00:00Z,PUBLIX,3c873633-8e87-45c2-84c4-08de4f7c9ec1,April 2026 Puff Singles 2/$4 TPR + Shippers,Complete - Unsettled (Open),Direct,2026-04-16,2026-04-22,2026-04-16,2026-04-22,Retailer price reduction,TPR,Puff Shipper,2.79,2.0,0.79,0.2832,123.84,1.72,123.84,0.43,0,0,0.0,0.0,0.0,0,0.69,0,0.0,0,794.88,0.0,0.0,0.0,0.0,0.0,0,0.0,0.0,0.0,0,0.0,0.0,0.0,0.0,2026-04-27,909,"Promotions,_Sep_30,_2026  FULL HISTORY For Aevah.xlsx",2026-09-30
2026-05-01T00:00:00Z,"ASSOCIATED FOOD STORES, INC.",3d5e74a6-b235-4f04-d705-08de5cdc8bfa,"ASSOCIATED FOOD STORES, INC. May 2026 Puff 4-Pack TPR",Complete - Unsettled (Open),Direct,2026-05-01,2026-05-31,2026-05-01,2026-05-31,Retailer price reduction,TPR,Puff 4CT,10.99,8.99,2.0,0.182,39.84,6.64,39.84,6.64,0,0,0.0,0.0,0.0,0,1.0,0,0.0,0,24.0,2875.14,0.4,1150.05,4025.19,670.88,0,0.0,0.0,4025.19,0,0.0,0.0,4025.19,0.0,,942,"Promotions,_Sep_30,_2026  FULL HISTORY For Aevah.xlsx",2026-09-30
2026-08-01T00:00:00Z,TOWN PUMP,3d714578-961a-4513-7f86-08de5da29cfe,TOWN PUMP August 2026 Puff Singles TPR,Complete - Unsettled (Open),MCLANE GROCER,2026-08-01,2026-08-28,2026-08-01,2026-08-28,Retailer price reduction,TPR,Puff 1CT,0.0,2.99,0.0,0.0,247.68,1.72,242.11,1.68,0,0,0.0,0.0,0.0,0,0.2,0,0.0,0,57.6,3404.48,0.2,680.9,4085.38,28.38,0,0.0,0.0,817.08,0,0.0,0.0,817.08,0.0,,1326,"Promotions,_Sep_30,_2026  FULL HISTORY For Aevah.xlsx",2026-09-30
2026-09-01T00:00:00Z,Albertsons Intermountain,3e16c17f-38ff-431d-7946-08de89a46b1d,September 2026 $1 Digital 4ct,Complete - Unsettled (Open),Direct,2026-09-01,2026-09-28,2026-09-01,2026-09-28,Coupon,Digital Coupon,,0.0,0.0,0.0,0.0,0.0,0.0,0.0,0.0,0,0,0.0,0.0,0.0,0,0.0,0,0.0,0,0.0,0.0,0.0,0.0,0.0,0.0,0,0.0,0.0,0.0,0,0.0,123.89,123.89,0.0,,1450,"Promotions,_Sep_30,_2026  FULL HISTORY For Aevah.xlsx",2026-09-30
2026-03-01T00:00:00Z,SPARTAN NASH,3eb01f61-f172-4d2b-638d-08de5da29cfe,SPARTAN NASH March 2026 TPR,Complete - Unsettled (Open),Direct,2026-03-01,2026-03-08,2026-03-01,2026-03-08,Retailer price reduction,TPR,Puff 1CT,0.0,2.49,0.0,0.0,247.68,1.72,247.68,1.72,0,0,0.0,0.0,0.0,0,0.25,0,0.0,0,144.0,5184.0,0.2,1036.8,6220.8,43.2,0,0.0,0.0,1555.2,0,0.0,0.0,1555.2,0.0,,1203,"Promotions,_Sep_30,_2026  FULL HISTORY For Aevah.xlsx",2026-09-30
2026-03-01T00:00:00Z,SPARTAN NASH,3eb01f61-f172-4d2b-638d-08de5da29cfe,SPARTAN NASH March 2026 TPR,Complete - Unsettled (Open),Direct,2026-03-01,2026-03-08,2026-03-01,2026-03-08,Customer advertising,Ad,,0.0,0.0,0.0,0.0,0.0,0.0,0.0,0.0,0,0,0.0,0.0,0.0,0,0.0,0,0.0,0,0.0,0.0,0.0,0.0,0.0,0.0,0,0.0,0.0,0.0,0,0.0,2000.0,2000.0,0.0,,1203,"Promotions,_Sep_30,_2026  FULL HISTORY For Aevah.xlsx",2026-09-30
2026-02-01T00:00:00Z,Yokes,401b4e3d-698a-4a97-d75b-08de5cdc8bfa,Yokes February 2026 Puff Singles TPR,Complete - Unsettled (Open),UNFI,2026-02-01,2026-02-28,2026-02-01,2026-02-28,Retailer price reduction,TPR,Puff 1CT,0.0,2.99,0.0,0.0,247.68,1.72,242.73,1.69,0,0,0.0,0.0,0.0,0,0.47,0,0.0,0,338.4,2432.0,0.5,1216.0,3648.0,25.33,0,0.0,0.0,1714.56,0,0.0,0.0,1714.56,0.0,,1028,"Promotions,_Sep_30,_2026  FULL HISTORY For Aevah.xlsx",2026-09-30
2026-02-01T00:00:00Z,Yokes,401b4e3d-698a-4a97-d75b-08de5cdc8bfa,Yokes February 2026 Puff Singles TPR,Complete - Unsettled (Open),Direct,2026-02-01,2026-02-28,2026-02-01,2026-02-28,Customer advertising,Ad,,0.0,0.0,0.0,0.0,0.0,0.0,0.0,0.0,0,0,0.0,0.0,0.0,0,0.0,0,0.0,0,0.0,0.0,0.0,0.0,0.0,0.0,0,0.0,0.0,0.0,0,0.0,600.0,600.0,0.0,,1028,"Promotions,_Sep_30,_2026  FULL HISTORY For Aevah.xlsx",2026-09-30
2026-02-01T00:00:00Z,"BJ's WholeSale Club, Inc",403e94b6-0e3f-46ab-3d26-08de59e8eae0,BJ's February 2026 13 count Coupon,Complete - Unsettled (Open),Direct,2026-02-01,2026-03-02,2026-02-01,2026-03-02,Coupon,50% Off,,0.0,0.0,0.0,0.0,0.0,0.0,0.0,0.0,0,0,0.0,0.0,0.0,0,0.0,0,0.0,0,0.0,0.0,0.0,0.0,0.0,0.0,0,0.0,0.0,0.0,0,0.0,35453.1,35453.1,138044.32,2026-03-21,934,"Promotions,_Sep_30,_2026  FULL HISTORY For Aevah.xlsx",2026-09-30
2027-01-01T00:00:00Z,CERTCO INC.,40c54339-cbd4-4c74-d073-08dd6bd158c5,CERTCO INC. January 2027 TPR,Planned,Direct,2027-01-01,2027-01-28,2026-12-18,2026-12-31,Retailer price reduction,TPR,Puff 4CT,0.0,0.0,0.0,0.0,39.84,6.64,39.84,6.64,0,0,0.0,0.0,0.0,0,0.0,0,0.0,0,0.0,846.97,0.5,423.5,1270.47,211.75,0,0.0,0.0,0.0,0,0.0,0.0,0.0,0.0,,73,"Promotions,_Sep_30,_2026  FULL HISTORY For Aevah.xlsx",2026-09-30
2027-01-01T00:00:00Z,CERTCO INC.,40c54339-cbd4-4c74-d073-08dd6bd158c5,CERTCO INC. January 2027 TPR,Planned,Direct,2027-01-01,2027-01-28,2026-12-18,2026-12-31,Retailer price reduction,TPR,Puff 1CT,0.0,0.0,0.0,0.0,247.68,1.72,247.68,1.72,0,0,0.0,0.0,0.0,0,0.25,0,0.0,0,252.0,996.4,0.2,199.3,1195.7,8.3,0,0.0,0.0,298.9,0,0.0,0.0,298.9,0.0,,73,"Promotions,_Sep_30,_2026  FULL HISTORY For Aevah.xlsx",2026-09-30
2027-01-01T00:00:00Z,CERTCO INC.,40c54339-cbd4-4c74-d073-08dd6bd158c5,CERTCO INC. January 2027 TPR,Planned,Direct,2027-01-01,2027-01-28,2026-12-18,2026-12-31,Retailer price reduction,TPR,Bar 1CT,0.0,0.0,0.0,0.0,247.68,1.72,247.68,1.72,0,0,0.0,0.0,0.0,0,0.25,0,0.0,0,36.0,0.0,0.2,0.0,0.0,0.0,0,0.0,0.0,0.0,0,0.0,0.0,0.0,0.0,,73,"Promotions,_Sep_30,_2026  FULL HISTORY For Aevah.xlsx",2026-09-30
2025-05-01T00:00:00Z,SMART & FINAL,4119f623-a828-4910-effc-08dd6bd158c7,SMART & FINAL May 2025 TPR,Complete - Unsettled (Open),Direct,2025-05-01,2025-05-31,2025-04-17,2025-04-30,Retailer price reduction,TPR,Puff 1CT,0.0,0.0,0.0,0.0,247.68,1.72,247.27,1.72,0,0,0.0,0.0,0.0,0,0.35,0,0.0,0,100.8,16939.3,0.2,3387.86,20327.16,141.16,0,0.0,0.0,7114.5,0,0.0,0.0,7114.5,1812.37,2026-06-28,226,"Promotions,_Sep_30,_2026  FULL HISTORY For Aevah.xlsx",2026-09-30
2026-01-01T00:00:00Z,Follett,417f62d6-07a4-47f9-6371-08de5da29cfe,Follett January 2026 TPR,Complete - Unsettled (Open),Vistar,2026-01-01,2026-01-14,2026-01-01,2026-01-14,Retailer price reduction,TPR,Puff 1CT,0.37375,3.39,0.0,0.0,247.68,1.72,247.68,1.72,0,0,0.0,0.0,0.0,0,0.33,0,0.0,0,380.16,6857.12,0.15,1028.56,7885.68,54.8,0,0.0,0.0,2602.24,0,0.0,0.0,2602.24,0.0,,1175,"Promotions,_Sep_30,_2026  FULL HISTORY For Aevah.xlsx",2026-09-30
2024-12-22T00:00:00Z,UNFI,41d5205d-a36d-48cd-6f03-08dd896eff0b,UNFI Jan 2025 15% OI,Complete - Unsettled (Open),Direct,2024-12-22,2025-01-25,2024-11-25,2024-12-27,Distributor price reduction,,Bar 4CT,0.0,0.0,0.0,0.0,0.0,0.0,39.84,0.0,0,0,0.0,0.0,0.0,0,0.0,0,0.0,0,0.0,0.0,0.0,0.0,0.0,0.0,0,0.0,239.2,0.0,0,0.0,0.0,239.2,28.04,2025-05-30,665,"Promotions,_Sep_30,_2026  FULL HISTORY For Aevah.xlsx",2026-09-30
2024-12-22T00:00:00Z,UNFI,41d5205d-a36d-48cd-6f03-08dd896eff0b,UNFI Jan 2025 15% OI,Complete - Unsettled (Open),Direct,2024-12-22,2025-01-25,2024-11-25,2024-12-27,Distributor price reduction,,Puff 1CT,0.0,0.0,0.0,0.0,0.0,0.0,20.64,0.0,0,0,0.0,0.0,0.0,0,0.0,0,0.0,0,0.0,0.0,0.0,0.0,0.0,0.0,0,0.0,2041.78,0.0,0,0.0,0.0,2041.78,210.27,2025-05-30,665,"Promotions,_Sep_30,_2026  FULL HISTORY For Aevah.xlsx",2026-09-30
2024-12-22T00:00:00Z,UNFI,41d5205d-a36d-48cd-6f03-08dd896eff0b,UNFI Jan 2025 15% OI,Complete - Unsettled (Open),Direct,2024-12-22,2025-01-25,2024-11-25,2024-12-27,Distributor price reduction,,Puff 4CT,0.0,0.0,0.0,0.0,0.0,0.0,39.84,0.0,0,0,0.0,0.0,0.0,0,0.0,0,0.0,0,0.0,0.0,0.0,0.0,0.0,0.0,0,0.0,6207.5,0.0,0,0.0,0.0,6207.5,84.12,2025-05-30,665,"Promotions,_Sep_30,_2026  FULL HISTORY For Aevah.xlsx",2026-09-30
2024-12-22T00:00:00Z,UNFI,41d5205d-a36d-48cd-6f03-08dd896eff0b,UNFI Jan 2025 15% OI,Complete - Unsettled (Open),Direct,2024-12-22,2025-01-25,2024-11-25,2024-12-27,Distributor price reduction,,Bar 1CT,0.0,0.0,0.0,0.0,0.0,0.0,20.64,0.0,0,0,0.0,0.0,0.0,0,0.0,0,0.0,0,0.0,0.0,0.0,0.0,0.0,0.0,0,0.0,348.66,0.0,0,0.0,0.0,348.66,70.12,2025-05-30,665,"Promotions,_Sep_30,_2026  FULL HISTORY For Aevah.xlsx",2026-09-30
2026-02-01T00:00:00Z,JACKSONS,41eb9585-9ba0-48eb-7f59-08de5da29cfe,JACKSONS February 2026 Puff Singles TPR,Complete - Unsettled (Open),CAPITOL DISTRIBUTING,2026-02-01,2026-02-25,2026-02-01,2026-02-25,Retailer price reduction,TPR,Puff 1CT,0.0,2.5,0.0,0.0,247.68,1.72,247.68,1.72,0,0,0.0,0.0,0.0,0,0.5,0,0.0,0,216.0,6617.55,0.3,1985.28,8602.83,59.73,0,0.0,0.0,4301.4,0,0.0,0.0,4301.4,0.0,,1281,"Promotions,_Sep_30,_2026  FULL HISTORY For Aevah.xlsx",2026-09-30
2026-01-22T00:00:00Z,PUBLIX,42086b6d-6d03-4a51-84c3-08de4f7c9ec1,January 2026 Puff Singles BOGO,Complete - Unsettled (Open),Direct,2026-01-22,2026-01-28,2026-01-22,2026-01-28,Retailer price reduction,BOGO,Puff 1CT,2.325,2.69,0.08333333333333334,0.029833333333333333,247.68,1.72,247.68,1.72,0,0,0.0,0.0,0.0,0,1.35,0,0.0,0,1166.4,22700.92,6.0,136205.52,158906.44,1103.53,0,0.0,0.0,214523.68,0,0.0,0.0,214523.68,495531.0,2026-02-02,908,"Promotions,_Sep_30,_2026  FULL HISTORY For Aevah.xlsx",2026-09-30
2026-01-22T00:00:00Z,PUBLIX,42086b6d-6d03-4a51-84c3-08de4f7c9ec1,January 2026 Puff Singles BOGO,Complete - Unsettled (Open),Direct,2026-01-22,2026-01-28,2026-01-22,2026-01-28,Retailer price reduction,BOGO,Puff Shipper,2.79,2.69,0.1,0.0358,123.84,1.72,123.84,0.43,0,0,0.0,0.0,0.0,0,1.35,0,0.0,0,1555.2,0.0,0.0,0.0,0.0,0.0,0,0.0,0.0,0.0,0,0.0,0.0,0.0,0.0,2026-02-02,908,"Promotions,_Sep_30,_2026  FULL HISTORY For Aevah.xlsx",2026-09-30
2026-07-01T00:00:00Z,KWIK TRIP,42714f44-f66a-4e15-7f60-08de5da29cfe,KWIK TRIP July 2026 Puff Singles TPR,Complete - Unsettled (Open),Direct,2026-07-01,2026-07-31,2026-07-01,2026-07-31,Retailer price reduction,TPR,Puff 1CT,3.215,2.0,1.215,0.37685,247.68,1.72,242.73,1.2675,0,0,0.0,0.0,0.0,0,0.55,0,0.0,0,237.6,79517.92,0.8,63614.33,143132.25,993.98,0,0.0,0.0,78722.73,0,0.0,0.0,78722.73,22753.96,2026-08-26,1288,"Promotions,_Sep_30,_2026  FULL HISTORY For Aevah.xlsx",2026-09-30
2026-07-01T00:00:00Z,KWIK TRIP,42714f44-f66a-4e15-7f60-08de5da29cfe,KWIK TRIP July 2026 Puff Singles TPR,Complete - Unsettled (Open),Direct,2026-07-01,2026-07-31,2026-07-01,2026-07-31,Customer advertising,Ad,,0.0,0.0,0.0,0.0,0.0,0.0,0.0,0.0,0,0,0.0,0.0,0.0,0,0.0,0,0.0,0,0.0,0.0,0.0,0.0,0.0,0.0,0,0.0,0.0,0.0,0,0.0,10000.0,10000.0,10716.5,2026-08-26,1288,"Promotions,_Sep_30,_2026  FULL HISTORY For Aevah.xlsx",2026-09-30
2027-01-01T00:00:00Z,BRISTOL FARMS,42886458-7343-40cc-10f6-08dd6bd158cc,Bristol Farms January 2027 TPR,Planned,UNFI,2027-01-01,2027-01-30,2026-12-18,2026-12-31,Retailer price reduction,TPR,Puff 1CT,3.49,0.0,3.49,1.0,247.68,1.72,267.0,1.11,0,0,0.0,0.0,0.0,0,0.5,0,0.0,0,216.0,136.79,0.28,36.42,173.21,1.19,0,0.0,0.0,86.6,0,0.0,0.0,86.6,0.0,,544,"Promotions,_Sep_30,_2026  FULL HISTORY For Aevah.xlsx",2026-09-30
2026-10-01T00:00:00Z,Walgreens,4371acfc-7808-41c6-408b-08de5da29cfe,Walgreens October 2026 Puff Singles TPR,Planned,"DOT FOODS, INC",2026-10-01,2026-10-31,2026-10-01,2026-10-31,Retailer price reduction,TPR,Puff 1CT,2.99,2.5,0.49,0.1639,247.68,1.72,247.68,1.72,0,0,0.0,0.0,0.0,0,0.25,0,0.0,0,108.0,42356.74,0.0,0.0,42356.74,294.15,0,0.0,0.0,10589.19,0,0.0,0.0,10589.19,0.0,,1144,"Promotions,_Sep_30,_2026  FULL HISTORY For Aevah.xlsx",2026-09-30
2026-10-01T00:00:00Z,Walgreens,4371acfc-7808-41c6-408b-08de5da29cfe,Walgreens October 2026 Puff Singles TPR,Planned,Direct,2026-10-01,2026-10-31,2026-10-01,2026-10-31,Customer advertising,Ad,,0.0,0.0,0.0,0.0,0.0,0.0,0.0,0.0,0,0,0.0,0.0,0.0,0,0.0,0,0.0,0,0.0,0.0,0.0,0.0,0.0,0.0,0,0.0,0.0,0.0,0,0.0,4000.0,4000.0,0.0,,1144,"Promotions,_Sep_30,_2026  FULL HISTORY For Aevah.xlsx",2026-09-30
2026-05-01T00:00:00Z,Nugget Market,43896804-b656-406e-d726-08de5cdc8bfa,Nugget Market May 2026 Puff Singles TPR,Complete - Unsettled (Open),UNFI,2026-05-01,2026-05-31,2026-05-01,2026-05-31,Retailer price reduction,TPR,Puff 1CT,0.0,2.5,0.0,0.0,247.68,1.72,193.19,1.34,0,0,0.0,0.0,0.0,0,0.47,0,0.0,0,338.4,1667.36,0.3,500.2,2167.56,15.06,0,0.0,0.0,1018.76,0,0.0,0.0,1018.76,921.78,2026-07-17,975,"Promotions,_Sep_30,_2026  FULL HISTORY For Aevah.xlsx",2026-09-30
2026-08-01T00:00:00Z,FRED MEYER,4436c3e1-d708-4ab8-4030-08de5da29cfe,FRED MEYER August 2026 Puff 4-Pack TPR,Complete - Unsettled (Open),UNFI,2026-08-01,2026-08-31,2026-08-01,2026-08-31,Retailer price reduction,TPR,Puff 4CT,10.99,9.99,1.0,0.091,39.84,6.64,42.16,7.03,0,0,0.0,0.0,0.0,0,0.8,0,0.0,0,28.8,7650.47,0.25,1912.61,9563.08,1593.84,0,0.0,0.0,7650.47,0,0.0,0.0,7650.47,0.0,,1053,"Promotions,_Sep_30,_2026  FULL HISTORY For Aevah.xlsx",2026-09-30
2026-07-01T00:00:00Z,STOP & SHOP,44d330e8-cddd-4c65-406a-08de5da29cfe,STOP & SHOP July 2026 Puff Singles TPR,Complete - Unsettled (Open),UNFI,2026-07-01,2026-07-31,2026-07-01,2026-07-31,Retailer price reduction,TPR,Puff 1CT,0.0,2.0,0.0,0.0,247.68,1.72,242.73,1.4485714285714286,0,0,0.0,0.0,0.0,0,0.6,0,0.0,0,518.4,38768.57,0.35,13569.0,52337.57,363.46,0,0.0,0.0,31402.54,0,0.0,0.0,31402.54,0.0,,1111,"Promotions,_Sep_30,_2026  FULL HISTORY For Aevah.xlsx",2026-09-30
2025-08-01T00:00:00Z,GETGO,44edaf0d-1d71-4a36-f98e-08dd6bd158ca,GETGO August 2025 TPR,Complete - Unsettled (Open),MCLANE GROCER,2025-08-01,2025-08-31,2025-07-18,2025-07-31,Retailer price reduction,TPR,Puff 1CT,0.0,0.0,0.0,0.0,247.68,1.72,247.22,1.72,0,0,0.0,0.0,0.0,0,0.0,0,0.0,0,0.0,10906.88,0.15,1636.03,12542.91,87.11,0,0.0,0.0,0.0,0,0.0,0.0,0.0,0.0,,426,"Promotions,_Sep_30,_2026  FULL HISTORY For Aevah.xlsx",2026-09-30
2025-05-01T00:00:00Z,UNITED PACIFIC,453f6bfa-42cb-4295-df21-08dd6bd158c7,UNITED PACIFIC May 2025 TPR,Complete - Unsettled (Open),"CORE-MARK INTERNATIONAL, INC.",2025-05-01,2025-05-30,2025-04-17,2025-04-30,Retailer price reduction,TPR,Puff 1CT,0.0,0.0,0.0,0.0,247.68,1.72,247.27,1.72,0,0,0.0,0.0,0.0,0,0.3,0,0.0,0,172.8,7994.24,0.2,1598.86,9593.1,66.62,0,0.0,0.0,2877.92,0,0.0,0.0,2877.92,0.0,,167,"Promotions,_Sep_30,_2026  FULL HISTORY For Aevah.xlsx",2026-09-30
2026-04-29T00:00:00Z,Albertsons Jewel Osco,45932ab8-1bef-4c5f-4999-08de6afe834a,May 2026 $8.99 TPR + Minions Shippers,Complete - Unsettled (Open),Direct,2026-04-29,2026-05-26,2026-04-29,2026-05-26,Retailer price reduction,TPR,Puff 4CT,10.99,8.99,2.0,0.182,39.84,6.64,39.84,6.64,0,0,0.0,0.0,0.0,0,2.0,0,0.0,0,48.0,4880.4,0.5,2440.2,7320.6,1220.1,0,0.0,0.0,14641.2,0,0.0,0.0,14641.2,10768.0,2026-05-28,1396,"Promotions,_Sep_30,_2026  FULL HISTORY For Aevah.xlsx",2026-09-30
2026-04-29T00:00:00Z,Albertsons Jewel Osco,45932ab8-1bef-4c5f-4999-08de6afe834a,May 2026 $8.99 TPR + Minions Shippers,Complete - Unsettled (Open),Direct,2026-04-29,2026-05-26,2026-04-29,2026-05-26,Retailer price reduction,TPR,Puff Shipper,0.0,0.0,0.0,0.0,199.2,6.64,199.2,0.0,0,0,19.2,0.64,0.0,0,2.0,0,0.0,0,57.6,416.0,0.0,0.0,416.0,0.0,0,0.0,0.0,832.0,0,0.0,0.0,832.0,34.0,2026-05-28,1396,"Promotions,_Sep_30,_2026  FULL HISTORY For Aevah.xlsx",2026-09-30
2025-01-01T00:00:00Z,HY-VEE,45955b67-6dc8-4663-0000-08dd6bd158cb,HY-VEE January 2025 TPR,Complete - Unsettled (Open),Direct,2025-01-01,2025-01-10,2024-12-18,2024-12-31,Retailer price reduction,TPR,Puff 1CT,0.0,0.0,0.0,0.0,20.64,0.14,247.68,1.72,0,0,0.0,0.0,0.0,0,0.45,0,0.0,0,518.4,6522.01,0.5,3260.98,9782.99,67.94,0,0.0,0.0,4402.35,0,0.0,0.0,4402.35,0.0,,452,"Promotions,_Sep_30,_2026  FULL HISTORY For Aevah.xlsx",2026-09-30
2025-01-01T00:00:00Z,HY-VEE,45955b67-6dc8-4663-0000-08dd6bd158cb,HY-VEE January 2025 TPR,Complete - Unsettled (Open),Direct,2025-01-01,2025-01-10,2024-12-18,2024-12-31,Retailer price reduction,TPR,Bar 1CT,0.0,0.0,0.0,0.0,20.64,0.14,247.68,1.72,0,0,0.0,0.0,0.0,0,0.45,0,0.0,0,194.4,643.01,0.5,321.51,964.52,6.7,0,0.0,0.0,434.04,0,0.0,0.0,434.04,0.0,,452,"Promotions,_Sep_30,_2026  FULL HISTORY For Aevah.xlsx",2026-09-30
2025-01-01T00:00:00Z,HY-VEE,45955b67-6dc8-4663-0000-08dd6bd158cb,HY-VEE January 2025 TPR,Complete - Unsettled (Open),Direct,2025-01-01,2025-01-10,2024-12-18,2024-12-31,Retailer price reduction,TPR,Puff 4CT,0.0,0.0,0.0,0.0,39.84,6.64,39.84,6.64,0,0,0.0,0.0,0.0,0,0.0,0,0.0,0,0.0,707.14,0.1,70.7,777.84,129.65,0,0.0,0.0,0.0,0,0.0,0.0,0.0,0.0,,452,"Promotions,_Sep_30,_2026  FULL HISTORY For Aevah.xlsx",2026-09-30
2026-01-31T00:00:00Z,FESTIVAL FOODS,4642f448-a554-4650-7f3f-08de5da29cfe,FESTIVAL FOODS February 2026 Puff Singles TPR,Complete - Unsettled (Open),UNFI,2026-01-31,2026-02-20,2026-01-31,2026-02-20,Retailer price reduction,TPR,Puff 1CT,0.0,2.5,0.0,0.0,247.68,1.72,217.96,1.515,0,0,0.0,0.0,0.0,0,0.15,0,0.0,0,86.4,1603.8,0.2,320.76,1924.56,13.36,0,0.0,0.0,288.68,0,0.0,0.0,288.68,0.0,,1255,"Promotions,_Sep_30,_2026  FULL HISTORY For Aevah.xlsx",2026-09-30
2026-03-04T00:00:00Z,Albertsons Corporate,466d1e38-6659-4c9d-84ba-08de4f7c9ec1,March 2026 National Event,Complete - Unsettled (Open),Direct,2026-03-04,2026-03-31,2026-03-04,2026-03-31,Retailer price reduction,TPR,Puff 4CT,10.99,8.99,2.0,0.182,39.84,6.64,39.04,6.51,0,0,0.0,0.0,0.0,0,1.0,0,0.0,0,24.0,50713.15,2.0,101426.3,152139.45,25356.58,0,0.0,0.0,152139.45,0,0.0,0.0,152139.45,0.0,2026-03-17,899,"Promotions,_Sep_30,_2026  FULL HISTORY For Aevah.xlsx",2026-09-30
2026-03-04T00:00:00Z,Albertsons Corporate,466d1e38-6659-4c9d-84ba-08de4f7c9ec1,March 2026 National Event,Complete - Unsettled (Open),Direct,2026-03-04,2026-03-31,2026-03-04,2026-03-31,Customer advertising,Family AD,,0.0,0.0,0.0,0.0,0.0,0.0,0.0,0.0,0,0,0.0,0.0,0.0,0,0.0,0,0.0,0,0.0,0.0,0.0,0.0,0.0,0.0,0,0.0,0.0,0.0,0,0.0,40000.0,40000.0,40000.0,2026-03-17,899,"Promotions,_Sep_30,_2026  FULL HISTORY For Aevah.xlsx",2026-09-30
2026-10-01T00:00:00Z,Albertsons Intermountain,46705eda-4c51-413a-794d-08de89a46b1d,October 2026 $9.99 TPR,Planned,Direct,2026-10-01,2026-10-28,2026-10-01,2026-10-28,Retailer price reduction,TPR,Puff 4CT,10.99,9.99,1.0,0.091,39.84,6.64,39.84,6.64,0,0,0.0,0.0,0.0,0,1.0,0,0.0,0,24.0,2359.6,0.6,1415.76,3775.36,629.23,0,0.0,0.0,3775.36,0,0.0,0.0,3775.36,0.0,,1451,"Promotions,_Sep_30,_2026  FULL HISTORY For Aevah.xlsx",2026-09-30
2026-04-01T00:00:00Z,Giant Foods,46910194-3be6-4e9c-403c-08de5da29cfe,Giant Foods April 2026 Puff Singles TPR,Complete - Unsettled (Open),Direct,2026-04-01,2026-04-30,2026-04-01,2026-04-30,Retailer price reduction,TPR,Puff 1CT,2.99,2.5,0.49,0.1639,247.68,1.72,247.68,1.72,0,0,0.0,0.0,0.0,0,0.25,0,0.0,0,108.0,5625.0,0.25,1406.25,7031.25,48.83,0,0.0,0.0,1757.81,0,0.0,0.0,1757.81,0.0,,1065,"Promotions,_Sep_30,_2026  FULL HISTORY For Aevah.xlsx",2026-09-30
2025-09-01T00:00:00Z,JACKSONS,472bb511-648a-407b-dc62-08dd6bd158c8,JACKSONS September 2025 TPR,Complete - Unsettled (Open),CAPITOL DISTRIBUTING,2025-09-01,2025-09-30,2025-08-18,2025-08-31,Retailer price reduction,TPR,Puff 1CT,0.0,0.0,0.0,0.0,247.68,1.72,247.68,1.72,0,0,0.0,0.0,0.0,0,0.4,0,0.0,0,172.8,17814.32,0.2,3562.87,21377.19,148.46,0,0.0,0.0,8550.88,0,0.0,0.0,8550.88,0.0,,268,"Promotions,_Sep_30,_2026  FULL HISTORY For Aevah.xlsx",2026-09-30
2025-07-01T00:00:00Z,SUPERVALU,47dd1b38-e26d-4ab5-e84c-08dd6bd158c6,SUPERVALU July 2025 TPR,Complete - Unsettled (Open),UNFI,2025-07-01,2025-07-31,2025-06-17,2025-06-30,Retailer price reduction,TPR,Puff 1CT,0.0,0.0,0.0,0.0,247.68,1.72,247.27,1.72,0,0,0.0,0.0,0.0,0,0.13,0,0.0,0,131.04,19035.5,0.2,3807.11,22842.61,158.63,0,0.0,0.0,2969.53,0,0.0,0.0,2969.53,0.0,,142,"Promotions,_Sep_30,_2026  FULL HISTORY For Aevah.xlsx",2026-09-30
2025-07-01T00:00:00Z,SUPERVALU,47dd1b38-e26d-4ab5-e84c-08dd6bd158c6,SUPERVALU July 2025 TPR,Complete - Unsettled (Open),UNFI,2025-07-01,2025-07-31,2025-06-17,2025-06-30,Retailer price reduction,TPR,Puff 4CT,0.0,0.0,0.0,0.0,39.84,6.64,39.04,6.51,0,0,0.0,0.0,0.0,0,0.92,0,0.0,0,33.12,1407.16,0.2,281.43,1688.59,281.43,0,0.0,0.0,1553.49,0,0.0,0.0,1553.49,0.0,,142,"Promotions,_Sep_30,_2026  FULL HISTORY For Aevah.xlsx",2026-09-30
2025-07-01T00:00:00Z,SUPERVALU,47dd1b38-e26d-4ab5-e84c-08dd6bd158c6,SUPERVALU July 2025 TPR,Complete - Unsettled (Open),UNFI,2025-07-01,2025-07-31,2025-06-17,2025-06-30,Retailer price reduction,TPR,Bar 1CT,0.0,0.0,0.0,0.0,247.68,1.72,247.27,1.72,0,0,0.0,0.0,0.0,0,0.13,0,0.0,0,56.16,6004.73,0.2,1200.94,7205.67,50.03,0,0.0,0.0,936.73,0,0.0,0.0,936.73,0.0,,142,"Promotions,_Sep_30,_2026  FULL HISTORY For Aevah.xlsx",2026-09-30
2026-01-26T00:00:00Z,Albertsons United,48680b6a-f0f9-42d8-4155-08de5e781b74,"February 2026 2/$5 TPR, $9.49 4ct",Complete - Unsettled (Open),KEHE DISTRIBUTORS,2026-01-26,2026-02-22,2026-01-26,2026-02-22,Retailer price reduction,TPR,Puff 4CT,9.99,9.49,0.5,0.0501,39.84,6.64,37.84,6.3075,0,0,0.0,0.0,0.0,0,1.32,0,0.0,0,31.68,2850.0,0.2,570.0,3420.0,570.0,0,0.0,0.0,4514.4,0,0.0,0.0,4514.4,11.88,2026-03-11,1336,"Promotions,_Sep_30,_2026  FULL HISTORY For Aevah.xlsx",2026-09-30
2026-01-26T00:00:00Z,Albertsons United,48680b6a-f0f9-42d8-4155-08de5e781b74,"February 2026 2/$5 TPR, $9.49 4ct",Complete - Unsettled (Open),KEHE DISTRIBUTORS,2026-01-26,2026-02-22,2026-01-26,2026-02-22,Retailer price reduction,TPR,Puff 1CT,0.24916666666666665,2.5,0.04083333333333333,0.013658333333333335,247.68,1.72,194.01833333333332,1.3458333333333334,0,0,0.0,0.0,0.0,0,0.39,0,0.0,0,673.92,18342.05,0.6166666666666667,11164.57,29506.62,204.9,0,0.0,0.0,11507.58,0,0.0,0.0,11507.58,139.62,2026-03-11,1336,"Promotions,_Sep_30,_2026  FULL HISTORY For Aevah.xlsx",2026-09-30
2026-01-01T00:00:00Z,Dierbergs,48a84b9e-49b9-47c6-7f32-08de5da29cfe,Dierbergs January 2026 Puff Singles TPR,Complete - Unsettled (Open),Cohen Distributing,2026-01-01,2026-01-31,2026-01-01,2026-01-31,Retailer price reduction,TPR,Puff 1CT,0.42714285714285716,2.0,0.14142857142857143,0.0473,247.68,1.72,247.68,1.72,0,0,0.0,0.0,0.0,0,0.5,0,0.0,0,504.0,5623.72,0.35,1968.3,7592.02,52.71,0,0.0,0.0,3796.03,0,0.0,0.0,3796.03,3018.5,2026-01-27,1242,"Promotions,_Sep_30,_2026  FULL HISTORY For Aevah.xlsx",2026-09-30
2026-01-01T00:00:00Z,Dierbergs,48a84b9e-49b9-47c6-7f32-08de5da29cfe,Dierbergs January 2026 Puff Singles TPR,Complete - Unsettled (Open),Direct,2026-01-01,2026-01-31,2026-01-01,2026-01-31,Customer advertising,Ad,,0.0,0.0,0.0,0.0,0.0,0.0,0.0,0.0,0,0,0.0,0.0,0.0,0,0.0,0,0.0,0,0.0,0.0,0.0,0.0,0.0,0.0,0,0.0,0.0,0.0,0,0.0,2995.0,2995.0,0.0,2026-01-27,1242,"Promotions,_Sep_30,_2026  FULL HISTORY For Aevah.xlsx",2026-09-30
2026-05-14T00:00:00Z,PUBLIX,499e65bf-4918-459b-84cb-08de4f7c9ec1,May 2026 Puff 4-Pack TPR,Complete - Unsettled (Open),Direct,2026-05-14,2026-05-20,2026-05-14,2026-05-20,Retailer price reduction,TPR,Puff 4CT,9.42,8.99,1.7142857142857144,0.156,39.84,6.64,39.84,6.64,0,0,0.0,0.0,0.0,0,2.0,0,0.0,0,84.0,15575.5,1.5,23363.25,38938.75,6489.79,0,0.0,0.0,77877.5,0,0.0,0.0,77877.5,58372.97,2026-05-30,916,"Promotions,_Sep_30,_2026  FULL HISTORY For Aevah.xlsx",2026-09-30
2025-03-26T00:00:00Z,Albertsons Corporate,49a1c9c7-a161-49dc-28cc-08dd721102ed,ALBERTSONS COMPANIES April 2025 Puff TPR,Complete - Unsettled (Open),KEHE DISTRIBUTORS,2025-03-26,2025-04-22,2025-03-12,2025-03-25,Retailer price reduction,TPR,Puff 1CT,2.99,0.0,2.99,1.0,247.68,1.72,268.63,1.3357142857142859,0,0,0.0,0.0,0.0,0,0.55,0,0.0,0,396.0,42180.16,0.35,14763.04,56943.2,367.12,0,0.0,0.0,31318.76,0,0.0,0.0,31318.76,34.99,2025-06-26,622,"Promotions,_Sep_30,_2026  FULL HISTORY For Aevah.xlsx",2026-09-30
2025-03-26T00:00:00Z,Albertsons Corporate,49a1c9c7-a161-49dc-28cc-08dd721102ed,ALBERTSONS COMPANIES April 2025 Puff TPR,Complete - Unsettled (Open),Direct,2025-03-26,2025-04-22,2025-03-12,2025-03-25,Customer advertising,Ad,,0.0,0.0,0.0,0.0,0.0,0.0,0.0,0.0,0,0,0.0,0.0,0.0,0,0.0,0,0.0,0,0.0,0.0,0.0,0.0,0.0,0.0,0,0.0,0.0,0.0,0,0.0,2124.0,2124.0,35.01,2025-06-26,622,"Promotions,_Sep_30,_2026  FULL HISTORY For Aevah.xlsx",2026-09-30
2025-05-01T00:00:00Z,SAVE MART,49e5380d-827c-4d45-dfec-08dd6bd158c8,SAVE MART May 2025 TPR,Complete - Unsettled (Open),KEHE DISTRIBUTORS,2025-05-01,2025-05-30,2025-04-17,2025-04-30,Retailer price reduction,TPR,Puff 1CT,2.99,0.0,2.99,1.0,247.68,1.72,267.69,1.86,0,0,0.0,0.0,0.0,0,0.3,0,0.0,0,216.0,10000.93,0.2,2000.19,12001.12,83.34,0,0.0,0.0,3600.33,0,0.0,0.0,3600.33,2523.6,2025-05-25,278,"Promotions,_Sep_30,_2026  FULL HISTORY For Aevah.xlsx",2026-09-30
2025-08-01T00:00:00Z,Albertsons Corporate,4ac1946e-3b3b-4345-28d1-08dd721102ed,ALBERTSONS COMPANIES August 2025 Puff TPR,Complete - Unsettled (Open),KEHE DISTRIBUTORS,2025-08-01,2025-08-31,2025-07-18,2025-07-31,Retailer price reduction,TPR,Puff 1CT,2.99,0.0,2.99,1.0,247.68,1.72,265.25,1.84,0,0,0.0,0.0,0.0,0,0.5,0,0.0,0,504.0,149777.38,0.35,52422.09,202199.47,1404.15,0,0.0,0.0,101099.75,0,0.0,0.0,101099.75,65360.07,2025-10-22,623,"Promotions,_Sep_30,_2026  FULL HISTORY For Aevah.xlsx",2026-09-30
2026-08-01T00:00:00Z,SPROUTS,4af2fb72-6bba-4dea-d741-08de5cdc8bfa,SPROUTS August 2026 Puff Singles TPR,Complete - Unsettled (Open),KEHE DISTRIBUTORS,2026-08-01,2026-08-31,2026-08-01,2026-08-31,Retailer price reduction,TPR,Puff 1CT,1.794,2.5,0.294,0.09834,247.68,1.72,189.23,1.312,0,0,0.0,0.0,0.0,0,0.6,0,0.0,0,432.0,75419.19,0.3,22625.76,98044.95,680.87,0,0.0,0.0,58826.96,0,0.0,0.0,58826.96,23832.4,2026-09-16,1002,"Promotions,_Sep_30,_2026  FULL HISTORY For Aevah.xlsx",2026-09-30
2025-08-01T00:00:00Z,CERTCO INC.,4b3dde45-876e-4f4b-cc7e-08dd6bd158c5,CERTCO INC. August 2025 TPR,Complete - Unsettled (Open),Direct,2025-08-01,2025-08-28,2025-07-18,2025-07-31,Retailer price reduction,TPR,Puff 1CT,0.0,0.0,0.0,0.0,247.68,1.72,247.68,1.72,0,0,0.0,0.0,0.0,0,0.0,0,0.0,0,0.0,11340.0,0.5,5670.0,17010.0,118.16,0,0.0,0.0,0.0,0,0.0,0.0,0.0,0.0,,68,"Promotions,_Sep_30,_2026  FULL HISTORY For Aevah.xlsx",2026-09-30
2025-08-01T00:00:00Z,CERTCO INC.,4b3dde45-876e-4f4b-cc7e-08dd6bd158c5,CERTCO INC. August 2025 TPR,Complete - Unsettled (Open),Direct,2025-08-01,2025-08-28,2025-07-18,2025-07-31,Retailer price reduction,TPR,Puff 4CT,0.0,0.0,0.0,0.0,39.84,6.64,39.84,6.64,0,0,0.0,0.0,0.0,0,0.8,0,0.0,0,28.8,8543.28,0.3,2562.97,11106.25,1851.06,0,0.0,0.0,8884.99,0,0.0,0.0,8884.99,0.0,,68,"Promotions,_Sep_30,_2026  FULL HISTORY For Aevah.xlsx",2026-09-30
2025-08-01T00:00:00Z,CERTCO INC.,4b3dde45-876e-4f4b-cc7e-08dd6bd158c5,CERTCO INC. August 2025 TPR,Complete - Unsettled (Open),Direct,2025-08-01,2025-08-28,2025-07-18,2025-07-31,Retailer price reduction,TPR,Bar 1CT,0.0,0.0,0.0,0.0,247.68,1.72,247.68,1.72,0,0,0.0,0.0,0.0,0,0.0,0,0.0,0,0.0,405.0,0.5,202.5,607.5,4.22,0,0.0,0.0,0.0,0,0.0,0.0,0.0,0.0,,68,"Promotions,_Sep_30,_2026  FULL HISTORY For Aevah.xlsx",2026-09-30
2025-10-01T00:00:00Z,CVS,4c5aeb40-299a-4f3a-28e1-08dd721102ed,CVS October 2025 Puff TPR,Complete - Unsettled (Open),"DOT FOODS, INC",2025-10-01,2025-10-15,2025-09-17,2025-09-30,Retailer price reduction,TPR,Puff 1CT,0.0,0.0,0.0,0.0,247.68,1.72,247.68,1.72,0,0,0.0,0.0,0.0,0,0.25,0,0.0,0,72.0,36880.35,0.2,7376.07,44256.42,307.34,0,0.0,0.0,11064.11,0,0.0,0.0,11064.11,1376.4,2025-11-14,624,"Promotions,_Sep_30,_2026  FULL HISTORY For Aevah.xlsx",2026-09-30
2026-01-21T00:00:00Z,New Seasons,4c6a999e-50d7-492a-d722-08de5cdc8bfa,New Seasons January 2026 Puff Singles TPR,Complete - Unsettled (Open),UNFI,2026-01-21,2026-01-27,2026-01-21,2026-01-27,Retailer price reduction,TPR,Puff 1CT,0.0,3.29,0.0,0.0,247.68,1.72,193.19,1.34,0,0,0.0,0.0,0.0,0,0.69,0,0.0,0,596.16,726.0,2.0,1452.0,2178.0,15.13,0,0.0,0.0,1502.83,0,0.0,0.0,1502.83,5516.8,2026-07-16,971,"Promotions,_Sep_30,_2026  FULL HISTORY For Aevah.xlsx",2026-09-30
2026-10-01T00:00:00Z,PUBLIX,4c7f0e54-9be4-4932-c50e-08de7ea07320,2026 Front End Program Q4,Draft,Direct,2026-10-01,2026-12-31,2026-10-01,2026-12-31,Display,End Cap,,0.0,0.0,0.0,0.0,0.0,0.0,0.0,0.0,0,0,0.0,0.0,0.0,0,0.0,0,0.0,0,0.0,0.0,0.0,0.0,0.0,0.0,0,0.0,0.0,0.0,0,0.0,5869.71,5869.71,0.0,,1418,"Promotions,_Sep_30,_2026  FULL HISTORY For Aevah.xlsx",2026-09-30
2025-11-03T00:00:00Z,Giant Foods,4cb006e4-d05d-4092-3123-08ddc3a2c495,2025 Giant Foods TPR November Singles,Draft,Direct,2025-11-03,2025-11-28,2025-10-20,2025-11-02,Retailer price reduction,TPR,Puff 12CT,0.0,0.0,0.0,0.0,20.64,20.64,20.64,0.0,0,0,0.0,0.0,0.0,0,0.0,0,0.0,0,0.0,0.0,0.0,0.0,0.0,0.0,0,0.0,0.0,0.0,0,0.0,0.0,0.0,0.0,,671,"Promotions,_Sep_30,_2026  FULL HISTORY For Aevah.xlsx",2026-09-30
2026-06-01T00:00:00Z,Albertsons United,4d0f68b5-719a-46fc-91e7-08de5f343061,June 2026 $1 off Digital - Singles & 4ct + Ice Cream Shippers,Complete - Unsettled (Open),Direct,2026-06-01,2026-06-28,2026-06-01,2026-06-28,Coupon,Digital Coupon,,0.0,0.0,0.0,0.0,0.0,0.0,0.0,0.0,0,0,0.0,0.0,0.0,0,0.0,0,0.0,0,0.0,0.0,0.0,0.0,0.0,0.0,0,0.0,0.0,0.0,0,0.0,350.41,350.41,1172.5,2026-07-09,1375,"Promotions,_Sep_30,_2026  FULL HISTORY For Aevah.xlsx",2026-09-30
2025-01-03T00:00:00Z,Albertsons Corporate,4d2d3b96-a4e5-4fa7-28ca-08dd721102ed,ALBERTSONS COMPANIES January 2025 Puff TPR,Complete - Unsettled (Open),KEHE DISTRIBUTORS,2025-01-03,2025-01-28,2024-12-20,2025-01-02,Retailer price reduction,TPR,Puff 1CT,2.99,0.0,2.99,1.0,247.68,1.72,19.12,0.13,0,0,0.0,0.0,0.0,0,0.5,0,0.0,0,288.0,30739.33,0.35,10758.76,41498.09,288.18,0,0.0,0.0,20749.03,0,0.0,0.0,20749.03,37.15,2025-06-12,625,"Promotions,_Sep_30,_2026  FULL HISTORY For Aevah.xlsx",2026-09-30
2025-01-03T00:00:00Z,Albertsons Corporate,4d2d3b96-a4e5-4fa7-28ca-08dd721102ed,ALBERTSONS COMPANIES January 2025 Puff TPR,Complete - Unsettled (Open),Direct,2025-01-03,2025-01-28,2024-12-20,2025-01-02,Customer advertising,Ad,,0.0,0.0,0.0,0.0,0.0,0.0,0.0,0.0,0,0,0.0,0.0,0.0,0,0.0,0,0.0,0,0.0,0.0,0.0,0.0,0.0,0.0,0,0.0,0.0,0.0,0,0.0,2187.0,2187.0,37.16,2025-06-12,625,"Promotions,_Sep_30,_2026  FULL HISTORY For Aevah.xlsx",2026-09-30
2025-09-01T00:00:00Z,SPARTAN NASH,4d749c69-c6f4-4571-d786-08dd6bd158c8,SPARTAN NASH September 2025 TPR,Complete - Unsettled (Open),Direct,2025-09-01,2025-09-30,2025-08-18,2025-08-31,Retailer price reduction,TPR,Puff 1CT,0.0,0.0,0.0,0.0,247.68,1.72,247.68,1.72,0,0,0.0,0.0,0.0,0,0.25,0,0.0,0,144.0,10689.34,0.15,1603.41,12292.75,85.36,0,0.0,0.0,3073.18,0,0.0,0.0,3073.18,0.0,,256,"Promotions,_Sep_30,_2026  FULL HISTORY For Aevah.xlsx",2026-09-30
2025-01-01T00:00:00Z,THE GIANT COMPANY,4db67750-72ec-45c8-d47f-08dd6bd158c6,THE GIANT COMPANY January 2025 TPR,Complete - Unsettled (Open),UNFI,2025-01-01,2025-01-28,2024-12-18,2024-12-31,Retailer price reduction,TPR,Puff 1CT,0.0,0.0,0.0,0.0,206.4,1.4333333333333333,17.54,0.12,0,0,0.0,0.0,0.0,0,0.37,0,0.0,0,319.68,20607.25,0.3,6182.18,26789.43,186.05,0,0.0,0.0,9912.08,0,0.0,0.0,9912.08,0.0,,113,"Promotions,_Sep_30,_2026  FULL HISTORY For Aevah.xlsx",2026-09-30
2025-02-01T00:00:00Z,VITAMIN SHOPPE,4dc55ead-616e-486b-d154-08dd6bd158c5,VITAMIN SHOPPE February 2025 TPR,Complete - Unsettled (Open),Direct,2025-02-01,2025-02-03,2025-01-18,2025-01-31,Retailer price reduction,TPR,Puff 1CT,2.632,0.0,2.632,0.8,198.144,1.376,247.352,1.376,0,0,0.0,0.0,0.0,0,0.57,0,0.0,0,328.32,11062.96,0.3,3318.89,14381.85,99.89,0,0.0,0.0,8197.65,0,0.0,0.0,8197.65,1075.73,2025-03-17,74,"Promotions,_Sep_30,_2026  FULL HISTORY For Aevah.xlsx",2026-09-30
2025-01-01T00:00:00Z,PLAID PANTRY,4dde6955-5534-4b67-eaaf-08dd6bd158c7,PLAID PANTRY January 2025 TPR,Complete - Unsettled (Open),"CORE-MARK INTERNATIONAL, INC.",2025-01-01,2025-01-31,2024-12-18,2024-12-31,Retailer price reduction,TPR,Puff 1CT,0.0,0.0,0.0,0.0,20.64,0.14,247.68,1.72,0,0,0.0,0.0,0.0,0,0.85,0,0.0,0,489.6,2834.73,0.3,850.43,3685.16,25.59,0,0.0,0.0,3132.39,0,0.0,0.0,3132.39,0.0,,213,"Promotions,_Sep_30,_2026  FULL HISTORY For Aevah.xlsx",2026-09-30
2026-10-01T00:00:00Z,HARRIS TEETER,4e4b41a5-93b1-498b-4044-08de5da29cfe,HARRIS TEETER October 2026 Puff Singles TPR,Planned,KEHE DISTRIBUTORS,2026-10-01,2026-10-21,2026-10-01,2026-10-21,Retailer price reduction,TPR,Puff 1CT,0.0,2.25,0.0,0.0,247.68,1.72,232.83,1.62,0,0,0.0,0.0,0.0,0,0.3,0,0.0,0,129.6,10875.0,0.0,0.0,10875.0,75.52,0,0.0,0.0,3262.5,0,0.0,0.0,3262.5,0.0,,1073,"Promotions,_Sep_30,_2026  FULL HISTORY For Aevah.xlsx",2026-09-30
2026-10-01T00:00:00Z,HARRIS TEETER,4e4b41a5-93b1-498b-4044-08de5da29cfe,HARRIS TEETER October 2026 Puff Singles TPR,Planned,Direct,2026-10-01,2026-10-21,2026-10-01,2026-10-21,Customer advertising,Ad,,0.0,0.0,0.0,0.0,0.0,0.0,0.0,0.0,0,0,0.0,0.0,0.0,0,0.0,0,0.0,0,0.0,0.0,0.0,0.0,0.0,0.0,0,0.0,0.0,0.0,0,0.0,850.0,850.0,0.0,,1073,"Promotions,_Sep_30,_2026  FULL HISTORY For Aevah.xlsx",2026-09-30
2025-12-01T00:00:00Z,CEFCO,4e5e9751-ef9d-4de3-02a1-08dd6bd158cc,Cefco December 2025 TPR,Complete - Unsettled (Open),"GROCERY SUPPLY COMPANY, INC",2025-12-01,2025-12-30,2025-11-17,2025-11-30,Retailer price reduction,TPR,Puff 1CT,0.0,0.0,0.0,0.0,247.68,1.72,247.68,1.72,0,0,0.0,0.0,0.0,0,0.25,0,0.0,0,108.0,5894.88,0.15,884.22,6779.1,47.07,0,0.0,0.0,1694.76,0,0.0,0.0,1694.76,0.0,,515,"Promotions,_Sep_30,_2026  FULL HISTORY For Aevah.xlsx",2026-09-30
2026-03-04T00:00:00Z,Albertsons Seattle,4e8784ff-0c84-4377-b473-08de8bfc2efc,March 2026 $9.99 National Event TPR,Complete - Unsettled (Open),Direct,2026-03-04,2026-03-31,2026-03-04,2026-03-31,Retailer price reduction,TPR,Puff 4CT,10.99,9.99,1.0,0.091,39.84,6.64,39.84,6.64,0,0,0.0,0.0,0.0,0,1.0,0,0.0,0,24.0,12325.6,0.75,9244.2,21569.8,3594.97,0,0.0,0.0,21569.8,0,0.0,0.0,21569.8,0.0,,1479,"Promotions,_Sep_30,_2026  FULL HISTORY For Aevah.xlsx",2026-09-30
2026-10-01T00:00:00Z,KWIK TRIP,4eb344d2-2a28-4294-7f62-08de5da29cfe,KWIK TRIP October 2026 Puff Singles TPR,Planned,Direct,2026-10-01,2026-10-31,2026-10-01,2026-10-31,Retailer price reduction,TPR,Puff 1CT,3.215,2.99,0.225,0.0684,247.68,1.72,242.73,1.69,0,0,0.0,0.0,0.0,0,0.4,0,0.0,0,230.4,91547.62,0.4,36619.04,128166.66,890.05,0,0.0,0.0,51266.67,0,0.0,0.0,51266.67,0.0,,1290,"Promotions,_Sep_30,_2026  FULL HISTORY For Aevah.xlsx",2026-09-30
2025-02-01T00:00:00Z,WEGMANS,4ed75b14-feea-48ab-dc6b-08dd6bd158c6,WEGMANS February 2025 TPR,Complete - Unsettled (Open),UNFI,2025-02-01,2025-02-07,2025-01-18,2025-01-31,Retailer price reduction,TPR,Puff 1CT,0.0,0.0,0.0,0.0,247.68,1.72,244.17,1.7,0,0,0.0,0.0,0.0,0,0.52,0,0.0,0,374.4,10238.59,0.2,2047.72,12286.31,85.32,0,0.0,0.0,6388.88,0,0.0,0.0,6388.88,0.0,,125,"Promotions,_Sep_30,_2026  FULL HISTORY For Aevah.xlsx",2026-09-30
2025-02-01T00:00:00Z,WEGMANS,4ed75b14-feea-48ab-dc6b-08dd6bd158c6,WEGMANS February 2025 TPR,Complete - Unsettled (Open),UNFI,2025-02-01,2025-02-07,2025-01-18,2025-01-31,Retailer price reduction,TPR,Bar 1CT,0.0,0.0,0.0,0.0,247.68,1.72,244.17,1.7,0,0,0.0,0.0,0.0,0,0.52,0,0.0,0,74.88,1736.53,0.2,347.31,2083.84,14.47,0,0.0,0.0,1083.6,0,0.0,0.0,1083.6,0.0,,125,"Promotions,_Sep_30,_2026  FULL HISTORY For Aevah.xlsx",2026-09-30
2026-10-01T00:00:00Z,Albertsons Denver,4f6a7a79-0ef4-4b1b-0d2d-08de84ec3490,October 2026 $9.99 TPR,Planned,Direct,2026-10-01,2026-10-28,2026-10-01,2026-10-28,Retailer price reduction,TPR,Puff 4CT,10.99,9.99,1.0,0.091,39.84,6.64,39.84,6.64,0,0,0.0,0.0,0.0,0,1.0,0,0.0,0,24.0,2459.2,0.4,983.68,3442.88,573.82,0,0.0,0.0,3442.88,0,0.0,0.0,3442.88,0.0,,1439,"Promotions,_Sep_30,_2026  FULL HISTORY For Aevah.xlsx",2026-09-30
2027-01-01T00:00:00Z,AWG,50055736-bd0d-44d6-ff6d-08dd6bd158cb,AWG January 2027 TPR,Planned,"DOT FOODS, INC",2027-01-01,2027-01-26,2026-12-18,2026-12-31,Retailer price reduction,TPR,Puff 1CT,0.0,0.0,0.0,0.0,247.68,1.72,247.68,1.72,0,0,0.0,0.0,0.0,0,0.28,0,0.0,0,241.92,1409.59,0.3,503.35,1912.94,13.27,0,0.0,0.0,535.62,0,0.0,0.0,535.62,0.0,,507,"Promotions,_Sep_30,_2026  FULL HISTORY For Aevah.xlsx",2026-09-30
2027-01-01T00:00:00Z,AWG,50055736-bd0d-44d6-ff6d-08dd6bd158cb,AWG January 2027 TPR,Planned,"DOT FOODS, INC",2027-01-01,2027-01-26,2026-12-18,2026-12-31,Retailer price reduction,TPR,Puff 4CT,0.0,0.0,0.0,0.0,39.84,6.64,39.84,6.64,0,0,0.0,0.0,0.0,0,1.42,0,0.0,0,17.04,55.8,0.2,11.16,66.96,11.16,0,0.0,0.0,95.08,0,0.0,0.0,95.08,0.0,,507,"Promotions,_Sep_30,_2026  FULL HISTORY For Aevah.xlsx",2026-09-30
2027-01-01T00:00:00Z,AWG,50055736-bd0d-44d6-ff6d-08dd6bd158cb,AWG January 2027 TPR,Planned,"DOT FOODS, INC",2027-01-01,2027-01-26,2026-12-18,2026-12-31,Retailer price reduction,TPR,Bar 1CT,0.0,0.0,0.0,0.0,247.68,1.72,247.68,1.72,0,0,0.0,0.0,0.0,0,0.0,0,0.0,0,0.0,0.0,0.2,0.0,0.0,0.0,0,0.0,0.0,0.0,0,0.0,0.0,0.0,0.0,,507,"Promotions,_Sep_30,_2026  FULL HISTORY For Aevah.xlsx",2026-09-30
2025-05-01T00:00:00Z,SPROUTS,50167c0a-5e45-4d00-efe1-08dd6bd158c9,SPROUTS May 2025 TPR,Complete - Unsettled (Open),KEHE DISTRIBUTORS,2025-05-01,2025-05-30,2025-04-17,2025-04-30,Retailer price reduction,TPR,Puff 1CT,0.0,0.0,0.0,0.0,185.76,1.29,243.35,0.0,0,0,0.0,0.0,0.0,0,0.3,0,0.0,0,0.0,0.0,0.5,0.0,0.0,0.0,0,0.0,0.0,0.0,0,0.0,0.0,0.0,0.0,,337,"Promotions,_Sep_30,_2026  FULL HISTORY For Aevah.xlsx",2026-09-30
2026-04-27T00:00:00Z,Brookshire Brothers,50261589-fd43-4a90-50cb-08de995a2f38,April 2026 TPR 2/$4,Complete - Unsettled (Open),KEHE DISTRIBUTORS,2026-04-27,2026-05-25,2026-04-27,2026-05-25,Retailer price reduction,TPR,Puff 1CT,2.99,2.0,0.99,0.3311,247.68,1.72,256.86571428571426,1.782857142857143,0,0,0.0,0.0,0.0,0,0.5,0,0.0,0,504.0,2009.71,0.5,1004.85,3014.56,20.92,0,0.0,0.0,1507.3,0,0.0,0.0,1507.3,0.0,,1537,"Promotions,_Sep_30,_2026  FULL HISTORY For Aevah.xlsx",2026-09-30
2026-01-30T00:00:00Z,HEB,506b8b03-a75f-46e6-504a-08de60202b43,HEB 2026 4ct EDLP,In progress,Direct,2026-01-30,2026-12-30,2026-01-30,2026-12-30,Retailer price reduction,EDLP/EDLC,Puff 4CT,2.245,2.245,0.0,0.0,39.84,6.64,39.84,1.66,0,0,0.0,0.0,0.0,0,0.5,0,0.0,0,6.0,114088.53,0.1,11408.86,125497.39,9918.12,0,0.0,0.0,62748.7,0,0.0,0.0,62748.7,45545.23,2026-07-27,1384,"Promotions,_Sep_30,_2026  FULL HISTORY For Aevah.xlsx",2026-09-30
2026-08-01T00:00:00Z,Lowes Foods,50d6d3b2-562b-4f53-c70a-08de96343d89,August 4ct TPR,Complete - Unsettled (Open),"DOT FOODS, INC",2026-08-01,2026-08-15,2026-08-01,2026-08-15,Retailer price reduction,TPR,Puff 4CT,10.99,8.99,2.0,0.182,39.84,6.64,39.84,6.64,0,0,0.0,0.0,0.0,0,1.0,0,0.0,0,24.0,942.84,0.4,377.15,1319.99,220.0,0,0.0,0.0,1319.99,0,0.0,0.0,1319.99,0.0,,1521,"Promotions,_Sep_30,_2026  FULL HISTORY For Aevah.xlsx",2026-09-30
2026-10-01T00:00:00Z,THE GIANT COMPANY,510f627f-9caa-4a1b-4075-08de5da29cfe,THE GIANT COMPANY October 2026 Puff 4-Pack TPR,Planned,UNFI,2026-10-01,2026-10-31,2026-10-01,2026-10-31,Retailer price reduction,TPR,Puff 4CT,9.99,8.99,1.0,0.1001,39.84,6.64,39.04,6.51,0,0,0.0,0.0,0.0,0,0.6,0,0.0,0,14.4,2878.58,0.3,863.58,3742.16,623.69,0,0.0,0.0,2245.3,0,0.0,0.0,2245.3,0.0,,1122,"Promotions,_Sep_30,_2026  FULL HISTORY For Aevah.xlsx",2026-09-30
2026-07-01T00:00:00Z,Weis Markets,513cf06b-0469-422a-4093-08de5da29cfe,Weis Markets July 2026 Puff Singles TPR,Complete - Unsettled (Open),C&S Wholesale,2026-07-01,2026-07-31,2026-07-01,2026-07-31,Retailer price reduction,TPR,Puff 1CT,0.598,2.0,0.198,0.06622,235.008,1.632,235.008,1.546,0,0,0.0,0.0,0.0,0,0.5,0,0.0,0,1368.0,1833.48,0.285,550.04,2383.52,16.55,0,0.0,0.0,1191.76,0,0.0,0.0,1191.76,0.0,,1151,"Promotions,_Sep_30,_2026  FULL HISTORY For Aevah.xlsx",2026-09-30
2026-07-01T00:00:00Z,Weis Markets,513cf06b-0469-422a-4093-08de5da29cfe,Weis Markets July 2026 Puff Singles TPR,Complete - Unsettled (Open),C&S Wholesale,2026-07-01,2026-07-31,2026-07-01,2026-07-31,Retailer price reduction,TPR,Puff Shipper,0.0,2.0,0.0,0.0,130.94,2.745,130.94,0.4091666666666667,0,0,0.0,0.0,0.0,0,0.5,0,0.0,0,11016.0,2947.49,0.0625,884.25,3831.74,0.0,0,0.0,0.0,1915.87,0,0.0,0.0,1915.87,0.0,,1151,"Promotions,_Sep_30,_2026  FULL HISTORY For Aevah.xlsx",2026-09-30
2026-07-01T00:00:00Z,Weis Markets,513cf06b-0469-422a-4093-08de5da29cfe,Weis Markets July 2026 Puff Singles TPR,Complete - Unsettled (Open),C&S Wholesale,2026-07-01,2026-07-31,2026-07-01,2026-07-31,Retailer price reduction,TPR,Club Packs,0.0,2.0,0.0,0.0,9103.5,17.34,9103.5,17.34,0,0,0.0,0.0,0.0,0,0.5,0,0.0,0,262.5,0.0,0.3,0.0,0.0,0.0,0,0.0,0.0,0.0,0,0.0,0.0,0.0,0.0,,1151,"Promotions,_Sep_30,_2026  FULL HISTORY For Aevah.xlsx",2026-09-30
2025-08-01T00:00:00Z,CVS,51803a15-4805-4611-28e0-08dd721102ed,CVS August 2025 Puff TPR,Complete - Unsettled (Open),"DOT FOODS, INC",2025-08-01,2025-08-15,2025-07-18,2025-07-31,Retailer price reduction,TPR,Puff 1CT,0.0,0.0,0.0,0.0,247.68,1.72,247.68,1.72,0,0,0.0,0.0,0.0,0,0.25,0,0.0,0,72.0,36136.99,0.2,7227.4,43364.39,301.14,0,0.0,0.0,10841.1,0,0.0,0.0,10841.1,6535.49,2025-09-12,626,"Promotions,_Sep_30,_2026  FULL HISTORY For Aevah.xlsx",2026-09-30
2026-08-01T00:00:00Z,Albertsons Haggen,518d5616-25cc-4c66-ac41-08de73a3536f,UNFI Summer Show Shippers Haggen - August 2026,Complete - Unsettled (Open),UNFI,2026-08-01,2026-08-31,2026-08-01,2026-08-31,Retailer price reduction,OI,Puff 1CT,0.0,0.0,0.0,0.0,247.68,1.72,262.15,1.82,0,0,0.0,0.0,0.0,0,0.0,0,0.0,0,0.0,1355.15,0.0,0.0,1355.15,9.41,0,0.0,0.0,0.0,0,0.0,0.0,0.0,0.0,,1405,"Promotions,_Sep_30,_2026  FULL HISTORY For Aevah.xlsx",2026-09-30
2026-08-01T00:00:00Z,Albertsons Haggen,518d5616-25cc-4c66-ac41-08de73a3536f,UNFI Summer Show Shippers Haggen - August 2026,Complete - Unsettled (Open),UNFI,2026-08-01,2026-08-31,2026-08-01,2026-08-31,Retailer price reduction,OI,Puff Shipper,0.0,0.0,0.0,0.0,123.84,1.72,121.36,1.69,0,0,0.0,0.0,30.96,0,0.0,0,0.0,0,92.88,0.0,0.0,0.0,0.0,0.0,0,0.0,650.16,0.0,0,0.0,0.0,650.16,0.0,,1405,"Promotions,_Sep_30,_2026  FULL HISTORY For Aevah.xlsx",2026-09-30
2027-01-01T00:00:00Z,SUPERVALU,528d001f-80e6-47a5-f493-08dd6bd158c6,SUPERVALU January 2027 TPR,Planned,UNFI,2027-01-01,2027-01-31,2026-12-18,2026-12-31,Retailer price reduction,TPR,Puff 4CT,0.0,0.0,0.0,0.0,39.84,6.64,39.04,6.51,0,0,0.0,0.0,0.0,0,0.92,0,0.0,0,33.12,122.23,0.2,24.45,146.68,24.45,0,0.0,0.0,134.95,0,0.0,0.0,134.95,0.0,,149,"Promotions,_Sep_30,_2026  FULL HISTORY For Aevah.xlsx",2026-09-30
2027-01-01T00:00:00Z,SUPERVALU,528d001f-80e6-47a5-f493-08dd6bd158c6,SUPERVALU January 2027 TPR,Planned,UNFI,2027-01-01,2027-01-31,2026-12-18,2026-12-31,Retailer price reduction,TPR,Bar 1CT,0.0,0.0,0.0,0.0,247.68,1.72,242.73,1.69,0,0,0.0,0.0,0.0,0,0.13,0,0.0,0,56.16,0.0,0.2,0.0,0.0,0.0,0,0.0,0.0,0.0,0,0.0,0.0,0.0,0.0,,149,"Promotions,_Sep_30,_2026  FULL HISTORY For Aevah.xlsx",2026-09-30
2027-01-01T00:00:00Z,SUPERVALU,528d001f-80e6-47a5-f493-08dd6bd158c6,SUPERVALU January 2027 TPR,Planned,UNFI,2027-01-01,2027-01-31,2026-12-18,2026-12-31,Retailer price reduction,TPR,Puff 1CT,0.0,0.0,0.0,0.0,247.68,1.72,243.43714285714285,1.6942857142857144,0,0,0.0,0.0,0.0,0,0.13,0,0.0,0,131.04,6053.33,0.2,1210.67,7264.0,50.43,0,0.0,0.0,944.32,0,0.0,0.0,944.32,0.0,,149,"Promotions,_Sep_30,_2026  FULL HISTORY For Aevah.xlsx",2026-09-30
2026-02-01T00:00:00Z,PUBLIX,529ca8b6-901c-4c06-010f-08de785b89df,February 2026 Sour Shippers,Complete - Unsettled (Open),Direct,2026-02-01,2026-02-28,2026-02-01,2026-02-28,Display,PDQ,,0.0,0.0,0.0,0.0,0.0,0.0,0.0,0.0,0,0,0.0,0.0,0.0,0,0.0,0,0.0,0,0.0,0.0,0.0,0.0,0.0,0.0,0,0.0,0.0,0.0,0,0.0,0.0,0.0,0.0,,1414,"Promotions,_Sep_30,_2026  FULL HISTORY For Aevah.xlsx",2026-09-30
2026-08-01T00:00:00Z,Hudson News,52be53bb-23f6-4de5-637b-08de5da29cfe,Hudson News August 2026 TPR,Complete - Unsettled (Open),Direct,2026-08-01,2026-08-31,2026-08-01,2026-08-31,Customer advertising,Ad,,0.0,0.0,0.0,0.0,0.0,0.0,0.0,0.0,0,0,0.0,0.0,0.0,0,0.0,0,0.0,0,0.0,0.0,0.0,0.0,0.0,0.0,0,0.0,0.0,0.0,0,0.0,80000.0,80000.0,0.0,,1185,"Promotions,_Sep_30,_2026  FULL HISTORY For Aevah.xlsx",2026-09-30
2026-03-02T00:00:00Z,WAWA,52df2653-0b90-4ebf-6396-08de5da29cfe,WAWA March 2026 TPR,Complete - Unsettled (Open),MCLANE GROCER,2026-03-02,2026-03-29,2026-03-02,2026-03-29,Retailer price reduction,TPR,Puff 1CT,0.598,3.29,0.0,0.0,247.68,1.72,237.382,1.65,0,0,0.0,0.0,0.0,0,0.1,0,0.0,0,72.0,71595.4,0.7,50116.78,121712.18,845.22,0,0.0,0.0,12171.21,0,0.0,0.0,12171.21,31480.0,2026-04-13,1212,"Promotions,_Sep_30,_2026  FULL HISTORY For Aevah.xlsx",2026-09-30
2026-03-02T00:00:00Z,WAWA,52df2653-0b90-4ebf-6396-08de5da29cfe,WAWA March 2026 TPR,Complete - Unsettled (Open),Direct,2026-03-02,2026-03-29,2026-03-02,2026-03-29,Display,PDQ,,0.0,0.0,0.0,0.0,0.0,0.0,0.0,0.0,0,0,0.0,0.0,0.0,0,0.0,0,0.0,0,0.0,0.0,0.0,0.0,0.0,0.0,0,0.0,0.0,0.0,0,0.0,44800.0,44800.0,184840.0,2026-04-13,1212,"Promotions,_Sep_30,_2026  FULL HISTORY For Aevah.xlsx",2026-09-30
2025-03-01T00:00:00Z,THE GIANT COMPANY,53434b7a-a2f4-4352-d528-08dd6bd158c6,THE GIANT COMPANY March 2025 TPR,Complete - Unsettled (Open),UNFI,2025-03-01,2025-03-28,2025-02-15,2025-02-28,Retailer price reduction,TPR,Puff 1CT,0.0,0.0,0.0,0.0,206.4,1.4333333333333333,247.27,1.72,0,0,0.0,0.0,0.0,0,0.37,0,0.0,0,319.68,25087.08,0.3,7526.12,32613.2,226.48,0,0.0,0.0,12066.89,0,0.0,0.0,12066.89,0.0,,114,"Promotions,_Sep_30,_2026  FULL HISTORY For Aevah.xlsx",2026-09-30
2026-08-01T00:00:00Z,WINCO,53d8e9d7-94f2-45f5-d756-08de5cdc8bfa,WINCO August 2026 Puff Singles TPR,Complete - Unsettled (Open),Direct,2026-08-01,2026-08-31,2026-08-01,2026-08-31,Retailer price reduction,TPR,Puff 1CT,2.99,1.98,1.01,0.3378,247.68,1.72,247.57,1.72,0,0,0.0,0.0,0.0,0,0.11,0,0.0,0,79.2,166915.99,1.0,166915.99,333831.98,2318.29,0,0.0,0.0,36721.52,0,0.0,0.0,36721.52,0.0,,1023,"Promotions,_Sep_30,_2026  FULL HISTORY For Aevah.xlsx",2026-09-30
2026-09-01T00:00:00Z,King Soopers,543f9125-9ce4-49fc-404b-08de5da29cfe,King Soopers September 2026 Puff 4-Pack TPR,In progress,KEHE DISTRIBUTORS,2026-09-01,2026-09-30,2026-09-01,2026-09-30,Retailer price reduction,TPR,Puff 4CT,3.9564,9.99,0.36,0.03276,36.2,6.6212,36.6196,2.3188,0,0,0.0,0.0,0.0,0,0.8,0,0.0,0,43.2,4671.42,0.3,1401.42,6072.84,1012.15,0,0.0,0.0,4858.27,0,0.0,0.0,4858.27,0.0,,1080,"Promotions,_Sep_30,_2026  FULL HISTORY For Aevah.xlsx",2026-09-30
2026-09-01T00:00:00Z,King Soopers,543f9125-9ce4-49fc-404b-08de5da29cfe,King Soopers September 2026 Puff 4-Pack TPR,In progress,KEHE DISTRIBUTORS,2026-09-01,2026-09-30,2026-09-01,2026-09-30,Retailer price reduction,TPR,Club Packs,0.0,9.99,0.0,0.0,9607.5,18.3,9250.71,0.0,0,0,0.0,0.0,0.0,0,0.8,0,0.0,0,0.0,0.0,0.3,0.0,0.0,0.0,0,0.0,0.0,0.0,0,0.0,0.0,0.0,0.0,,1080,"Promotions,_Sep_30,_2026  FULL HISTORY For Aevah.xlsx",2026-09-30
2026-09-01T00:00:00Z,King Soopers,543f9125-9ce4-49fc-404b-08de5da29cfe,King Soopers September 2026 Puff 4-Pack TPR,In progress,KEHE DISTRIBUTORS,2026-09-01,2026-09-30,2026-09-01,2026-09-30,Retailer price reduction,TPR,Puff Shipper,0.0,9.99,0.0,0.0,79.66000000000001,79.66,78.07,0.0,0,0,0.0,0.0,0.0,0,0.8,0,0.0,0,0.0,0.0,0.3,0.0,0.0,0.0,0,0.0,0.0,0.0,0,0.0,0.0,0.0,0.0,,1080,"Promotions,_Sep_30,_2026  FULL HISTORY For Aevah.xlsx",2026-09-30
2026-01-28T00:00:00Z,Albertsons Southwest,54465a28-83e4-4a27-85a1-08de8bfc2efd,February 2026 $9.99 TPR,Complete - Unsettled (Open),Direct,2026-01-28,2026-03-03,2026-01-28,2026-03-03,Retailer price reduction,TPR,Puff 4CT,10.99,9.99,1.0,0.091,39.84,6.64,39.84,6.64,0,0,0.0,0.0,0.0,0,1.0,0,0.0,0,24.0,9984.0,0.3,2995.2,12979.2,2163.2,0,0.0,0.0,12979.2,0,0.0,0.0,12979.2,16059.0,2026-03-04,1510,"Promotions,_Sep_30,_2026  FULL HISTORY For Aevah.xlsx",2026-09-30
2025-08-01T00:00:00Z,HY-VEE,5457d3e6-cf09-4d35-057c-08dd6bd158cb,HY-VEE August 2025 TPR,Complete - Unsettled (Open),Direct,2025-08-01,2025-08-10,2025-07-18,2025-07-31,Retailer price reduction,TPR,Puff 1CT,0.0,0.0,0.0,0.0,247.68,1.72,247.27,1.72,0,0,0.0,0.0,0.0,0,0.45,0,0.0,0,518.4,16357.64,0.4,6543.06,22900.7,159.02,0,0.0,0.0,10305.33,0,0.0,0.0,10305.33,0.0,,456,"Promotions,_Sep_30,_2026  FULL HISTORY For Aevah.xlsx",2026-09-30
2025-08-01T00:00:00Z,HY-VEE,5457d3e6-cf09-4d35-057c-08dd6bd158cb,HY-VEE August 2025 TPR,Complete - Unsettled (Open),Direct,2025-08-01,2025-08-10,2025-07-18,2025-07-31,Retailer price reduction,TPR,Puff 4CT,0.0,0.0,0.0,0.0,39.84,6.64,39.04,6.51,0,0,0.0,0.0,0.0,0,1.0,0,0.0,0,36.0,1819.15,0.5,909.58,2728.73,454.79,0,0.0,0.0,2728.73,0,0.0,0.0,2728.73,0.0,,456,"Promotions,_Sep_30,_2026  FULL HISTORY For Aevah.xlsx",2026-09-30
2025-08-01T00:00:00Z,HY-VEE,5457d3e6-cf09-4d35-057c-08dd6bd158cb,HY-VEE August 2025 TPR,Complete - Unsettled (Open),Direct,2025-08-01,2025-08-10,2025-07-18,2025-07-31,Retailer price reduction,TPR,Bar 1CT,0.0,0.0,0.0,0.0,247.68,1.72,247.27,1.72,0,0,0.0,0.0,0.0,0,0.45,0,0.0,0,194.4,1612.72,0.4,645.09,2257.81,15.68,0,0.0,0.0,1016.01,0,0.0,0.0,1016.01,0.0,,456,"Promotions,_Sep_30,_2026  FULL HISTORY For Aevah.xlsx",2026-09-30
2026-09-01T00:00:00Z,Harbor Wholesale,54dc5aa8-ca94-4b90-7f45-08de5da29cfe,Harbor Wholesale September 2026 Puff Singles TPR,In progress,Direct,2026-09-01,2026-09-30,2026-09-01,2026-09-30,Customer advertising,Ad,,0.0,0.0,0.0,0.0,0.0,0.0,0.0,0.0,0,0,0.0,0.0,0.0,0,0.0,0,0.0,0,0.0,0.0,0.0,0.0,0.0,0.0,0,0.0,0.0,0.0,0,0.0,3000.0,3000.0,0.0,,1261,"Promotions,_Sep_30,_2026  FULL HISTORY For Aevah.xlsx",2026-09-30
2026-02-01T00:00:00Z,Nugget Market,54f1165b-a886-44da-d725-08de5cdc8bfa,Nugget Market February 2026 Puff Singles TPR,Complete - Unsettled (Open),UNFI,2026-02-01,2026-02-28,2026-02-01,2026-02-28,Retailer price reduction,TPR,Puff 1CT,0.0,2.5,0.0,0.0,247.68,1.72,242.73,1.69,0,0,0.0,0.0,0.0,0,0.47,0,0.0,0,338.4,1506.0,0.3,451.8,1957.8,13.59,0,0.0,0.0,920.17,0,0.0,0.0,920.17,0.0,,974,"Promotions,_Sep_30,_2026  FULL HISTORY For Aevah.xlsx",2026-09-30
2026-02-01T00:00:00Z,Nugget Market,54f1165b-a886-44da-d725-08de5cdc8bfa,Nugget Market February 2026 Puff Singles TPR,Complete - Unsettled (Open),Direct,2026-02-01,2026-02-28,2026-02-01,2026-02-28,Customer advertising,Ad,,0.0,0.0,0.0,0.0,0.0,0.0,0.0,0.0,0,0,0.0,0.0,0.0,0,0.0,0,0.0,0,0.0,0.0,0.0,0.0,0.0,0.0,0,0.0,0.0,0.0,0,0.0,1600.0,1600.0,0.0,,974,"Promotions,_Sep_30,_2026  FULL HISTORY For Aevah.xlsx",2026-09-30
2027-01-01T00:00:00Z,CEFCO,551ec04b-f4ad-4ca8-059e-08dd6bd158cc,Cefco January 2027 TPR,Planned,"GROCERY SUPPLY COMPANY, INC",2027-01-01,2027-01-31,2026-12-18,2026-12-31,Retailer price reduction,TPR,Puff 1CT,0.0,0.0,0.0,0.0,247.68,1.72,247.68,1.72,0,0,0.0,0.0,0.0,0,0.25,0,0.0,0,108.0,413.22,0.15,61.98,475.2,3.3,0,0.0,0.0,118.8,0,0.0,0.0,118.8,0.0,,524,"Promotions,_Sep_30,_2026  FULL HISTORY For Aevah.xlsx",2026-09-30
2025-09-01T00:00:00Z,EXTRA MILE,552aff32-1b67-4626-f4eb-08dd6bd158ca,EXTRA MILE September 2025 TPR,Complete - Unsettled (Open),MCLANE GROCER,2025-09-01,2025-09-30,2025-08-18,2025-08-31,Retailer price reduction,TPR,Puff 4CT,0.0,0.0,0.0,0.0,39.84,6.64,38.94,6.49,0,0,0.0,0.0,0.0,0,0.3,0,0.0,0,3.6,1950.4,0.5,975.2,2925.6,487.6,0,0.0,0.0,877.68,0,0.0,0.0,877.68,0.0,,415,"Promotions,_Sep_30,_2026  FULL HISTORY For Aevah.xlsx",2026-09-30
2025-09-01T00:00:00Z,EXTRA MILE,552aff32-1b67-4626-f4eb-08dd6bd158ca,EXTRA MILE September 2025 TPR,Complete - Unsettled (Open),MCLANE GROCER,2025-09-01,2025-09-30,2025-08-18,2025-08-31,Retailer price reduction,TPR,Puff 1CT,0.0,0.0,0.0,0.0,247.68,1.72,247.22,1.72,0,0,0.0,0.0,0.0,0,0.4,0,0.0,0,172.8,36964.29,0.2,7392.86,44357.15,308.03,0,0.0,0.0,17742.86,0,0.0,0.0,17742.86,0.0,,415,"Promotions,_Sep_30,_2026  FULL HISTORY For Aevah.xlsx",2026-09-30
2026-09-01T00:00:00Z,Raleys,55f1ace1-fd58-4bfc-d72b-08de5cdc8bfa,Raleys September 2026 Puff Singles TPR,In progress,UNFI,2026-09-01,2026-09-30,2026-09-01,2026-09-30,Retailer price reduction,TPR,Puff 1CT,0.0,2.5,0.0,0.0,247.68,1.72,242.73,1.69,0,0,0.0,0.0,0.0,0,0.36,0,0.0,0,311.04,11927.16,0.25,2981.8,14908.96,103.53,0,0.0,0.0,5367.22,0,0.0,0.0,5367.22,0.0,,980,"Promotions,_Sep_30,_2026  FULL HISTORY For Aevah.xlsx",2026-09-30
2026-09-01T00:00:00Z,Raleys,55f1ace1-fd58-4bfc-d72b-08de5cdc8bfa,Raleys September 2026 Puff Singles TPR,In progress,Direct,2026-09-01,2026-09-30,2026-09-01,2026-09-30,Customer advertising,Ad,,0.0,0.0,0.0,0.0,0.0,0.0,0.0,0.0,0,0,0.0,0.0,0.0,0,0.0,0,0.0,0,0.0,0.0,0.0,0.0,0.0,0.0,0,0.0,0.0,0.0,0,0.0,2000.0,2000.0,0.0,,980,"Promotions,_Sep_30,_2026  FULL HISTORY For Aevah.xlsx",2026-09-30
2026-04-29T00:00:00Z,Albertsons Mid-Atlantic,5616cd2f-9107-4c9c-a080-08de89a46b1d,May 2026 $9.99 TPR + Digital,Complete - Unsettled (Open),Direct,2026-04-29,2026-05-26,2026-04-29,2026-05-26,Retailer price reduction,TPR,Puff 4CT,10.99,9.99,1.0,0.091,39.84,6.64,39.84,6.64,0,0,0.0,0.0,0.0,0,1.0,0,0.0,0,24.0,7050.4,0.5,3525.2,10575.6,1762.6,0,0.0,0.0,10575.6,0,0.0,0.0,10575.6,11018.5,2026-06-01,1454,"Promotions,_Sep_30,_2026  FULL HISTORY For Aevah.xlsx",2026-09-30
2026-04-29T00:00:00Z,Albertsons Mid-Atlantic,5616cd2f-9107-4c9c-a080-08de89a46b1d,May 2026 $9.99 TPR + Digital,Complete - Unsettled (Open),Direct,2026-04-29,2026-05-26,2026-04-29,2026-05-26,Coupon,Digital Coupon,,0.0,0.0,0.0,0.0,0.0,0.0,0.0,0.0,0,0,0.0,0.0,0.0,0,0.0,0,0.0,0,0.0,0.0,0.0,0.0,0.0,0.0,0,0.0,0.0,0.0,0,0.0,528.78,528.78,6.5,2026-06-01,1454,"Promotions,_Sep_30,_2026  FULL HISTORY For Aevah.xlsx",2026-09-30
2025-01-09T00:00:00Z,BIG Y,5631aa77-b40c-4abd-28d6-08dd721102ed,Big Y February 2025 Puff TPR,Complete - Unsettled (Open),UNFI,2025-01-09,2025-02-12,2024-12-26,2025-01-08,Retailer price reduction,TPR,Puff 1CT,0.0,0.0,0.0,0.0,247.68,1.72,17.54,0.12,0,0,0.0,0.0,0.0,0,0.2,0,0.0,0,115.2,5370.0,0.4,2148.0,7518.0,52.21,0,0.0,0.0,1503.6,0,0.0,0.0,1503.6,1600.14,2025-03-26,627,"Promotions,_Sep_30,_2026  FULL HISTORY For Aevah.xlsx",2026-09-30
2025-10-01T00:00:00Z,UNITED PACIFIC,563972c6-d5ff-4b2c-e074-08dd6bd158c7,UNITED PACIFIC October 2025 TPR,Complete - Unsettled (Open),"CORE-MARK INTERNATIONAL, INC.",2025-10-01,2025-10-30,2025-09-17,2025-09-30,Retailer price reduction,TPR,Puff 1CT,0.0,0.0,0.0,0.0,247.68,1.72,247.27,1.72,0,0,0.0,0.0,0.0,0,0.3,0,0.0,0,172.8,8507.1,0.2,1701.42,10208.52,70.9,0,0.0,0.0,3062.56,0,0.0,0.0,3062.56,0.0,,170,"Promotions,_Sep_30,_2026  FULL HISTORY For Aevah.xlsx",2026-09-30
2026-07-08T00:00:00Z,SMART & FINAL,5668ef56-ccef-436c-d73b-08de5cdc8bfa,SMART & FINAL July 2026 Puff Singles TPR,Complete - Unsettled (Open),KEHE DISTRIBUTORS,2026-07-08,2026-07-21,2026-07-08,2026-07-21,Retailer price reduction,TPR,Puff 1CT,0.0,24.99,0.0,0.0,247.68,1.72,227.88,1.58,0,0,0.0,0.0,0.0,0,2.16,0,0.0,0,622.08,7114.52,0.25,1778.64,8893.16,61.76,0,0.0,0.0,19209.22,0,0.0,0.0,19209.22,0.0,,996,"Promotions,_Sep_30,_2026  FULL HISTORY For Aevah.xlsx",2026-09-30
2026-07-08T00:00:00Z,SMART & FINAL,5668ef56-ccef-436c-d73b-08de5cdc8bfa,SMART & FINAL July 2026 Puff Singles TPR,Complete - Unsettled (Open),Direct,2026-07-08,2026-07-21,2026-07-08,2026-07-21,Customer advertising,Ad,,0.0,0.0,0.0,0.0,0.0,0.0,0.0,0.0,0,0,0.0,0.0,0.0,0,0.0,0,0.0,0,0.0,0.0,0.0,0.0,0.0,0.0,0,0.0,0.0,0.0,0,0.0,2500.0,2500.0,0.0,,996,"Promotions,_Sep_30,_2026  FULL HISTORY For Aevah.xlsx",2026-09-30
2026-05-16T00:00:00Z,GELSONS,5677d035-9d6b-409f-d712-08de5cdc8bfa,GELSONS June 2026 Puff Singles TPR,Complete - Unsettled (Open),UNFI,2026-05-16,2026-06-18,2026-05-16,2026-06-18,Retailer price reduction,TPR,Puff 1CT,2.492857142857143,2.0,1.0642857142857143,0.30492857142857144,247.68,1.72,230.34285714285716,1.5985714285714285,0,0,0.0,0.0,0.0,0,0.5,0,0.0,0,504.0,6444.97,1.25,8056.21,14501.18,100.71,0,0.0,0.0,7250.59,0,0.0,0.0,7250.59,0.0,,955,"Promotions,_Sep_30,_2026  FULL HISTORY For Aevah.xlsx",2026-09-30
2026-05-16T00:00:00Z,GELSONS,5677d035-9d6b-409f-d712-08de5cdc8bfa,GELSONS June 2026 Puff Singles TPR,Complete - Unsettled (Open),Direct,2026-05-16,2026-06-18,2026-05-16,2026-06-18,Customer advertising,Ad,,0.0,0.0,0.0,0.0,0.0,0.0,0.0,0.0,0,0,0.0,0.0,0.0,0,0.0,0,0.0,0,0.0,0.0,0.0,0.0,0.0,0.0,0,0.0,0.0,0.0,0,0.0,450.0,450.0,0.0,,955,"Promotions,_Sep_30,_2026  FULL HISTORY For Aevah.xlsx",2026-09-30
2025-04-01T00:00:00Z,GETGO,56df0e5c-06e8-4767-f8e3-08dd6bd158ca,GETGO April 2025 TPR,Complete - Unsettled (Open),MCLANE GROCER,2025-04-01,2025-04-30,2025-03-18,2025-03-31,Retailer price reduction,TPR,Puff 1CT,0.0,0.0,0.0,0.0,247.68,1.72,247.22,1.72,0,0,0.0,0.0,0.0,0,0.6,0,0.0,0,259.2,8464.13,0.15,1269.62,9733.75,67.59,0,0.0,0.0,5840.25,0,0.0,0.0,5840.25,0.0,,423,"Promotions,_Sep_30,_2026  FULL HISTORY For Aevah.xlsx",2026-09-30
2026-01-11T00:00:00Z,TARGET CORPORATION,56eab6cd-315b-4a1b-66ce-08de80fef5fa,BOGO 25%,Complete - Unsettled (Open),Direct,2026-01-11,2026-02-14,2025-12-22,2025-12-26,Retailer price reduction,BOGO,Puff 4CT,0.0,7.87,0.0,0.0,36.66,6.11,37.32,6.221666666666668,0,0,0.0,0.0,0.0,0,0.0,0,0.0,0,0.0,423279.87,1.0,423279.87,846559.74,141093.28,0,0.0,0.0,0.0,0,0.0,0.0,0.0,0.0,2026-02-28,1420,"Promotions,_Sep_30,_2026  FULL HISTORY For Aevah.xlsx",2026-09-30
2026-01-11T00:00:00Z,TARGET CORPORATION,56eab6cd-315b-4a1b-66ce-08de80fef5fa,BOGO 25%,Complete - Unsettled (Open),Direct,2026-01-11,2026-02-14,2025-12-22,2025-12-26,Coupon,50% Off,,0.0,0.0,0.0,0.0,0.0,0.0,0.0,0.0,0,0,0.0,0.0,0.0,0,0.0,0,0.0,0,0.0,0.0,0.0,0.0,0.0,0.0,0,0.0,0.0,0.0,0,0.0,297454.51,297454.51,261814.84,2026-02-28,1420,"Promotions,_Sep_30,_2026  FULL HISTORY For Aevah.xlsx",2026-09-30
2024-12-22T00:00:00Z,KEHE DISTRIBUTORS,56f2240d-3373-4304-6aa9-08dd896eff09,KeHE Jan 2025 15% OI,Complete - Unsettled (Open),Direct,2024-12-22,2025-01-25,2024-11-25,2024-12-27,Distributor price reduction,,Puff 1CT,0.0,0.0,0.0,0.0,0.0,0.0,20.64,0.0,0,0,0.0,0.0,0.0,0,0.0,0,0.0,0,0.0,0.0,0.0,0.0,0.0,0.0,0,0.0,3714.26,0.0,0,0.0,0.0,3714.26,2564.04,2025-09-25,662,"Promotions,_Sep_30,_2026  FULL HISTORY For Aevah.xlsx",2026-09-30
2024-12-22T00:00:00Z,KEHE DISTRIBUTORS,56f2240d-3373-4304-6aa9-08dd896eff09,KeHE Jan 2025 15% OI,Complete - Unsettled (Open),Direct,2024-12-22,2025-01-25,2024-11-25,2024-12-27,Distributor price reduction,,Bar 1CT,0.0,0.0,0.0,0.0,0.0,0.0,20.64,0.0,0,0,0.0,0.0,0.0,0,0.0,0,0.0,0,0.0,0.0,0.0,0.0,0.0,0.0,0,0.0,136.34,0.0,0,0.0,0.0,136.34,0.0,2025-09-25,662,"Promotions,_Sep_30,_2026  FULL HISTORY For Aevah.xlsx",2026-09-30
2024-12-22T00:00:00Z,KEHE DISTRIBUTORS,56f2240d-3373-4304-6aa9-08dd896eff09,KeHE Jan 2025 15% OI,Complete - Unsettled (Open),Direct,2024-12-22,2025-01-25,2024-11-25,2024-12-27,Distributor price reduction,,Puff 4CT,0.0,0.0,0.0,0.0,0.0,0.0,39.84,0.0,0,0,0.0,0.0,0.0,0,0.0,0,0.0,0,0.0,0.0,0.0,0.0,0.0,0.0,0,0.0,33356.45,0.0,0,0.0,0.0,33356.45,1254.54,2025-09-25,662,"Promotions,_Sep_30,_2026  FULL HISTORY For Aevah.xlsx",2026-09-30
2024-12-22T00:00:00Z,KEHE DISTRIBUTORS,56f2240d-3373-4304-6aa9-08dd896eff09,KeHE Jan 2025 15% OI,Complete - Unsettled (Open),Direct,2024-12-22,2025-01-25,2024-11-25,2024-12-27,Distributor price reduction,,Bar 4CT,0.0,0.0,0.0,0.0,0.0,0.0,39.84,0.0,0,0,0.0,0.0,0.0,0,0.0,0,0.0,0,0.0,0.0,0.0,0.0,0.0,0.0,0,0.0,0.0,0.0,0,0.0,0.0,0.0,0.0,2025-09-25,662,"Promotions,_Sep_30,_2026  FULL HISTORY For Aevah.xlsx",2026-09-30
2025-04-01T00:00:00Z,SCHNUCKS,576ef6ea-dd04-4ddd-e141-08dd6bd158ca,SCHNUCKS April 2025 TPR,Complete - Unsettled (Open),"DOT FOODS, INC",2025-04-01,2025-04-21,2025-03-18,2025-03-31,Retailer price reduction,TPR,Puff 4CT,0.0,0.0,0.0,0.0,39.84,6.64,39.84,6.64,0,0,0.0,0.0,0.0,0,0.0,0,0.0,0,0.0,1394.64,0.5,697.31,2091.95,348.65,0,0.0,0.0,0.0,0,0.0,0.0,0.0,0.0,,365,"Promotions,_Sep_30,_2026  FULL HISTORY For Aevah.xlsx",2026-09-30
2025-04-01T00:00:00Z,SCHNUCKS,576ef6ea-dd04-4ddd-e141-08dd6bd158ca,SCHNUCKS April 2025 TPR,Complete - Unsettled (Open),"DOT FOODS, INC",2025-04-01,2025-04-21,2025-03-18,2025-03-31,Retailer price reduction,TPR,Puff 1CT,0.0,0.0,0.0,0.0,247.68,1.72,247.68,1.72,0,0,0.0,0.0,0.0,0,0.1,0,0.0,0,72.0,3751.53,0.2,750.31,4501.84,31.26,0,0.0,0.0,450.19,0,0.0,0.0,450.19,0.0,,365,"Promotions,_Sep_30,_2026  FULL HISTORY For Aevah.xlsx",2026-09-30
2025-11-01T00:00:00Z,CEFCO,57b98292-a889-4e13-024c-08dd6bd158cc,Cefco November 2025 TPR,Complete - Unsettled (Open),"GROCERY SUPPLY COMPANY, INC",2025-11-01,2025-11-30,2025-10-18,2025-10-31,Retailer price reduction,TPR,Puff 1CT,0.0,0.0,0.0,0.0,247.68,1.72,247.68,1.72,0,0,0.0,0.0,0.0,0,0.25,0,0.0,0,108.0,5916.87,0.15,887.52,6804.39,47.25,0,0.0,0.0,1701.09,0,0.0,0.0,1701.09,0.0,,514,"Promotions,_Sep_30,_2026  FULL HISTORY For Aevah.xlsx",2026-09-30
2025-02-01T00:00:00Z,TRAVEL CENTERS OF AMERICA,57d00553-7401-46f3-ceb2-08dd6bd158c8,TRAVEL CENTERS OF AMERICA February 2025 TPR,Complete - Unsettled (Open),"CORE-MARK INTERNATIONAL, INC.",2025-02-01,2025-02-28,2025-01-18,2025-01-31,Retailer price reduction,TPR,Puff 1CT,0.0,0.0,0.0,0.0,247.68,1.72,247.27,1.72,0,0,0.0,0.0,0.0,0,0.3,0,0.0,0,172.8,9088.0,0.15,1363.2,10451.2,72.56,0,0.0,0.0,3135.36,0,0.0,0.0,3135.36,0.0,,236,"Promotions,_Sep_30,_2026  FULL HISTORY For Aevah.xlsx",2026-09-30
2026-05-01T00:00:00Z,CASEYS CORP,57d7e629-c763-49b5-7f23-08de5da29cfe,CASEYS CORP May 2026 Puff Singles TPR,Complete - Unsettled (Open),Direct,2026-05-01,2026-05-31,2026-05-01,2026-05-31,Retailer price reduction,TPR,Puff 1CT,0.598,2.5,0.098,0.03278,247.68,1.72,247.68,1.72,0,0,0.0,0.0,0.0,0,0.5,0,0.0,0,360.0,63356.04,0.15,9503.41,72859.45,505.98,0,0.0,0.0,36429.72,0,0.0,0.0,36429.72,0.0,,1227,"Promotions,_Sep_30,_2026  FULL HISTORY For Aevah.xlsx",2026-09-30
2026-05-01T00:00:00Z,CASEYS CORP,57d7e629-c763-49b5-7f23-08de5da29cfe,CASEYS CORP May 2026 Puff Singles TPR,Complete - Unsettled (Open),Direct,2026-05-01,2026-05-31,2026-05-01,2026-05-31,Customer advertising,Ad,,0.0,0.0,0.0,0.0,0.0,0.0,0.0,0.0,0,0,0.0,0.0,0.0,0,0.0,0,0.0,0,0.0,0.0,0.0,0.0,0.0,0.0,0,0.0,0.0,0.0,0,0.0,800.0,800.0,0.0,,1227,"Promotions,_Sep_30,_2026  FULL HISTORY For Aevah.xlsx",2026-09-30
2025-01-01T00:00:00Z,FRED MEYER,581522bd-1226-49df-cf20-08dd6bd158c9,FRED MEYER January 2025 TPR,Complete - Unsettled (Open),UNFI,2025-01-01,2025-01-31,2024-12-18,2024-12-31,Retailer price reduction,TPR,Puff 1CT,1.9933333333333332,0.0,1.9933333333333332,0.6666666666666667,68.8,0.47555555555555556,17.54,0.08,0,0,0.0,0.0,0.0,0,0.3,0,0.0,0,259.2,9613.48,0.4,3845.4,13458.88,93.46,0,0.0,0.0,4037.66,0,0.0,0.0,4037.66,3905.32,2025-07-22,296,"Promotions,_Sep_30,_2026  FULL HISTORY For Aevah.xlsx",2026-09-30
2025-01-01T00:00:00Z,FRED MEYER,581522bd-1226-49df-cf20-08dd6bd158c9,FRED MEYER January 2025 TPR,Complete - Unsettled (Open),UNFI,2025-01-01,2025-01-31,2024-12-18,2024-12-31,Retailer price reduction,TPR,Puff 4CT,10.99,0.0,10.99,1.0,39.84,6.64,33.86,5.64,0,0,0.0,0.0,0.0,0,0.0,0,0.0,0,0.0,3621.46,0.5,1810.76,5432.22,905.38,0,0.0,0.0,0.0,0,0.0,0.0,0.0,0.0,2025-07-22,296,"Promotions,_Sep_30,_2026  FULL HISTORY For Aevah.xlsx",2026-09-30
2025-08-01T00:00:00Z,SCHNUCKS,583f1794-698d-4a79-e25b-08dd6bd158ca,SCHNUCKS August 2025 TPR,Complete - Unsettled (Open),"DOT FOODS, INC",2025-08-01,2025-08-21,2025-07-18,2025-07-31,Retailer price reduction,TPR,Puff 4CT,0.0,0.0,0.0,0.0,39.84,6.64,39.84,6.64,0,0,0.0,0.0,0.0,0,1.0,0,0.0,0,30.0,1946.88,0.4,778.75,2725.63,454.26,0,0.0,0.0,2725.63,0,0.0,0.0,2725.63,0.0,,367,"Promotions,_Sep_30,_2026  FULL HISTORY For Aevah.xlsx",2026-09-30
2025-08-01T00:00:00Z,SCHNUCKS,583f1794-698d-4a79-e25b-08dd6bd158ca,SCHNUCKS August 2025 TPR,Complete - Unsettled (Open),"DOT FOODS, INC",2025-08-01,2025-08-21,2025-07-18,2025-07-31,Retailer price reduction,TPR,Puff 1CT,0.0,0.0,0.0,0.0,247.68,1.72,247.68,1.72,0,0,0.0,0.0,0.0,0,0.1,0,0.0,0,72.0,4728.78,0.2,945.76,5674.54,39.4,0,0.0,0.0,567.46,0,0.0,0.0,567.46,0.0,,367,"Promotions,_Sep_30,_2026  FULL HISTORY For Aevah.xlsx",2026-09-30
2025-04-01T00:00:00Z,FESTIVAL FOODS,5859185c-5e6d-40a9-d3b1-08dd6bd158c7,FESTIVAL FOODS April 2025 TPR,Complete - Unsettled (Open),UNFI,2025-04-01,2025-04-30,2025-03-18,2025-03-31,Retailer price reduction,TPR,Puff 1CT,0.0,0.0,0.0,0.0,247.68,1.72,247.27,1.72,0,0,0.0,0.0,0.0,0,0.15,0,0.0,0,108.0,2623.05,0.2,524.61,3147.66,21.85,0,0.0,0.0,472.16,0,0.0,0.0,472.16,0.0,,151,"Promotions,_Sep_30,_2026  FULL HISTORY For Aevah.xlsx",2026-09-30
2025-04-01T00:00:00Z,FESTIVAL FOODS,5859185c-5e6d-40a9-d3b1-08dd6bd158c7,FESTIVAL FOODS April 2025 TPR,Complete - Unsettled (Open),UNFI,2025-04-01,2025-04-30,2025-03-18,2025-03-31,Retailer price reduction,TPR,Bar 1CT,0.0,0.0,0.0,0.0,247.68,1.72,247.27,1.72,0,0,0.0,0.0,0.0,0,0.15,0,0.0,0,108.0,1809.0,0.2,361.8,2170.8,15.1,0,0.0,0.0,325.6,0,0.0,0.0,325.6,0.0,,151,"Promotions,_Sep_30,_2026  FULL HISTORY For Aevah.xlsx",2026-09-30
2025-04-01T00:00:00Z,FESTIVAL FOODS,5859185c-5e6d-40a9-d3b1-08dd6bd158c7,FESTIVAL FOODS April 2025 TPR,Complete - Unsettled (Open),UNFI,2025-04-01,2025-04-30,2025-03-18,2025-03-31,Retailer price reduction,TPR,Puff 4CT,0.0,0.0,0.0,0.0,39.84,6.64,39.04,6.51,0,0,0.0,0.0,0.0,0,0.5,0,0.0,0,6.0,723.6,0.2,144.72,868.32,144.72,0,0.0,0.0,434.16,0,0.0,0.0,434.16,0.0,,151,"Promotions,_Sep_30,_2026  FULL HISTORY For Aevah.xlsx",2026-09-30
2025-04-01T00:00:00Z,FESTIVAL FOODS,5859185c-5e6d-40a9-d3b1-08dd6bd158c7,FESTIVAL FOODS April 2025 TPR,Complete - Unsettled (Open),UNFI,2025-04-01,2025-04-30,2025-03-18,2025-03-31,Retailer price reduction,TPR,Bar 4CT,0.0,0.0,0.0,0.0,39.84,6.64,39.04,6.51,0,0,0.0,0.0,0.0,0,0.5,0,0.0,0,6.0,361.8,0.2,72.36,434.16,72.36,0,0.0,0.0,217.08,0,0.0,0.0,217.08,0.0,,151,"Promotions,_Sep_30,_2026  FULL HISTORY For Aevah.xlsx",2026-09-30
2026-07-01T00:00:00Z,Albertsons Southwest,58f095c2-ac25-4409-8639-08de8bfc2efd,July 2026 $9.99 TPR,Complete - Unsettled (Open),Direct,2026-07-01,2026-07-28,2026-07-01,2026-07-28,Retailer price reduction,TPR,Puff 4CT,10.99,9.99,1.0,0.091,39.84,6.64,39.84,6.64,0,0,0.0,0.0,0.0,0,1.0,0,0.0,0,24.0,8217.6,0.4,3287.04,11504.64,1917.44,0,0.0,0.0,11504.64,0,0.0,0.0,11504.64,10431.0,2026-07-30,1514,"Promotions,_Sep_30,_2026  FULL HISTORY For Aevah.xlsx",2026-09-30
2026-01-28T00:00:00Z,Albertsons Portland,59a7fa71-0636-47eb-a15a-08de89a46b1d,February 2026 $9.99 TPR,Complete - Unsettled (Open),Direct,2026-01-28,2026-03-03,2026-01-28,2026-03-03,Retailer price reduction,TPR,Puff 4CT,10.99,9.99,1.0,0.091,39.84,6.64,39.84,6.64,0,0,0.0,0.0,0.0,0,1.0,0,0.0,0,24.0,5507.99,0.3,1652.39,7160.38,1193.39,0,0.0,0.0,7160.38,0,0.0,0.0,7160.38,10050.0,2026-03-04,1467,"Promotions,_Sep_30,_2026  FULL HISTORY For Aevah.xlsx",2026-09-30
2025-11-06T00:00:00Z,PUBLIX,59c3c4ee-fde4-41a0-2422-08dd9e1b8c1c,Publix November 2025 Singles TPR,Complete - Unsettled (Open),Direct,2025-11-06,2025-11-12,2025-10-23,2025-11-05,Retailer price reduction,TPR,Puff 1CT,2.232,0.0,2.232,0.8,198.144,1.376,247.68,1.376,0,0,0.0,0.0,0.0,0,0.79,0,0.0,0,455.04,13092.58,0.5,6546.29,19638.87,136.38,0,0.0,0.0,15514.71,0,0.0,0.0,15514.71,94628.16,2026-03-06,669,"Promotions,_Sep_30,_2026  FULL HISTORY For Aevah.xlsx",2026-09-30
2025-11-06T00:00:00Z,PUBLIX,59c3c4ee-fde4-41a0-2422-08dd9e1b8c1c,Publix November 2025 Singles TPR,Complete - Unsettled (Open),KEHE DISTRIBUTORS,2025-11-06,2025-11-12,2025-10-23,2025-11-05,Retailer price reduction,TPR,Bar 1CT,1.495,1.495,0.0,0.0,247.68,1.72,246.45,0.0,0,0,0.0,0.0,0.0,0,0.79,0,0.0,0,0.0,0.0,0.5,0.0,0.0,0.0,0,0.0,0.0,0.0,0,0.0,0.0,0.0,0.0,2026-03-06,669,"Promotions,_Sep_30,_2026  FULL HISTORY For Aevah.xlsx",2026-09-30
2025-11-06T00:00:00Z,PUBLIX,59c3c4ee-fde4-41a0-2422-08dd9e1b8c1c,Publix November 2025 Singles TPR,Complete - Unsettled (Open),Direct,2025-11-06,2025-11-12,2025-10-23,2025-11-05,Retailer price reduction,TPR,Bar 1CT,1.495,1.495,0.0,0.0,247.68,1.72,247.68,0.0,0,0,0.0,0.0,0.0,0,0.79,0,0.0,0,0.0,0.0,0.5,0.0,0.0,0.0,0,0.0,0.0,0.0,0,0.0,0.0,0.0,0.0,2026-03-06,669,"Promotions,_Sep_30,_2026  FULL HISTORY For Aevah.xlsx",2026-09-30
2025-11-06T00:00:00Z,PUBLIX,59c3c4ee-fde4-41a0-2422-08dd9e1b8c1c,Publix November 2025 Singles TPR,Complete - Unsettled (Open),KEHE DISTRIBUTORS,2025-11-06,2025-11-12,2025-10-23,2025-11-05,Retailer price reduction,TPR,Puff 1CT,2.232,0.0,2.232,0.8,198.144,1.376,246.45,1.368,0,0,0.0,0.0,0.0,0,0.79,0,0.0,0,455.04,13092.58,0.5,6546.29,19638.87,136.38,0,0.0,0.0,0.0,0,0.0,0.0,0.0,0.0,2026-03-06,669,"Promotions,_Sep_30,_2026  FULL HISTORY For Aevah.xlsx",2026-09-30
2026-07-01T00:00:00Z,HY-VEE,5adaf6dc-cd86-4d58-7f4f-08de5da29cfe,HY-VEE July 2026 Puff Singles TPR,Complete - Unsettled (Open),Direct,2026-07-01,2026-07-10,2026-07-01,2026-07-10,Retailer price reduction,TPR,Puff 1CT,1.0872727272727274,2.5,0.1781818181818182,0.0596,247.68,1.72,242.48,1.68,0,0,0.0,0.0,0.0,0,0.25,0,0.0,0,396.0,16155.25,0.5,8077.64,24232.89,168.28,0,0.0,0.0,6058.21,0,0.0,0.0,6058.21,0.0,,1271,"Promotions,_Sep_30,_2026  FULL HISTORY For Aevah.xlsx",2026-09-30
2026-07-01T00:00:00Z,HY-VEE,5adaf6dc-cd86-4d58-7f4f-08de5da29cfe,HY-VEE July 2026 Puff Singles TPR,Complete - Unsettled (Open),Direct,2026-07-01,2026-07-10,2026-07-01,2026-07-10,Customer advertising,Ad,,0.0,0.0,0.0,0.0,0.0,0.0,0.0,0.0,0,0,0.0,0.0,0.0,0,0.0,0,0.0,0,0.0,0.0,0.0,0.0,0.0,0.0,0,0.0,0.0,0.0,0,0.0,600.0,600.0,0.0,,1271,"Promotions,_Sep_30,_2026  FULL HISTORY For Aevah.xlsx",2026-09-30
2026-08-01T00:00:00Z,Holiday Oil,5afd7547-626e-492a-7f4a-08de5da29cfe,Holiday Oil August 2026 Puff Singles TPR,Complete - Unsettled (Open),Cottonwood Distributing,2026-08-01,2026-08-30,2026-08-01,2026-08-30,Retailer price reduction,TPR,Puff 1CT,0.5695238095238095,2.5,0.09333333333333334,0.031219047619047622,234.10285714285712,1.625714285714286,234.10285714285712,1.543809523809524,0,0,0.0,0.0,0.0,0,0.25,0,0.0,0,720.0,10027.49,0.15,1504.1,11531.59,80.1,0,0.0,0.0,2882.91,0,0.0,0.0,2882.91,0.0,,1266,"Promotions,_Sep_30,_2026  FULL HISTORY For Aevah.xlsx",2026-09-30
2026-09-01T00:00:00Z,CIRCLE K,5b444e62-9a1d-41c3-7f30-08de5da29cfe,CIRCLE K September 2026 Puff Singles TPR,In progress,"CORE-MARK INTERNATIONAL, INC.",2026-09-01,2026-09-30,2026-09-01,2026-09-30,Retailer price reduction,TPR,Puff 1CT,1.994,3.0,0.196,0.05616,247.68,1.72,242.73,1.69,0,0,0.0,0.0,0.0,0,0.35,0,0.0,0,252.0,196360.71,0.2,39272.14,235632.85,1636.35,0,0.0,0.0,41235.75,0,0.0,0.0,41235.75,0.0,,1240,"Promotions,_Sep_30,_2026  FULL HISTORY For Aevah.xlsx",2026-09-30
2026-09-01T00:00:00Z,CIRCLE K,5b444e62-9a1d-41c3-7f30-08de5da29cfe,CIRCLE K September 2026 Puff Singles TPR,In progress,MCLANE GROCER,2026-09-01,2026-09-30,2026-09-01,2026-09-30,Retailer price reduction,TPR,Puff 1CT,1.994,3.0,0.196,0.05616,247.68,1.72,242.482,1.686,0,0,0.0,0.0,0.0,0,0.35,0,0.0,0,252.0,196360.71,0.2,39272.14,235632.85,1636.35,0,0.0,0.0,41235.75,0,0.0,0.0,41235.75,0.0,,1240,"Promotions,_Sep_30,_2026  FULL HISTORY For Aevah.xlsx",2026-09-30
2026-02-01T00:00:00Z,WEGMANS,5b693593-cea0-4f95-408c-08de5da29cfe,WEGMANS February 2026 TPR,Complete - Unsettled (Open),UNFI,2026-02-01,2026-02-28,2026-02-01,2026-02-28,Retailer price reduction,TPR,Puff 12CT,0.0,0.0,0.0,0.0,49.650666666666666,16.750666666666667,48.60466666666667,16.414,0,0,0.0,0.0,0.0,0,0.0,0,0.0,0,0.0,4256.4,0.4,1702.56,5958.96,5958.96,0,0.0,0.0,0.0,0,0.0,0.0,0.0,0.0,,1145,"Promotions,_Sep_30,_2026  FULL HISTORY For Aevah.xlsx",2026-09-30
2026-02-01T00:00:00Z,WEGMANS,5b693593-cea0-4f95-408c-08de5da29cfe,WEGMANS February 2026 TPR,Complete - Unsettled (Open),UNFI,2026-02-01,2026-02-28,2026-02-01,2026-02-28,Retailer price reduction,TPR,Puff 1CT,0.92,2.79,0.06153846153846154,0.020584615384615385,247.68,1.72,242.6653846153846,1.69,0,0,0.0,0.0,0.0,0,0.45,0,0.0,0,842.4,35448.0,0.4,14179.2,49627.2,344.63,0,0.0,0.0,22332.24,0,0.0,0.0,22332.24,0.0,,1145,"Promotions,_Sep_30,_2026  FULL HISTORY For Aevah.xlsx",2026-09-30
2026-10-01T00:00:00Z,MEIJER,5b6fdc99-2d96-4d7e-6384-08de5da29cfe,MEIJER October 2026 TPR,Planned,Direct,2026-10-01,2026-10-14,2026-10-01,2026-10-14,Retailer price reduction,TPR,Puff 4CT,0.0,8.49,0.0,0.0,39.84,6.64,39.04,6.51,0,0,0.0,0.0,0.0,0,0.7,0,0.0,0,12.6,5713.8,0.05,285.69,5999.49,999.92,0,0.0,0.0,4199.65,0,0.0,0.0,4199.65,0.0,,1194,"Promotions,_Sep_30,_2026  FULL HISTORY For Aevah.xlsx",2026-09-30
2026-10-01T00:00:00Z,MEIJER,5b6fdc99-2d96-4d7e-6384-08de5da29cfe,MEIJER October 2026 TPR,Planned,Direct,2026-10-01,2026-10-14,2026-10-01,2026-10-14,Display,PDQ,,0.0,0.0,0.0,0.0,0.0,0.0,0.0,0.0,0,0,0.0,0.0,0.0,0,0.0,0,0.0,0,0.0,0.0,0.0,0.0,0.0,0.0,0,0.0,0.0,0.0,0,0.0,500.0,500.0,0.0,,1194,"Promotions,_Sep_30,_2026  FULL HISTORY For Aevah.xlsx",2026-09-30
2026-08-01T00:00:00Z,STOP & SHOP,5ba3a76c-d568-4638-4067-08de5da29cfe,STOP & SHOP August 2026 Puff 4-Pack TPR,Complete - Unsettled (Open),UNFI,2026-08-01,2026-08-31,2026-08-01,2026-08-31,Retailer price reduction,TPR,Puff 4CT,9.99,8.99,1.0,0.1001,39.84,6.64,39.04,6.51,0,0,0.0,0.0,0.0,0,0.6,0,0.0,0,18.0,6377.14,0.3,1913.14,8290.28,1381.72,0,0.0,0.0,4974.17,0,0.0,0.0,4974.17,0.0,,1108,"Promotions,_Sep_30,_2026  FULL HISTORY For Aevah.xlsx",2026-09-30
2026-07-26T00:00:00Z,Town and Country,5ba507ac-3e3a-47be-d74e-08de5cdc8bfa,Town and Country August 2026 Puff Singles TPR,Complete - Unsettled (Open),UNFI,2026-07-26,2026-08-22,2026-07-26,2026-08-22,Retailer price reduction,TPR,Puff 1CT,0.0,2.5,0.0,0.0,247.68,1.72,193.19,1.34,0,0,0.0,0.0,0.0,0,0.63,0,0.0,0,362.88,1440.0,0.5,720.0,2160.0,15.01,0,0.0,0.0,1360.79,0,0.0,0.0,1360.79,0.0,,1015,"Promotions,_Sep_30,_2026  FULL HISTORY For Aevah.xlsx",2026-09-30
2026-07-26T00:00:00Z,Town and Country,5ba507ac-3e3a-47be-d74e-08de5cdc8bfa,Town and Country August 2026 Puff Singles TPR,Complete - Unsettled (Open),Direct,2026-07-26,2026-08-22,2026-07-26,2026-08-22,Customer advertising,Ad,,0.0,0.0,0.0,0.0,0.0,0.0,0.0,0.0,0,0,0.0,0.0,0.0,0,0.0,0,0.0,0,0.0,0.0,0.0,0.0,0.0,0.0,0,0.0,0.0,0.0,0,0.0,300.0,300.0,0.0,,1015,"Promotions,_Sep_30,_2026  FULL HISTORY For Aevah.xlsx",2026-09-30
2025-09-01T00:00:00Z,Albertsons Corporate,5bebfbfe-a218-46fb-28d3-08dd721102ed,ALBERTSONS COMPANIES September 2025 Puff Digital Coupon,Complete - Unsettled (Open),Direct,2025-09-01,2025-09-30,2025-08-18,2025-08-31,Coupon,Digital Coupon,,0.0,0.0,0.0,0.0,0.0,0.0,0.0,0.0,0,0,0.0,0.0,0.0,0,0.0,0,0.0,0,0.0,0.0,0.0,0.0,0.0,0.0,0,0.0,0.0,0.0,0,0.0,9661.96,9661.96,0.0,,628,"Promotions,_Sep_30,_2026  FULL HISTORY For Aevah.xlsx",2026-09-30
2025-03-01T00:00:00Z,SMART & FINAL,5c4b16aa-bc05-42d3-efc3-08dd6bd158c7,SMART & FINAL March 2025 TPR,Complete - Unsettled (Open),Direct,2025-03-01,2025-03-31,2025-02-15,2025-02-28,Retailer price reduction,TPR,Puff 1CT,0.0,0.0,0.0,0.0,247.68,1.72,247.27,1.72,0,0,0.0,0.0,0.0,0,0.18,0,0.0,0,51.84,13551.44,0.15,2032.72,15584.16,108.22,0,0.0,0.0,2805.14,0,0.0,0.0,2805.14,3221.44,2025-06-19,225,"Promotions,_Sep_30,_2026  FULL HISTORY For Aevah.xlsx",2026-09-30
2026-06-01T00:00:00Z,Food 4 Less,5c5194d3-a409-44db-6704-08de5e781b74,Food 4 Less June 2026 TPR,Complete - Unsettled (Open),UNFI,2026-06-01,2026-06-30,2026-06-01,2026-06-30,Retailer price reduction,TPR,Puff 1CT,0.4983333333333333,1.99,0.16666666666666669,0.055733333333333336,247.68,1.72,242.73,1.69,0,0,0.0,0.0,0.0,0,0.33,0,0.0,0,285.12,4011.44,0.5,2005.73,6017.17,41.79,0,0.0,0.0,1985.67,0,0.0,0.0,1985.67,0.0,,1351,"Promotions,_Sep_30,_2026  FULL HISTORY For Aevah.xlsx",2026-09-30
2025-04-23T00:00:00Z,Albertsons Corporate,5cdba8b4-80e3-4104-28ce-08dd721102ed,ALBERTSONS COMPANIES May 2025 Puff TPR,Complete - Unsettled (Open),KEHE DISTRIBUTORS,2025-04-23,2025-05-20,2025-04-09,2025-04-22,Retailer price reduction,TPR,Puff 1CT,2.99,0.0,2.99,1.0,247.68,1.72,268.63,1.87,0,0,0.0,0.0,0.0,0,0.5,0,0.0,0,504.0,56633.56,0.35,19821.75,76455.31,530.93,0,0.0,0.0,38227.66,0,0.0,0.0,38227.66,0.0,,629,"Promotions,_Sep_30,_2026  FULL HISTORY For Aevah.xlsx",2026-09-30
2026-01-03T00:00:00Z,JACKSONS,5ce896e3-322c-4194-7f58-08de5da29cfe,JACKSONS January 2026 Puff Singles TPR,Complete - Unsettled (Open),CAPITOL DISTRIBUTING,2026-01-03,2026-01-31,2026-01-03,2026-01-31,Retailer price reduction,TPR,Puff 1CT,0.0,2.5,0.0,0.0,247.68,1.72,247.68,1.72,0,0,0.0,0.0,0.0,0,0.5,0,0.0,0,216.0,8890.88,0.3,2667.26,11558.14,80.27,0,0.0,0.0,5779.08,0,0.0,0.0,5779.08,0.0,,1280,"Promotions,_Sep_30,_2026  FULL HISTORY For Aevah.xlsx",2026-09-30
2026-01-03T00:00:00Z,JACKSONS,5ce896e3-322c-4194-7f58-08de5da29cfe,JACKSONS January 2026 Puff Singles TPR,Complete - Unsettled (Open),Direct,2026-01-03,2026-01-31,2026-01-03,2026-01-31,Customer advertising,Ad,,0.0,0.0,0.0,0.0,0.0,0.0,0.0,0.0,0,0,0.0,0.0,0.0,0,0.0,0,0.0,0,0.0,0.0,0.0,0.0,0.0,0.0,0,0.0,0.0,0.0,0,0.0,3000.0,3000.0,0.0,,1280,"Promotions,_Sep_30,_2026  FULL HISTORY For Aevah.xlsx",2026-09-30
2025-10-01T00:00:00Z,Albertsons Corporate,5d545496-21df-49b5-28d5-08dd721102ed,ALBERTSONS COMPANIES October 2025 Puff Coupon,Complete - Unsettled (Open),Direct,2025-10-01,2025-10-31,2025-09-17,2025-09-30,Coupon,Digital Coupon,,0.0,0.0,0.0,0.0,0.0,0.0,0.0,0.0,0,0,0.0,0.0,0.0,0,0.0,0,0.0,0,0.0,0.0,0.0,0.0,0.0,0.0,0,0.0,0.0,0.0,0,0.0,9918.98,9918.98,0.0,,630,"Promotions,_Sep_30,_2026  FULL HISTORY For Aevah.xlsx",2026-09-30
2025-05-01T00:00:00Z,WAKEFERN,5dab050b-4659-4b08-d32b-08dd6bd158c6,WAKEFERN May 2025 TPR,Complete - Unsettled (Open),UNFI,2025-05-01,2025-05-30,2025-04-17,2025-04-30,Retailer price reduction,TPR,Puff 1CT,0.0,0.0,0.0,0.0,247.68,1.72,244.17,1.7,0,0,0.0,0.0,0.0,0,0.25,0,0.0,0,108.0,27580.16,0.2,5516.03,33096.19,229.83,0,0.0,0.0,8274.05,0,0.0,0.0,8274.05,4062.78,2025-06-01,109,"Promotions,_Sep_30,_2026  FULL HISTORY For Aevah.xlsx",2026-09-30
2026-08-01T00:00:00Z,UNITED PACIFIC,5dca7b47-43fe-4960-7f8a-08de5da29cfe,UNITED PACIFIC August 2026 Puff Singles TPR,Complete - Unsettled (Open),"CORE-MARK INTERNATIONAL, INC.",2026-08-01,2026-08-31,2026-08-01,2026-08-31,Retailer price reduction,TPR,Puff 1CT,0.0,3.0,0.0,0.0,247.68,1.72,242.73,1.69,0,0,0.0,0.0,0.0,0,0.5,0,0.0,0,288.0,11524.68,0.2,2304.94,13829.62,96.04,0,0.0,0.0,6914.8,0,0.0,0.0,6914.8,0.0,,1330,"Promotions,_Sep_30,_2026  FULL HISTORY For Aevah.xlsx",2026-09-30
2026-05-01T00:00:00Z,New Seasons,5de07884-adba-4b38-d723-08de5cdc8bfa,New Seasons May 2026 Puff Singles TPR,Complete - Unsettled (Open),UNFI,2026-05-01,2026-05-31,2026-05-01,2026-05-31,Retailer price reduction,TPR,Puff 1CT,0.0,3.29,0.0,0.0,247.68,1.72,193.19,1.34,0,0,0.0,0.0,0.0,0,0.43,0,0.0,0,371.52,3215.16,1.5,4822.74,8037.9,55.83,0,0.0,0.0,3456.3,0,0.0,0.0,3456.3,0.0,,972,"Promotions,_Sep_30,_2026  FULL HISTORY For Aevah.xlsx",2026-09-30
2026-05-01T00:00:00Z,New Seasons,5de07884-adba-4b38-d723-08de5cdc8bfa,New Seasons May 2026 Puff Singles TPR,Complete - Unsettled (Open),Direct,2026-05-01,2026-05-31,2026-05-01,2026-05-31,Customer advertising,Ad,,0.0,0.0,0.0,0.0,0.0,0.0,0.0,0.0,0,0,0.0,0.0,0.0,0,0.0,0,0.0,0,0.0,0.0,0.0,0.0,0.0,0.0,0,0.0,0.0,0.0,0,0.0,1320.0,1320.0,0.0,,972,"Promotions,_Sep_30,_2026  FULL HISTORY For Aevah.xlsx",2026-09-30
2026-03-01T00:00:00Z,RALPHS,5de4f2da-7127-4602-405a-08de5da29cfe,RALPHS March 2026 Puff 4-Pack TPR,Complete - Unsettled (Open),KEHE DISTRIBUTORS,2026-03-01,2026-03-30,2026-03-01,2026-03-30,Retailer price reduction,TPR,Puff 4CT,10.99,9.99,1.0,0.091,39.84,6.64,40.44,6.74,0,0,0.0,0.0,0.0,0,0.8,0,0.0,0,9.6,3362.09,0.25,840.52,4202.61,700.43,0,0.0,0.0,3362.09,0,0.0,0.0,3362.09,0.0,,1095,"Promotions,_Sep_30,_2026  FULL HISTORY For Aevah.xlsx",2026-09-30
2026-01-01T00:00:00Z,THE GIANT COMPANY,5dec8863-69e1-41f0-4072-08de5da29cfe,THE GIANT COMPANY January 2026 Puff Singles TPR,Complete - Unsettled (Open),UNFI,2026-01-01,2026-01-30,2026-01-01,2026-01-30,Retailer price reduction,TPR,Puff 1CT,0.42714285714285716,2.0,0.14142857142857143,0.0473,247.68,1.72,214.42142857142858,1.49,0,0,0.0,0.0,0.0,0,0.55,0,0.0,0,554.4,27916.73,0.35,9770.85,37687.58,261.73,0,0.0,0.0,20728.17,0,0.0,0.0,20728.17,0.0,,1119,"Promotions,_Sep_30,_2026  FULL HISTORY For Aevah.xlsx",2026-09-30
2026-10-01T00:00:00Z,Yokes,5def8f37-8bb4-497a-d75e-08de5cdc8bfa,Yokes October 2026 Puff Singles TPR,Planned,UNFI,2026-10-01,2026-10-01,2026-10-01,2026-10-01,Retailer price reduction,TPR,Puff 1CT,0.0,2.99,0.0,0.0,247.68,1.72,242.73,1.69,0,0,0.0,0.0,0.0,0,0.47,0,0.0,0,338.4,86.85,0.5,43.42,130.27,0.91,0,0.0,0.0,61.23,0,0.0,0.0,61.23,0.0,,1031,"Promotions,_Sep_30,_2026  FULL HISTORY For Aevah.xlsx",2026-09-30
2026-10-01T00:00:00Z,Yokes,5def8f37-8bb4-497a-d75e-08de5cdc8bfa,Yokes October 2026 Puff Singles TPR,Planned,Direct,2026-10-01,2026-10-01,2026-10-01,2026-10-01,Customer advertising,Ad,,0.0,0.0,0.0,0.0,0.0,0.0,0.0,0.0,0,0,0.0,0.0,0.0,0,0.0,0,0.0,0,0.0,0.0,0.0,0.0,0.0,0.0,0,0.0,0.0,0.0,0,0.0,100.0,100.0,0.0,,1031,"Promotions,_Sep_30,_2026  FULL HISTORY For Aevah.xlsx",2026-09-30
2026-01-30T00:00:00Z,STOP & SHOP,5e0324e0-7c81-4bcc-4068-08de5da29cfe,STOP & SHOP February 2026 Puff 4-Pack TPR,Complete - Unsettled (Open),UNFI,2026-01-30,2026-02-26,2026-01-30,2026-02-26,Retailer price reduction,TPR,Puff 4CT,9.99,9.99,0.0,0.0,39.84,6.64,39.04,6.51,0,0,0.0,0.0,0.0,0,0.9,0,0.0,0,27.0,5760.0,0.3,1728.0,7488.0,1248.0,0,0.0,0.0,6739.2,0,0.0,0.0,6739.2,0.0,,1109,"Promotions,_Sep_30,_2026  FULL HISTORY For Aevah.xlsx",2026-09-30
2026-02-01T00:00:00Z,RALPHS,5e2dc057-7d2a-483a-4058-08de5da29cfe,RALPHS February 2026 Puff Singles TPR,Complete - Unsettled (Open),KEHE DISTRIBUTORS,2026-02-01,2026-02-28,2026-02-01,2026-02-28,Retailer price reduction,TPR,Puff 1CT,2.99,2.5,0.49,0.1639,247.68,1.72,253.24166666666667,1.7616666666666667,0,0,0.0,0.0,0.0,0,0.3,0,0.0,0,259.2,7676.01,0.3,2302.8,9978.81,69.31,0,0.0,0.0,2993.65,0,0.0,0.0,2993.65,11777.17,2026-03-25,1093,"Promotions,_Sep_30,_2026  FULL HISTORY For Aevah.xlsx",2026-09-30
2025-06-01T00:00:00Z,"CORE-MARK INTERNATIONAL, INC.",5e34c33b-2494-47d0-632d-08dedd29a8f9,Core-Mark Expo Promo June 2025,Complete - Unsettled (Open),Direct,2025-06-01,2025-06-30,2025-06-01,2025-06-30,Distributor price reduction,,Puff 1CT,0.0,0.0,0.0,0.0,0.0,0.0,247.12,0.0,0,0,0.0,0.0,0.0,0,0.0,0,0.0,0,0.0,0.0,0.0,0.0,0.0,0.0,0,0.0,37801.14,0.0,0,0.0,0.0,37801.14,0.0,,1577,"Promotions,_Sep_30,_2026  FULL HISTORY For Aevah.xlsx",2026-09-30
2026-01-01T00:00:00Z,"ASSOCIATED FOOD STORES, INC.",5e3aec75-a8f9-4aa1-d6ff-08de5cdc8bfa,"ASSOCIATED FOOD STORES, INC. January 2026 Puff Singles TPR",Complete - Unsettled (Open),Direct,2026-01-01,2026-01-31,2026-01-01,2026-01-31,Retailer price reduction,TPR,Puff 1CT,2.4463636363636363,2.0,0.81,0.2709,247.68,1.72,247.68,1.72,0,0,0.0,0.0,0.0,0,0.5,0,0.0,0,792.0,17673.62,0.5,8836.81,26510.43,184.09,0,0.0,0.0,13255.22,0,0.0,0.0,13255.22,0.0,,936,"Promotions,_Sep_30,_2026  FULL HISTORY For Aevah.xlsx",2026-09-30
2026-01-01T00:00:00Z,"ASSOCIATED FOOD STORES, INC.",5e3aec75-a8f9-4aa1-d6ff-08de5cdc8bfa,"ASSOCIATED FOOD STORES, INC. January 2026 Puff Singles TPR",Complete - Unsettled (Open),Direct,2026-01-01,2026-01-31,2026-01-01,2026-01-31,Customer advertising,Ad,,0.0,0.0,0.0,0.0,0.0,0.0,0.0,0.0,0,0,0.0,0.0,0.0,0,0.0,0,0.0,0,0.0,0.0,0.0,0.0,0.0,0.0,0,0.0,0.0,0.0,0,0.0,3800.0,3800.0,0.0,,936,"Promotions,_Sep_30,_2026  FULL HISTORY For Aevah.xlsx",2026-09-30
2026-08-01T00:00:00Z,Super1,5e4a2c75-2910-471f-d745-08de5cdc8bfa,Super1 August 2026 Puff Singles TPR,Complete - Unsettled (Open),UNFI,2026-08-01,2026-08-31,2026-08-01,2026-08-31,Retailer price reduction,TPR,Puff 1CT,0.0,2.99,0.0,0.0,247.68,1.72,193.19,1.34,0,0,0.0,0.0,0.0,0,0.47,0,0.0,0,338.4,7085.71,0.5,3542.85,10628.56,73.81,0,0.0,0.0,4995.42,0,0.0,0.0,4995.42,0.0,,1006,"Promotions,_Sep_30,_2026  FULL HISTORY For Aevah.xlsx",2026-09-30
2026-08-01T00:00:00Z,Super1,5e4a2c75-2910-471f-d745-08de5cdc8bfa,Super1 August 2026 Puff Singles TPR,Complete - Unsettled (Open),Direct,2026-08-01,2026-08-31,2026-08-01,2026-08-31,Customer advertising,Ad,,0.0,0.0,0.0,0.0,0.0,0.0,0.0,0.0,0,0,0.0,0.0,0.0,0,0.0,0,0.0,0,0.0,0.0,0.0,0.0,0.0,0.0,0,0.0,0.0,0.0,0,0.0,600.0,600.0,0.0,,1006,"Promotions,_Sep_30,_2026  FULL HISTORY For Aevah.xlsx",2026-09-30
2026-09-16T00:00:00Z,HEB,5e8c9a62-479f-4038-c68c-08ded76b20c5,2026 September 20% off Multipacks,Complete - Unsettled (Open),Direct,2026-09-16,2026-09-29,2026-09-16,2026-09-29,Retailer price reduction,Scan,Puff 4CT,2.245,2.245,0.0,0.0,39.84,6.64,39.84,6.64,0,0,0.0,0.0,0.0,0,1.32,0,0.0,0,63.36,4875.4,3.0,14626.2,19501.6,3250.26,0,0.0,0.0,25742.11,0,0.0,0.0,25742.11,25089.79,2026-09-23,1575,"Promotions,_Sep_30,_2026  FULL HISTORY For Aevah.xlsx",2026-09-30
2025-07-01T00:00:00Z,CASEYS CORP,5f06a520-5910-468b-28db-08dd721102ed,CASEYS CORP July 2025 Puff TPR,Complete - Unsettled (Open),Direct,2025-07-01,2025-07-30,2025-06-17,2025-06-30,Retailer price reduction,TPR,Puff 1CT,0.0,0.0,0.0,0.0,247.68,1.72,247.68,1.72,0,0,0.0,0.0,0.0,0,0.5,0,0.0,0,216.0,79027.97,0.15,11854.19,90882.16,631.12,0,0.0,0.0,45441.08,0,0.0,0.0,45441.08,0.0,,631,"Promotions,_Sep_30,_2026  FULL HISTORY For Aevah.xlsx",2026-09-30
2025-07-01T00:00:00Z,CASEYS CORP,5f06a520-5910-468b-28db-08dd721102ed,CASEYS CORP July 2025 Puff TPR,Complete - Unsettled (Open),Direct,2025-07-01,2025-07-30,2025-06-17,2025-06-30,Customer advertising,Ad,,0.0,0.0,0.0,0.0,0.0,0.0,0.0,0.0,0,0,0.0,0.0,0.0,0,0.0,0,0.0,0,0.0,0.0,0.0,0.0,0.0,0.0,0,0.0,0.0,0.0,0,0.0,1000.0,1000.0,0.0,,631,"Promotions,_Sep_30,_2026  FULL HISTORY For Aevah.xlsx",2026-09-30
2026-09-09T00:00:00Z,SMART & FINAL,6091ef3a-5b21-41b4-d73c-08de5cdc8bfa,SMART & FINAL September 2026 Puff Singles TPR,Complete - Unsettled (Open),KEHE DISTRIBUTORS,2026-09-09,2026-09-22,2026-09-09,2026-09-22,Retailer price reduction,TPR,Puff 1CT,0.0,24.99,0.0,0.0,247.68,1.72,227.88,1.58,0,0,0.0,0.0,0.0,0,2.16,0,0.0,0,622.08,5508.0,0.25,1377.0,6885.0,47.82,0,0.0,0.0,14871.6,0,0.0,0.0,14871.6,0.0,,997,"Promotions,_Sep_30,_2026  FULL HISTORY For Aevah.xlsx",2026-09-30
2026-09-09T00:00:00Z,SMART & FINAL,6091ef3a-5b21-41b4-d73c-08de5cdc8bfa,SMART & FINAL September 2026 Puff Singles TPR,Complete - Unsettled (Open),Direct,2026-09-09,2026-09-22,2026-09-09,2026-09-22,Customer advertising,Ad,,0.0,0.0,0.0,0.0,0.0,0.0,0.0,0.0,0,0,0.0,0.0,0.0,0,0.0,0,0.0,0,0.0,0.0,0.0,0.0,0.0,0.0,0,0.0,0.0,0.0,0,0.0,2500.0,2500.0,0.0,,997,"Promotions,_Sep_30,_2026  FULL HISTORY For Aevah.xlsx",2026-09-30
2025-09-01T00:00:00Z,RALPHS,60f6c99e-68c4-4460-d253-08dd6bd158ca,RALPHS September 2025 TPR,Complete - Unsettled (Open),KEHE DISTRIBUTORS,2025-09-01,2025-09-30,2025-08-18,2025-08-31,Retailer price reduction,TPR,Puff 1CT,2.61625,0.0,2.61625,0.875,216.72,1.505,260.38625,1.60125,0,0,0.0,0.0,0.0,0,0.3,0,0.0,0,302.4,13513.5,0.3,4054.05,17567.55,122.01,0,0.0,0.0,5270.27,0,0.0,0.0,5270.27,365.59,2025-10-12,351,"Promotions,_Sep_30,_2026  FULL HISTORY For Aevah.xlsx",2026-09-30
2026-06-01T00:00:00Z,HY-VEE FAST & FRESH,615b4a4c-b9a4-4acd-7f55-08de5da29cfe,HY-VEE FAST & FRESH June 2026 Puff Singles TPR,Complete - Unsettled (Open),Direct,2026-06-01,2026-06-30,2026-06-01,2026-06-30,Retailer price reduction,TPR,Puff 1CT,0.0,3.39,0.0,0.0,247.68,1.72,242.73,1.69,0,0,0.0,0.0,0.0,0,0.5,0,0.0,0,216.0,2335.4,1.15,2685.71,5021.11,34.88,0,0.0,0.0,2510.56,0,0.0,0.0,2510.56,0.0,,1277,"Promotions,_Sep_30,_2026  FULL HISTORY For Aevah.xlsx",2026-09-30
2026-10-01T00:00:00Z,CERTCO INC.,617bc40f-9652-4c3e-7f2a-08de5da29cfe,CERTCO INC. October 2026 Puff Singles TPR,Planned,Direct,2026-10-01,2026-10-31,2026-10-01,2026-10-31,Retailer price reduction,TPR,Puff 1CT,0.0,2.25,0.0,0.0,247.68,1.72,247.68,1.72,0,0,0.0,0.0,0.0,0,0.22,0,0.0,0,221.76,14994.66,0.4,5997.84,20992.5,145.8,0,0.0,0.0,4618.32,0,0.0,0.0,4618.32,0.0,,1234,"Promotions,_Sep_30,_2026  FULL HISTORY For Aevah.xlsx",2026-09-30
2026-01-01T00:00:00Z,WAKEFERN,61a265be-c7bc-42c2-4083-08de5da29cfe,WAKEFERN January 2026 Puff Singles TPR,Complete - Unsettled (Open),UNFI,2026-01-01,2026-01-14,2026-01-01,2026-01-14,Retailer price reduction,TPR,Puff 1CT,0.0,1.99,0.0,0.0,247.68,1.72,217.96,1.515,0,0,0.0,0.0,0.0,0,1.29,0,0.0,0,743.04,14176.45,0.4,5670.58,19847.03,137.82,0,0.0,0.0,25602.67,0,0.0,0.0,25602.67,0.0,,1136,"Promotions,_Sep_30,_2026  FULL HISTORY For Aevah.xlsx",2026-09-30
2026-01-28T00:00:00Z,Albertsons SoCal,61bda73d-01b2-4534-c244-08de8bfc2efc,February 2026 $9.99 TPR,Complete - Unsettled (Open),Direct,2026-01-28,2026-03-03,2026-01-28,2026-03-03,Retailer price reduction,TPR,Puff 4CT,10.99,9.99,1.0,0.091,39.84,6.64,39.84,6.64,0,0,0.0,0.0,0.0,0,1.0,0,0.0,0,24.0,12996.0,0.2,2599.2,15595.2,2599.2,0,0.0,0.0,15595.2,0,0.0,0.0,15595.2,15448.0,2026-03-04,1494,"Promotions,_Sep_30,_2026  FULL HISTORY For Aevah.xlsx",2026-09-30
2026-11-01T00:00:00Z,HY-VEE,622d8657-8099-4dd5-7f51-08de5da29cfe,HY-VEE November 2026 Puff Singles TPR,Planned,Direct,2026-11-01,2026-11-30,2026-11-01,2026-11-30,Retailer price reduction,TPR,Puff 1CT,1.0872727272727274,2.5,0.1781818181818182,0.0596,247.68,1.72,242.48,1.68,0,0,0.0,0.0,0.0,0,0.25,0,0.0,0,396.0,52624.79,0.45,23681.18,76305.97,529.89,0,0.0,0.0,19076.49,0,0.0,0.0,19076.49,0.0,,1273,"Promotions,_Sep_30,_2026  FULL HISTORY For Aevah.xlsx",2026-09-30
2026-11-01T00:00:00Z,HY-VEE,622d8657-8099-4dd5-7f51-08de5da29cfe,HY-VEE November 2026 Puff Singles TPR,Planned,Direct,2026-11-01,2026-11-30,2026-11-01,2026-11-30,Customer advertising,Ad,,0.0,0.0,0.0,0.0,0.0,0.0,0.0,0.0,0,0,0.0,0.0,0.0,0,0.0,0,0.0,0,0.0,0.0,0.0,0.0,0.0,0.0,0,0.0,0.0,0.0,0,0.0,600.0,600.0,0.0,,1273,"Promotions,_Sep_30,_2026  FULL HISTORY For Aevah.xlsx",2026-09-30
2025-07-01T00:00:00Z,GETGO,62ba7904-af04-4f59-f98d-08dd6bd158ca,GETGO July 2025 TPR,Complete - Unsettled (Open),MCLANE GROCER,2025-07-01,2025-07-31,2025-06-17,2025-06-30,Retailer price reduction,TPR,Puff 1CT,0.0,0.0,0.0,0.0,247.68,1.72,247.22,1.72,0,0,0.0,0.0,0.0,0,0.0,0,0.0,0,0.0,10719.88,0.15,1607.98,12327.86,85.61,0,0.0,0.0,0.0,0,0.0,0.0,0.0,0.0,,425,"Promotions,_Sep_30,_2026  FULL HISTORY For Aevah.xlsx",2026-09-30
2026-09-02T00:00:00Z,HEB,64272940-6a3c-41cf-c67b-08ded76b20c5,2026 September BOGO Singles,Complete - Unsettled (Open),Direct,2026-09-02,2026-09-15,2026-09-02,2026-09-15,Retailer price reduction,BOGO,Puff 1CT,2.6344444444444446,2.6344444444444446,0.0,0.0,247.68,1.72,247.68,1.72,0,0,0.0,0.0,0.0,0,2.48,0,0.0,0,3214.08,82182.6,6.0,493095.6,575278.2,3994.98,0,0.0,0.0,1426689.94,0,0.0,0.0,1426689.94,2500.0,2026-09-02,1574,"Promotions,_Sep_30,_2026  FULL HISTORY For Aevah.xlsx",2026-09-30
2025-01-01T00:00:00Z,Lowes Foods,6538a39e-69af-434a-05f3-08dd6bd158cc,Lowes Foods January 2025 TPR,Complete - Unsettled (Open),"DOT FOODS, INC",2025-01-01,2025-01-28,2024-12-18,2024-12-31,Retailer price reduction,TPR,Puff 1CT,2.99,0.0,2.99,1.0,20.64,0.14,247.68,1.72,0,0,0.0,0.0,0.0,0,0.25,0,0.0,0,144.0,2809.28,0.4125,1106.79,3916.07,27.2,0,0.0,0.0,979.02,0,0.0,0.0,979.02,0.0,,525,"Promotions,_Sep_30,_2026  FULL HISTORY For Aevah.xlsx",2026-09-30
2026-08-01T00:00:00Z,CVS,65b26af2-0faf-45f3-4021-08de5da29cfe,CVS August 2026 Puff Singles TPR,Complete - Unsettled (Open),"DOT FOODS, INC",2026-08-01,2026-08-14,2026-08-01,2026-08-14,Retailer price reduction,TPR,Puff 1CT,0.0,3.0,0.0,0.0,247.68,1.72,247.68,1.72,0,0,0.0,0.0,0.0,0,0.4,0,0.0,0,115.2,18786.54,0.2,3757.3,22543.84,156.55,0,0.0,0.0,9017.53,0,0.0,0.0,9017.53,8200.01,2026-09-16,1038,"Promotions,_Sep_30,_2026  FULL HISTORY For Aevah.xlsx",2026-09-30
2026-02-01T00:00:00Z,Dierbergs,66026b11-8134-425e-7f36-08de5da29cfe,Dierbergs February 2026 Puff 4-Pack TPR,Complete - Unsettled (Open),Cohen Distributing,2026-02-01,2026-02-28,2026-02-01,2026-02-28,Retailer price reduction,TPR,Puff 4CT,0.0,9.99,0.0,0.0,39.84,6.64,39.84,6.64,0,0,0.0,0.0,0.0,0,0.4,0,0.0,0,12.0,864.0,0.2,172.8,1036.8,172.8,0,0.0,0.0,414.72,0,0.0,0.0,414.72,368.8,2026-02-24,1246,"Promotions,_Sep_30,_2026  FULL HISTORY For Aevah.xlsx",2026-09-30
2026-02-01T00:00:00Z,Dierbergs,66026b11-8134-425e-7f36-08de5da29cfe,Dierbergs February 2026 Puff 4-Pack TPR,Complete - Unsettled (Open),Direct,2026-02-01,2026-02-28,2026-02-01,2026-02-28,Customer advertising,Ad,,0.0,0.0,0.0,0.0,0.0,0.0,0.0,0.0,0,0,0.0,0.0,0.0,0,0.0,0,0.0,0,0.0,0.0,0.0,0.0,0.0,0.0,0,0.0,0.0,0.0,0,0.0,395.0,395.0,0.0,2026-02-24,1246,"Promotions,_Sep_30,_2026  FULL HISTORY For Aevah.xlsx",2026-09-30
2025-12-28T00:00:00Z,TARGET CORPORATION,662c140b-2860-4c28-d31f-08de74731913,BOGO 30%,Complete - Unsettled (Open),Direct,2025-12-28,2026-01-03,2025-12-01,2025-12-05,Retailer price reduction,BOGO,Puff 4CT,0.0,7.64,0.0,0.0,37.72,6.286666666666667,37.32,6.221666666666668,0,0,0.0,0.0,0.0,0,0.92,0,0.0,0,33.12,41477.92,0.52,21568.52,63046.44,10507.76,0,0.0,0.0,58002.72,0,0.0,0.0,58002.72,0.0,,1408,"Promotions,_Sep_30,_2026  FULL HISTORY For Aevah.xlsx",2026-09-30
2026-02-23T00:00:00Z,Albertsons United,66407c33-1f54-4653-4156-08de5e781b74,"March 2026 2/$5 Sours Only TPR + $1 Digital all others, $9.99 4ct",Complete - Unsettled (Open),KEHE DISTRIBUTORS,2026-02-23,2026-03-22,2026-02-23,2026-03-22,Retailer price reduction,TPR,Puff 1CT,0.4983333333333333,0.625,0.29,0.09699166666666667,247.68,1.72,239.43,1.6666666666666667,0,0,0.0,0.0,0.0,0,0.0975,0,0.0,0,168.48,14912.0,0.125,2016.0,16928.0,117.56,0,0.0,0.0,2358.71,0,0.0,0.0,2358.71,0.0,2026-04-21,1337,"Promotions,_Sep_30,_2026  FULL HISTORY For Aevah.xlsx",2026-09-30
2026-02-23T00:00:00Z,Albertsons United,66407c33-1f54-4653-4156-08de5e781b74,"March 2026 2/$5 Sours Only TPR + $1 Digital all others, $9.99 4ct",Complete - Unsettled (Open),KEHE DISTRIBUTORS,2026-02-23,2026-03-22,2026-02-23,2026-03-22,Retailer price reduction,TPR,Puff 4CT,9.99,10.99,0.0,0.0,39.84,6.64,37.84,6.3075,0,0,0.0,0.0,0.0,0,1.0,0,0.0,0,24.0,960.0,0.2,192.0,1152.0,192.0,0,0.0,0.0,1152.0,0,0.0,0.0,1152.0,2671.0,2026-04-21,1337,"Promotions,_Sep_30,_2026  FULL HISTORY For Aevah.xlsx",2026-09-30
2026-02-23T00:00:00Z,Albertsons United,66407c33-1f54-4653-4156-08de5e781b74,"March 2026 2/$5 Sours Only TPR + $1 Digital all others, $9.99 4ct",Complete - Unsettled (Open),Direct,2026-02-23,2026-03-22,2026-02-23,2026-03-22,Coupon,Digital Coupon,,0.0,0.0,0.0,0.0,0.0,0.0,0.0,0.0,0,0,0.0,0.0,0.0,0,0.0,0,0.0,0,0.0,0.0,0.0,0.0,0.0,0.0,0,0.0,0.0,0.0,0,0.0,904.0,904.0,261.0,2026-04-21,1337,"Promotions,_Sep_30,_2026  FULL HISTORY For Aevah.xlsx",2026-09-30
2026-04-01T00:00:00Z,Albertsons NorCal,66b05127-6429-4022-a0d4-08de89a46b1d,April 2026 $1 off Digital Coupon,Complete - Unsettled (Open),Direct,2026-04-01,2026-04-28,2026-04-01,2026-04-28,Coupon,Digital Coupon,,0.0,0.0,0.0,0.0,0.0,0.0,0.0,0.0,0,0,0.0,0.0,0.0,0,0.0,0,0.0,0,0.0,0.0,0.0,0.0,0.0,0.0,0,0.0,0.0,0.0,0,0.0,373.91,373.91,0.0,,1460,"Promotions,_Sep_30,_2026  FULL HISTORY For Aevah.xlsx",2026-09-30
2026-04-01T00:00:00Z,SCHNUCKS,66b3f0d6-25f1-472d-7f7a-08de5da29cfe,SCHNUCKS April 2026 Puff 4-Pack TPR,Complete - Unsettled (Open),"DOT FOODS, INC",2026-04-01,2026-04-14,2026-04-01,2026-04-14,Retailer price reduction,TPR,Puff 4CT,0.0,8.99,0.0,0.0,39.84,6.64,39.84,6.64,0,0,0.0,0.0,0.0,0,0.4,0,0.0,0,12.0,1670.12,0.35,584.53,2254.65,375.77,0,0.0,0.0,901.85,0,0.0,0.0,901.85,177.46,2026-05-16,1314,"Promotions,_Sep_30,_2026  FULL HISTORY For Aevah.xlsx",2026-09-30
2026-02-01T00:00:00Z,Raleys,671ef027-8a6a-4d69-d729-08de5cdc8bfa,Raleys February 2026 Puff Singles TPR,Complete - Unsettled (Open),UNFI,2026-02-01,2026-02-28,2026-02-01,2026-02-28,Retailer price reduction,TPR,Puff 1CT,0.0,2.5,0.0,0.0,247.68,1.72,242.73,1.69,0,0,0.0,0.0,0.0,0,0.36,0,0.0,0,311.04,11132.0,0.5,5566.0,16698.0,115.95,0,0.0,0.0,6011.28,0,0.0,0.0,6011.28,450.84,2026-05-28,978,"Promotions,_Sep_30,_2026  FULL HISTORY For Aevah.xlsx",2026-09-30
2026-02-01T00:00:00Z,Raleys,671ef027-8a6a-4d69-d729-08de5cdc8bfa,Raleys February 2026 Puff Singles TPR,Complete - Unsettled (Open),Direct,2026-02-01,2026-02-28,2026-02-01,2026-02-28,Customer advertising,Ad,,0.0,0.0,0.0,0.0,0.0,0.0,0.0,0.0,0,0,0.0,0.0,0.0,0,0.0,0,0.0,0,0.0,0.0,0.0,0.0,0.0,0.0,0,0.0,0.0,0.0,0,0.0,2000.0,2000.0,0.0,2026-05-28,978,"Promotions,_Sep_30,_2026  FULL HISTORY For Aevah.xlsx",2026-09-30
2025-01-01T00:00:00Z,MEIJER EXPRESS,6738fbe7-8d08-48e2-f1de-08dd6bd158cb,Meijer Express January 2025 TPR,Complete - Unsettled (Open),"DOT FOODS, INC",2025-01-01,2025-01-31,2024-12-18,2024-12-31,Retailer price reduction,TPR,Puff 1CT,0.0,0.0,0.0,0.0,20.64,0.14,247.68,1.72,0,0,0.0,0.0,0.0,0,0.25,0,0.0,0,108.0,4457.13,0.33333333333333337,1485.72,5942.85,41.28,0,0.0,0.0,1485.71,0,0.0,0.0,1485.71,0.0,,480,"Promotions,_Sep_30,_2026  FULL HISTORY For Aevah.xlsx",2026-09-30
2025-10-01T00:00:00Z,TERRIBLES,6792cacf-9664-4af1-e354-08dd6bd158c7,TERRIBLES October 2025 TPR,Complete - Unsettled (Open),"CORE-MARK INTERNATIONAL, INC.",2025-10-01,2025-10-30,2025-09-17,2025-09-30,Retailer price reduction,TPR,Puff 1CT,0.0,0.0,0.0,0.0,247.68,1.72,247.27,1.72,0,0,0.0,0.0,0.0,0,0.95,0,0.0,0,410.4,5393.76,0.2,1078.74,6472.5,44.94,0,0.0,0.0,6148.86,0,0.0,0.0,6148.86,0.0,,178,"Promotions,_Sep_30,_2026  FULL HISTORY For Aevah.xlsx",2026-09-30
2025-08-01T00:00:00Z,CROSS AMERICA PARTNERS,67bdf9e5-0b94-4454-e5b2-08dd6bd158c7,CROSS AMERICA PARTNERS August 2025 TPR,Complete - Unsettled (Open),"CORE-MARK INTERNATIONAL, INC.",2025-08-01,2025-08-31,2025-07-18,2025-07-31,Retailer price reduction,TPR,Puff 1CT,0.0,0.0,0.0,0.0,247.68,1.72,247.27,1.72,0,0,0.0,0.0,0.0,0,0.25,0,0.0,0,108.0,7058.02,0.15,1058.7,8116.72,56.37,0,0.0,0.0,2029.18,0,0.0,0.0,2029.18,0.0,,196,"Promotions,_Sep_30,_2026  FULL HISTORY For Aevah.xlsx",2026-09-30
2026-02-01T00:00:00Z,Brookshires,6807ace8-93de-4d5c-4159-08de5e781b74,"Brookshires February 2026 2/$5 TPR, $8.99 TPR",Complete - Unsettled (Open),KEHE DISTRIBUTORS,2026-02-01,2026-02-28,2026-02-01,2026-02-28,Retailer price reduction,TPR,Puff 1CT,2.99,2.5,0.49,0.1639,247.68,1.72,234.81,1.634,0,0,0.0,0.0,0.0,0,0.34,0,0.0,0,244.8,3794.33,0.25,948.58,4742.91,32.94,0,0.0,0.0,1612.59,0,0.0,0.0,1612.59,2931.8,2026-05-18,1340,"Promotions,_Sep_30,_2026  FULL HISTORY For Aevah.xlsx",2026-09-30
2026-02-01T00:00:00Z,Brookshires,6807ace8-93de-4d5c-4159-08de5e781b74,"Brookshires February 2026 2/$5 TPR, $8.99 TPR",Complete - Unsettled (Open),KEHE DISTRIBUTORS,2026-02-01,2026-02-28,2026-02-01,2026-02-28,Retailer price reduction,TPR,Puff 4CT,10.99,8.99,2.0,0.182,39.84,6.64,37.44,6.24,0,0,0.0,0.0,0.0,0,1.0,0,0.0,0,12.0,696.44,0.25,174.1,870.54,145.09,0,0.0,0.0,870.54,0,0.0,0.0,870.54,444.84,2026-05-18,1340,"Promotions,_Sep_30,_2026  FULL HISTORY For Aevah.xlsx",2026-09-30
2026-08-01T00:00:00Z,UNFI,682b6e96-572e-4649-7f15-08de5e781b74,UNFI August 2026 20% OI,Complete - Unsettled (Open),Direct,2026-08-01,2026-08-31,2026-08-01,2026-08-31,Distributor price reduction,,Puff 1CT,0.0,0.0,0.0,0.0,0.0,0.0,235.8,0.0,0,0,0.0,0.0,0.0,0,0.0,0,0.0,0,0.0,0.0,0.0,0.0,0.0,0.0,0,0.0,117753.14,0.0,0,0.0,0.0,117753.14,8270.34,2026-09-06,1362,"Promotions,_Sep_30,_2026  FULL HISTORY For Aevah.xlsx",2026-09-30
2026-08-01T00:00:00Z,UNFI,682b6e96-572e-4649-7f15-08de5e781b74,UNFI August 2026 20% OI,Complete - Unsettled (Open),Direct,2026-08-01,2026-08-31,2026-08-01,2026-08-31,Distributor price reduction,,Puff 12CT,0.0,0.0,0.0,0.0,0.0,0.0,101.6176,0.0,0,0,0.0,0.0,0.0,0,0.0,0,0.0,0,0.0,0.0,0.0,0.0,0.0,0.0,0,0.0,0.0,0.0,0,0.0,0.0,0.0,0.0,2026-09-06,1362,"Promotions,_Sep_30,_2026  FULL HISTORY For Aevah.xlsx",2026-09-30
2026-02-01T00:00:00Z,"ASSOCIATED FOOD STORES, INC.",683694be-8c1e-4b1f-d704-08de5cdc8bfa,"ASSOCIATED FOOD STORES, INC. February 2026 Puff 4-Pack TPR",Complete - Unsettled (Open),Direct,2026-02-01,2026-02-28,2026-02-01,2026-02-28,Retailer price reduction,TPR,Puff 4CT,10.99,8.99,2.0,0.182,39.84,6.64,39.84,6.64,0,0,0.0,0.0,0.0,0,1.0,0,0.0,0,24.0,2361.88,0.4,944.75,3306.63,551.11,0,0.0,0.0,3306.63,0,0.0,0.0,3306.63,26612.04,2026-03-08,941,"Promotions,_Sep_30,_2026  FULL HISTORY For Aevah.xlsx",2026-09-30
2025-04-27T00:00:00Z,KEHE DISTRIBUTORS,683fb5df-1745-4aa5-14b4-08dd896eff0a,KeHE May 2025 15% OI,Complete - Unsettled (Open),Direct,2025-04-27,2025-05-24,2025-03-31,2025-05-02,Distributor price reduction,,Bar 1CT,0.0,0.0,0.0,0.0,0.0,0.0,20.64,0.0,0,0,0.0,0.0,0.0,0,0.0,0,0.0,0,0.0,0.0,0.0,0.0,0.0,0.0,0,0.0,110.12,0.0,0,0.0,0.0,110.12,7546.2,2025-05-28,663,"Promotions,_Sep_30,_2026  FULL HISTORY For Aevah.xlsx",2026-09-30
2025-04-27T00:00:00Z,KEHE DISTRIBUTORS,683fb5df-1745-4aa5-14b4-08dd896eff0a,KeHE May 2025 15% OI,Complete - Unsettled (Open),Direct,2025-04-27,2025-05-24,2025-03-31,2025-05-02,Distributor price reduction,,Puff 1CT,0.0,0.0,0.0,0.0,0.0,0.0,20.64,0.0,0,0,0.0,0.0,0.0,0,0.0,0,0.0,0,0.0,0.0,0.0,0.0,0.0,0.0,0,0.0,7622.27,0.0,0,0.0,0.0,7622.27,384672.29,2025-05-28,663,"Promotions,_Sep_30,_2026  FULL HISTORY For Aevah.xlsx",2026-09-30
2025-04-27T00:00:00Z,KEHE DISTRIBUTORS,683fb5df-1745-4aa5-14b4-08dd896eff0a,KeHE May 2025 15% OI,Complete - Unsettled (Open),Direct,2025-04-27,2025-05-24,2025-03-31,2025-05-02,Distributor price reduction,,Puff 4CT,0.0,0.0,0.0,0.0,0.0,0.0,39.84,0.0,0,0,0.0,0.0,0.0,0,0.0,0,0.0,0,0.0,0.0,0.0,0.0,0.0,0.0,0,0.0,48107.38,0.0,0,0.0,0.0,48107.38,212108.62,2025-05-28,663,"Promotions,_Sep_30,_2026  FULL HISTORY For Aevah.xlsx",2026-09-30
2025-04-27T00:00:00Z,KEHE DISTRIBUTORS,683fb5df-1745-4aa5-14b4-08dd896eff0a,KeHE May 2025 15% OI,Complete - Unsettled (Open),Direct,2025-04-27,2025-05-24,2025-03-31,2025-05-02,Distributor price reduction,,Bar 4CT,0.0,0.0,0.0,0.0,0.0,0.0,39.84,0.0,0,0,0.0,0.0,0.0,0,0.0,0,0.0,0,0.0,0.0,0.0,0.0,0.0,0.0,0,0.0,0.0,0.0,0,0.0,0.0,0.0,2928.61,2025-05-28,663,"Promotions,_Sep_30,_2026  FULL HISTORY For Aevah.xlsx",2026-09-30
2026-07-01T00:00:00Z,SPARTAN NASH,688520e5-b43b-4f13-6391-08de5da29cfe,SPARTAN NASH July 2026 TPR,Complete - Unsettled (Open),Direct,2026-07-01,2026-07-16,2026-07-01,2026-07-16,Retailer price reduction,TPR,Puff 1CT,0.0,2.49,0.0,0.0,247.68,1.72,247.68,1.72,0,0,0.0,0.0,0.0,0,0.25,0,0.0,0,144.0,11854.28,0.2,2370.84,14225.12,98.8,0,0.0,0.0,3556.28,0,0.0,0.0,3556.28,0.0,,1207,"Promotions,_Sep_30,_2026  FULL HISTORY For Aevah.xlsx",2026-09-30
2026-07-01T00:00:00Z,SPARTAN NASH,688520e5-b43b-4f13-6391-08de5da29cfe,SPARTAN NASH July 2026 TPR,Complete - Unsettled (Open),Direct,2026-07-01,2026-07-16,2026-07-01,2026-07-16,Customer advertising,Ad,,0.0,0.0,0.0,0.0,0.0,0.0,0.0,0.0,0,0,0.0,0.0,0.0,0,0.0,0,0.0,0,0.0,0.0,0.0,0.0,0.0,0.0,0,0.0,0.0,0.0,0,0.0,2000.0,2000.0,0.0,,1207,"Promotions,_Sep_30,_2026  FULL HISTORY For Aevah.xlsx",2026-09-30
2025-05-01T00:00:00Z,GETGO,69210e70-7191-4053-f938-08dd6bd158ca,GETGO May 2025 TPR,Complete - Unsettled (Open),MCLANE GROCER,2025-05-01,2025-05-31,2025-04-17,2025-04-30,Retailer price reduction,TPR,Puff 1CT,0.0,0.0,0.0,0.0,247.68,1.72,247.22,1.72,0,0,0.0,0.0,0.0,0,0.6,0,0.0,0,259.2,10179.79,0.15,1526.98,11706.77,81.3,0,0.0,0.0,7024.05,0,0.0,0.0,7024.05,0.0,,424,"Promotions,_Sep_30,_2026  FULL HISTORY For Aevah.xlsx",2026-09-30
2025-05-01T00:00:00Z,PUBLIX,6962cd03-6e95-4478-15a6-08dd663e4335,Publix May 2025 Singles TPR,Complete - Unsettled (Open),KEHE DISTRIBUTORS,2025-05-01,2025-05-31,2025-04-17,2025-04-30,Retailer price reduction,TPR,Puff 1CT,0.0,0.0,0.0,0.0,198.144,1.376,243.35,1.352,0,0,0.0,0.0,0.0,0,0.35,0,0.0,0,201.6,84792.31,0.3,25437.7,110230.01,765.5,0,0.0,0.0,38580.51,0,0.0,0.0,38580.51,46751.88,2025-05-25,2,"Promotions,_Sep_30,_2026  FULL HISTORY For Aevah.xlsx",2026-09-30
2025-05-01T00:00:00Z,PUBLIX,6962cd03-6e95-4478-15a6-08dd663e4335,Publix May 2025 Singles TPR,Complete - Unsettled (Open),KEHE DISTRIBUTORS,2025-05-01,2025-05-31,2025-04-17,2025-04-30,Retailer price reduction,TPR,Bar 1CT,0.0,0.0,0.0,0.0,247.68,1.72,243.35,1.69,0,0,0.0,0.0,0.0,0,0.35,0,0.0,0,50.4,4537.25,0.3,1361.18,5898.43,40.96,0,0.0,0.0,2064.45,0,0.0,0.0,2064.45,0.0,2025-05-25,2,"Promotions,_Sep_30,_2026  FULL HISTORY For Aevah.xlsx",2026-09-30
2025-05-01T00:00:00Z,HARRIS TEETER,69a82281-cd16-4a9a-ece4-08dd6bd158c9,HARRIS TEETER May 2025 TPR,Complete - Unsettled (Open),KEHE DISTRIBUTORS,2025-05-01,2025-05-28,2025-04-17,2025-04-30,Retailer price reduction,TPR,Puff 1CT,0.0,0.0,0.0,0.0,247.68,1.72,243.35,1.69,0,0,0.0,0.0,0.0,0,0.3,0,0.0,0,129.6,13214.2,0.5,6607.1,19821.3,137.65,0,0.0,0.0,5946.39,0,0.0,0.0,5946.39,2608.65,2025-05-20,328,"Promotions,_Sep_30,_2026  FULL HISTORY For Aevah.xlsx",2026-09-30
2026-04-01T00:00:00Z,Fresh Thyme,69c85c09-e7b8-4096-d70d-08de5cdc8bfa,Fresh Thyme April 2026 Puff Singles TPR,Complete - Unsettled (Open),KEHE DISTRIBUTORS,2026-04-01,2026-04-30,2026-04-01,2026-04-30,Retailer price reduction,TPR,Puff 1CT,0.0,2.5,0.0,0.0,247.68,1.72,234.81,1.634,0,0,0.0,0.0,0.0,0,0.75,0,0.0,0,540.0,6718.89,0.2,1343.78,8062.67,55.98,0,0.0,0.0,6047.01,0,0.0,0.0,6047.01,0.0,,950,"Promotions,_Sep_30,_2026  FULL HISTORY For Aevah.xlsx",2026-09-30
2026-11-16T00:00:00Z,MAVERIK,6a7a4c14-2e98-4f7f-7f6b-08de5da29cfe,MAVERIK November 2026 Puff Singles TPR,Planned,"CORE-MARK INTERNATIONAL, INC.",2026-11-16,2026-11-22,2026-11-16,2026-11-22,Retailer price reduction,TPR,Puff 1CT,0.4983333333333333,2.5,0.08166666666666667,0.02731666666666667,247.68,1.72,242.58,1.68,0,0,0.0,0.0,0.0,0,0.65,0,0.0,0,561.6,25251.5,0.3,7575.43,32826.93,227.97,0,0.0,0.0,21337.51,0,0.0,0.0,21337.51,0.0,,1299,"Promotions,_Sep_30,_2026  FULL HISTORY For Aevah.xlsx",2026-09-30
2025-08-01T00:00:00Z,WAKEFERN,6a80bba2-2a02-46e4-d380-08dd6bd158c6,WAKEFERN August 2025 TPR,Complete - Unsettled (Open),UNFI,2025-08-01,2025-08-30,2025-07-18,2025-07-31,Retailer price reduction,TPR,Puff 1CT,0.0,0.0,0.0,0.0,247.68,1.72,244.17,1.7,0,0,0.0,0.0,0.0,0,0.25,0,0.0,0,108.0,29243.52,0.2,5848.7,35092.22,243.69,0,0.0,0.0,8773.06,0,0.0,0.0,8773.06,2127.64,2025-09-12,110,"Promotions,_Sep_30,_2026  FULL HISTORY For Aevah.xlsx",2026-09-30
2025-10-01T00:00:00Z,BRISTOL FARMS,6aa38029-997b-4ec5-0d1d-08dd6bd158cc,Bristol Farms October 2025 TPR,Complete - Unsettled (Open),UNFI,2025-10-01,2025-10-30,2025-09-17,2025-09-30,Retailer price reduction,TPR,Puff 1CT,3.49,0.0,3.49,1.0,247.68,1.72,272.0,1.08,0,0,0.0,0.0,0.0,0,0.3,0,0.0,0,172.8,2010.48,0.2,402.1,2412.58,16.75,0,0.0,0.0,723.77,0,0.0,0.0,723.77,8492.43,2025-12-02,539,"Promotions,_Sep_30,_2026  FULL HISTORY For Aevah.xlsx",2026-09-30
2026-07-01T00:00:00Z,FRED MEYER,6b2ca68e-6a48-4a4a-4035-08de5da29cfe,FRED MEYER July 2026 Puff 4-Pack TPR,Complete - Unsettled (Open),UNFI,2026-07-01,2026-07-31,2026-07-01,2026-07-31,Retailer price reduction,TPR,Puff 4CT,10.99,9.99,1.0,0.091,39.84,6.64,42.16,7.03,0,0,0.0,0.0,0.0,0,0.8,0,0.0,0,28.8,7490.9,0.25,1872.73,9363.63,1560.59,0,0.0,0.0,7490.9,0,0.0,0.0,7490.9,0.0,,1058,"Promotions,_Sep_30,_2026  FULL HISTORY For Aevah.xlsx",2026-09-30
2026-10-01T00:00:00Z,SPROUTS,6b2dae91-871a-4fb6-d742-08de5cdc8bfa,SPROUTS October 2026 Puff Singles TPR,Planned,KEHE DISTRIBUTORS,2026-10-01,2026-10-01,2026-10-01,2026-10-01,Retailer price reduction,TPR,Puff 1CT,1.794,2.5,0.294,0.09834,247.68,1.72,238.77,1.662,0,0,0.0,0.0,0.0,0,0.6,0,0.0,0,432.0,1897.34,0.3,569.21,2466.55,17.14,0,0.0,0.0,1479.93,0,0.0,0.0,1479.93,0.0,,1003,"Promotions,_Sep_30,_2026  FULL HISTORY For Aevah.xlsx",2026-09-30
2025-06-01T00:00:00Z,UNITED PACIFIC,6b365cf5-d430-4496-df92-08dd6bd158c7,UNITED PACIFIC June 2025 TPR,Complete - Unsettled (Open),"CORE-MARK INTERNATIONAL, INC.",2025-06-01,2025-06-30,2025-05-18,2025-05-31,Retailer price reduction,TPR,Puff 1CT,0.0,0.0,0.0,0.0,247.68,1.72,247.27,1.72,0,0,0.0,0.0,0.0,0,0.3,0,0.0,0,172.8,8002.2,0.2,1600.44,9602.64,66.68,0,0.0,0.0,2880.78,0,0.0,0.0,2880.78,930.6,2025-09-02,168,"Promotions,_Sep_30,_2026  FULL HISTORY For Aevah.xlsx",2026-09-30
2025-09-01T00:00:00Z,FESTIVAL FOODS,6b57ff7d-803a-4ff1-d6c3-08dd6bd158c7,FESTIVAL FOODS September 2025 TPR,Complete - Unsettled (Open),UNFI,2025-09-01,2025-09-30,2025-08-18,2025-08-31,Retailer price reduction,TPR,Puff 1CT,0.0,0.0,0.0,0.0,247.68,1.72,244.17,1.7,0,0,0.0,0.0,0.0,0,0.15,0,0.0,0,108.0,3488.7,0.2,697.74,4186.44,29.09,0,0.0,0.0,627.95,0,0.0,0.0,627.95,0.0,,153,"Promotions,_Sep_30,_2026  FULL HISTORY For Aevah.xlsx",2026-09-30
2025-09-01T00:00:00Z,FESTIVAL FOODS,6b57ff7d-803a-4ff1-d6c3-08dd6bd158c7,FESTIVAL FOODS September 2025 TPR,Complete - Unsettled (Open),UNFI,2025-09-01,2025-09-30,2025-08-18,2025-08-31,Retailer price reduction,TPR,Bar 1CT,0.0,0.0,0.0,0.0,247.68,1.72,244.17,1.7,0,0,0.0,0.0,0.0,0,0.15,0,0.0,0,108.0,2406.0,0.2,481.2,2887.2,20.05,0,0.0,0.0,433.1,0,0.0,0.0,433.1,0.0,,153,"Promotions,_Sep_30,_2026  FULL HISTORY For Aevah.xlsx",2026-09-30
2025-09-01T00:00:00Z,FESTIVAL FOODS,6b57ff7d-803a-4ff1-d6c3-08dd6bd158c7,FESTIVAL FOODS September 2025 TPR,Complete - Unsettled (Open),UNFI,2025-09-01,2025-09-30,2025-08-18,2025-08-31,Retailer price reduction,TPR,Puff 4CT,0.0,0.0,0.0,0.0,39.84,6.64,33.06,5.51,0,0,0.0,0.0,0.0,0,0.0,0,0.0,0,0.0,837.28,0.5,418.64,1255.92,209.32,0,0.0,0.0,0.0,0,0.0,0.0,0.0,0.0,,153,"Promotions,_Sep_30,_2026  FULL HISTORY For Aevah.xlsx",2026-09-30
2025-09-01T00:00:00Z,FESTIVAL FOODS,6b57ff7d-803a-4ff1-d6c3-08dd6bd158c7,FESTIVAL FOODS September 2025 TPR,Complete - Unsettled (Open),UNFI,2025-09-01,2025-09-30,2025-08-18,2025-08-31,Retailer price reduction,TPR,Bar 4CT,0.0,0.0,0.0,0.0,39.84,6.64,33.06,5.51,0,0,0.0,0.0,0.0,0,0.0,0,0.0,0,0.0,418.64,0.5,209.32,627.96,104.66,0,0.0,0.0,0.0,0,0.0,0.0,0.0,0.0,,153,"Promotions,_Sep_30,_2026  FULL HISTORY For Aevah.xlsx",2026-09-30
2025-07-01T00:00:00Z,TOWN PUMP,6b5cc9bd-b1f0-406f-fb58-08dd6bd158ca,TOWN PUMP July 2025 TPR,Complete - Unsettled (Open),MCLANE GROCER,2025-07-01,2025-07-27,2025-06-17,2025-06-30,Retailer price reduction,TPR,Puff 1CT,0.0,0.0,0.0,0.0,247.68,1.72,247.22,1.72,0,0,0.0,0.0,0.0,0,0.2,0,0.0,0,57.6,3686.04,0.2,737.2,4423.24,30.72,0,0.0,0.0,884.64,0,0.0,0.0,884.64,0.0,,436,"Promotions,_Sep_30,_2026  FULL HISTORY For Aevah.xlsx",2026-09-30
2026-06-27T00:00:00Z,FESTIVAL FOODS,6bb64f1b-bd6a-4e4a-7f41-08de5da29cfe,FESTIVAL FOODS July 2026 Puff Singles TPR,Complete - Unsettled (Open),UNFI,2026-06-27,2026-07-17,2026-06-27,2026-07-17,Retailer price reduction,TPR,Puff 1CT,0.0,2.0,0.0,0.0,247.68,1.72,242.73,1.69,0,0,0.0,0.0,0.0,0,0.3,0,0.0,0,172.8,1587.64,0.5,793.84,2381.48,16.52,0,0.0,0.0,714.44,0,0.0,0.0,714.44,0.0,,1257,"Promotions,_Sep_30,_2026  FULL HISTORY For Aevah.xlsx",2026-09-30
2026-06-27T00:00:00Z,FESTIVAL FOODS,6bb64f1b-bd6a-4e4a-7f41-08de5da29cfe,FESTIVAL FOODS July 2026 Puff Singles TPR,Complete - Unsettled (Open),Direct,2026-06-27,2026-07-17,2026-06-27,2026-07-17,Customer advertising,Ad,,0.0,0.0,0.0,0.0,0.0,0.0,0.0,0.0,0,0,0.0,0.0,0.0,0,0.0,0,0.0,0,0.0,0.0,0.0,0.0,0.0,0.0,0,0.0,0.0,0.0,0,0.0,500.0,500.0,0.0,,1257,"Promotions,_Sep_30,_2026  FULL HISTORY For Aevah.xlsx",2026-09-30
2027-01-01T00:00:00Z,Lowes Foods,6c0fb749-a481-4a1d-0a5d-08dd6bd158cc,Lowes Foods January 2027 TPR,Planned,"DOT FOODS, INC",2027-01-01,2027-01-28,2026-12-18,2026-12-31,Retailer price reduction,TPR,Puff 1CT,2.99,0.0,2.99,1.0,247.68,1.72,247.68,1.72,0,0,0.0,0.0,0.0,0,0.25,0,0.0,0,144.0,562.36,0.5,281.18,843.54,5.85,0,0.0,0.0,210.88,0,0.0,0.0,210.88,0.0,,535,"Promotions,_Sep_30,_2026  FULL HISTORY For Aevah.xlsx",2026-09-30
2025-07-31T00:00:00Z,PUBLIX,6c15470f-ab32-437e-26b7-08dd663e4335,Publix July 2025 Singles TPR,Complete - Unsettled (Open),Direct,2025-07-31,2025-08-06,2025-07-17,2025-07-30,Retailer price reduction,TPR,Puff 1CT,0.0,0.0,0.0,0.0,185.76,1.29,247.68,1.29,0,0,0.0,0.0,0.0,0,0.79,0,0.0,0,341.28,18803.27,0.6,11281.95,30085.22,208.93,0,0.0,0.0,23767.33,0,0.0,0.0,23767.33,5869.71,2026-03-05,7,"Promotions,_Sep_30,_2026  FULL HISTORY For Aevah.xlsx",2026-09-30
2026-02-03T00:00:00Z,SAVE MART,6c344ae4-ebfb-4997-d731-08de5cdc8bfa,SAVE MART March 2026 Puff Singles TPR,Complete - Unsettled (Open),KEHE DISTRIBUTORS,2026-02-03,2026-03-02,2026-02-03,2026-03-02,Retailer price reduction,TPR,Puff 1CT,2.99,1.67,1.32,0.4415,247.68,1.72,256.11,1.78,0,0,0.0,0.0,0.0,0,0.65,0,0.0,0,374.4,5462.54,0.5,2731.26,8193.8,56.9,0,0.0,0.0,5325.96,0,0.0,0.0,5325.96,11241.36,2026-04-08,986,"Promotions,_Sep_30,_2026  FULL HISTORY For Aevah.xlsx",2026-09-30
2026-01-01T00:00:00Z,Sam's Club,6c5b252c-4d6b-4fd8-0809-08deb27c50a3,Sam's January 2026 ISB,Complete - Unsettled (Open),Direct,2026-01-01,2026-01-31,2026-01-01,2026-01-31,Customer advertising,Ad,,0.0,0.0,0.0,0.0,0.0,0.0,0.0,0.0,0,0,0.0,0.0,0.0,0,0.0,0,0.0,0,0.0,0.0,0.0,0.0,0.0,0.0,0,0.0,0.0,0.0,0,0.0,95000.0,95000.0,1657173.6,2026-02-05,1564,"Promotions,_Sep_30,_2026  FULL HISTORY For Aevah.xlsx",2026-09-30
2026-01-01T00:00:00Z,Sam's Club,6c5b252c-4d6b-4fd8-0809-08deb27c50a3,Sam's January 2026 ISB,Complete - Unsettled (Open),Direct,2026-01-01,2026-01-31,2026-01-01,2026-01-31,Coupon,Digital Coupon,,0.0,0.0,0.0,0.0,0.0,0.0,0.0,0.0,0,0,0.0,0.0,0.0,0,0.0,0,0.0,0,0.0,0.0,0.0,0.0,0.0,0.0,0,0.0,0.0,0.0,0,0.0,1769059.44,1769059.44,1376998.37,2026-02-05,1564,"Promotions,_Sep_30,_2026  FULL HISTORY For Aevah.xlsx",2026-09-30
2026-07-01T00:00:00Z,King Soopers,6c60f8c8-95fb-4ae0-4048-08de5da29cfe,King Soopers July 2026 Puff Singles TPR,Complete - Unsettled (Open),KEHE DISTRIBUTORS,2026-07-01,2026-07-31,2026-07-01,2026-07-31,Retailer price reduction,TPR,Puff 1CT,2.2425,2.5,0.3675,0.122925,247.68,1.72,249.2775,1.3125,0,0,0.0,0.0,0.0,0,0.3,0,0.0,0,129.6,7639.29,0.3,2291.79,9931.08,68.96,0,0.0,0.0,2979.32,0,0.0,0.0,2979.32,965.65,2026-08-11,1077,"Promotions,_Sep_30,_2026  FULL HISTORY For Aevah.xlsx",2026-09-30
2026-06-29T00:00:00Z,Albertsons United,6ca429c9-78a2-4488-79f4-08de9bb1b972,July Digital $1 off 4ct,Complete - Unsettled (Open),Direct,2026-06-29,2026-07-26,2026-06-29,2026-07-26,Coupon,Digital Coupon,,0.0,0.0,0.0,0.0,0.0,0.0,0.0,0.0,0,0,0.0,0.0,0.0,0,0.0,0,0.0,0,0.0,0.0,0.0,0.0,0.0,0.0,0,0.0,0.0,0.0,0,0.0,0.0,0.0,0.0,,1539,"Promotions,_Sep_30,_2026  FULL HISTORY For Aevah.xlsx",2026-09-30
2025-12-01T00:00:00Z,WEGMANS,6cc9701e-9595-424e-dd14-08dd6bd158c6,WEGMANS December 2025 TPR,Complete - Unsettled (Open),UNFI,2025-12-01,2025-12-28,2025-11-17,2025-11-30,Retailer price reduction,TPR,Puff 1CT,0.0,0.0,0.0,0.0,247.68,1.72,247.27,1.72,0,0,0.0,0.0,0.0,0,0.52,0,0.0,0,374.4,56310.08,0.25,14077.52,70387.6,488.81,0,0.0,0.0,36601.56,0,0.0,0.0,36601.56,93716.73,2026-02-06,126,"Promotions,_Sep_30,_2026  FULL HISTORY For Aevah.xlsx",2026-09-30
2025-12-01T00:00:00Z,WEGMANS,6cc9701e-9595-424e-dd14-08dd6bd158c6,WEGMANS December 2025 TPR,Complete - Unsettled (Open),UNFI,2025-12-01,2025-12-28,2025-11-17,2025-11-30,Retailer price reduction,TPR,Bar 1CT,0.0,0.0,0.0,0.0,247.68,1.72,247.27,1.72,0,0,0.0,0.0,0.0,0,0.52,0,0.0,0,74.88,9556.52,0.25,2389.13,11945.65,82.96,0,0.0,0.0,6211.74,0,0.0,0.0,6211.74,13241.46,2026-02-06,126,"Promotions,_Sep_30,_2026  FULL HISTORY For Aevah.xlsx",2026-09-30
2026-06-27T00:00:00Z,PUBLIX,6cfd007f-dd38-48ad-c5e9-08ded76b20c5,2026 EDLP - 4ct,In progress,Direct,2026-06-27,2026-12-31,2026-06-27,2026-12-31,Retailer price reduction,EDLP/EDLC,Puff 4CT,9.42,9.42,0.0,0.0,39.84,6.64,39.84,6.64,0,0,0.0,0.0,0.0,0,0.3,0,0.0,0,12.6,310890.4,0.05,15544.52,326434.92,54405.83,0,0.0,0.0,97930.47,0,0.0,0.0,97930.47,0.0,,1573,"Promotions,_Sep_30,_2026  FULL HISTORY For Aevah.xlsx",2026-09-30
2026-06-04T00:00:00Z,PUBLIX,6d451c9b-560f-41d1-84c5-08de4f7c9ec1,June 2026 Puff NEW ITEM PROGRAM - Sour Singles BOGO + Sour Shippers,Complete - Unsettled (Open),Direct,2026-06-04,2026-06-10,2026-06-04,2026-06-10,Retailer price reduction,BOGO,Puff Shipper,2.99,2.99,0.0,0.0,123.84,1.72,123.84,0.43,0,0,0.0,0.0,0.0,0,1.35,0,0.0,0,3499.2,0.0,2.0,0.0,0.0,0.0,0,0.0,0.0,0.0,0,0.0,0.0,0.0,0.0,2026-06-15,910,"Promotions,_Sep_30,_2026  FULL HISTORY For Aevah.xlsx",2026-09-30
2026-06-04T00:00:00Z,PUBLIX,6d451c9b-560f-41d1-84c5-08de4f7c9ec1,June 2026 Puff NEW ITEM PROGRAM - Sour Singles BOGO + Sour Shippers,Complete - Unsettled (Open),Direct,2026-06-04,2026-06-10,2026-06-04,2026-06-10,Retailer price reduction,BOGO,Puff 1CT,2.99,2.99,0.0,0.0,247.68,1.72,247.68,1.72,0,0,0.0,0.0,0.0,0,1.35,0,0.0,0,388.8,4241.2,6.0,25447.2,29688.4,206.16,0,0.0,0.0,40079.34,0,0.0,60000.0,100079.34,125621.55,2026-06-15,910,"Promotions,_Sep_30,_2026  FULL HISTORY For Aevah.xlsx",2026-09-30
2026-01-28T00:00:00Z,Albertsons Southern,6d6a6da3-b7ab-45db-1e43-08de8bfc2efd,February 2026 $9.99 TPR,Complete - Unsettled (Open),Direct,2026-01-28,2026-03-03,2026-01-28,2026-03-03,Retailer price reduction,TPR,Puff 4CT,10.99,9.99,1.0,0.091,39.84,6.64,39.84,6.64,0,0,0.0,0.0,0.0,0,1.0,0,0.0,0,24.0,3700.0,0.3,1110.0,4810.0,801.67,0,0.0,0.0,4810.0,0,0.0,0.0,4810.0,5272.0,2026-03-04,1502,"Promotions,_Sep_30,_2026  FULL HISTORY For Aevah.xlsx",2026-09-30
2026-03-01T00:00:00Z,KROGER,6d8c7506-1477-4bc5-4051-08de5da29cfe,KROGER March 2026 TPR,Complete - Unsettled (Open),Direct,2026-03-01,2026-03-30,2026-03-01,2026-03-30,Retailer price reduction,TPR,Puff 1CT,1.196,2.5,0.196,0.06556,247.68,1.72,247.68,1.72,0,0,0.0,0.0,0.0,0,0.3,0,0.0,0,216.0,33001.71,0.2,6600.35,39602.06,275.01,0,0.0,0.0,11880.62,0,0.0,0.0,11880.62,4985.03,2026-05-19,1086,"Promotions,_Sep_30,_2026  FULL HISTORY For Aevah.xlsx",2026-09-30
2026-03-01T00:00:00Z,KROGER,6d8c7506-1477-4bc5-4051-08de5da29cfe,KROGER March 2026 TPR,Complete - Unsettled (Open),Direct,2026-03-01,2026-03-30,2026-03-01,2026-03-30,Retailer price reduction,TPR,Puff 4CT,4.396,8.99,0.8,0.0728,39.84,6.64,39.84,6.64,0,0,0.0,0.0,0.0,0,1.8,0,0.0,0,54.0,15997.9,0.4,6399.16,22397.06,3732.84,0,0.0,0.0,40314.71,0,0.0,0.0,40314.71,91509.23,2026-05-19,1086,"Promotions,_Sep_30,_2026  FULL HISTORY For Aevah.xlsx",2026-09-30
2026-07-01T00:00:00Z,Brookshires,6d97917f-8fbd-4338-b899-08de5ffd5c98,"Brookshires July 2026 2/$5 TPR, $8.99 TPR",Complete - Unsettled (Open),KEHE DISTRIBUTORS,2026-07-01,2026-07-31,2026-07-01,2026-07-31,Retailer price reduction,TPR,Puff 1CT,2.99,2.5,0.49,0.1639,247.68,1.72,234.81,1.634,0,0,0.0,0.0,0.0,0,0.34,0,0.0,0,244.8,2852.44,0.25,713.12,3565.56,24.76,0,0.0,0.0,1212.29,0,0.0,0.0,1212.29,757.72,2026-09-23,1382,"Promotions,_Sep_30,_2026  FULL HISTORY For Aevah.xlsx",2026-09-30
2026-07-01T00:00:00Z,Brookshires,6d97917f-8fbd-4338-b899-08de5ffd5c98,"Brookshires July 2026 2/$5 TPR, $8.99 TPR",Complete - Unsettled (Open),KEHE DISTRIBUTORS,2026-07-01,2026-07-31,2026-07-01,2026-07-31,Retailer price reduction,TPR,Puff 4CT,10.99,8.99,2.0,0.182,39.84,6.64,37.44,6.24,0,0,0.0,0.0,0.0,0,1.0,0,0.0,0,12.0,678.9,0.25,169.73,848.63,141.44,0,0.0,0.0,848.63,0,0.0,0.0,848.63,303.08,2026-09-23,1382,"Promotions,_Sep_30,_2026  FULL HISTORY For Aevah.xlsx",2026-09-30
2025-04-01T00:00:00Z,AWG,6e3582c2-6d38-4b03-f864-08dd6bd158cb,AWG April 2025 TPR,Complete - Unsettled (Open),"DOT FOODS, INC",2025-04-01,2025-04-20,2025-03-18,2025-03-31,Retailer price reduction,TPR,Puff 4CT,0.0,0.0,0.0,0.0,39.84,6.64,39.84,6.64,0,0,0.0,0.0,0.0,0,1.42,0,0.0,0,17.04,342.86,0.2,68.57,411.43,68.57,0,0.0,0.0,584.23,0,0.0,0.0,584.23,0.0,,498,"Promotions,_Sep_30,_2026  FULL HISTORY For Aevah.xlsx",2026-09-30
2025-04-01T00:00:00Z,AWG,6e3582c2-6d38-4b03-f864-08dd6bd158cb,AWG April 2025 TPR,Complete - Unsettled (Open),"DOT FOODS, INC",2025-04-01,2025-04-20,2025-03-18,2025-03-31,Retailer price reduction,TPR,Puff 1CT,0.0,0.0,0.0,0.0,247.68,1.72,247.68,1.72,0,0,0.0,0.0,0.0,0,0.28,0,0.0,0,241.92,6334.4,0.25,1629.11,7963.51,55.31,0,0.0,0.0,2229.78,0,0.0,0.0,2229.78,0.0,,498,"Promotions,_Sep_30,_2026  FULL HISTORY For Aevah.xlsx",2026-09-30
2025-04-01T00:00:00Z,AWG,6e3582c2-6d38-4b03-f864-08dd6bd158cb,AWG April 2025 TPR,Complete - Unsettled (Open),"DOT FOODS, INC",2025-04-01,2025-04-20,2025-03-18,2025-03-31,Retailer price reduction,TPR,Bar 1CT,0.0,0.0,0.0,0.0,247.68,1.72,247.68,1.72,0,0,0.0,0.0,0.0,0,0.0,0,0.0,0,0.0,0.0,0.2,0.0,0.0,0.0,0,0.0,0.0,0.0,0,0.0,0.0,0.0,0.0,,498,"Promotions,_Sep_30,_2026  FULL HISTORY For Aevah.xlsx",2026-09-30
2026-09-01T00:00:00Z,Lowes Foods,6e69f0c6-b510-4085-84c2-08de4f7c9ec1,Lowes Foods September 2026 TPR,Complete - Unsettled (Open),"DOT FOODS, INC",2026-09-01,2026-09-15,2026-09-01,2026-09-15,Retailer price reduction,TPR,Puff 1CT,2.99,2.745,0.245,0.08195,247.68,1.72,247.68,1.72,0,0,0.0,0.0,0.0,0,0.25,0,0.0,0,288.0,5726.16,0.4,2290.47,8016.63,55.67,0,0.0,0.0,2004.15,0,0.0,0.0,2004.15,0.0,,907,"Promotions,_Sep_30,_2026  FULL HISTORY For Aevah.xlsx",2026-09-30
2026-01-15T00:00:00Z,CVS,6ebbcdd2-4ed6-413b-4024-08de5da29cfe,CVS January 2026 Puff 4-Pack TPR,Complete - Unsettled (Open),"DOT FOODS, INC",2026-01-15,2026-01-30,2026-01-15,2026-01-30,Retailer price reduction,TPR,Puff 4CT,0.0,8.99,0.0,0.0,39.84,6.64,39.84,6.64,0,0,0.0,0.0,0.0,0,1.21,0,0.0,0,14.52,8175.5,0.2,1635.1,9810.6,1635.1,0,0.0,0.0,11870.83,0,0.0,0.0,11870.83,8452.5,2026-02-18,1041,"Promotions,_Sep_30,_2026  FULL HISTORY For Aevah.xlsx",2026-09-30
2026-07-01T00:00:00Z,CVS,6f27ea94-9ee6-40b4-4027-08de5da29cfe,CVS July 2026 Puff Singles TPR,Complete - Unsettled (Open),"DOT FOODS, INC",2026-07-01,2026-07-14,2026-07-01,2026-07-14,Retailer price reduction,TPR,Puff 1CT,0.0,3.0,0.0,0.0,247.68,1.72,247.68,1.72,0,0,0.0,0.0,0.0,0,0.25,0,0.0,0,72.0,17271.48,0.3,5181.44,22452.92,155.92,0,0.0,0.0,5613.23,0,0.0,0.0,5613.23,2026.0,2026-08-06,1044,"Promotions,_Sep_30,_2026  FULL HISTORY For Aevah.xlsx",2026-09-30
2026-12-01T00:00:00Z,"ASSOCIATED FOOD STORES, INC.",6f6fe426-3643-4226-d703-08de5cdc8bfa,"ASSOCIATED FOOD STORES, INC. December 2026 Puff Singles TPR",Planned,Direct,2026-12-01,2026-12-31,2026-12-01,2026-12-31,Retailer price reduction,TPR,Puff 1CT,2.4463636363636363,2.5,0.40090909090909094,0.1341,247.68,1.72,247.68,1.72,0,0,0.0,0.0,0.0,0,0.3,0,0.0,0,475.2,20785.81,0.3,6235.72,27021.53,187.65,0,0.0,0.0,8106.47,0,0.0,0.0,8106.47,0.0,,940,"Promotions,_Sep_30,_2026  FULL HISTORY For Aevah.xlsx",2026-09-30
2026-12-01T00:00:00Z,"ASSOCIATED FOOD STORES, INC.",6f6fe426-3643-4226-d703-08de5cdc8bfa,"ASSOCIATED FOOD STORES, INC. December 2026 Puff Singles TPR",Planned,Direct,2026-12-01,2026-12-31,2026-12-01,2026-12-31,Customer advertising,Ad,,0.0,0.0,0.0,0.0,0.0,0.0,0.0,0.0,0,0,0.0,0.0,0.0,0,0.0,0,0.0,0,0.0,0.0,0.0,0.0,0.0,0.0,0,0.0,0.0,0.0,0,0.0,750.0,750.0,0.0,,940,"Promotions,_Sep_30,_2026  FULL HISTORY For Aevah.xlsx",2026-09-30
2026-07-01T00:00:00Z,DELEK,6f91c3a9-9ce7-4f10-636b-08de5da29cfe,DELEK August 2026 TPR,Complete - Unsettled (Open),"CORE-MARK INTERNATIONAL, INC.",2026-07-01,2026-08-31,2026-07-01,2026-08-31,Retailer price reduction,TPR,Puff 1CT,0.0,3.39,0.0,0.0,247.68,1.72,242.62,1.68,0,0,0.0,0.0,0.0,0,0.25,0,0.0,0,72.0,9792.3,0.15,1468.84,11261.14,78.2,0,0.0,0.0,2815.28,0,0.0,0.0,2815.28,0.0,,1169,"Promotions,_Sep_30,_2026  FULL HISTORY For Aevah.xlsx",2026-09-30
2025-06-01T00:00:00Z,WINCO,70069fd0-ec6f-40b0-db3b-08dd6bd158c5,WINCO June 2025 TPR,Complete - Unsettled (Open),Direct,2025-06-01,2025-06-30,2025-05-18,2025-05-31,Retailer price reduction,TPR,Bar 1CT,2.99,0.0,2.99,1.0,247.68,1.72,247.68,1.72,0,0,0.0,0.0,0.0,0,0.13,0,0.0,0,37.44,273.86,0.5,136.92,410.78,2.85,0,0.0,0.0,53.4,0,0.0,0.0,53.4,2374.25,2025-06-19,89,"Promotions,_Sep_30,_2026  FULL HISTORY For Aevah.xlsx",2026-09-30
2025-06-01T00:00:00Z,WINCO,70069fd0-ec6f-40b0-db3b-08dd6bd158c5,WINCO June 2025 TPR,Complete - Unsettled (Open),Direct,2025-06-01,2025-06-30,2025-05-18,2025-05-31,Retailer price reduction,TPR,Puff 1CT,2.99,0.0,2.99,1.0,247.68,1.72,247.68,1.72,0,0,0.0,0.0,0.0,0,0.13,0,0.0,0,112.32,134293.47,0.5,67146.72,201440.19,1398.87,0,0.0,0.0,26187.22,0,0.0,0.0,26187.22,7122.75,2025-06-19,89,"Promotions,_Sep_30,_2026  FULL HISTORY For Aevah.xlsx",2026-09-30
2025-04-01T00:00:00Z,HY-VEE FAST & FRESH,70170c52-3407-4307-fd03-08dd6bd158ca,HY-VEE FAST & FRESH April 2025 TPR,Complete - Unsettled (Open),Direct,2025-04-01,2025-04-30,2025-03-18,2025-03-31,Retailer price reduction,TPR,Puff 1CT,0.0,0.0,0.0,0.0,247.68,1.72,247.27,1.72,0,0,0.0,0.0,0.0,0,0.25,0,0.0,0,108.0,4651.71,0.15,697.77,5349.48,37.14,0,0.0,0.0,1337.37,0,0.0,0.0,1337.37,0.0,,443,"Promotions,_Sep_30,_2026  FULL HISTORY For Aevah.xlsx",2026-09-30
2026-01-01T00:00:00Z,EG America,70bf039b-c84e-45a0-636c-08de5da29cfe,EG America February 2026 TPR,Complete - Unsettled (Open),"DOT FOODS, INC",2026-01-01,2026-02-28,2026-01-01,2026-02-28,Retailer price reduction,TPR,Puff 1CT,0.0,3.29,0.0,0.0,247.68,1.72,247.68,1.72,0,0,0.0,0.0,0.0,0,0.43,0,0.0,0,185.76,76435.65,0.15,11465.34,87900.99,610.41,0,0.0,0.0,26458.2,0,0.0,0.0,26458.2,0.0,,1170,"Promotions,_Sep_30,_2026  FULL HISTORY For Aevah.xlsx",2026-09-30
2026-01-01T00:00:00Z,EG America,70bf039b-c84e-45a0-636c-08de5da29cfe,EG America February 2026 TPR,Complete - Unsettled (Open),MCLANE GROCER,2026-01-01,2026-02-28,2026-01-01,2026-02-28,Retailer price reduction,TPR,Puff 1CT,0.0,3.29,0.0,0.0,247.68,1.72,242.31666666666666,1.6833333333333333,0,0,0.0,0.0,0.0,0,0.43,0,0.0,0,185.76,76435.65,0.15,11465.34,87900.99,610.41,0,0.0,0.0,11339.22,0,0.0,0.0,11339.22,0.0,,1170,"Promotions,_Sep_30,_2026  FULL HISTORY For Aevah.xlsx",2026-09-30
2026-01-01T00:00:00Z,EG America,70bf039b-c84e-45a0-636c-08de5da29cfe,EG America February 2026 TPR,Complete - Unsettled (Open),Direct,2026-01-01,2026-02-28,2026-01-01,2026-02-28,Customer advertising,Ad,,0.0,0.0,0.0,0.0,0.0,0.0,0.0,0.0,0,0,0.0,0.0,0.0,0,0.0,0,0.0,0,0.0,0.0,0.0,0.0,0.0,0.0,0,0.0,0.0,0.0,0,0.0,21600.0,21600.0,0.0,,1170,"Promotions,_Sep_30,_2026  FULL HISTORY For Aevah.xlsx",2026-09-30
2026-09-10T00:00:00Z,SAVE MART,71755cca-400a-4d48-eac3-08de5cdc8bfa,Save Mart September 2026 $1 Digital Coupon,Complete - Unsettled (Open),Direct,2026-09-10,2026-09-23,2026-09-10,2026-09-23,Coupon,Digital Coupon,,0.0,0.0,0.0,0.0,0.0,0.0,0.0,0.0,0,0,0.0,0.0,0.0,0,0.0,0,0.0,0,0.0,0.0,0.0,0.0,0.0,0.0,0,0.0,0.0,0.0,0,0.0,370.24,370.24,0.0,,1033,"Promotions,_Sep_30,_2026  FULL HISTORY For Aevah.xlsx",2026-09-30
2026-04-01T00:00:00Z,STOP & SHOP,71959795-c7ff-4006-406c-08de5da29cfe,STOP & SHOP May 2026 Puff Singles TPR,Complete - Unsettled (Open),UNFI,2026-04-01,2026-05-07,2026-04-01,2026-05-07,Retailer price reduction,TPR,Puff 1CT,0.0,2.5,0.0,0.0,247.68,1.72,200.26714285714286,1.1985714285714286,0,0,0.0,0.0,0.0,0,0.55,0,0.0,0,475.2,46413.77,0.0,0.0,46413.77,322.33,0,0.0,0.0,25527.58,0,0.0,0.0,25527.58,0.0,,1113,"Promotions,_Sep_30,_2026  FULL HISTORY For Aevah.xlsx",2026-09-30
2026-04-01T00:00:00Z,STOP & SHOP,71959795-c7ff-4006-406c-08de5da29cfe,STOP & SHOP May 2026 Puff Singles TPR,Complete - Unsettled (Open),Direct,2026-04-01,2026-05-07,2026-04-01,2026-05-07,Customer advertising,Ad,,0.0,0.0,0.0,0.0,0.0,0.0,0.0,0.0,0,0,0.0,0.0,0.0,0,0.0,0,0.0,0,0.0,0.0,0.0,0.0,0.0,0.0,0,0.0,0.0,0.0,0,0.0,13000.0,13000.0,0.0,,1113,"Promotions,_Sep_30,_2026  FULL HISTORY For Aevah.xlsx",2026-09-30
2026-02-01T00:00:00Z,Albertsons United,71b0162f-3e86-4aa0-93ee-08de5f343061,February 2026 Shippers 72ct 3flav,Complete - Unsettled (Open),KEHE DISTRIBUTORS,2026-02-01,2026-02-28,2026-02-01,2026-02-28,Retailer price reduction,TPR,Puff Shipper,0.0,0.0,0.0,0.0,123.84,1.72,121.36,0.28,0,0,0.0,0.0,0.0,0,0.17,0,0.0,0,660.96,6500.15,0.0,0.0,6500.15,0.0,0,0.0,0.0,1105.03,0,0.0,0.0,1105.03,0.0,,1380,"Promotions,_Sep_30,_2026  FULL HISTORY For Aevah.xlsx",2026-09-30
2026-08-01T00:00:00Z,BIG Y,71eb16d9-174a-467d-401c-08de5da29cfe,BIG Y August 2026 Puff Singles TPR,Complete - Unsettled (Open),UNFI,2026-08-01,2026-08-30,2026-08-01,2026-08-30,Retailer price reduction,TPR,Puff 1CT,2.99,2.5,0.49,0.1639,247.68,1.72,209.55333333333334,1.4533333333333336,0,0,0.0,0.0,0.0,0,0.2,0,0.0,0,86.4,4515.26,0.0,0.0,4515.26,31.36,0,0.0,0.0,903.05,0,0.0,0.0,903.05,0.0,,1034,"Promotions,_Sep_30,_2026  FULL HISTORY For Aevah.xlsx",2026-09-30
2026-08-01T00:00:00Z,BIG Y,71eb16d9-174a-467d-401c-08de5da29cfe,BIG Y August 2026 Puff Singles TPR,Complete - Unsettled (Open),Direct,2026-08-01,2026-08-30,2026-08-01,2026-08-30,Customer advertising,Ad,,0.0,0.0,0.0,0.0,0.0,0.0,0.0,0.0,0,0,0.0,0.0,0.0,0,0.0,0,0.0,0,0.0,0.0,0.0,0.0,0.0,0.0,0,0.0,0.0,0.0,0,0.0,500.0,500.0,0.0,,1034,"Promotions,_Sep_30,_2026  FULL HISTORY For Aevah.xlsx",2026-09-30
2025-03-01T00:00:00Z,HARMONS NEIGHBORHOOD GROCER,7217a78f-06d7-47d2-28e4-08dd721102ed,HARMONS NEIGHBORHOOD GROCER March 2025 Puff TPR,Complete - Unsettled (Open),ON THE DOT DISTRIBUTION,2025-03-01,2025-03-30,2025-02-15,2025-02-28,Retailer price reduction,TPR,Puff 1CT,2.99,0.0,2.99,1.0,247.68,1.72,247.68,1.72,0,0,0.0,0.0,0.0,0,0.25,0,0.0,0,432.0,22404.06,0.3,6721.23,29125.29,202.27,0,0.0,0.0,7281.31,0,0.0,0.0,7281.31,10625.5,2025-03-27,634,"Promotions,_Sep_30,_2026  FULL HISTORY For Aevah.xlsx",2026-09-30
2025-03-01T00:00:00Z,HARMONS NEIGHBORHOOD GROCER,7217a78f-06d7-47d2-28e4-08dd721102ed,HARMONS NEIGHBORHOOD GROCER March 2025 Puff TPR,Complete - Unsettled (Open),Direct,2025-03-01,2025-03-30,2025-02-15,2025-02-28,Customer advertising,Ad,,0.0,0.0,0.0,0.0,0.0,0.0,0.0,0.0,0,0,0.0,0.0,0.0,0,0.0,0,0.0,0,0.0,0.0,0.0,0.0,0.0,0.0,0,0.0,0.0,0.0,0,0.0,3000.0,3000.0,0.0,2025-03-27,634,"Promotions,_Sep_30,_2026  FULL HISTORY For Aevah.xlsx",2026-09-30
2026-04-01T00:00:00Z,UNITED PACIFIC,7248eba7-dd05-4263-7f88-08de5da29cfe,UNITED PACIFIC April 2026 Puff Singles TPR,Complete - Unsettled (Open),"CORE-MARK INTERNATIONAL, INC.",2026-04-01,2026-04-30,2026-04-01,2026-04-30,Retailer price reduction,TPR,Puff 1CT,0.0,3.0,0.0,0.0,247.68,1.72,242.73,1.69,0,0,0.0,0.0,0.0,0,0.5,0,0.0,0,288.0,10558.18,0.2,2111.64,12669.82,88.0,0,0.0,0.0,6334.92,0,0.0,0.0,6334.92,0.0,,1328,"Promotions,_Sep_30,_2026  FULL HISTORY For Aevah.xlsx",2026-09-30
2025-07-01T00:00:00Z,MEIJER EXPRESS,72574dca-b2e6-4e25-f332-08dd6bd158cb,Meijer Express July 2025 TPR,Complete - Unsettled (Open),"DOT FOODS, INC",2025-07-01,2025-07-31,2025-06-17,2025-06-30,Retailer price reduction,TPR,Puff 1CT,0.0,0.0,0.0,0.0,247.68,1.72,247.68,1.72,0,0,0.0,0.0,0.0,0,0.25,0,0.0,0,108.0,6634.23,0.15,995.13,7629.36,52.98,0,0.0,0.0,1907.34,0,0.0,0.0,1907.34,0.0,,484,"Promotions,_Sep_30,_2026  FULL HISTORY For Aevah.xlsx",2026-09-30
2026-04-01T00:00:00Z,Holiday Oil,7263fc26-ba4e-44fb-7f48-08de5da29cfe,Holiday Oil April 2026 Puff Singles TPR,Complete - Unsettled (Open),Cottonwood Distributing,2026-04-01,2026-04-30,2026-04-01,2026-04-30,Retailer price reduction,TPR,Puff 1CT,0.5695238095238095,2.5,0.09333333333333334,0.031219047619047622,234.10285714285712,1.625714285714286,234.10285714285712,1.543809523809524,0,0,0.0,0.0,0.0,0,0.25,0,0.0,0,720.0,9498.03,0.15,1424.7,10922.73,75.85,0,0.0,0.0,2730.67,0,0.0,0.0,2730.67,0.0,,1264,"Promotions,_Sep_30,_2026  FULL HISTORY For Aevah.xlsx",2026-09-30
2026-02-01T00:00:00Z,FRED MEYER,73536fff-a352-4e8f-4033-08de5da29cfe,FRED MEYER February 2026 Puff Singles TPR,Complete - Unsettled (Open),UNFI,2026-02-01,2026-02-28,2026-02-01,2026-02-28,Retailer price reduction,TPR,Puff 1CT,2.1357142857142857,2.5,0.35,0.11707142857142858,247.68,1.72,256.6014285714285,1.3,0,0,0.0,0.0,0.0,0,0.3,0,0.0,0,216.0,18420.62,0.3,5526.18,23946.8,166.3,0,0.0,0.0,7184.04,0,0.0,0.0,7184.04,6852.3,2026-04-29,1056,"Promotions,_Sep_30,_2026  FULL HISTORY For Aevah.xlsx",2026-09-30
2026-11-01T00:00:00Z,SPARTAN NASH,7409be2b-0361-4fe9-6393-08de5da29cfe,SPARTAN NASH November 2026 TPR,Planned,Direct,2026-11-01,2026-11-28,2026-11-01,2026-11-28,Retailer price reduction,TPR,Puff 1CT,0.0,2.49,0.0,0.0,247.68,1.72,247.68,1.72,0,0,0.0,0.0,0.0,0,0.25,0,0.0,0,144.0,21625.76,0.2,4325.16,25950.92,180.2,0,0.0,0.0,6487.72,0,0.0,0.0,6487.72,0.0,,1209,"Promotions,_Sep_30,_2026  FULL HISTORY For Aevah.xlsx",2026-09-30
2026-11-01T00:00:00Z,SPARTAN NASH,7409be2b-0361-4fe9-6393-08de5da29cfe,SPARTAN NASH November 2026 TPR,Planned,Direct,2026-11-01,2026-11-28,2026-11-01,2026-11-28,Customer advertising,Ad,,0.0,0.0,0.0,0.0,0.0,0.0,0.0,0.0,0,0,0.0,0.0,0.0,0,0.0,0,0.0,0,0.0,0.0,0.0,0.0,0.0,0.0,0,0.0,0.0,0.0,0,0.0,2000.0,2000.0,0.0,,1209,"Promotions,_Sep_30,_2026  FULL HISTORY For Aevah.xlsx",2026-09-30
2026-06-01T00:00:00Z,SCHNUCKS,74416ade-cabe-481b-7f75-08de5da29cfe,SCHNUCKS June 2026 Puff Singles TPR,Complete - Unsettled (Open),"DOT FOODS, INC",2026-06-01,2026-06-14,2026-06-01,2026-06-14,Retailer price reduction,TPR,Puff 1CT,0.9966666666666666,2.5,0.16333333333333333,0.05463333333333334,247.68,1.72,247.68,1.72,0,0,0.0,0.0,0.0,0,0.1,0,0.0,0,172.8,4813.8,0.35,1684.84,6498.64,45.15,0,0.0,0.0,649.87,0,0.0,0.0,649.87,3116.0,2026-07-25,1309,"Promotions,_Sep_30,_2026  FULL HISTORY For Aevah.xlsx",2026-09-30
2026-04-01T00:00:00Z,CVS,74d1813f-974b-47ca-4020-08de5da29cfe,CVS April 2026 Puff 4-Pack TPR,Complete - Unsettled (Open),"DOT FOODS, INC",2026-04-01,2026-04-15,2026-04-01,2026-04-15,Retailer price reduction,TPR,Puff 4CT,0.0,8.99,0.0,0.0,39.84,6.64,39.84,6.64,0,0,0.0,0.0,0.0,0,1.21,0,0.0,0,14.52,6988.73,0.2,1397.75,8386.48,1397.75,0,0.0,0.0,10147.64,0,0.0,0.0,10147.64,3144.79,2026-04-22,1037,"Promotions,_Sep_30,_2026  FULL HISTORY For Aevah.xlsx",2026-09-30
2025-06-01T00:00:00Z,SCHNUCKS,74e0fd0c-6d55-49da-e1ce-08dd6bd158ca,SCHNUCKS June 2025 TPR,Complete - Unsettled (Open),"DOT FOODS, INC",2025-06-01,2025-06-21,2025-05-18,2025-05-31,Retailer price reduction,TPR,Puff 4CT,0.0,0.0,0.0,0.0,39.84,6.64,39.84,6.64,0,0,0.0,0.0,0.0,0,0.0,0,0.0,0,0.0,1473.39,0.5,736.68,2210.07,368.34,0,0.0,0.0,0.0,0,0.0,0.0,0.0,0.0,,366,"Promotions,_Sep_30,_2026  FULL HISTORY For Aevah.xlsx",2026-09-30
2025-06-01T00:00:00Z,SCHNUCKS,74e0fd0c-6d55-49da-e1ce-08dd6bd158ca,SCHNUCKS June 2025 TPR,Complete - Unsettled (Open),"DOT FOODS, INC",2025-06-01,2025-06-21,2025-05-18,2025-05-31,Retailer price reduction,TPR,Puff 1CT,0.0,0.0,0.0,0.0,247.68,1.72,247.68,1.72,0,0,0.0,0.0,0.0,0,0.1,0,0.0,0,72.0,4439.31,0.2,887.86,5327.17,37.0,0,0.0,0.0,532.72,0,0.0,0.0,532.72,0.0,,366,"Promotions,_Sep_30,_2026  FULL HISTORY For Aevah.xlsx",2026-09-30
2025-04-01T00:00:00Z,CROSS AMERICA PARTNERS,756a3e48-e1b7-465b-e508-08dd6bd158c7,CROSS AMERICA PARTNERS April 2025 TPR,Complete - Unsettled (Open),"CORE-MARK INTERNATIONAL, INC.",2025-04-01,2025-04-30,2025-03-18,2025-03-31,Retailer price reduction,TPR,Puff 1CT,0.0,0.0,0.0,0.0,247.68,1.72,247.27,1.72,0,0,0.0,0.0,0.0,0,0.25,0,0.0,0,108.0,5464.29,0.15,819.64,6283.93,43.64,0,0.0,0.0,1570.99,0,0.0,0.0,1570.99,0.0,,194,"Promotions,_Sep_30,_2026  FULL HISTORY For Aevah.xlsx",2026-09-30
2026-03-01T00:00:00Z,King Soopers,758c6aee-4096-4035-4049-08de5da29cfe,King Soopers March 2026 TPR,Complete - Unsettled (Open),KEHE DISTRIBUTORS,2026-03-01,2026-03-30,2026-03-01,2026-03-30,Retailer price reduction,TPR,Puff 4CT,3.9564,9.99,0.36,0.03276,36.2,6.6212,36.6196,1.57,0,0,0.0,0.0,0.0,0,0.8,0,0.0,0,28.8,1336.88,0.3,401.06,1737.94,289.66,0,0.0,0.0,1390.35,0,0.0,0.0,1390.35,8498.59,2026-05-19,1078,"Promotions,_Sep_30,_2026  FULL HISTORY For Aevah.xlsx",2026-09-30
2026-03-01T00:00:00Z,King Soopers,758c6aee-4096-4035-4049-08de5da29cfe,King Soopers March 2026 TPR,Complete - Unsettled (Open),KEHE DISTRIBUTORS,2026-03-01,2026-03-30,2026-03-01,2026-03-30,Retailer price reduction,TPR,Puff 1CT,2.2425,2.5,0.3675,0.122925,247.68,1.72,249.2775,1.3125,0,0,0.0,0.0,0.0,0,0.3,0,0.0,0,129.6,4324.24,0.2,864.85,5189.09,36.04,0,0.0,0.0,1556.73,0,0.0,0.0,1556.73,840.24,2026-05-19,1078,"Promotions,_Sep_30,_2026  FULL HISTORY For Aevah.xlsx",2026-09-30
2026-03-01T00:00:00Z,King Soopers,758c6aee-4096-4035-4049-08de5da29cfe,King Soopers March 2026 TPR,Complete - Unsettled (Open),KEHE DISTRIBUTORS,2026-03-01,2026-03-30,2026-03-01,2026-03-30,Retailer price reduction,TPR,Club Packs,0.0,9.99,0.0,0.0,9607.5,18.3,9250.71,0.0,0,0,0.0,0.0,0.0,0,0.8,0,0.0,0,0.0,0.0,0.3,0.0,0.0,0.0,0,0.0,0.0,0.0,0,0.0,0.0,0.0,186.03,2026-05-19,1078,"Promotions,_Sep_30,_2026  FULL HISTORY For Aevah.xlsx",2026-09-30
2026-03-01T00:00:00Z,King Soopers,758c6aee-4096-4035-4049-08de5da29cfe,King Soopers March 2026 TPR,Complete - Unsettled (Open),KEHE DISTRIBUTORS,2026-03-01,2026-03-30,2026-03-01,2026-03-30,Retailer price reduction,TPR,Puff Shipper,0.0,9.99,0.0,0.0,79.66000000000001,79.66,78.07,0.0,0,0,0.0,0.0,0.0,0,0.8,0,0.0,0,0.0,0.0,0.3,0.0,0.0,0.0,0,0.0,0.0,0.0,0,0.0,0.0,0.0,124.02,2026-05-19,1078,"Promotions,_Sep_30,_2026  FULL HISTORY For Aevah.xlsx",2026-09-30
2026-05-01T00:00:00Z,Loop,75d4e43c-45a6-4ec8-7f65-08de5da29cfe,Loop May 2026 Puff Singles TPR,Complete - Unsettled (Open),"CORE-MARK INTERNATIONAL, INC.",2026-05-01,2026-05-31,2026-05-01,2026-05-31,Retailer price reduction,TPR,Puff 1CT,0.7475,3.0,0.0,0.0,247.68,1.72,242.73,1.69,0,0,0.0,0.0,0.0,0,0.2,0,0.0,0,115.2,3082.24,0.15,462.32,3544.56,24.6,0,0.0,0.0,708.92,0,0.0,0.0,708.92,0.0,,1293,"Promotions,_Sep_30,_2026  FULL HISTORY For Aevah.xlsx",2026-09-30
2026-05-01T00:00:00Z,Loop,75d4e43c-45a6-4ec8-7f65-08de5da29cfe,Loop May 2026 Puff Singles TPR,Complete - Unsettled (Open),Direct,2026-05-01,2026-05-31,2026-05-01,2026-05-31,Customer advertising,Ad,,0.0,0.0,0.0,0.0,0.0,0.0,0.0,0.0,0,0,0.0,0.0,0.0,0,0.0,0,0.0,0,0.0,0.0,0.0,0.0,0.0,0.0,0,0.0,0.0,0.0,0,0.0,500.0,500.0,0.0,,1293,"Promotions,_Sep_30,_2026  FULL HISTORY For Aevah.xlsx",2026-09-30
2025-06-01T00:00:00Z,Albertsons Corporate,7663d0d1-d1f5-4d89-28d0-08dd721102ed,ALBERTSONS COMPANIES June 2025 Puff Digital Coupon,Complete - Unsettled (Open),Direct,2025-06-01,2025-06-30,2025-05-18,2025-05-31,Coupon,Digital Coupon,,0.0,0.0,0.0,0.0,0.0,0.0,0.0,0.0,0,0,0.0,0.0,0.0,0,0.0,0,0.0,0,0.0,0.0,0.0,0.0,0.0,0.0,0,0.0,0.0,0.0,0,0.0,4426.02,4426.02,0.0,,635,"Promotions,_Sep_30,_2026  FULL HISTORY For Aevah.xlsx",2026-09-30
2025-05-01T00:00:00Z,CASEYS CORP,766ecc41-2456-48d5-28da-08dd721102ed,CASEYS CORP May 2025 Puff BOGO,Complete - Unsettled (Open),Direct,2025-05-01,2025-05-25,2025-04-17,2025-04-30,Retailer price reduction,BOGO,Puff 1CT,0.0,0.0,0.0,0.0,247.68,1.72,247.68,1.72,0,0,0.0,0.0,0.0,0,0.86,0,0.0,0,371.52,57241.97,0.15,8586.3,65828.27,457.14,0,0.0,0.0,56612.31,0,0.0,0.0,56612.31,9776.98,2025-06-04,636,"Promotions,_Sep_30,_2026  FULL HISTORY For Aevah.xlsx",2026-09-30
2026-06-01T00:00:00Z,SPARTAN NASH,76874250-6d57-44ad-6390-08de5da29cfe,SPARTAN NASH June 2026 TPR,Complete - Unsettled (Open),Direct,2026-06-01,2026-06-13,2026-06-01,2026-06-13,Retailer price reduction,TPR,Puff 1CT,0.0,2.49,0.0,0.0,247.68,1.72,247.68,1.72,0,0,0.0,0.0,0.0,0,0.25,0,0.0,0,144.0,8022.84,0.2,1604.56,9627.4,66.84,0,0.0,0.0,2406.84,0,0.0,0.0,2406.84,0.0,,1206,"Promotions,_Sep_30,_2026  FULL HISTORY For Aevah.xlsx",2026-09-30
2025-07-01T00:00:00Z,SMART & FINAL,76b96329-5fa1-4e2e-f035-08dd6bd158c7,SMART & FINAL July 2025 TPR,Complete - Unsettled (Open),Direct,2025-07-01,2025-07-31,2025-06-17,2025-06-30,Retailer price reduction,TPR,Puff 1CT,0.0,0.0,0.0,0.0,247.68,1.72,247.27,1.72,0,0,0.0,0.0,0.0,0,0.18,0,0.0,0,51.84,16720.72,0.15,2508.1,19228.82,133.54,0,0.0,0.0,3461.18,0,0.0,0.0,3461.18,0.0,,227,"Promotions,_Sep_30,_2026  FULL HISTORY For Aevah.xlsx",2026-09-30
2025-12-01T00:00:00Z,WINCO,76cbb92e-440a-45fa-e081-08dd6bd158c5,WINCO December 2025 TPR,Complete - Unsettled (Open),Direct,2025-12-01,2025-12-31,2025-11-17,2025-11-30,Retailer price reduction,TPR,Puff 1CT,2.99,0.0,2.99,1.0,247.68,1.72,247.68,1.72,0,0,0.0,0.0,0.0,0,0.24,0,0.0,0,207.36,170074.41,0.3,51022.32,221096.73,1535.4,0,0.0,0.0,53063.22,0,0.0,0.0,53063.22,0.0,,95,"Promotions,_Sep_30,_2026  FULL HISTORY For Aevah.xlsx",2026-09-30
2025-12-01T00:00:00Z,WINCO,76cbb92e-440a-45fa-e081-08dd6bd158c5,WINCO December 2025 TPR,Complete - Unsettled (Open),Direct,2025-12-01,2025-12-31,2025-11-17,2025-11-30,Retailer price reduction,TPR,Bar 1CT,2.99,0.0,2.99,1.0,247.68,1.72,247.68,0.0,0,0,0.0,0.0,0.0,0,0.24,0,0.0,0,0.0,0.0,0.3,0.0,0.0,0.0,0,0.0,0.0,0.0,0,0.0,0.0,0.0,0.0,,95,"Promotions,_Sep_30,_2026  FULL HISTORY For Aevah.xlsx",2026-09-30
2025-02-01T00:00:00Z,GETGO,773d0f31-ee18-4eeb-f88e-08dd6bd158ca,GETGO February 2025 TPR,Complete - Unsettled (Open),MCLANE GROCER,2025-02-01,2025-02-28,2025-01-18,2025-01-31,Retailer price reduction,TPR,Puff 1CT,0.0,0.0,0.0,0.0,247.68,1.72,247.22,1.72,0,0,0.0,0.0,0.0,0,0.6,0,0.0,0,259.2,7756.0,0.15,1163.4,8919.4,61.95,0,0.0,0.0,5351.64,0,0.0,0.0,5351.64,0.0,,422,"Promotions,_Sep_30,_2026  FULL HISTORY For Aevah.xlsx",2026-09-30
2025-08-01T00:00:00Z,GELSONS,77f57ef2-fd85-4bf8-e819-08dd6bd158c4,GELSONS August 2025 TPR,Complete - Unsettled (Open),UNFI,2025-08-01,2025-08-30,2025-07-18,2025-07-31,Retailer price reduction,TPR,Puff 1CT,3.49,0.0,3.49,1.0,247.68,1.72,268.59,1.87,0,0,0.0,0.0,0.0,0,0.25,0,0.0,0,216.0,11054.25,0.4,4421.7,15475.95,107.47,0,0.0,0.0,3868.99,0,0.0,0.0,3868.99,428.0,2025-12-21,17,"Promotions,_Sep_30,_2026  FULL HISTORY For Aevah.xlsx",2026-09-30
2026-02-01T00:00:00Z,BIG Y,77fb1644-2dd3-4c7b-401e-08de5da29cfe,BIG Y February 2026 Puff Singles TPR,Complete - Unsettled (Open),UNFI,2026-02-01,2026-02-28,2026-02-01,2026-02-28,Retailer price reduction,TPR,Puff 1CT,0.0,2.5,0.0,0.0,247.68,1.72,242.58,1.68,0,0,0.0,0.0,0.0,0,0.2,0,0.0,0,86.4,4977.86,0.0,0.0,4977.86,34.57,0,0.0,0.0,995.57,0,0.0,0.0,995.57,1878.3,2026-04-22,1035,"Promotions,_Sep_30,_2026  FULL HISTORY For Aevah.xlsx",2026-09-30
2026-02-01T00:00:00Z,BIG Y,77fb1644-2dd3-4c7b-401e-08de5da29cfe,BIG Y February 2026 Puff Singles TPR,Complete - Unsettled (Open),Direct,2026-02-01,2026-02-28,2026-02-01,2026-02-28,Customer advertising,Ad,,0.0,0.0,0.0,0.0,0.0,0.0,0.0,0.0,0,0,0.0,0.0,0.0,0,0.0,0,0.0,0,0.0,0.0,0.0,0.0,0.0,0.0,0,0.0,0.0,0.0,0,0.0,1000.0,1000.0,679.7,2026-04-22,1035,"Promotions,_Sep_30,_2026  FULL HISTORY For Aevah.xlsx",2026-09-30
2025-09-01T00:00:00Z,KROGER,782e91dd-f378-46e8-e103-08dd6bd158c9,KROGER September 2025 TPR,Complete - Unsettled (Open),Direct,2025-09-01,2025-09-30,2025-08-18,2025-08-31,Retailer price reduction,TPR,Puff 1CT,2.99,2.5,0.49,0.1639,247.68,1.72,247.68,1.72,0,0,0.0,0.0,0.0,0,0.3,0,0.0,0,86.4,157796.6,0.35,55228.8,213025.4,1479.34,0,0.0,0.0,63907.62,0,0.0,0.0,63907.62,0.0,,311,"Promotions,_Sep_30,_2026  FULL HISTORY For Aevah.xlsx",2026-09-30
2025-09-01T00:00:00Z,KROGER,782e91dd-f378-46e8-e103-08dd6bd158c9,KROGER September 2025 TPR,Complete - Unsettled (Open),Direct,2025-09-01,2025-09-30,2025-08-18,2025-08-31,Retailer price reduction,TPR,Puff 4CT,10.99,0.0,10.99,1.0,39.84,6.64,39.84,6.64,0,0,0.0,0.0,0.0,0,0.0,0,0.0,0,0.0,91365.26,0.6,54819.16,146184.42,24364.08,0,0.0,0.0,0.0,0,0.0,0.0,0.0,0.0,,311,"Promotions,_Sep_30,_2026  FULL HISTORY For Aevah.xlsx",2026-09-30
2026-01-01T00:00:00Z,PLAID PANTRY,784fdb9a-b308-4b1d-7f6e-08de5da29cfe,PLAID PANTRY January 2026 Puff Singles TPR,Complete - Unsettled (Open),"CORE-MARK INTERNATIONAL, INC.",2026-01-01,2026-01-31,2026-01-01,2026-01-31,Retailer price reduction,TPR,Puff 1CT,0.0,2.5,0.0,0.0,247.68,1.72,242.73,1.69,0,0,0.0,0.0,0.0,0,0.3,0,0.0,0,172.8,2886.43,0.2,577.3,3463.73,24.05,0,0.0,0.0,1039.12,0,0.0,0.0,1039.12,0.0,,1302,"Promotions,_Sep_30,_2026  FULL HISTORY For Aevah.xlsx",2026-09-30
2026-01-07T00:00:00Z,HARRIS TEETER,79c09575-a703-4ff7-4042-08de5da29cfe,HARRIS TEETER January 2026 Puff Singles TPR,Complete - Unsettled (Open),KEHE DISTRIBUTORS,2026-01-07,2026-01-27,2026-01-07,2026-01-27,Retailer price reduction,TPR,Puff 1CT,0.0,2.0,0.0,0.0,247.68,1.72,232.83,1.62,0,0,0.0,0.0,0.0,0,0.45,0,0.0,0,194.4,13950.0,0.0,0.0,13950.0,96.88,0,0.0,0.0,6277.5,0,0.0,0.0,6277.5,13266.58,2026-01-27,1071,"Promotions,_Sep_30,_2026  FULL HISTORY For Aevah.xlsx",2026-09-30
2026-01-07T00:00:00Z,HARRIS TEETER,79c09575-a703-4ff7-4042-08de5da29cfe,HARRIS TEETER January 2026 Puff Singles TPR,Complete - Unsettled (Open),Direct,2026-01-07,2026-01-27,2026-01-07,2026-01-27,Customer advertising,Ad,,0.0,0.0,0.0,0.0,0.0,0.0,0.0,0.0,0,0,0.0,0.0,0.0,0,0.0,0,0.0,0,0.0,0.0,0.0,0.0,0.0,0.0,0,0.0,0.0,0.0,0,0.0,850.0,850.0,0.0,2026-01-27,1071,"Promotions,_Sep_30,_2026  FULL HISTORY For Aevah.xlsx",2026-09-30
2026-09-01T00:00:00Z,GETGO,7a2a2424-493d-4826-6377-08de5da29cfe,GETGO October 2026 TPR,In progress,MCLANE GROCER,2026-09-01,2026-10-31,2026-09-01,2026-10-31,Retailer price reduction,TPR,Puff 1CT,0.0,3.0,0.0,0.0,247.68,1.72,242.482,1.686,0,0,0.0,0.0,0.0,0,0.35,0,0.0,0,252.0,10525.51,0.15,1578.83,12104.34,84.06,0,0.0,0.0,4236.52,0,0.0,0.0,4236.52,0.0,,1181,"Promotions,_Sep_30,_2026  FULL HISTORY For Aevah.xlsx",2026-09-30
2025-06-01T00:00:00Z,JACKSONS,7a5431cf-0316-4b83-dc0d-08dd6bd158c8,JACKSONS June 2025 TPR,Complete - Unsettled (Open),CAPITOL DISTRIBUTING,2025-06-01,2025-06-30,2025-05-18,2025-05-31,Retailer price reduction,TPR,Puff 1CT,0.0,0.0,0.0,0.0,247.68,1.72,247.68,1.72,0,0,0.0,0.0,0.0,0,0.3,0,0.0,0,129.6,16431.17,0.2,3286.23,19717.4,136.93,0,0.0,0.0,5915.22,0,0.0,0.0,5915.22,0.0,,267,"Promotions,_Sep_30,_2026  FULL HISTORY For Aevah.xlsx",2026-09-30
2026-02-01T00:00:00Z,CVS,7a575360-88cc-432f-4023-08de5da29cfe,CVS February 2026 Puff Singles TPR,Complete - Unsettled (Open),"DOT FOODS, INC",2026-02-01,2026-02-14,2026-02-01,2026-02-14,Retailer price reduction,TPR,Puff 1CT,0.0,2.5,0.0,0.0,247.68,1.72,247.68,1.72,0,0,0.0,0.0,0.0,0,0.25,0,0.0,0,72.0,17098.36,0.2,3419.67,20518.03,142.49,0,0.0,0.0,5129.5,0,0.0,0.0,5129.5,1260.3,2026-02-25,1040,"Promotions,_Sep_30,_2026  FULL HISTORY For Aevah.xlsx",2026-09-30
2027-01-01T00:00:00Z,HY-VEE,7aa40e1f-d7ec-449c-0eb2-08dd6bd158cb,HY-VEE January 2027 TPR,Planned,Direct,2027-01-01,2027-01-10,2026-12-18,2026-12-31,Retailer price reduction,TPR,Puff 1CT,0.0,0.0,0.0,0.0,247.68,1.72,243.09875,1.685,0,0,0.0,0.0,0.0,0,0.45,0,0.0,0,518.4,3123.96,0.5,1561.98,4685.94,32.54,0,0.0,0.0,2108.66,0,0.0,0.0,2108.66,0.0,,462,"Promotions,_Sep_30,_2026  FULL HISTORY For Aevah.xlsx",2026-09-30
2027-01-01T00:00:00Z,HY-VEE,7aa40e1f-d7ec-449c-0eb2-08dd6bd158cb,HY-VEE January 2027 TPR,Planned,Direct,2027-01-01,2027-01-10,2026-12-18,2026-12-31,Retailer price reduction,TPR,Bar 1CT,0.0,0.0,0.0,0.0,247.68,1.72,242.73,1.69,0,0,0.0,0.0,0.0,0,0.45,0,0.0,0,194.4,0.0,0.5,0.0,0.0,0.0,0,0.0,0.0,0.0,0,0.0,0.0,0.0,0.0,,462,"Promotions,_Sep_30,_2026  FULL HISTORY For Aevah.xlsx",2026-09-30
2027-01-01T00:00:00Z,HY-VEE,7aa40e1f-d7ec-449c-0eb2-08dd6bd158cb,HY-VEE January 2027 TPR,Planned,Direct,2027-01-01,2027-01-10,2026-12-18,2026-12-31,Retailer price reduction,TPR,Puff 4CT,0.0,0.0,0.0,0.0,39.84,6.64,38.64,6.44,0,0,0.0,0.0,0.0,0,0.0,0,0.0,0,0.0,735.14,0.1,73.53,808.67,134.77,0,0.0,0.0,0.0,0,0.0,0.0,0.0,0.0,,462,"Promotions,_Sep_30,_2026  FULL HISTORY For Aevah.xlsx",2026-09-30
2025-04-01T00:00:00Z,PILOT FLYING J,7ae7cccc-1af1-4861-f02a-08dd6bd158ca,PILOT FLYING J April 2025 TPR,Complete - Unsettled (Open),MCLANE GROCER,2025-04-01,2025-04-30,2025-03-18,2025-03-31,Retailer price reduction,TPR,Puff 1CT,0.0,0.0,0.0,0.0,247.68,1.72,247.22,1.72,0,0,0.0,0.0,0.0,0,0.43,0,0.0,0,185.76,13108.08,0.15,1966.2,15074.28,104.67,0,0.0,0.0,6481.95,0,0.0,0.0,6481.95,0.0,,402,"Promotions,_Sep_30,_2026  FULL HISTORY For Aevah.xlsx",2026-09-30
2026-03-01T00:00:00Z,FRED MEYER,7b0019d3-f59a-4663-4037-08de5da29cfe,FRED MEYER March 2026 Puff 4-Pack TPR,Complete - Unsettled (Open),UNFI,2026-03-01,2026-03-30,2026-03-01,2026-03-30,Retailer price reduction,TPR,Puff 4CT,10.99,9.99,1.0,0.091,39.84,6.64,42.16,7.03,0,0,0.0,0.0,0.0,0,0.8,0,0.0,0,28.8,5604.18,0.2,1120.83,6725.01,1120.83,0,0.0,0.0,5380.02,0,0.0,0.0,5380.02,14794.64,2026-05-01,1060,"Promotions,_Sep_30,_2026  FULL HISTORY For Aevah.xlsx",2026-09-30
2026-05-01T00:00:00Z,Rosauers / Huckleberry's,7b45f685-3baf-437a-d72f-08de5cdc8bfa,Rosauers / Huckleberry's May 2026 Puff Singles TPR,Complete - Unsettled (Open),UNFI,2026-05-01,2026-05-31,2026-05-01,2026-05-31,Retailer price reduction,TPR,Puff 1CT,0.0,2.49,0.0,0.0,247.68,1.72,193.19,1.34,0,0,0.0,0.0,0.0,0,0.5,0,0.0,0,504.0,1992.84,0.25,498.2,2491.04,17.32,0,0.0,0.0,1245.52,0,0.0,0.0,1245.52,0.0,,984,"Promotions,_Sep_30,_2026  FULL HISTORY For Aevah.xlsx",2026-09-30
2026-05-01T00:00:00Z,Rosauers / Huckleberry's,7b45f685-3baf-437a-d72f-08de5cdc8bfa,Rosauers / Huckleberry's May 2026 Puff Singles TPR,Complete - Unsettled (Open),Direct,2026-05-01,2026-05-31,2026-05-01,2026-05-31,Customer advertising,Ad,,0.0,0.0,0.0,0.0,0.0,0.0,0.0,0.0,0,0,0.0,0.0,0.0,0,0.0,0,0.0,0,0.0,0.0,0.0,0.0,0.0,0.0,0,0.0,0.0,0.0,0,0.0,150.0,150.0,0.0,,984,"Promotions,_Sep_30,_2026  FULL HISTORY For Aevah.xlsx",2026-09-30
2026-08-01T00:00:00Z,SPARTAN NASH,7b603473-fe54-44de-6392-08de5da29cfe,SPARTAN NASH August 2026 TPR,Complete - Unsettled (Open),Direct,2026-08-01,2026-08-08,2026-08-01,2026-08-08,Retailer price reduction,TPR,Puff 1CT,0.0,2.49,0.0,0.0,247.68,1.72,247.68,1.72,0,0,0.0,0.0,0.0,0,0.25,0,0.0,0,144.0,6377.12,0.2,1275.44,7652.56,53.16,0,0.0,0.0,1913.12,0,0.0,0.0,1913.12,0.0,,1208,"Promotions,_Sep_30,_2026  FULL HISTORY For Aevah.xlsx",2026-09-30
2025-07-01T00:00:00Z,PLAID PANTRY,7bbdfcc4-b988-45c5-ec02-08dd6bd158c7,PLAID PANTRY July 2025 TPR,Complete - Unsettled (Open),"CORE-MARK INTERNATIONAL, INC.",2025-07-01,2025-07-31,2025-06-17,2025-06-30,Retailer price reduction,TPR,Puff 1CT,0.0,0.0,0.0,0.0,247.68,1.72,247.27,1.72,0,0,0.0,0.0,0.0,0,0.3,0,0.0,0,172.8,4317.55,0.2,863.5,5181.05,35.97,0,0.0,0.0,1554.32,0,0.0,0.0,1554.32,0.0,,216,"Promotions,_Sep_30,_2026  FULL HISTORY For Aevah.xlsx",2026-09-30
2025-02-01T00:00:00Z,Hudson News,7bd09fdc-6ab7-465e-e4aa-08dd6bd158c7,HUDSON NEWS February 2025 TPR,Complete - Unsettled (Open),"CORE-MARK INTERNATIONAL, INC.",2025-02-01,2025-02-28,2025-01-18,2025-01-31,Retailer price reduction,TPR,Puff 1CT,0.0,0.0,0.0,0.0,247.68,1.72,247.27,1.72,0,0,0.0,0.0,0.0,0,0.0,0,0.0,0,0.0,14400.0,0.15,2160.0,16560.0,115.0,0,0.0,0.0,0.0,0,0.0,0.0,0.0,0.0,,184,"Promotions,_Sep_30,_2026  FULL HISTORY For Aevah.xlsx",2026-09-30
2026-03-01T00:00:00Z,Harbor Wholesale,7c730a3f-ca66-403a-7f43-08de5da29cfe,Harbor Wholesale March 2026 Puff Singles TPR,Complete - Unsettled (Open),"DOT FOODS, INC",2026-03-01,2026-03-30,2026-03-01,2026-03-30,Retailer price reduction,TPR,Puff 1CT,0.0,2.5,0.0,0.0,247.68,1.72,247.68,1.72,0,0,0.0,0.0,0.0,0,0.25,0,0.0,0,216.0,13714.28,0.3,4114.28,17828.56,123.82,0,0.0,0.0,4457.14,0,0.0,0.0,4457.14,0.0,,1259,"Promotions,_Sep_30,_2026  FULL HISTORY For Aevah.xlsx",2026-09-30
2026-03-01T00:00:00Z,Harbor Wholesale,7c730a3f-ca66-403a-7f43-08de5da29cfe,Harbor Wholesale March 2026 Puff Singles TPR,Complete - Unsettled (Open),Direct,2026-03-01,2026-03-30,2026-03-01,2026-03-30,Customer advertising,Ad,,0.0,0.0,0.0,0.0,0.0,0.0,0.0,0.0,0,0,0.0,0.0,0.0,0,0.0,0,0.0,0,0.0,0.0,0.0,0.0,0.0,0.0,0,0.0,0.0,0.0,0,0.0,5500.0,5500.0,0.0,,1259,"Promotions,_Sep_30,_2026  FULL HISTORY For Aevah.xlsx",2026-09-30
2026-05-01T00:00:00Z,HARMONS NEIGHBORHOOD GROCER,7c75057f-14e6-44da-d71a-08de5cdc8bfa,HARMONS NEIGHBORHOOD GROCER May 2026 Puff Singles TPR,Complete - Unsettled (Open),ON THE DOT DISTRIBUTION,2026-05-01,2026-05-31,2026-05-01,2026-05-31,Retailer price reduction,TPR,Puff 1CT,2.99,2.0,0.99,0.3311,247.68,1.72,247.68,1.72,0,0,0.0,0.0,0.0,0,0.25,0,0.0,0,468.0,32810.17,0.25,8202.51,41012.68,284.8,0,0.0,0.0,10253.19,0,0.0,0.0,10253.19,0.0,,963,"Promotions,_Sep_30,_2026  FULL HISTORY For Aevah.xlsx",2026-09-30
2026-05-01T00:00:00Z,HARMONS NEIGHBORHOOD GROCER,7c75057f-14e6-44da-d71a-08de5cdc8bfa,HARMONS NEIGHBORHOOD GROCER May 2026 Puff Singles TPR,Complete - Unsettled (Open),Direct,2026-05-01,2026-05-31,2026-05-01,2026-05-31,Customer advertising,Ad,,0.0,0.0,0.0,0.0,0.0,0.0,0.0,0.0,0,0,0.0,0.0,0.0,0,0.0,0,0.0,0,0.0,0.0,0.0,0.0,0.0,0.0,0,0.0,0.0,0.0,0,0.0,5000.0,5000.0,0.0,,963,"Promotions,_Sep_30,_2026  FULL HISTORY For Aevah.xlsx",2026-09-30
2026-08-01T00:00:00Z,Dierbergs,7ca05f67-9804-4948-7f38-08de5da29cfe,Dierbergs August 2026 Puff 4-Pack TPR,Complete - Unsettled (Open),Cohen Distributing,2026-08-01,2026-08-14,2026-08-01,2026-08-14,Retailer price reduction,TPR,Puff 4CT,0.0,8.99,0.0,0.0,39.84,6.64,39.84,6.64,0,0,0.0,0.0,0.0,0,0.8,0,0.0,0,24.0,432.0,0.4,172.8,604.8,100.8,0,0.0,0.0,483.84,0,0.0,0.0,483.84,0.0,,1248,"Promotions,_Sep_30,_2026  FULL HISTORY For Aevah.xlsx",2026-09-30
2026-08-01T00:00:00Z,Dierbergs,7ca05f67-9804-4948-7f38-08de5da29cfe,Dierbergs August 2026 Puff 4-Pack TPR,Complete - Unsettled (Open),Direct,2026-08-01,2026-08-14,2026-08-01,2026-08-14,Customer advertising,Ad,,0.0,0.0,0.0,0.0,0.0,0.0,0.0,0.0,0,0,0.0,0.0,0.0,0,0.0,0,0.0,0,0.0,0.0,0.0,0.0,0.0,0.0,0,0.0,0.0,0.0,0,0.0,395.0,395.0,0.0,,1248,"Promotions,_Sep_30,_2026  FULL HISTORY For Aevah.xlsx",2026-09-30
2026-04-29T00:00:00Z,Albertsons Haggen,7ce6fe0c-eb3b-4d95-4151-08de5e781b74,May 2026 2/$5 TPR,Complete - Unsettled (Open),UNFI,2026-04-29,2026-05-26,2026-04-29,2026-05-26,Retailer price reduction,TPR,Puff 1CT,0.0,2.5,0.0,0.0,247.68,1.72,262.15,1.82,0,0,0.0,0.0,0.0,0,0.5,0,0.0,0,288.0,1554.0,0.25,388.5,1942.5,13.48,0,0.0,0.0,971.25,0,0.0,0.0,971.25,0.0,2026-04-29,1332,"Promotions,_Sep_30,_2026  FULL HISTORY For Aevah.xlsx",2026-09-30
2026-04-29T00:00:00Z,Albertsons Haggen,7ce6fe0c-eb3b-4d95-4151-08de5e781b74,May 2026 2/$5 TPR,Complete - Unsettled (Open),Direct,2026-04-29,2026-05-26,2026-04-29,2026-05-26,Customer advertising,Ad,,0.0,0.0,0.0,0.0,0.0,0.0,0.0,0.0,0,0,0.0,0.0,0.0,0,0.0,0,0.0,0,0.0,0.0,0.0,0.0,0.0,0.0,0,0.0,0.0,0.0,0,0.0,300.0,300.0,300.0,2026-04-29,1332,"Promotions,_Sep_30,_2026  FULL HISTORY For Aevah.xlsx",2026-09-30
2025-05-01T00:00:00Z,SPARTAN NASH,7d38a649-e42e-4b51-d633-08dd6bd158c8,SPARTAN NASH May 2025 TPR,Complete - Unsettled (Open),Direct,2025-05-01,2025-05-30,2025-04-17,2025-04-30,Retailer price reduction,TPR,Puff 1CT,0.0,0.0,0.0,0.0,247.68,1.72,247.68,1.72,0,0,0.0,0.0,0.0,0,0.25,0,0.0,0,144.0,10304.43,0.2,2060.89,12365.32,85.88,0,0.0,0.0,3091.32,0,0.0,0.0,3091.32,0.0,,253,"Promotions,_Sep_30,_2026  FULL HISTORY For Aevah.xlsx",2026-09-30
2026-10-01T00:00:00Z,Albertsons Seattle,7db00ce9-9465-45ec-b72f-08de8bfc2efc,October 2026 $9.99 TPR,Planned,Direct,2026-10-01,2026-10-28,2026-10-01,2026-10-28,Retailer price reduction,TPR,Puff 4CT,10.99,9.99,1.0,0.091,39.84,6.64,39.84,6.64,0,0,0.0,0.0,0.0,0,1.0,0,0.0,0,24.0,6168.0,0.5,3084.0,9252.0,1542.0,0,0.0,0.0,9252.0,0,0.0,0.0,9252.0,0.0,,1485,"Promotions,_Sep_30,_2026  FULL HISTORY For Aevah.xlsx",2026-09-30
2026-10-01T00:00:00Z,GELSONS,7df5db79-7b1b-4137-d714-08de5cdc8bfa,GELSONS October 2026 Puff Singles TPR,Planned,UNFI,2026-10-01,2026-10-31,2026-10-01,2026-10-31,Retailer price reduction,TPR,Puff 1CT,2.492857142857143,2.99,0.35714285714285715,0.10235714285714285,247.68,1.72,260.06571428571425,1.8042857142857145,0,0,0.0,0.0,0.0,0,0.25,0,0.0,0,252.0,7735.21,0.75,5801.4,13536.61,94.0,0,0.0,0.0,3384.15,0,0.0,0.0,3384.15,0.0,,957,"Promotions,_Sep_30,_2026  FULL HISTORY For Aevah.xlsx",2026-09-30
2026-10-01T00:00:00Z,GELSONS,7df5db79-7b1b-4137-d714-08de5cdc8bfa,GELSONS October 2026 Puff Singles TPR,Planned,Direct,2026-10-01,2026-10-31,2026-10-01,2026-10-31,Customer advertising,Ad,,0.0,0.0,0.0,0.0,0.0,0.0,0.0,0.0,0,0,0.0,0.0,0.0,0,0.0,0,0.0,0,0.0,0.0,0.0,0.0,0.0,0.0,0,0.0,0.0,0.0,0,0.0,450.0,450.0,0.0,,957,"Promotions,_Sep_30,_2026  FULL HISTORY For Aevah.xlsx",2026-09-30
2025-05-01T00:00:00Z,CROSS AMERICA PARTNERS,7e0a5bc2-4fd7-42e5-e55d-08dd6bd158c7,CROSS AMERICA PARTNERS May 2025 TPR,Complete - Unsettled (Open),"CORE-MARK INTERNATIONAL, INC.",2025-05-01,2025-05-31,2025-04-17,2025-04-30,Retailer price reduction,TPR,Puff 1CT,0.0,0.0,0.0,0.0,247.68,1.72,247.27,1.72,0,0,0.0,0.0,0.0,0,0.25,0,0.0,0,108.0,6642.85,0.15,996.43,7639.28,53.06,0,0.0,0.0,1909.81,0,0.0,0.0,1909.81,0.0,,195,"Promotions,_Sep_30,_2026  FULL HISTORY For Aevah.xlsx",2026-09-30
2025-08-01T00:00:00Z,SAVE MART,7e944fb3-79f8-43c9-e079-08dd6bd158c8,SAVE MART August 2025 TPR,Complete - Unsettled (Open),KEHE DISTRIBUTORS,2025-08-01,2025-08-30,2025-07-18,2025-07-31,Retailer price reduction,TPR,Puff 1CT,2.99,0.0,2.99,1.0,247.68,1.72,267.69,1.86,0,0,0.0,0.0,0.0,0,0.3,0,0.0,0,216.0,13128.75,0.2,2625.75,15754.5,109.4,0,0.0,0.0,4726.35,0,0.0,0.0,4726.35,2927.77,2025-08-24,279,"Promotions,_Sep_30,_2026  FULL HISTORY For Aevah.xlsx",2026-09-30
2026-01-01T00:00:00Z,HARMONS NEIGHBORHOOD GROCER,7f2fe05f-dc2b-41cb-d719-08de5cdc8bfa,HARMONS NEIGHBORHOOD GROCER January 2026 Puff Singles TPR,Complete - Unsettled (Open),ON THE DOT DISTRIBUTION,2026-01-01,2026-01-31,2026-01-01,2026-01-31,Retailer price reduction,TPR,Puff 1CT,2.99,2.0,0.99,0.3311,247.68,1.72,247.68,1.72,0,0,0.0,0.0,0.0,0,0.25,0,0.0,0,468.0,22516.36,0.5,11258.18,33774.54,234.55,0,0.0,0.0,8443.64,0,0.0,0.0,8443.64,0.0,,962,"Promotions,_Sep_30,_2026  FULL HISTORY For Aevah.xlsx",2026-09-30
2026-01-01T00:00:00Z,HARMONS NEIGHBORHOOD GROCER,7f2fe05f-dc2b-41cb-d719-08de5cdc8bfa,HARMONS NEIGHBORHOOD GROCER January 2026 Puff Singles TPR,Complete - Unsettled (Open),Direct,2026-01-01,2026-01-31,2026-01-01,2026-01-31,Customer advertising,Ad,,0.0,0.0,0.0,0.0,0.0,0.0,0.0,0.0,0,0,0.0,0.0,0.0,0,0.0,0,0.0,0,0.0,0.0,0.0,0.0,0.0,0.0,0,0.0,0.0,0.0,0,0.0,5000.0,5000.0,0.0,,962,"Promotions,_Sep_30,_2026  FULL HISTORY For Aevah.xlsx",2026-09-30
2025-03-01T00:00:00Z,HARRIS TEETER,7fb20e9f-3f66-4ac7-ec8f-08dd6bd158c9,HARRIS TEETER March 2025 TPR,Complete - Unsettled (Open),KEHE DISTRIBUTORS,2025-03-01,2025-03-28,2025-02-15,2025-02-28,Retailer price reduction,TPR,Puff 1CT,0.0,0.0,0.0,0.0,247.68,1.72,246.45,1.71,0,0,0.0,0.0,0.0,0,0.3,0,0.0,0,129.6,8800.0,0.2,1760.0,10560.0,73.33,0,0.0,0.0,3168.0,0,0.0,0.0,3168.0,0.0,,327,"Promotions,_Sep_30,_2026  FULL HISTORY For Aevah.xlsx",2026-09-30
2025-03-01T00:00:00Z,CVS,7fc9df59-30c8-4ae7-28de-08dd721102ed,CVS March 2025 Puff TPR,Complete - Unsettled (Open),"DOT FOODS, INC",2025-03-01,2025-03-15,2025-02-15,2025-02-28,Retailer price reduction,TPR,Puff 1CT,0.0,0.0,0.0,0.0,247.68,1.72,247.68,1.72,0,0,0.0,0.0,0.0,0,0.25,0,0.0,0,72.0,34714.28,0.2,6942.86,41657.14,289.29,0,0.0,0.0,10414.28,0,0.0,0.0,10414.28,2487.3,2025-03-12,637,"Promotions,_Sep_30,_2026  FULL HISTORY For Aevah.xlsx",2026-09-30
2026-11-01T00:00:00Z,SCHNUCKS,7ff9566f-07e8-41fb-7f78-08de5da29cfe,SCHNUCKS November 2026 Puff Singles TPR,Planned,"DOT FOODS, INC",2026-11-01,2026-11-14,2026-11-01,2026-11-14,Retailer price reduction,TPR,Puff 1CT,0.9966666666666666,2.5,0.16333333333333333,0.05463333333333334,247.68,1.72,247.68,1.72,0,0,0.0,0.0,0.0,0,0.1,0,0.0,0,172.8,6031.59,0.35,2111.05,8142.64,56.55,0,0.0,0.0,814.26,0,0.0,0.0,814.26,0.0,,1312,"Promotions,_Sep_30,_2026  FULL HISTORY For Aevah.xlsx",2026-09-30
2026-09-01T00:00:00Z,Albertsons Portland,80b1ea7a-efb9-4174-a15e-08de89a46b1d,September 2026 $1 Digital 4ct,Complete - Unsettled (Open),Direct,2026-09-01,2026-09-28,2026-09-01,2026-09-28,Coupon,Digital Coupon,,0.0,0.0,0.0,0.0,0.0,0.0,0.0,0.0,0,0,0.0,0.0,0.0,0,0.0,0,0.0,0,0.0,0.0,0.0,0.0,0.0,0.0,0,0.0,0.0,0.0,0,0.0,214.87,214.87,0.0,,1471,"Promotions,_Sep_30,_2026  FULL HISTORY For Aevah.xlsx",2026-09-30
2025-04-01T00:00:00Z,CERTCO INC.,80de3341-7cd7-443a-cabc-08dd6bd158c5,CERTCO INC. April 2025 TPR,Complete - Unsettled (Open),Direct,2025-04-01,2025-04-28,2025-03-18,2025-03-31,Retailer price reduction,TPR,Puff 4CT,0.0,0.0,0.0,0.0,39.84,6.64,39.84,6.64,0,0,0.0,0.0,0.0,0,0.0,0,0.0,0,0.0,1223.47,0.5,611.73,1835.2,305.86,0,0.0,0.0,0.0,0,0.0,0.0,0.0,0.0,2025-05-07,66,"Promotions,_Sep_30,_2026  FULL HISTORY For Aevah.xlsx",2026-09-30
2025-04-01T00:00:00Z,CERTCO INC.,80de3341-7cd7-443a-cabc-08dd6bd158c5,CERTCO INC. April 2025 TPR,Complete - Unsettled (Open),Direct,2025-04-01,2025-04-28,2025-03-18,2025-03-31,Retailer price reduction,TPR,Puff 1CT,0.0,0.0,0.0,0.0,247.68,1.72,247.68,1.72,0,0,0.0,0.0,0.0,0,0.25,0,0.0,0,252.0,3101.52,0.2,620.31,3721.83,25.86,0,0.0,0.0,930.45,0,0.0,0.0,930.45,7964.5,2025-05-07,66,"Promotions,_Sep_30,_2026  FULL HISTORY For Aevah.xlsx",2026-09-30
2025-04-01T00:00:00Z,CERTCO INC.,80de3341-7cd7-443a-cabc-08dd6bd158c5,CERTCO INC. April 2025 TPR,Complete - Unsettled (Open),Direct,2025-04-01,2025-04-28,2025-03-18,2025-03-31,Retailer price reduction,TPR,Bar 1CT,0.0,0.0,0.0,0.0,247.68,1.72,247.68,1.72,0,0,0.0,0.0,0.0,0,0.25,0,0.0,0,36.0,360.64,0.2,72.13,432.77,3.01,0,0.0,0.0,108.19,0,0.0,0.0,108.19,0.0,2025-05-07,66,"Promotions,_Sep_30,_2026  FULL HISTORY For Aevah.xlsx",2026-09-30
2025-07-01T00:00:00Z,FESTIVAL FOODS,812147c8-e88f-4280-d53a-08dd6bd158c7,FESTIVAL FOODS July 2025 TPR,Complete - Unsettled (Open),UNFI,2025-07-01,2025-07-30,2025-06-17,2025-06-30,Retailer price reduction,TPR,Puff 4CT,0.0,0.0,0.0,0.0,39.84,6.64,39.04,6.51,0,0,0.0,0.0,0.0,0,0.5,0,0.0,0,6.0,919.24,0.2,183.84,1103.08,183.84,0,0.0,0.0,551.54,0,0.0,0.0,551.54,0.0,,152,"Promotions,_Sep_30,_2026  FULL HISTORY For Aevah.xlsx",2026-09-30
2025-07-01T00:00:00Z,FESTIVAL FOODS,812147c8-e88f-4280-d53a-08dd6bd158c7,FESTIVAL FOODS July 2025 TPR,Complete - Unsettled (Open),UNFI,2025-07-01,2025-07-30,2025-06-17,2025-06-30,Retailer price reduction,TPR,Bar 4CT,0.0,0.0,0.0,0.0,39.84,6.64,39.04,6.51,0,0,0.0,0.0,0.0,0,0.5,0,0.0,0,6.0,459.62,0.2,91.92,551.54,91.92,0,0.0,0.0,275.76,0,0.0,0.0,275.76,0.0,,152,"Promotions,_Sep_30,_2026  FULL HISTORY For Aevah.xlsx",2026-09-30
2025-07-01T00:00:00Z,FESTIVAL FOODS,812147c8-e88f-4280-d53a-08dd6bd158c7,FESTIVAL FOODS July 2025 TPR,Complete - Unsettled (Open),UNFI,2025-07-01,2025-07-30,2025-06-17,2025-06-30,Retailer price reduction,TPR,Puff 1CT,0.0,0.0,0.0,0.0,247.68,1.72,247.27,1.72,0,0,0.0,0.0,0.0,0,0.31,0,0.0,0,223.2,3673.16,0.35,1285.61,4958.77,34.42,0,0.0,0.0,1537.23,0,0.0,0.0,1537.23,0.0,,152,"Promotions,_Sep_30,_2026  FULL HISTORY For Aevah.xlsx",2026-09-30
2025-07-01T00:00:00Z,FESTIVAL FOODS,812147c8-e88f-4280-d53a-08dd6bd158c7,FESTIVAL FOODS July 2025 TPR,Complete - Unsettled (Open),UNFI,2025-07-01,2025-07-30,2025-06-17,2025-06-30,Retailer price reduction,TPR,Bar 1CT,0.0,0.0,0.0,0.0,247.68,1.72,247.27,1.72,0,0,0.0,0.0,0.0,0,0.31,0,0.0,0,223.2,2533.2,0.35,886.6,3419.8,23.75,0,0.0,0.0,1060.15,0,0.0,0.0,1060.15,0.0,,152,"Promotions,_Sep_30,_2026  FULL HISTORY For Aevah.xlsx",2026-09-30
2026-07-23T00:00:00Z,PUBLIX,817b9b9d-7c00-4096-c5d8-08ded76b20c5,July 2026 4ct Shippers,Complete - Unsettled (Open),Direct,2026-07-23,2026-07-29,2026-07-23,2026-07-29,Retailer price reduction,TPR,Puff Shipper,7.326666666666667,5.993333333333333,1.3333333333333335,0.12133333333333333,199.2,6.64,0.0,0.0,0,0,0.0,0.0,0.0,0,0.0,0,0.0,0,0.0,4861.8,1.0,7292.7,12154.5,0.0,0,0.0,0.0,0.0,0,0.0,0.0,0.0,0.0,,1572,"Promotions,_Sep_30,_2026  FULL HISTORY For Aevah.xlsx",2026-09-30
2026-01-28T00:00:00Z,Albertsons Denver,82257130-368e-4876-08af-08de84ec3490,February 2026 $9.99 TPR,Complete - Unsettled (Open),Direct,2026-01-28,2026-03-03,2026-01-28,2026-03-03,Retailer price reduction,TPR,Puff 4CT,10.99,9.99,1.0,0.091,39.84,6.64,39.84,6.64,0,0,0.0,0.0,0.0,0,1.0,0,0.0,0,24.0,3329.85,0.25,832.46,4162.31,693.72,0,0.0,0.0,4162.31,0,0.0,0.0,4162.31,691.0,2026-03-04,1422,"Promotions,_Sep_30,_2026  FULL HISTORY For Aevah.xlsx",2026-09-30
2026-03-04T00:00:00Z,Albertsons Mid-Atlantic,825813c2-be7c-4f92-a07f-08de89a46b1d,March 2026 $9.99 National Event TPR,Complete - Unsettled (Open),Direct,2026-03-04,2026-03-31,2026-03-04,2026-03-31,Retailer price reduction,TPR,Puff 4CT,10.99,9.99,1.0,0.091,39.84,6.64,39.84,6.64,0,0,0.0,0.0,0.0,0,1.0,0,0.0,0,24.0,7610.4,0.4,3044.16,10654.56,1775.76,0,0.0,0.0,10654.56,0,0.0,0.0,10654.56,0.0,,1453,"Promotions,_Sep_30,_2026  FULL HISTORY For Aevah.xlsx",2026-09-30
2026-10-01T00:00:00Z,SCHNUCKS,82987016-c4bb-41a6-7f7c-08de5da29cfe,SCHNUCKS October 2026 Puff 4-Pack TPR,Planned,"DOT FOODS, INC",2026-10-01,2026-10-14,2026-10-01,2026-10-14,Retailer price reduction,TPR,Puff 4CT,0.0,8.99,0.0,0.0,39.84,6.64,39.84,6.64,0,0,0.0,0.0,0.0,0,0.4,0,0.0,0,12.0,1720.92,0.35,602.33,2323.25,387.2,0,0.0,0.0,929.3,0,0.0,0.0,929.3,0.0,,1316,"Promotions,_Sep_30,_2026  FULL HISTORY For Aevah.xlsx",2026-09-30
2025-01-01T00:00:00Z,HARRIS TEETER,82a1574d-7485-4394-ec3a-08dd6bd158c9,HARRIS TEETER January 2025 TPR,Complete - Unsettled (Open),KEHE DISTRIBUTORS,2025-01-01,2025-01-14,2024-12-18,2024-12-31,Retailer price reduction,TPR,Puff 1CT,0.0,0.0,0.0,0.0,20.64,0.14,17.54,0.12,0,0,0.0,0.0,0.0,0,0.45,0,0.0,0,194.4,2828.57,0.4,1131.43,3960.0,27.5,0,0.0,0.0,1782.0,0,0.0,0.0,1782.0,0.0,,326,"Promotions,_Sep_30,_2026  FULL HISTORY For Aevah.xlsx",2026-09-30
2026-06-01T00:00:00Z,CERTCO INC.,8376c4ab-c604-482f-7f2c-08de5da29cfe,CERTCO INC. June 2026 Puff 4-Pack TPR,Complete - Unsettled (Open),Direct,2026-06-01,2026-06-30,2026-06-01,2026-06-30,Retailer price reduction,TPR,Puff 4CT,0.0,7.99,0.0,0.0,39.84,6.64,39.84,6.64,0,0,0.0,0.0,0.0,0,0.8,0,0.0,0,28.8,8196.42,0.3,2458.92,10655.34,1775.89,0,0.0,0.0,8524.28,0,0.0,0.0,8524.28,3464.2,2026-06-30,1236,"Promotions,_Sep_30,_2026  FULL HISTORY For Aevah.xlsx",2026-09-30
2026-04-01T00:00:00Z,TOWN PUMP,838344a6-95fe-4288-7f84-08de5da29cfe,TOWN PUMP April 2026 Puff Singles TPR,Complete - Unsettled (Open),MCLANE GROCER,2026-04-01,2026-04-28,2026-04-01,2026-04-28,Retailer price reduction,TPR,Puff 1CT,0.0,2.99,0.0,0.0,247.68,1.72,242.11,1.68,0,0,0.0,0.0,0.0,0,0.2,0,0.0,0,57.6,3192.64,0.2,638.52,3831.16,26.6,0,0.0,0.0,766.24,0,0.0,0.0,766.24,0.0,,1324,"Promotions,_Sep_30,_2026  FULL HISTORY For Aevah.xlsx",2026-09-30
2025-10-01T00:00:00Z,"ASSOCIATED FOOD STORES, INC.",844cd14c-e9d7-475b-d976-08dd6bd158ca,"ASSOCIATED FOOD STORES, INC. October 2025 TPR",Complete - Unsettled (Open),Direct,2025-10-01,2025-10-30,2025-09-17,2025-09-30,Retailer price reduction,TPR,Bar 1CT,0.0,0.0,0.0,0.0,247.68,1.72,247.68,0.0,0,0,0.0,0.0,0.0,0,0.3,0,0.0,0,0.0,0.0,0.3,0.0,0.0,0.0,0,0.0,0.0,0.0,0,0.0,0.0,0.0,3002.16,2025-11-02,358,"Promotions,_Sep_30,_2026  FULL HISTORY For Aevah.xlsx",2026-09-30
2025-10-01T00:00:00Z,"ASSOCIATED FOOD STORES, INC.",844cd14c-e9d7-475b-d976-08dd6bd158ca,"ASSOCIATED FOOD STORES, INC. October 2025 TPR",Complete - Unsettled (Open),Direct,2025-10-01,2025-10-30,2025-09-17,2025-09-30,Retailer price reduction,TPR,Puff 1CT,2.99,0.0,2.99,1.0,247.68,1.72,247.68,1.72,0,0,0.0,0.0,0.0,0,0.3,0,0.0,0,302.4,32581.5,0.3,9774.45,42355.95,294.13,0,0.0,0.0,12706.8,0,0.0,0.0,12706.8,22536.96,2025-11-02,358,"Promotions,_Sep_30,_2026  FULL HISTORY For Aevah.xlsx",2026-09-30
2025-10-01T00:00:00Z,"ASSOCIATED FOOD STORES, INC.",844cd14c-e9d7-475b-d976-08dd6bd158ca,"ASSOCIATED FOOD STORES, INC. October 2025 TPR",Complete - Unsettled (Open),Direct,2025-10-01,2025-10-30,2025-09-17,2025-09-30,Retailer price reduction,TPR,Puff 4CT,10.99,0.0,10.99,1.0,39.84,6.64,39.84,6.64,0,0,0.0,0.0,0.0,0,0.0,0,0.0,0,0.0,4199.14,0.5,2099.57,6298.71,1049.78,0,0.0,0.0,0.0,0,0.0,0.0,0.0,0.0,2025-11-02,358,"Promotions,_Sep_30,_2026  FULL HISTORY For Aevah.xlsx",2026-09-30
2026-08-01T00:00:00Z,Food 4 Less,84521d15-c98e-4342-6705-08de5e781b74,Food 4 Less August  2026 TPR,Complete - Unsettled (Open),UNFI,2026-08-01,2026-08-31,2026-08-01,2026-08-31,Retailer price reduction,TPR,Puff 1CT,0.4983333333333333,1.99,0.16666666666666669,0.055733333333333336,247.68,1.72,193.19,1.34,0,0,0.0,0.0,0.0,0,0.33,0,0.0,0,285.12,4145.13,0.35,1450.8,5595.93,38.87,0,0.0,0.0,1846.65,0,0.0,0.0,1846.65,0.0,,1352,"Promotions,_Sep_30,_2026  FULL HISTORY For Aevah.xlsx",2026-09-30
2025-04-01T00:00:00Z,RALPHS,84578cbc-4614-4498-d091-08dd6bd158ca,RALPHS April 2025 TPR,Complete - Unsettled (Open),KEHE DISTRIBUTORS,2025-04-01,2025-04-30,2025-03-18,2025-03-31,Retailer price reduction,TPR,Puff 1CT,2.61625,0.0,2.61625,0.875,216.72,1.505,263.705,1.61875,0,0,0.0,0.0,0.0,0,0.3,0,0.0,0,302.4,9497.25,0.6,5698.35,15195.6,105.53,0,0.0,0.0,4558.67,0,0.0,0.0,4558.67,0.0,,349,"Promotions,_Sep_30,_2026  FULL HISTORY For Aevah.xlsx",2026-09-30
2026-08-01T00:00:00Z,Albertsons Southwest,846764a3-b9f0-49e2-863d-08de8bfc2efd,August 2026 $8.99 TPR,Complete - Unsettled (Open),Direct,2026-08-01,2026-08-28,2026-08-01,2026-08-28,Retailer price reduction,TPR,Puff 4CT,10.99,8.99,2.0,0.182,39.84,6.64,39.84,6.64,0,0,0.0,0.0,0.0,0,2.0,0,0.0,0,48.0,8217.6,0.6,4930.56,13148.16,2191.36,0,0.0,0.0,26296.32,0,0.0,0.0,26296.32,22536.0,2026-08-27,1515,"Promotions,_Sep_30,_2026  FULL HISTORY For Aevah.xlsx",2026-09-30
2026-05-01T00:00:00Z,Raleys,84d53c20-841e-424d-d72a-08de5cdc8bfa,Raleys May 2026 Puff Singles TPR,Complete - Unsettled (Open),UNFI,2026-05-01,2026-05-31,2026-05-01,2026-05-31,Retailer price reduction,TPR,Puff 1CT,0.0,2.5,0.0,0.0,247.68,1.72,193.19,1.34,0,0,0.0,0.0,0.0,0,0.36,0,0.0,0,311.04,12324.68,0.25,3081.17,15405.85,106.98,0,0.0,0.0,5546.11,0,0.0,0.0,5546.11,365.48,2026-06-25,979,"Promotions,_Sep_30,_2026  FULL HISTORY For Aevah.xlsx",2026-09-30
2026-04-01T00:00:00Z,KROGER,84d7cd0b-351e-4c7f-404c-08de5da29cfe,KROGER April 2026 Puff 4-Pack TPR,Complete - Unsettled (Open),Direct,2026-04-01,2026-04-30,2026-04-01,2026-04-30,Retailer price reduction,TPR,Puff 4CT,4.396,9.99,0.4,0.0364,39.84,6.64,39.84,6.64,0,0,0.0,0.0,0.0,0,0.8,0,0.0,0,24.0,17621.81,0.2,3524.36,21146.17,3524.36,0,0.0,0.0,16916.93,0,0.0,0.0,16916.93,2199.95,2026-07-28,1081,"Promotions,_Sep_30,_2026  FULL HISTORY For Aevah.xlsx",2026-09-30
2025-09-06T00:00:00Z,MEIJER,84ede2d0-ec28-4f65-ee37-08dd6bd158cb,MEIJER September 2025 TPR,Complete - Unsettled (Open),Direct,2025-09-06,2025-09-20,2025-08-23,2025-09-05,Retailer price reduction,TPR,Puff 4CT,0.0,0.0,0.0,0.0,39.84,6.64,39.04,6.51,0,0,0.0,0.0,0.0,0,1.0,0,0.0,0,18.0,8616.31,0.1,861.62,9477.93,1579.66,0,0.0,0.0,9477.93,0,0.0,0.0,9477.93,4841.25,2025-12-16,469,"Promotions,_Sep_30,_2026  FULL HISTORY For Aevah.xlsx",2026-09-30
2026-03-01T00:00:00Z,WINCO,850aca67-4a77-4e1e-d754-08de5cdc8bfa,WINCO March 2026 Puff Singles TPR,Complete - Unsettled (Open),Direct,2026-03-01,2026-03-31,2026-03-01,2026-03-31,Retailer price reduction,TPR,Puff 1CT,2.99,1.98,1.01,0.3378,247.68,1.72,247.57,1.72,0,0,0.0,0.0,0.0,0,0.11,0,0.0,0,79.2,135072.43,1.5,202608.65,337681.08,2345.01,0,0.0,0.0,37144.93,0,0.0,0.0,37144.93,0.0,,1021,"Promotions,_Sep_30,_2026  FULL HISTORY For Aevah.xlsx",2026-09-30
2026-01-01T00:00:00Z,Albertsons United,85221b95-205f-4717-f521-08de785b89de,2026 Checkstand Program - $250,Draft,Direct,2026-01-01,2026-12-31,2026-01-01,2026-12-31,Display,PDQ,,0.0,0.0,0.0,0.0,0.0,0.0,0.0,0.0,0,0,0.0,0.0,0.0,0,0.0,0,0.0,0,0.0,0.0,0.0,0.0,0.0,0.0,0,0.0,0.0,0.0,0,0.0,250.0,250.0,0.0,,1412,"Promotions,_Sep_30,_2026  FULL HISTORY For Aevah.xlsx",2026-09-30
2025-04-01T00:00:00Z,VITAMIN SHOPPE,852f32ff-6bb0-4ab8-d1e1-08dd6bd158c5,VITAMIN SHOPPE April 2025 TPR,Complete - Unsettled (Open),Direct,2025-04-01,2025-04-03,2025-03-18,2025-03-31,Retailer price reduction,TPR,Puff 1CT,2.632,0.0,2.632,0.8,198.144,1.376,247.352,1.376,0,0,0.0,0.0,0.0,0,0.57,0,0.0,0,328.32,11062.97,0.3,3318.89,14381.86,99.89,0,0.0,0.0,8197.66,0,0.0,0.0,8197.66,0.0,,75,"Promotions,_Sep_30,_2026  FULL HISTORY For Aevah.xlsx",2026-09-30
2026-07-01T00:00:00Z,Albertsons Denver,85a80c60-7408-431a-0949-08de84ec3490,July 2026 $9.99 TPR,Complete - Unsettled (Open),Direct,2026-07-01,2026-07-28,2026-07-01,2026-07-28,Retailer price reduction,TPR,Puff 4CT,10.99,10.99,0.0,0.0,39.84,6.64,39.84,6.64,0,0,0.0,0.0,0.0,0,1.0,0,0.0,0,24.0,2459.2,0.4,983.68,3442.88,573.82,0,0.0,0.0,3442.88,0,0.0,0.0,3442.88,3724.0,2026-07-30,1436,"Promotions,_Sep_30,_2026  FULL HISTORY For Aevah.xlsx",2026-09-30
2026-08-16T00:00:00Z,KWIK TRIP,863cc44e-24ad-46f1-7f61-08de5da29cfe,KWIK TRIP August 2026 Puff Singles TPR,Complete - Unsettled (Open),Direct,2026-08-16,2026-08-31,2026-08-16,2026-08-31,Retailer price reduction,TPR,Puff 1CT,3.215,1.75,1.465,0.45475,247.68,1.72,242.73,1.2675,0,0,0.0,0.0,0.0,0,0.7,0,0.0,0,302.4,41991.64,0.8,33593.31,75584.95,524.9,0,0.0,0.0,52909.47,0,0.0,0.0,52909.47,0.0,,1289,"Promotions,_Sep_30,_2026  FULL HISTORY For Aevah.xlsx",2026-09-30
2026-08-01T00:00:00Z,Albertsons Denver,86b24e72-f086-4d88-0d04-08de84ec3490,August 2026 $8.99 TPR,Complete - Unsettled (Open),Direct,2026-08-01,2026-08-28,2026-08-01,2026-08-28,Retailer price reduction,TPR,Puff 4CT,10.99,8.99,2.0,0.182,39.84,6.64,39.84,6.64,0,0,0.0,0.0,0.0,0,2.0,0,0.0,0,48.0,2459.2,0.5,1229.6,3688.8,614.8,0,0.0,0.0,7377.6,0,0.0,0.0,7377.6,6930.0,2026-08-27,1437,"Promotions,_Sep_30,_2026  FULL HISTORY For Aevah.xlsx",2026-09-30
2025-08-01T00:00:00Z,Hudson News,8714a057-d8a3-4446-e4ac-08dd6bd158c7,HUDSON NEWS August 2025 TPR,Complete - Unsettled (Open),"CORE-MARK INTERNATIONAL, INC.",2025-08-01,2025-08-31,2025-07-18,2025-07-31,Retailer price reduction,TPR,Puff 1CT,0.0,0.0,0.0,0.0,247.68,1.72,247.27,1.72,0,0,0.0,0.0,0.0,0,0.0,0,0.0,0,0.0,38960.34,0.15,5844.05,44804.39,311.14,0,0.0,0.0,0.0,0,0.0,0.0,0.0,0.0,,186,"Promotions,_Sep_30,_2026  FULL HISTORY For Aevah.xlsx",2026-09-30
2026-03-04T00:00:00Z,Albertsons Jewel Osco,871fcc36-fab8-476f-4997-08de6afe834a,March 2026 $9.99 TPR National Event + Digital,Complete - Unsettled (Open),Direct,2026-03-04,2026-03-31,2026-03-04,2026-03-31,Retailer price reduction,TPR,Puff 4CT,0.0,9.99,0.0,0.0,39.84,6.64,39.84,6.64,0,0,0.0,0.0,0.0,0,1.0,0,0.0,0,24.0,5140.8,1.0,5140.8,10281.6,1713.6,0,0.0,0.0,10281.6,0,0.0,0.0,10281.6,0.0,,1394,"Promotions,_Sep_30,_2026  FULL HISTORY For Aevah.xlsx",2026-09-30
2026-03-04T00:00:00Z,Albertsons Jewel Osco,871fcc36-fab8-476f-4997-08de6afe834a,March 2026 $9.99 TPR National Event + Digital,Complete - Unsettled (Open),Direct,2026-03-04,2026-03-31,2026-03-04,2026-03-31,Retailer price reduction,TPR,Puff Shipper,0.0,0.0,0.0,0.0,199.2,6.64,199.2,0.0,0,0,19.2,0.64,0.0,0,0.67,0,0.0,0,57.6,0.0,1.0,0.0,0.0,0.0,0,0.0,0.0,0.0,0,0.0,0.0,0.0,0.0,,1394,"Promotions,_Sep_30,_2026  FULL HISTORY For Aevah.xlsx",2026-09-30
2026-03-04T00:00:00Z,Albertsons Jewel Osco,871fcc36-fab8-476f-4997-08de6afe834a,March 2026 $9.99 TPR National Event + Digital,Complete - Unsettled (Open),Direct,2026-03-04,2026-03-31,2026-03-04,2026-03-31,Coupon,Digital Coupon,,0.0,0.0,0.0,0.0,0.0,0.0,0.0,0.0,0,0,0.0,0.0,0.0,0,0.0,0,0.0,0,0.0,0.0,0.0,0.0,0.0,0.0,0,0.0,0.0,0.0,0,0.0,514.08,514.08,0.0,,1394,"Promotions,_Sep_30,_2026  FULL HISTORY For Aevah.xlsx",2026-09-30
2025-01-01T00:00:00Z,PILOT FLYING J,8789d16e-6336-4775-ef80-08dd6bd158ca,PILOT FLYING J January 2025 TPR,Complete - Unsettled (Open),MCLANE GROCER,2025-01-01,2025-01-30,2024-12-18,2024-12-31,Retailer price reduction,TPR,Puff 1CT,0.0,0.0,0.0,0.0,20.64,0.14,247.68,1.72,0,0,0.0,0.0,0.0,0,0.43,0,0.0,0,185.76,10714.32,0.15,1607.16,12321.48,85.56,0,0.0,0.0,5298.24,0,0.0,0.0,5298.24,0.0,,400,"Promotions,_Sep_30,_2026  FULL HISTORY For Aevah.xlsx",2026-09-30
2025-06-01T00:00:00Z,STOP & SHOP,87cd14f8-832a-47f8-e0b6-08dd6bd158c6,STOP & SHOP June 2025 TPR,Complete - Unsettled (Open),UNFI,2025-06-01,2025-06-28,2025-05-18,2025-05-31,Retailer price reduction,TPR,Puff 1CT,0.0,0.0,0.0,0.0,247.68,1.72,244.17,1.7,0,0,0.0,0.0,0.0,0,0.5,0,0.0,0,216.0,80550.0,3.0,241650.0,322200.0,2237.5,0,0.0,0.0,161100.0,0,0.0,0.0,161100.0,3036.0,2025-08-12,132,"Promotions,_Sep_30,_2026  FULL HISTORY For Aevah.xlsx",2026-09-30
2026-02-01T00:00:00Z,SMITHS,882003a0-9ac5-4651-4062-08de5da29cfe,SMITHS February 2026 Puff Singles TPR,Complete - Unsettled (Open),UNFI,2026-02-01,2026-02-28,2026-02-01,2026-02-28,Retailer price reduction,TPR,Puff 1CT,2.99,2.5,0.49,0.1639,247.68,1.72,245.96666666666664,1.7116666666666667,0,0,0.0,0.0,0.0,0,0.3,0,0.0,0,259.2,19853.07,0.3,5955.93,25809.0,179.23,0,0.0,0.0,7742.7,0,0.0,0.0,7742.7,0.0,,1103,"Promotions,_Sep_30,_2026  FULL HISTORY For Aevah.xlsx",2026-09-30
2025-10-03T00:00:00Z,WAWA,88c350c7-dedc-439f-4e2f-08dd663e4335,Wawa October 2025 Singles TPR,Complete - Unsettled (Open),MCLANE GROCER,2025-10-03,2025-10-31,2025-09-19,2025-10-02,Retailer price reduction,TPR,Puff 1CT,0.0,0.0,0.0,0.0,247.68,1.72,246.66,1.71,0,0,0.0,0.0,0.0,0,0.1,0,0.0,0,28.8,119617.69,0.5,59808.85,179426.54,1246.02,0,0.0,0.0,17942.66,0,0.0,0.0,17942.66,0.0,,11,"Promotions,_Sep_30,_2026  FULL HISTORY For Aevah.xlsx",2026-09-30
2025-10-03T00:00:00Z,WAWA,88c350c7-dedc-439f-4e2f-08dd663e4335,Wawa October 2025 Singles TPR,Complete - Unsettled (Open),Direct,2025-10-03,2025-10-31,2025-09-19,2025-10-02,Display,End Cap,,0.0,0.0,0.0,0.0,0.0,0.0,0.0,0.0,0,0,0.0,0.0,0.0,0,0.0,0,0.0,0,0.0,0.0,0.0,0.0,0.0,0.0,0,0.0,0.0,0.0,0,0.0,7050.0,7050.0,0.0,,11,"Promotions,_Sep_30,_2026  FULL HISTORY For Aevah.xlsx",2026-09-30
2025-12-28T00:00:00Z,Town and Country,898f2110-6d37-4fa5-d74c-08de5cdc8bfa,Town and Country January 2026 Puff Singles TPR,Complete - Unsettled (Open),UNFI,2025-12-28,2026-01-24,2025-12-28,2026-01-24,Retailer price reduction,TPR,Puff 1CT,0.0,2.5,0.0,0.0,247.68,1.72,197.935,0.0,0,0,0.0,0.0,0.0,0,0.63,0,0.0,0,0.0,1028.58,0.75,771.43,1800.01,0.0,0,0.0,0.0,1134.01,0,0.0,0.0,1134.01,0.0,,1013,"Promotions,_Sep_30,_2026  FULL HISTORY For Aevah.xlsx",2026-09-30
2025-12-28T00:00:00Z,Town and Country,898f2110-6d37-4fa5-d74c-08de5cdc8bfa,Town and Country January 2026 Puff Singles TPR,Complete - Unsettled (Open),Direct,2025-12-28,2026-01-24,2025-12-28,2026-01-24,Customer advertising,Ad,,0.0,0.0,0.0,0.0,0.0,0.0,0.0,0.0,0,0,0.0,0.0,0.0,0,0.0,0,0.0,0,0.0,0.0,0.0,0.0,0.0,0.0,0,0.0,0.0,0.0,0,0.0,300.0,300.0,0.0,,1013,"Promotions,_Sep_30,_2026  FULL HISTORY For Aevah.xlsx",2026-09-30
2025-02-01T00:00:00Z,GIANT EAGLE,8996c739-9ed3-4377-e8b2-08dd6bd158c9,GIANT EAGLE February 2025 TPR,Complete - Unsettled (Open),KEHE DISTRIBUTORS,2025-02-01,2025-02-28,2025-01-18,2025-01-31,Retailer price reduction,TPR,Puff 1CT,2.79,0.0,2.79,1.0,247.68,1.72,260.38,1.81,0,0,0.0,0.0,0.0,0,0.52,0,0.0,0,299.52,12572.0,0.3,3771.6,16343.6,113.5,0,0.0,0.0,8498.67,0,0.0,0.0,8498.67,9663.16,2025-03-03,318,"Promotions,_Sep_30,_2026  FULL HISTORY For Aevah.xlsx",2026-09-30
2025-10-09T00:00:00Z,PUBLIX,89bc8cf2-65a8-45d2-2760-08dd663e4335,Publix October 2025 4 pk TPR,Complete - Unsettled (Open),Direct,2025-10-09,2025-10-15,2025-09-25,2025-10-08,Retailer price reduction,TPR,Puff 4CT,10.99,0.0,10.99,1.0,39.84,6.64,39.84,6.64,0,0,0.0,0.0,0.0,0,2.0,0,0.0,0,36.0,13805.48,0.5,6902.74,20708.22,3451.37,0,0.0,0.0,41416.44,0,0.0,0.0,41416.44,0.0,,8,"Promotions,_Sep_30,_2026  FULL HISTORY For Aevah.xlsx",2026-09-30
2026-08-01T00:00:00Z,King Soopers,89f741a0-aa6c-4210-4046-08de5da29cfe,King Soopers August 2026 Puff Singles TPR,Complete - Unsettled (Open),KEHE DISTRIBUTORS,2026-08-01,2026-08-31,2026-08-01,2026-08-31,Retailer price reduction,TPR,Puff 1CT,2.2425,2.5,0.3675,0.122925,247.68,1.72,196.76,1.0275,0,0,0.0,0.0,0.0,0,0.3,0,0.0,0,129.6,7639.28,0.2,1527.86,9167.14,63.65,0,0.0,0.0,2750.14,0,0.0,0.0,2750.14,7186.97,2026-09-15,1075,"Promotions,_Sep_30,_2026  FULL HISTORY For Aevah.xlsx",2026-09-30
2026-03-01T00:00:00Z,UNITED PACIFIC,8a1edbab-5ccf-448c-7f87-08de5da29cfe,UNITED PACIFIC March 2026 Puff Singles TPR,Complete - Unsettled (Open),"CORE-MARK INTERNATIONAL, INC.",2026-03-01,2026-03-30,2026-03-01,2026-03-30,Retailer price reduction,TPR,Puff 1CT,0.0,3.0,0.0,0.0,247.68,1.72,242.73,1.69,0,0,0.0,0.0,0.0,0,0.5,0,0.0,0,288.0,9026.48,0.2,1805.3,10831.78,75.22,0,0.0,0.0,5415.9,0,0.0,0.0,5415.9,0.0,,1327,"Promotions,_Sep_30,_2026  FULL HISTORY For Aevah.xlsx",2026-09-30
2026-03-01T00:00:00Z,UNITED PACIFIC,8a1edbab-5ccf-448c-7f87-08de5da29cfe,UNITED PACIFIC March 2026 Puff Singles TPR,Complete - Unsettled (Open),Direct,2026-03-01,2026-03-30,2026-03-01,2026-03-30,Customer advertising,Ad,,0.0,0.0,0.0,0.0,0.0,0.0,0.0,0.0,0,0,0.0,0.0,0.0,0,0.0,0,0.0,0,0.0,0.0,0.0,0.0,0.0,0.0,0,0.0,0.0,0.0,0,0.0,500.0,500.0,0.0,,1327,"Promotions,_Sep_30,_2026  FULL HISTORY For Aevah.xlsx",2026-09-30
2026-05-01T00:00:00Z,SCHNUCKS,8a9edd64-e6a3-4a04-7f7b-08de5da29cfe,SCHNUCKS May 2026 Puff 4-Pack TPR,Complete - Unsettled (Open),"DOT FOODS, INC",2026-05-01,2026-05-14,2026-05-01,2026-05-14,Retailer price reduction,TPR,Puff 4CT,0.0,8.99,0.0,0.0,39.84,6.64,39.84,6.64,0,0,0.0,0.0,0.0,0,1.0,0,0.0,0,30.0,1826.9,0.35,639.41,2466.31,411.06,0,0.0,0.0,2466.31,0,0.0,0.0,2466.31,0.0,,1315,"Promotions,_Sep_30,_2026  FULL HISTORY For Aevah.xlsx",2026-09-30
2026-11-01T00:00:00Z,STOP & SHOP,8b458efd-cde0-491d-406d-08de5da29cfe,STOP & SHOP November 2026 Puff 4-Pack TPR,Planned,UNFI,2026-11-01,2026-11-30,2026-11-01,2026-11-30,Retailer price reduction,TPR,Puff 4CT,9.99,8.99,1.0,0.1001,39.84,6.64,39.04,6.51,0,0,0.0,0.0,0.0,0,0.6,0,0.0,0,18.0,6171.44,0.3,1851.43,8022.87,1337.15,0,0.0,0.0,4813.72,0,0.0,0.0,4813.72,0.0,,1114,"Promotions,_Sep_30,_2026  FULL HISTORY For Aevah.xlsx",2026-09-30
2026-09-29T00:00:00Z,"BJ's WholeSale Club, Inc",8b9dd362-d8fc-434a-bb67-08de89a46b12,October Promo - $4.00 off,In progress,Direct,2026-09-29,2026-11-01,2026-09-14,2026-09-18,Retailer price reduction,Scan,Club Packs,21.99,17.99,4.0,0.1819,17.64,1.36,17.64,1.36,0,0,0.0,0.0,0.0,0,4.0,0,0.0,0,52.0,0.0,0.75,0.0,0.0,0.0,0,0.0,0.0,0.0,0,0.0,0.0,0.0,0.0,,1442,"Promotions,_Sep_30,_2026  FULL HISTORY For Aevah.xlsx",2026-09-30
2026-09-29T00:00:00Z,"BJ's WholeSale Club, Inc",8b9dd362-d8fc-434a-bb67-08de89a46b12,October Promo - $4.00 off,In progress,Direct,2026-09-29,2026-11-01,2026-09-14,2026-09-18,Retailer price reduction,Scan,Puff 4CT,21.99,17.99,4.0,0.1819,17.64,17.64,17.64,17.64,0,0,0.0,0.0,0.0,0,4.0,0,0.0,0,4.0,19234.29,0.75,14425.72,33660.01,33660.01,0,0.0,0.0,134640.04,0,0.0,0.0,134640.04,0.0,,1442,"Promotions,_Sep_30,_2026  FULL HISTORY For Aevah.xlsx",2026-09-30
2025-10-01T00:00:00Z,GIANT EAGLE,8bd44566-d7cc-4f34-ea05-08dd6bd158c9,GIANT EAGLE October 2025 TPR,Complete - Unsettled (Open),KEHE DISTRIBUTORS,2025-10-01,2025-10-28,2025-09-17,2025-09-30,Retailer price reduction,TPR,Puff 1CT,2.79,0.0,2.79,1.0,247.68,1.72,263.7,1.83,0,0,0.0,0.0,0.0,0,0.25,0,0.0,0,144.0,16566.6,0.2,3313.32,19879.92,138.05,0,0.0,0.0,4969.98,0,0.0,0.0,4969.98,0.0,,321,"Promotions,_Sep_30,_2026  FULL HISTORY For Aevah.xlsx",2026-09-30
2025-12-08T00:00:00Z,PUBLIX,8bfeb677-d111-4c62-2421-08dd9e1b8c1c,Publix December 2025 4 pk TPR,Complete - Unsettled (Open),Direct,2025-12-08,2025-12-14,2025-11-23,2025-12-07,Retailer price reduction,TPR,Puff 4CT,10.99,0.0,10.99,1.0,39.84,6.64,39.84,6.64,0,0,0.0,0.0,0.0,0,2.0,0,0.0,0,36.0,11290.21,0.45,5080.59,16370.8,2728.47,0,0.0,0.0,32741.6,0,0.0,0.0,32741.6,0.0,,668,"Promotions,_Sep_30,_2026  FULL HISTORY For Aevah.xlsx",2026-09-30
2025-12-08T00:00:00Z,PUBLIX,8bfeb677-d111-4c62-2421-08dd9e1b8c1c,Publix December 2025 4 pk TPR,Complete - Unsettled (Open),Direct,2025-12-08,2025-12-14,2025-11-23,2025-12-07,Customer advertising,Ad,,0.0,0.0,0.0,0.0,0.0,0.0,0.0,0.0,0,0,0.0,0.0,0.0,0,0.0,0,0.0,0,0.0,0.0,0.0,0.0,0.0,0.0,0,0.0,0.0,0.0,0,0.0,30000.0,30000.0,0.0,,668,"Promotions,_Sep_30,_2026  FULL HISTORY For Aevah.xlsx",2026-09-30
2025-12-21T00:00:00Z,WINCO,8c54b32b-96aa-40d5-d753-08de5cdc8bfa,WINCO January 2026 Puff Singles TPR,Complete - Unsettled (Open),Direct,2025-12-21,2026-01-17,2025-12-21,2026-01-17,Retailer price reduction,TPR,Puff 1CT,2.99,1.98,1.01,0.3378,247.68,1.72,247.68,1.72,0,0,0.0,0.0,0.0,0,0.11,0,0.0,0,79.2,140450.73,1.5,210676.1,351126.83,2438.38,0,0.0,0.0,38623.95,0,0.0,0.0,38623.95,0.0,,1020,"Promotions,_Sep_30,_2026  FULL HISTORY For Aevah.xlsx",2026-09-30
2026-06-01T00:00:00Z,Albertsons SoCal,8c9fcc4b-35dd-4118-f177-08de8bfc2efc,June 2026 $9.99 TPR,Complete - Unsettled (Open),Direct,2026-06-01,2026-06-28,2026-06-01,2026-06-28,Retailer price reduction,TPR,Puff 4CT,10.99,9.99,1.0,0.091,39.84,6.64,39.84,6.64,0,0,0.0,0.0,0.0,0,1.0,0,0.0,0,24.0,8974.4,0.3,2692.32,11666.72,1944.45,0,0.0,0.0,11666.72,0,0.0,0.0,11666.72,23283.0,2026-07-30,1498,"Promotions,_Sep_30,_2026  FULL HISTORY For Aevah.xlsx",2026-09-30
2026-11-01T00:00:00Z,HARMONS NEIGHBORHOOD GROCER,8cbb8340-f9a8-4263-d71d-08de5cdc8bfa,HARMONS NEIGHBORHOOD GROCER November 2026 Puff Singles TPR,Planned,ON THE DOT DISTRIBUTION,2026-11-01,2026-11-30,2026-11-01,2026-11-30,Retailer price reduction,TPR,Puff 1CT,2.99,2.5,0.49,0.1639,247.68,1.72,247.68,1.72,0,0,0.0,0.0,0.0,0,0.25,0,0.0,0,468.0,30679.92,0.25,7669.97,38349.89,266.31,0,0.0,0.0,9587.46,0,0.0,0.0,9587.46,0.0,,966,"Promotions,_Sep_30,_2026  FULL HISTORY For Aevah.xlsx",2026-09-30
2026-11-01T00:00:00Z,HARMONS NEIGHBORHOOD GROCER,8cbb8340-f9a8-4263-d71d-08de5cdc8bfa,HARMONS NEIGHBORHOOD GROCER November 2026 Puff Singles TPR,Planned,Direct,2026-11-01,2026-11-30,2026-11-01,2026-11-30,Customer advertising,Ad,,0.0,0.0,0.0,0.0,0.0,0.0,0.0,0.0,0,0,0.0,0.0,0.0,0,0.0,0,0.0,0,0.0,0.0,0.0,0.0,0.0,0.0,0,0.0,0.0,0.0,0,0.0,3000.0,3000.0,0.0,,966,"Promotions,_Sep_30,_2026  FULL HISTORY For Aevah.xlsx",2026-09-30
2025-08-21T00:00:00Z,PUBLIX,8d033490-7dcb-4605-164f-08dd663e4335,Publix August 2025 Singles TPR,Complete - Unsettled (Open),Direct,2025-08-21,2025-08-27,2025-08-07,2025-08-20,Retailer price reduction,TPR,Puff 4CT,0.0,0.0,0.0,0.0,39.84,6.64,39.84,6.64,0,0,0.0,0.0,0.0,0,2.0,0,0.0,0,36.0,13622.32,0.5,6811.16,20433.48,3405.58,0,0.0,0.0,40866.96,0,0.0,0.0,40866.96,0.0,,3,"Promotions,_Sep_30,_2026  FULL HISTORY For Aevah.xlsx",2026-09-30
2026-10-01T00:00:00Z,Albertsons SoCal,8d0804a2-b75c-4394-1e37-08de8bfc2efd,October 2026 $9.99 TPR,Planned,Direct,2026-10-01,2026-10-28,2026-10-01,2026-10-28,Retailer price reduction,TPR,Puff 4CT,10.99,9.99,1.0,0.091,39.84,6.64,39.84,6.64,0,0,0.0,0.0,0.0,0,1.0,0,0.0,0,24.0,8974.4,0.3,2692.32,11666.72,1944.45,0,0.0,0.0,11666.72,0,0.0,0.0,11666.72,0.0,,1501,"Promotions,_Sep_30,_2026  FULL HISTORY For Aevah.xlsx",2026-09-30
2025-01-08T00:00:00Z,HEB,8d14c1f6-896a-41e8-28ee-08dd721102ed,HEB January 2025 Puff Coupon,Complete - Unsettled (Open),Direct,2025-01-08,2025-01-14,2024-12-25,2025-01-07,Coupon,$1 Off,,0.0,0.0,0.0,0.0,0.0,0.0,0.0,0.0,0,0,0.0,0.0,0.0,0,0.0,0,0.0,0,0.0,0.0,0.0,0.0,0.0,0.0,0,0.0,0.0,0.0,0,0.0,0.0,0.0,0.0,,638,"Promotions,_Sep_30,_2026  FULL HISTORY For Aevah.xlsx",2026-09-30
2025-07-01T00:00:00Z,WINCO,8d3d40c9-2792-4cbf-dc1c-08dd6bd158c5,WINCO July 2025 TPR,Complete - Unsettled (Open),Direct,2025-07-01,2025-07-31,2025-06-17,2025-06-30,Retailer price reduction,TPR,Puff 1CT,2.99,0.0,2.99,1.0,247.68,1.72,247.68,1.72,0,0,0.0,0.0,0.0,0,0.24,0,0.0,0,207.36,414739.37,0.3,124421.8,539161.17,3744.19,0,0.0,0.0,129398.69,0,0.0,0.0,129398.69,0.0,,90,"Promotions,_Sep_30,_2026  FULL HISTORY For Aevah.xlsx",2026-09-30
2025-07-01T00:00:00Z,WINCO,8d3d40c9-2792-4cbf-dc1c-08dd6bd158c5,WINCO July 2025 TPR,Complete - Unsettled (Open),Direct,2025-07-01,2025-07-31,2025-06-17,2025-06-30,Retailer price reduction,TPR,Bar 1CT,2.99,0.0,2.99,1.0,247.68,1.72,247.68,0.0,0,0,0.0,0.0,0.0,0,0.24,0,0.0,0,0.0,0.0,0.3,0.0,0.0,0.0,0,0.0,0.0,0.0,0,0.0,0.0,0.0,0.0,,90,"Promotions,_Sep_30,_2026  FULL HISTORY For Aevah.xlsx",2026-09-30
2025-05-01T00:00:00Z,HARMONS NEIGHBORHOOD GROCER,8e0918d3-b28d-4407-28e6-08dd721102ed,HARMONS NEIGHBORHOOD GROCER May 2025 Puff TPR,Complete - Unsettled (Open),ON THE DOT DISTRIBUTION,2025-05-01,2025-05-30,2025-04-17,2025-04-30,Retailer price reduction,TPR,Puff 1CT,2.99,0.0,2.99,1.0,247.68,1.72,247.68,1.72,0,0,0.0,0.0,0.0,0,0.25,0,0.0,0,432.0,27382.37,0.5,13691.18,41073.55,285.23,0,0.0,0.0,10268.39,0,0.0,0.0,10268.39,0.0,,639,"Promotions,_Sep_30,_2026  FULL HISTORY For Aevah.xlsx",2026-09-30
2025-05-01T00:00:00Z,HARMONS NEIGHBORHOOD GROCER,8e0918d3-b28d-4407-28e6-08dd721102ed,HARMONS NEIGHBORHOOD GROCER May 2025 Puff TPR,Complete - Unsettled (Open),Direct,2025-05-01,2025-05-30,2025-04-17,2025-04-30,Customer advertising,Ad,,0.0,0.0,0.0,0.0,0.0,0.0,0.0,0.0,0,0,0.0,0.0,0.0,0,0.0,0,0.0,0,0.0,0.0,0.0,0.0,0.0,0.0,0,0.0,0.0,0.0,0,0.0,5000.0,5000.0,0.0,,639,"Promotions,_Sep_30,_2026  FULL HISTORY For Aevah.xlsx",2026-09-30
2026-09-01T00:00:00Z,Albertsons SoCal,8e89c5db-c149-4f84-1e2d-08de8bfc2efd,September 2026 $1 Digital,Complete - Unsettled (Open),Direct,2026-09-01,2026-09-28,2026-09-01,2026-09-28,Coupon,Digital Coupon,,0.0,0.0,0.0,0.0,0.0,0.0,0.0,0.0,0,0,0.0,0.0,0.0,0,0.0,0,0.0,0,0.0,0.0,0.0,0.0,0.0,0.0,0,0.0,0.0,0.0,0,0.0,471.16,471.16,0.0,,1500,"Promotions,_Sep_30,_2026  FULL HISTORY For Aevah.xlsx",2026-09-30
2026-10-01T00:00:00Z,TOPS,8f22aca2-0bf1-476d-407a-08de5da29cfe,TOPS October 2026 Puff Singles TPR,Planned,UNFI,2026-10-01,2026-10-31,2026-10-01,2026-10-31,Retailer price reduction,TPR,Puff 1CT,0.0,2.5,0.0,0.0,247.68,1.72,242.73,1.69,0,0,0.0,0.0,0.0,0,0.39,0,0.0,0,168.48,3321.42,0.2,664.28,3985.7,27.68,0,0.0,0.0,1554.42,0,0.0,0.0,1554.42,0.0,,1127,"Promotions,_Sep_30,_2026  FULL HISTORY For Aevah.xlsx",2026-09-30
2026-09-01T00:00:00Z,Brookshires,8f900d7a-0d26-4dd8-b8b0-08de5ffd5c98,"Brookshires September 2026 2/$5 TPR, $8.99 TPR",In progress,KEHE DISTRIBUTORS,2026-09-01,2026-09-30,2026-09-01,2026-09-30,Retailer price reduction,TPR,Puff 4CT,10.99,8.99,2.0,0.182,39.84,6.64,37.44,6.24,0,0,0.0,0.0,0.0,0,1.0,0,0.0,0,12.0,657.0,0.25,164.25,821.25,136.87,0,0.0,0.0,821.25,0,0.0,0.0,821.25,0.0,,1383,"Promotions,_Sep_30,_2026  FULL HISTORY For Aevah.xlsx",2026-09-30
2026-09-01T00:00:00Z,Brookshires,8f900d7a-0d26-4dd8-b8b0-08de5ffd5c98,"Brookshires September 2026 2/$5 TPR, $8.99 TPR",In progress,KEHE DISTRIBUTORS,2026-09-01,2026-09-30,2026-09-01,2026-09-30,Retailer price reduction,TPR,Puff 1CT,2.99,2.5,0.49,0.1639,247.68,1.72,234.81,1.634,0,0,0.0,0.0,0.0,0,0.34,0,0.0,0,244.8,2760.43,0.25,690.1,3450.53,23.96,0,0.0,0.0,1173.18,0,0.0,0.0,1173.18,0.0,,1383,"Promotions,_Sep_30,_2026  FULL HISTORY For Aevah.xlsx",2026-09-30
2026-04-01T00:00:00Z,Albertsons Intermountain,8f92c9b7-d439-4307-793b-08de89a46b1d,April 2026 $1 off Digital Coupon,Complete - Unsettled (Open),Direct,2026-04-01,2026-04-28,2026-04-01,2026-04-28,Coupon,Digital Coupon,,0.0,0.0,0.0,0.0,0.0,0.0,0.0,0.0,0,0,0.0,0.0,0.0,0,0.0,0,0.0,0,0.0,0.0,0.0,0.0,0.0,0.0,0,0.0,0.0,0.0,0,0.0,131.05,131.05,0.0,,1448,"Promotions,_Sep_30,_2026  FULL HISTORY For Aevah.xlsx",2026-09-30
2026-07-01T00:00:00Z,PUBLIX,8fd9ee11-f19b-452c-c501-08de7ea07320,2026 Front End Program Q3,Draft,Direct,2026-07-01,2026-09-30,2026-07-01,2026-09-30,Display,End Cap,,0.0,0.0,0.0,0.0,0.0,0.0,0.0,0.0,0,0,0.0,0.0,0.0,0,0.0,0,0.0,0,0.0,0.0,0.0,0.0,0.0,0.0,0,0.0,0.0,0.0,0,0.0,5869.71,5869.71,0.0,,1417,"Promotions,_Sep_30,_2026  FULL HISTORY For Aevah.xlsx",2026-09-30
2026-05-01T00:00:00Z,HY-VEE FAST & FRESH,8fe25a5f-10a6-4113-7f54-08de5da29cfe,HY-VEE FAST & FRESH May 2026 Puff Singles TPR,Complete - Unsettled (Open),Direct,2026-05-01,2026-05-31,2026-05-01,2026-05-31,Retailer price reduction,TPR,Puff 1CT,0.0,3.39,0.0,0.0,247.68,1.72,242.73,1.69,0,0,0.0,0.0,0.0,0,0.5,0,0.0,0,216.0,3107.45,0.15,466.11,3573.56,24.81,0,0.0,0.0,1786.78,0,0.0,0.0,1786.78,0.0,,1276,"Promotions,_Sep_30,_2026  FULL HISTORY For Aevah.xlsx",2026-09-30
2026-05-01T00:00:00Z,HY-VEE FAST & FRESH,8fe25a5f-10a6-4113-7f54-08de5da29cfe,HY-VEE FAST & FRESH May 2026 Puff Singles TPR,Complete - Unsettled (Open),Direct,2026-05-01,2026-05-31,2026-05-01,2026-05-31,Customer advertising,Ad,,0.0,0.0,0.0,0.0,0.0,0.0,0.0,0.0,0,0,0.0,0.0,0.0,0,0.0,0,0.0,0,0.0,0.0,0.0,0.0,0.0,0.0,0,0.0,0.0,0.0,0,0.0,1850.0,1850.0,0.0,,1276,"Promotions,_Sep_30,_2026  FULL HISTORY For Aevah.xlsx",2026-09-30
2025-08-01T00:00:00Z,DELEK,8ff8b61b-3cc0-4db3-ddcb-08dd6bd158c7,DELEK August 2025 TPR,Complete - Unsettled (Open),"CORE-MARK INTERNATIONAL, INC.",2025-08-01,2025-08-31,2025-07-18,2025-07-31,Retailer price reduction,TPR,Puff 1CT,0.0,0.0,0.0,0.0,247.68,1.72,247.27,1.72,0,0,0.0,0.0,0.0,0,0.25,0,0.0,0,72.0,5623.84,0.15,843.58,6467.42,44.92,0,0.0,0.0,1616.86,0,0.0,0.0,1616.86,0.0,,161,"Promotions,_Sep_30,_2026  FULL HISTORY For Aevah.xlsx",2026-09-30
2025-01-01T00:00:00Z,GETGO,90253610-1df2-43d7-f839-08dd6bd158ca,GETGO January 2025 TPR,Complete - Unsettled (Open),MCLANE GROCER,2025-01-01,2025-01-31,2024-12-18,2024-12-31,Retailer price reduction,TPR,Puff 1CT,0.0,0.0,0.0,0.0,20.64,0.14,247.68,1.72,0,0,0.0,0.0,0.0,0,0.6,0,0.0,0,259.2,7201.99,0.15,1080.31,8282.3,57.51,0,0.0,0.0,4969.38,0,0.0,0.0,4969.38,0.0,,421,"Promotions,_Sep_30,_2026  FULL HISTORY For Aevah.xlsx",2026-09-30
2026-01-05T00:00:00Z,WAWA,9063465a-46cf-4c73-6395-08de5da29cfe,WAWA January 2026 TPR,Complete - Unsettled (Open),Direct,2026-01-05,2026-01-18,2026-01-05,2026-01-18,Display,PDQ,,0.0,0.0,0.0,0.0,0.0,0.0,0.0,0.0,0,0,0.0,0.0,0.0,0,0.0,0,0.0,0,0.0,0.0,0.0,0.0,0.0,0.0,0,0.0,0.0,0.0,0,0.0,7500.0,7500.0,6510.0,2026-03-23,1211,"Promotions,_Sep_30,_2026  FULL HISTORY For Aevah.xlsx",2026-09-30
2026-09-01T00:00:00Z,Albertsons NorCal,90e2ea61-60f6-4eb2-a114-08de89a46b1d,September 2026 $1 Digital 4ct,Complete - Unsettled (Open),Direct,2026-09-01,2026-09-28,2026-09-01,2026-09-28,Coupon,Digital Coupon,,0.0,0.0,0.0,0.0,0.0,0.0,0.0,0.0,0,0,0.0,0.0,0.0,0,0.0,0,0.0,0,0.0,0.0,0.0,0.0,0.0,0.0,0,0.0,0.0,0.0,0,0.0,360.89,360.89,0.0,,1466,"Promotions,_Sep_30,_2026  FULL HISTORY For Aevah.xlsx",2026-09-30
2026-02-01T00:00:00Z,Rosauers / Huckleberry's,91763718-ffb8-45a2-d72e-08de5cdc8bfa,Rosauers / Huckleberry's February 2026 Puff Singles TPR,Complete - Unsettled (Open),UNFI,2026-02-01,2026-02-28,2026-02-01,2026-02-28,Retailer price reduction,TPR,Puff 1CT,0.0,2.49,0.0,0.0,247.68,1.72,242.73,1.69,0,0,0.0,0.0,0.0,0,0.5,0,0.0,0,504.0,1800.0,0.25,450.0,2250.0,15.64,0,0.0,0.0,1125.0,0,0.0,0.0,1125.0,0.0,,983,"Promotions,_Sep_30,_2026  FULL HISTORY For Aevah.xlsx",2026-09-30
2026-02-01T00:00:00Z,Rosauers / Huckleberry's,91763718-ffb8-45a2-d72e-08de5cdc8bfa,Rosauers / Huckleberry's February 2026 Puff Singles TPR,Complete - Unsettled (Open),Direct,2026-02-01,2026-02-28,2026-02-01,2026-02-28,Customer advertising,Ad,,0.0,0.0,0.0,0.0,0.0,0.0,0.0,0.0,0,0,0.0,0.0,0.0,0,0.0,0,0.0,0,0.0,0.0,0.0,0.0,0.0,0.0,0,0.0,0.0,0.0,0,0.0,150.0,150.0,0.0,,983,"Promotions,_Sep_30,_2026  FULL HISTORY For Aevah.xlsx",2026-09-30
2025-01-01T00:00:00Z,AWG,91aae948-fdf1-48eb-f783-08dd6bd158cb,AWG January 2025 TPR,Complete - Unsettled (Open),"DOT FOODS, INC",2025-01-01,2025-01-26,2024-12-18,2024-12-31,Retailer price reduction,TPR,Bar 1CT,0.0,0.0,0.0,0.0,20.64,0.14,247.68,1.72,0,0,0.0,0.0,0.0,0,0.0,0,0.0,0,0.0,0.0,0.2,0.0,0.0,0.0,0,0.0,0.0,0.0,0,0.0,0.0,0.0,0.0,,497,"Promotions,_Sep_30,_2026  FULL HISTORY For Aevah.xlsx",2026-09-30
2025-01-01T00:00:00Z,AWG,91aae948-fdf1-48eb-f783-08dd6bd158cb,AWG January 2025 TPR,Complete - Unsettled (Open),"DOT FOODS, INC",2025-01-01,2025-01-26,2024-12-18,2024-12-31,Retailer price reduction,TPR,Puff 4CT,0.0,0.0,0.0,0.0,39.84,6.64,39.84,6.64,0,0,0.0,0.0,0.0,0,1.42,0,0.0,0,17.04,360.0,0.2,72.0,432.0,72.0,0,0.0,0.0,613.44,0,0.0,0.0,613.44,0.0,,497,"Promotions,_Sep_30,_2026  FULL HISTORY For Aevah.xlsx",2026-09-30
2025-01-01T00:00:00Z,AWG,91aae948-fdf1-48eb-f783-08dd6bd158cb,AWG January 2025 TPR,Complete - Unsettled (Open),"DOT FOODS, INC",2025-01-01,2025-01-26,2024-12-18,2024-12-31,Retailer price reduction,TPR,Puff 1CT,0.0,0.0,0.0,0.0,20.64,0.14,247.68,1.72,0,0,0.0,0.0,0.0,0,0.28,0,0.0,0,241.92,6651.12,0.24166666666666667,1611.79,8262.91,57.39,0,0.0,0.0,2313.62,0,0.0,0.0,2313.62,0.0,,497,"Promotions,_Sep_30,_2026  FULL HISTORY For Aevah.xlsx",2026-09-30
2026-01-28T00:00:00Z,Albertsons Intermountain,920e4b23-a6fa-41ca-4c86-08de89a46b1d,February 2026 $9.99 TPR,Complete - Unsettled (Open),Direct,2026-01-28,2026-03-03,2026-01-28,2026-03-03,Retailer price reduction,TPR,Puff 4CT,10.99,9.99,1.0,0.091,39.84,6.64,39.84,6.64,0,0,0.0,0.0,0.0,0,1.0,0,0.0,0,24.0,3456.96,0.6,2074.17,5531.13,921.86,0,0.0,0.0,5531.13,0,0.0,0.0,5531.13,5869.0,2026-03-04,1444,"Promotions,_Sep_30,_2026  FULL HISTORY For Aevah.xlsx",2026-09-30
2025-03-01T00:00:00Z,Lowes Foods,920e6e94-7668-470d-0664-08dd6bd158cc,Lowes Foods March 2025 TPR,Complete - Unsettled (Open),"DOT FOODS, INC",2025-03-01,2025-03-28,2025-02-15,2025-02-28,Retailer price reduction,TPR,Puff 1CT,2.99,0.0,2.99,1.0,247.68,1.72,247.68,1.72,0,0,0.0,0.0,0.0,0,0.25,0,0.0,0,144.0,3420.0,0.5,1710.0,5130.0,35.63,0,0.0,0.0,1282.5,0,0.0,0.0,1282.5,0.0,,526,"Promotions,_Sep_30,_2026  FULL HISTORY For Aevah.xlsx",2026-09-30
2026-10-01T00:00:00Z,HY-VEE FAST & FRESH,92128b92-3108-4742-7f57-08de5da29cfe,HY-VEE FAST & FRESH October 2026 Puff Singles TPR,Planned,Direct,2026-10-01,2026-10-31,2026-10-01,2026-10-31,Retailer price reduction,TPR,Puff 1CT,0.0,2.5,0.0,0.0,247.68,1.72,242.73,1.69,0,0,0.0,0.0,0.0,0,0.25,0,0.0,0,108.0,3026.35,0.15,453.96,3480.31,24.18,0,0.0,0.0,870.07,0,0.0,0.0,870.07,0.0,,1279,"Promotions,_Sep_30,_2026  FULL HISTORY For Aevah.xlsx",2026-09-30
2025-07-06T00:00:00Z,WAWA,92249581-0401-4f3c-4ea1-08dd663e4335,Wawa July 2025 Singles TPR,Complete - Unsettled (Open),MCLANE GROCER,2025-07-06,2025-07-19,2025-06-22,2025-07-05,Retailer price reduction,TPR,Puff 1CT,0.0,0.0,0.0,0.0,247.68,1.72,246.66,1.71,0,0,0.0,0.0,0.0,0,0.1,0,0.0,0,28.8,43711.84,0.2,8742.37,52454.21,364.27,0,0.0,0.0,5245.42,0,0.0,0.0,5245.42,0.0,,13,"Promotions,_Sep_30,_2026  FULL HISTORY For Aevah.xlsx",2026-09-30
2026-04-29T00:00:00Z,Albertsons NorCal,9249f6b9-e3e0-424b-a107-08de89a46b1d,May 2026 $9.99 TPR + Digital,Complete - Unsettled (Open),Direct,2026-04-29,2026-05-06,2026-04-29,2026-05-06,Retailer price reduction,TPR,Puff 4CT,10.99,9.99,1.0,0.091,39.84,6.64,39.84,6.64,0,0,0.0,0.0,0.0,0,1.0,0,0.0,0,24.0,1964.0,0.4,785.6,2749.6,458.27,0,0.0,0.0,2749.6,0,0.0,0.0,2749.6,14087.5,2026-05-28,1464,"Promotions,_Sep_30,_2026  FULL HISTORY For Aevah.xlsx",2026-09-30
2026-04-29T00:00:00Z,Albertsons NorCal,9249f6b9-e3e0-424b-a107-08de89a46b1d,May 2026 $9.99 TPR + Digital,Complete - Unsettled (Open),Direct,2026-04-29,2026-05-06,2026-04-29,2026-05-06,Coupon,Digital Coupon,,0.0,0.0,0.0,0.0,0.0,0.0,0.0,0.0,0,0,0.0,0.0,0.0,0,0.0,0,0.0,0,0.0,0.0,0.0,0.0,0.0,0.0,0,0.0,0.0,0.0,0,0.0,137.48,137.48,730.5,2026-05-28,1464,"Promotions,_Sep_30,_2026  FULL HISTORY For Aevah.xlsx",2026-09-30
2026-07-28T00:00:00Z,"BJ's WholeSale Club, Inc",928084fb-60d5-4c73-3d66-08de59e8eae0,BJ's August 2026 13 count Coupon,Complete - Unsettled (Open),Direct,2026-07-28,2026-08-31,2026-07-13,2026-07-17,Retailer price reduction,Scan,Puff 4CT,21.99,17.99,4.0,0.1819,17.64,17.64,17.64,17.64,0,0,0.0,0.0,0.0,0,3.21,0,0.0,0,3.21,19800.0,0.75,14850.0,34650.0,34650.0,0,0.0,0.0,111226.5,0,0.0,0.0,111226.5,0.0,2026-08-08,935,"Promotions,_Sep_30,_2026  FULL HISTORY For Aevah.xlsx",2026-09-30
2026-07-28T00:00:00Z,"BJ's WholeSale Club, Inc",928084fb-60d5-4c73-3d66-08de59e8eae0,BJ's August 2026 13 count Coupon,Complete - Unsettled (Open),Direct,2026-07-28,2026-08-31,2026-07-13,2026-07-17,Retailer price reduction,Scan,Club Packs,21.99,17.99,4.0,0.1819,17.64,1.36,17.64,1.36,0,0,0.0,0.0,0.0,0,0.25,0,0.0,0,6.5,13200.0,0.75,9900.0,23100.0,1776.92,0,0.0,0.0,5775.0,0,0.0,0.0,5775.0,72001.12,2026-08-08,935,"Promotions,_Sep_30,_2026  FULL HISTORY For Aevah.xlsx",2026-09-30
2025-10-01T00:00:00Z,MEIJER,92873c5a-08b5-40bd-ee8c-08dd6bd158cb,MEIJER October 2025 TPR,Complete - Unsettled (Open),Direct,2025-10-01,2025-10-15,2025-09-17,2025-09-30,Retailer price reduction,TPR,Puff 4CT,0.0,0.0,0.0,0.0,39.84,6.64,39.04,6.51,0,0,0.0,0.0,0.0,0,0.7,0,0.0,0,12.6,9255.83,0.3,2776.76,12032.59,2005.44,0,0.0,0.0,8422.81,0,0.0,0.0,8422.81,5591.35,2025-11-04,470,"Promotions,_Sep_30,_2026  FULL HISTORY For Aevah.xlsx",2026-09-30
2025-10-01T00:00:00Z,MEIJER,92873c5a-08b5-40bd-ee8c-08dd6bd158cb,MEIJER October 2025 TPR,Complete - Unsettled (Open),Direct,2025-10-01,2025-10-15,2025-09-17,2025-09-30,Customer advertising,Ad,,0.0,0.0,0.0,0.0,0.0,0.0,0.0,0.0,0,0,0.0,0.0,0.0,0,0.0,0,0.0,0,0.0,0.0,0.0,0.0,0.0,0.0,0,0.0,0.0,0.0,0,0.0,500.0,500.0,0.0,2025-11-04,470,"Promotions,_Sep_30,_2026  FULL HISTORY For Aevah.xlsx",2026-09-30
2026-04-29T00:00:00Z,Albertsons Denver,92d61e16-0166-46f4-08c4-08de84ec3490,May 2026 $9.99 TPR + Digital,Complete - Unsettled (Open),Direct,2026-04-29,2026-05-26,2026-04-29,2026-05-26,Retailer price reduction,TPR,Puff 4CT,10.99,9.99,1.0,0.091,39.84,6.64,39.84,6.64,0,0,0.0,0.0,0.0,0,1.0,0,0.0,0,24.0,2459.2,0.4,983.68,3442.88,573.82,0,0.0,0.0,3442.88,0,0.0,0.0,3442.88,5767.0,2026-05-28,1433,"Promotions,_Sep_30,_2026  FULL HISTORY For Aevah.xlsx",2026-09-30
2026-04-29T00:00:00Z,Albertsons Denver,92d61e16-0166-46f4-08c4-08de84ec3490,May 2026 $9.99 TPR + Digital,Complete - Unsettled (Open),Direct,2026-04-29,2026-05-26,2026-04-29,2026-05-26,Coupon,Digital Coupon,,0.0,0.0,0.0,0.0,0.0,0.0,0.0,0.0,0,0,0.0,0.0,0.0,0,0.0,0,0.0,0,0.0,0.0,0.0,0.0,0.0,0.0,0,0.0,0.0,0.0,0,0.0,172.15,172.15,124.0,2026-05-28,1433,"Promotions,_Sep_30,_2026  FULL HISTORY For Aevah.xlsx",2026-09-30
2025-08-01T00:00:00Z,HY-VEE FAST & FRESH,92f0249b-1e61-4456-fe02-08dd6bd158ca,HY-VEE FAST & FRESH August 2025 TPR,Complete - Unsettled (Open),Direct,2025-08-01,2025-08-30,2025-07-18,2025-07-31,Retailer price reduction,TPR,Puff 1CT,0.0,0.0,0.0,0.0,247.68,1.72,247.27,1.72,0,0,0.0,0.0,0.0,0,0.5,0,0.0,0,216.0,5879.07,0.15,881.85,6760.92,46.95,0,0.0,0.0,3380.46,0,0.0,0.0,3380.46,0.0,,446,"Promotions,_Sep_30,_2026  FULL HISTORY For Aevah.xlsx",2026-09-30
2027-01-01T00:00:00Z,MEIJER EXPRESS,938a7ae2-d94e-4ea4-f72e-08dd6bd158cb,Meijer Express January 2027 TPR,Planned,"DOT FOODS, INC",2027-01-01,2027-01-31,2026-12-18,2026-12-31,Retailer price reduction,TPR,Puff 1CT,0.0,0.0,0.0,0.0,247.68,1.72,247.68,1.72,0,0,0.0,0.0,0.0,0,0.25,0,0.0,0,108.0,466.86,0.15,70.02,536.88,3.72,0,0.0,0.0,134.22,0,0.0,0.0,134.22,0.0,,496,"Promotions,_Sep_30,_2026  FULL HISTORY For Aevah.xlsx",2026-09-30
2025-04-01T00:00:00Z,MEIJER EXPRESS,93aae7c4-09fc-4584-f288-08dd6bd158cb,Meijer Express April 2025 TPR,Complete - Unsettled (Open),"DOT FOODS, INC",2025-04-01,2025-04-30,2025-03-18,2025-03-31,Retailer price reduction,TPR,Puff 1CT,0.0,0.0,0.0,0.0,247.68,1.72,247.68,1.72,0,0,0.0,0.0,0.0,0,0.25,0,0.0,0,108.0,5243.22,0.15,786.48,6029.7,41.88,0,0.0,0.0,1507.44,0,0.0,0.0,1507.44,0.0,,482,"Promotions,_Sep_30,_2026  FULL HISTORY For Aevah.xlsx",2026-09-30
2026-07-01T00:00:00Z,WAKEFERN,93fad8a1-ac90-4e45-4084-08de5da29cfe,WAKEFERN July 2026 Puff Singles TPR,Complete - Unsettled (Open),UNFI,2026-07-01,2026-07-14,2026-07-01,2026-07-14,Retailer price reduction,TPR,Puff 1CT,0.0,2.49,0.0,0.0,247.68,1.72,242.73,1.69,0,0,0.0,0.0,0.0,0,0.8,0,0.0,0,460.8,16274.08,0.25,4068.52,20342.6,141.28,0,0.0,0.0,16274.08,0,0.0,0.0,16274.08,0.0,,1137,"Promotions,_Sep_30,_2026  FULL HISTORY For Aevah.xlsx",2026-09-30
2026-06-01T00:00:00Z,SAVE MART,9404ba04-fb9b-4975-d736-08de5cdc8bfa,SAVE MART June 2026 Puff 4-Pack TPR,Complete - Unsettled (Open),KEHE DISTRIBUTORS,2026-06-01,2026-06-30,2026-06-01,2026-06-30,Retailer price reduction,TPR,Puff 4CT,0.0,9.49,0.0,0.0,39.84,6.64,37.973333333333336,6.33,0,0,0.0,0.0,0.0,0,1.0,0,0.0,0,18.0,1864.29,0.2,372.87,2237.16,372.87,0,0.0,0.0,2237.16,0,0.0,0.0,2237.16,0.0,,991,"Promotions,_Sep_30,_2026  FULL HISTORY For Aevah.xlsx",2026-09-30
2026-01-28T00:00:00Z,Albertsons Mid-Atlantic,947bbec7-53d4-46f1-a07e-08de89a46b1d,February 2026 $9.99 TPR,Complete - Unsettled (Open),Direct,2026-01-28,2026-03-03,2026-01-28,2026-03-03,Retailer price reduction,TPR,Puff 4CT,10.99,9.99,1.0,0.091,39.84,6.64,39.84,6.64,0,0,0.0,0.0,0.0,0,1.0,0,0.0,0,24.0,9513.01,0.45,4280.86,13793.87,2298.97,0,0.0,0.0,13793.87,0,0.0,0.0,13793.87,13798.0,2026-03-08,1452,"Promotions,_Sep_30,_2026  FULL HISTORY For Aevah.xlsx",2026-09-30
2026-07-01T00:00:00Z,"SHEETZ DISTRIBUTION SERVICE, LLC",951407da-a17e-4ec9-638b-08de5da29cfe,"SHEETZ DISTRIBUTION SERVICE, LLC July 2026 TPR",Complete - Unsettled (Open),Direct,2026-07-01,2026-07-31,2026-07-01,2026-07-31,Retailer price reduction,TPR,Puff 1CT,0.37375,3.39,0.0,0.0,247.68,1.72,242.47,1.68,0,0,0.0,0.0,0.0,0,0.17,0,0.0,0,195.84,104600.24,0.15,15690.04,120290.28,835.35,0,0.0,0.0,20449.36,0,0.0,0.0,20449.36,3819.36,2026-07-17,1201,"Promotions,_Sep_30,_2026  FULL HISTORY For Aevah.xlsx",2026-09-30
2027-01-01T00:00:00Z,MEIJER,951a342b-9d8e-431d-f189-08dd6bd158cb,MEIJER January 2027 TPR,Planned,Direct,2027-01-01,2027-01-29,2026-12-18,2026-12-31,Retailer price reduction,TPR,Puff 4CT,0.0,0.0,0.0,0.0,39.84,6.64,39.04,6.51,0,0,0.0,0.0,0.0,0,1.33,0,0.0,0,23.94,1224.4,0.6333333333333334,776.98,2001.38,333.56,0,0.0,0.0,2661.84,0,0.0,0.0,2661.84,0.0,,479,"Promotions,_Sep_30,_2026  FULL HISTORY For Aevah.xlsx",2026-09-30
2025-01-01T00:00:00Z,SUPERVALU,9573f674-c11c-42f5-e309-08dd6bd158c6,SUPERVALU January 2025 TPR,Complete - Unsettled (Open),UNFI,2025-01-01,2025-01-31,2024-12-18,2024-12-31,Retailer price reduction,TPR,Puff 4CT,0.0,0.0,0.0,0.0,39.84,6.64,33.86,5.64,0,0,0.0,0.0,0.0,0,0.92,0,0.0,0,33.12,1180.2,0.2,236.04,1416.24,236.04,0,0.0,0.0,1302.95,0,0.0,0.0,1302.95,0.0,,139,"Promotions,_Sep_30,_2026  FULL HISTORY For Aevah.xlsx",2026-09-30
2025-01-01T00:00:00Z,SUPERVALU,9573f674-c11c-42f5-e309-08dd6bd158c6,SUPERVALU January 2025 TPR,Complete - Unsettled (Open),UNFI,2025-01-01,2025-01-31,2024-12-18,2024-12-31,Retailer price reduction,TPR,Puff 1CT,0.0,0.0,0.0,0.0,20.64,0.14,17.54,0.12,0,0,0.0,0.0,0.0,0,0.13,0,0.0,0,131.04,15965.27,0.2,3193.07,19158.34,133.06,0,0.0,0.0,2490.58,0,0.0,0.0,2490.58,0.0,,139,"Promotions,_Sep_30,_2026  FULL HISTORY For Aevah.xlsx",2026-09-30
2025-01-01T00:00:00Z,SUPERVALU,9573f674-c11c-42f5-e309-08dd6bd158c6,SUPERVALU January 2025 TPR,Complete - Unsettled (Open),UNFI,2025-01-01,2025-01-31,2024-12-18,2024-12-31,Retailer price reduction,TPR,Bar 1CT,0.0,0.0,0.0,0.0,20.64,0.14,17.54,0.12,0,0,0.0,0.0,0.0,0,0.13,0,0.0,0,56.16,5036.23,0.2,1007.24,6043.47,41.98,0,0.0,0.0,785.65,0,0.0,0.0,785.65,0.0,,139,"Promotions,_Sep_30,_2026  FULL HISTORY For Aevah.xlsx",2026-09-30
2026-07-01T00:00:00Z,SMITHS,97209e1c-0acf-4d46-4063-08de5da29cfe,SMITHS July 2026 Puff Singles TPR,Complete - Unsettled (Open),UNFI,2026-07-01,2026-07-31,2026-07-01,2026-07-31,Retailer price reduction,TPR,Puff 1CT,2.99,2.5,0.49,0.1639,247.68,1.72,245.96666666666664,1.7116666666666667,0,0,0.0,0.0,0.0,0,0.3,0,0.0,0,259.2,18325.45,0.3,5497.64,23823.09,165.43,0,0.0,0.0,7146.92,0,0.0,0.0,7146.92,0.0,,1104,"Promotions,_Sep_30,_2026  FULL HISTORY For Aevah.xlsx",2026-09-30
2026-08-01T00:00:00Z,LANL,97356fa3-4633-4447-d721-08de5cdc8bfa,LANL August 2026 Puff Singles TPR,Complete - Unsettled (Open),UNFI,2026-08-01,2026-08-31,2026-08-01,2026-08-31,Retailer price reduction,TPR,Puff 1CT,0.0,2.5,0.0,0.0,247.68,1.72,193.19,1.34,0,0,0.0,0.0,0.0,0,0.43,0,0.0,0,247.68,2713.38,1.0,2713.38,5426.76,37.69,0,0.0,0.0,2333.51,0,0.0,0.0,2333.51,0.0,,970,"Promotions,_Sep_30,_2026  FULL HISTORY For Aevah.xlsx",2026-09-30
2026-08-01T00:00:00Z,LANL,97356fa3-4633-4447-d721-08de5cdc8bfa,LANL August 2026 Puff Singles TPR,Complete - Unsettled (Open),Direct,2026-08-01,2026-08-31,2026-08-01,2026-08-31,Customer advertising,Ad,,0.0,0.0,0.0,0.0,0.0,0.0,0.0,0.0,0,0,0.0,0.0,0.0,0,0.0,0,0.0,0,0.0,0.0,0.0,0.0,0.0,0.0,0,0.0,0.0,0.0,0,0.0,150.0,150.0,0.0,,970,"Promotions,_Sep_30,_2026  FULL HISTORY For Aevah.xlsx",2026-09-30
2026-04-01T00:00:00Z,GELSONS,9739e587-6e3f-4035-d716-08de5cdc8bfa,GELSONS April 2026 Puff 4-Pack TPR,Complete - Unsettled (Open),UNFI,2026-04-01,2026-04-30,2026-04-01,2026-04-30,Retailer price reduction,TPR,Puff 4CT,11.99,8.99,3.0,0.2502,39.84,6.64,42.94,7.16,0,0,0.0,0.0,0.0,0,0.5,0,0.0,0,9.0,839.04,0.75,629.28,1468.32,244.71,0,0.0,0.0,734.17,0,0.0,0.0,734.17,0.0,,959,"Promotions,_Sep_30,_2026  FULL HISTORY For Aevah.xlsx",2026-09-30
2026-04-01T00:00:00Z,GELSONS,9739e587-6e3f-4035-d716-08de5cdc8bfa,GELSONS April 2026 Puff 4-Pack TPR,Complete - Unsettled (Open),Direct,2026-04-01,2026-04-30,2026-04-01,2026-04-30,Customer advertising,Ad,,0.0,0.0,0.0,0.0,0.0,0.0,0.0,0.0,0,0,0.0,0.0,0.0,0,0.0,0,0.0,0,0.0,0.0,0.0,0.0,0.0,0.0,0,0.0,0.0,0.0,0,0.0,425.0,425.0,0.0,,959,"Promotions,_Sep_30,_2026  FULL HISTORY For Aevah.xlsx",2026-09-30
2026-09-01T00:00:00Z,Giant Foods,97bb5ee3-4608-4f7f-403f-08de5da29cfe,Giant Foods September 2026 Puff Singles TPR,In progress,Direct,2026-09-01,2026-09-30,2026-09-01,2026-09-30,Retailer price reduction,TPR,Puff 1CT,2.99,2.5,0.49,0.1639,247.68,1.72,247.68,1.72,0,0,0.0,0.0,0.0,0,0.25,0,0.0,0,108.0,5625.0,0.25,1406.25,7031.25,48.83,0,0.0,0.0,1757.81,0,0.0,0.0,1757.81,0.0,,1068,"Promotions,_Sep_30,_2026  FULL HISTORY For Aevah.xlsx",2026-09-30
2026-07-01T00:00:00Z,PILOT FLYING J,9819e4b5-8303-4f6b-6388-08de5da29cfe,PILOT FLYING J August 2026 TPR,Complete - Unsettled (Open),MCLANE GROCER,2026-07-01,2026-08-31,2026-07-01,2026-08-31,Retailer price reduction,TPR,Puff 1CT,0.598,3.49,0.0,0.0,247.68,1.72,242.482,1.686,0,0,0.0,0.0,0.0,0,0.27,0,0.0,0,194.4,52776.19,0.15,7916.43,60692.62,421.49,0,0.0,0.0,16387.01,0,0.0,0.0,16387.01,0.0,,1198,"Promotions,_Sep_30,_2026  FULL HISTORY For Aevah.xlsx",2026-09-30
2025-07-01T00:00:00Z,"ASSOCIATED FOOD STORES, INC.",987ffd7b-db59-4731-d841-08dd6bd158ca,"ASSOCIATED FOOD STORES, INC. July 2025 TPR",Complete - Unsettled (Open),Direct,2025-07-01,2025-07-30,2025-06-17,2025-06-30,Retailer price reduction,TPR,Puff 1CT,2.99,0.0,2.99,1.0,247.68,1.72,247.68,1.72,0,0,0.0,0.0,0.0,0,0.35,0,0.0,0,352.8,28989.87,0.35,10146.45,39136.32,271.78,0,0.0,0.0,13697.71,0,0.0,0.0,13697.71,12818.31,2025-08-03,357,"Promotions,_Sep_30,_2026  FULL HISTORY For Aevah.xlsx",2026-09-30
2025-07-01T00:00:00Z,"ASSOCIATED FOOD STORES, INC.",987ffd7b-db59-4731-d841-08dd6bd158ca,"ASSOCIATED FOOD STORES, INC. July 2025 TPR",Complete - Unsettled (Open),Direct,2025-07-01,2025-07-30,2025-06-17,2025-06-30,Retailer price reduction,TPR,Puff 4CT,10.99,0.0,10.99,1.0,39.84,6.64,39.84,6.64,0,0,0.0,0.0,0.0,0,0.0,0,0.0,0,0.0,4413.32,0.5,2206.66,6619.98,1103.33,0,0.0,0.0,0.0,0,0.0,0.0,0.0,0.0,2025-08-03,357,"Promotions,_Sep_30,_2026  FULL HISTORY For Aevah.xlsx",2026-09-30
2025-07-01T00:00:00Z,"ASSOCIATED FOOD STORES, INC.",987ffd7b-db59-4731-d841-08dd6bd158ca,"ASSOCIATED FOOD STORES, INC. July 2025 TPR",Complete - Unsettled (Open),Direct,2025-07-01,2025-07-30,2025-06-17,2025-06-30,Retailer price reduction,TPR,Bar 1CT,0.0,0.0,0.0,0.0,247.68,1.72,247.68,0.0,0,0,0.0,0.0,0.0,0,0.35,0,0.0,0,0.0,0.0,0.35,0.0,0.0,0.0,0,0.0,0.0,0.0,0,0.0,0.0,0.0,0.0,2025-08-03,357,"Promotions,_Sep_30,_2026  FULL HISTORY For Aevah.xlsx",2026-09-30
2026-04-30T00:00:00Z,JACKSONS,98f5b5b2-1d36-4262-7f5a-08de5da29cfe,JACKSONS May 2026 Puff Singles TPR,Complete - Unsettled (Open),CAPITOL DISTRIBUTING,2026-04-30,2026-05-31,2026-04-30,2026-05-31,Retailer price reduction,TPR,Puff 1CT,0.0,3.0,0.0,0.0,247.68,1.72,247.68,1.72,0,0,0.0,0.0,0.0,0,0.3,0,0.0,0,129.6,9300.3,0.2,1860.06,11160.36,77.49,0,0.0,0.0,3348.12,0,0.0,0.0,3348.12,0.0,,1282,"Promotions,_Sep_30,_2026  FULL HISTORY For Aevah.xlsx",2026-09-30
2026-10-01T00:00:00Z,Nugget Market,9a05ad28-8be1-4731-d728-08de5cdc8bfa,Nugget Market October 2026 Puff Singles TPR,Planned,UNFI,2026-10-01,2026-10-31,2026-10-01,2026-10-31,Retailer price reduction,TPR,Puff 1CT,0.0,2.5,0.0,0.0,247.68,1.72,242.73,1.69,0,0,0.0,0.0,0.0,0,0.47,0,0.0,0,338.4,1667.36,0.3,500.2,2167.56,15.06,0,0.0,0.0,1018.75,0,0.0,0.0,1018.75,0.0,,977,"Promotions,_Sep_30,_2026  FULL HISTORY For Aevah.xlsx",2026-09-30
2026-02-23T00:00:00Z,AWG,9a12a485-dc62-43bb-7f1b-08de5da29cfe,AWG March 2026 Puff Singles TPR,Complete - Unsettled (Open),"DOT FOODS, INC",2026-02-23,2026-03-22,2026-02-23,2026-03-22,Retailer price reduction,TPR,Puff 1CT,0.42714285714285716,2.5,0.07,0.023414285714285714,247.68,1.72,247.68,1.72,0,0,0.0,0.0,0.0,0,0.18,0,0.0,0,181.44,14496.79,0.2,2899.36,17396.15,120.8,0,0.0,0.0,3131.3,0,0.0,0.0,3131.3,0.0,,1219,"Promotions,_Sep_30,_2026  FULL HISTORY For Aevah.xlsx",2026-09-30
2027-01-01T00:00:00Z,FRED MEYER,9a158543-56cb-4172-dba2-08dd6bd158c9,FRED MEYER January 2027 TPR,Planned,UNFI,2027-01-01,2027-01-31,2026-12-18,2026-12-31,Retailer price reduction,TPR,Puff 1CT,1.9933333333333332,0.0,1.9933333333333332,0.6666666666666667,220.16,1.528888888888889,256.82,1.2177777777777778,0,0,0.0,0.0,0.0,0,0.3,0,0.0,0,259.2,2211.42,0.4,884.58,3096.0,21.5,0,0.0,0.0,928.8,0,0.0,0.0,928.8,0.0,,306,"Promotions,_Sep_30,_2026  FULL HISTORY For Aevah.xlsx",2026-09-30
2027-01-01T00:00:00Z,FRED MEYER,9a158543-56cb-4172-dba2-08dd6bd158c9,FRED MEYER January 2027 TPR,Planned,UNFI,2027-01-01,2027-01-31,2026-12-18,2026-12-31,Retailer price reduction,TPR,Puff 4CT,10.99,0.0,10.99,1.0,39.84,6.64,42.16,7.03,0,0,0.0,0.0,0.0,0,0.0,0,0.0,0,0.0,638.23,0.5,319.11,957.34,159.56,0,0.0,0.0,0.0,0,0.0,0.0,0.0,0.0,,306,"Promotions,_Sep_30,_2026  FULL HISTORY For Aevah.xlsx",2026-09-30
2025-08-01T00:00:00Z,Lowes Foods,9a44a422-18e1-4087-0746-08dd6bd158cc,Lowes Foods August 2025 TPR,Complete - Unsettled (Open),"DOT FOODS, INC",2025-08-01,2025-08-28,2025-07-18,2025-07-31,Retailer price reduction,TPR,Puff 1CT,2.99,0.0,2.99,1.0,247.68,1.72,247.68,1.72,0,0,0.0,0.0,0.0,0,0.25,0,0.0,0,144.0,7835.0,0.4,3133.99,10968.99,76.18,0,0.0,0.0,2742.25,0,0.0,0.0,2742.25,0.0,,528,"Promotions,_Sep_30,_2026  FULL HISTORY For Aevah.xlsx",2026-09-30
2026-04-01T00:00:00Z,Albertsons Portland,9ac65d44-588d-4852-a167-08de89a46b1d,April 2026 $1 off Digital Coupon,Complete - Unsettled (Open),Direct,2026-04-01,2026-04-28,2026-04-01,2026-04-28,Coupon,Digital Coupon,,0.0,0.0,0.0,0.0,0.0,0.0,0.0,0.0,0,0,0.0,0.0,0.0,0,0.0,0,0.0,0,0.0,0.0,0.0,0.0,0.0,0.0,0,0.0,0.0,0.0,0,0.0,229.87,229.87,0.0,,1472,"Promotions,_Sep_30,_2026  FULL HISTORY For Aevah.xlsx",2026-09-30
2025-01-12T00:00:00Z,WAWA,9bb5e7c0-ed48-4b10-4dbd-08dd663e4335,Wawa January 2025 Singles TPR,Complete - Unsettled (Open),Direct,2025-01-12,2025-01-25,2024-12-29,2025-01-11,Display,End Cap,,0.0,0.0,0.0,0.0,0.0,0.0,0.0,0.0,0,0,0.0,0.0,0.0,0,0.0,0,0.0,0,0.0,0.0,0.0,0.0,0.0,0.0,0,0.0,0.0,0.0,0,0.0,7050.0,7050.0,0.0,,9,"Promotions,_Sep_30,_2026  FULL HISTORY For Aevah.xlsx",2026-09-30
2025-07-01T00:00:00Z,DELEK,9bb8e87d-6361-4a41-dd92-08dd6bd158c7,DELEK July 2025 TPR,Complete - Unsettled (Open),"CORE-MARK INTERNATIONAL, INC.",2025-07-01,2025-07-31,2025-06-17,2025-06-30,Retailer price reduction,TPR,Puff 1CT,0.0,0.0,0.0,0.0,247.68,1.72,247.27,1.72,0,0,0.0,0.0,0.0,0,0.25,0,0.0,0,72.0,5527.8,0.15,829.16,6356.96,44.14,0,0.0,0.0,1589.24,0,0.0,0.0,1589.24,0.0,,160,"Promotions,_Sep_30,_2026  FULL HISTORY For Aevah.xlsx",2026-09-30
2026-01-08T00:00:00Z,PUBLIX,9be6d536-d75f-4b98-84c9-08de4f7c9ec1,January 2026 Puff 4-Pack TPR,Complete - Unsettled (Open),Direct,2026-01-08,2026-01-14,2026-01-08,2026-01-14,Retailer price reduction,TPR,Puff 4CT,10.99,8.99,2.0,0.182,39.84,6.64,39.84,6.64,0,0,0.0,0.0,0.0,0,2.0,0,0.0,0,72.0,16679.58,1.5,25019.39,41698.97,6949.83,0,0.0,0.0,83397.94,0,0.0,0.0,83397.94,62750.0,2026-01-19,914,"Promotions,_Sep_30,_2026  FULL HISTORY For Aevah.xlsx",2026-09-30
2026-10-01T00:00:00Z,Follett,9c1ae89b-acb7-4fb5-6374-08de5da29cfe,Follett October 2026 TPR,Planned,Vistar,2026-10-01,2026-10-14,2026-10-01,2026-10-14,Retailer price reduction,TPR,Puff 1CT,0.37375,3.39,0.0,0.0,247.68,1.72,247.68,1.72,0,0,0.0,0.0,0.0,0,0.33,0,0.0,0,380.16,9600.0,0.15,1440.0,11040.0,76.64,0,0.0,0.0,3643.2,0,0.0,0.0,3643.2,0.0,,1178,"Promotions,_Sep_30,_2026  FULL HISTORY For Aevah.xlsx",2026-09-30
2026-07-01T00:00:00Z,Dierbergs,9c27d4dc-ab8d-4c86-7f34-08de5da29cfe,Dierbergs July 2026 Puff Singles TPR,Complete - Unsettled (Open),Cohen Distributing,2026-07-01,2026-07-31,2026-07-01,2026-07-31,Retailer price reduction,TPR,Puff 1CT,0.42714285714285716,2.5,0.07,0.023414285714285714,247.68,1.72,247.68,1.72,0,0,0.0,0.0,0.0,0,0.25,0,0.0,0,252.0,6456.85,0.3,1937.05,8393.9,58.31,0,0.0,0.0,2098.44,0,0.0,0.0,2098.44,0.0,,1244,"Promotions,_Sep_30,_2026  FULL HISTORY For Aevah.xlsx",2026-09-30
2026-07-01T00:00:00Z,Dierbergs,9c27d4dc-ab8d-4c86-7f34-08de5da29cfe,Dierbergs July 2026 Puff Singles TPR,Complete - Unsettled (Open),Direct,2026-07-01,2026-07-31,2026-07-01,2026-07-31,Customer advertising,Ad,,0.0,0.0,0.0,0.0,0.0,0.0,0.0,0.0,0,0,0.0,0.0,0.0,0,0.0,0,0.0,0,0.0,0.0,0.0,0.0,0.0,0.0,0,0.0,0.0,0.0,0,0.0,2500.0,2500.0,0.0,,1244,"Promotions,_Sep_30,_2026  FULL HISTORY For Aevah.xlsx",2026-09-30
2026-11-01T00:00:00Z,Holiday Oil,9c378ab4-be82-4794-7f4b-08de5da29cfe,Holiday Oil November 2026 Puff Singles TPR,Planned,Cottonwood Distributing,2026-11-01,2026-11-30,2026-11-01,2026-11-30,Retailer price reduction,TPR,Puff 1CT,0.5695238095238095,2.5,0.09333333333333334,0.031219047619047622,234.10285714285712,1.625714285714286,234.10285714285712,1.543809523809524,0,0,0.0,0.0,0.0,0,0.25,0,0.0,0,720.0,9704.15,0.15,1455.62,11159.77,77.49,0,0.0,0.0,2789.96,0,0.0,0.0,2789.96,0.0,,1267,"Promotions,_Sep_30,_2026  FULL HISTORY For Aevah.xlsx",2026-09-30
2026-08-01T00:00:00Z,Albertsons Seattle,9c4f1347-3beb-4b01-b6e7-08de8bfc2efc,August 2026 $8.99 TPR,Complete - Unsettled (Open),Direct,2026-08-01,2026-08-28,2026-08-01,2026-08-28,Retailer price reduction,TPR,Puff 4CT,10.99,8.99,2.0,0.182,39.84,6.64,39.84,6.64,0,0,0.0,0.0,0.0,0,2.0,0,0.0,0,48.0,6168.0,1.0,6168.0,12336.0,2056.0,0,0.0,0.0,24672.0,0,0.0,0.0,24672.0,13082.0,2026-08-27,1483,"Promotions,_Sep_30,_2026  FULL HISTORY For Aevah.xlsx",2026-09-30
2026-08-01T00:00:00Z,TOPS,9c55c07b-1dfd-4b01-4077-08de5da29cfe,TOPS August 2026 Puff Singles TPR,Complete - Unsettled (Open),UNFI,2026-08-01,2026-08-30,2026-08-01,2026-08-30,Retailer price reduction,TPR,Puff 1CT,0.0,2.5,0.0,0.0,247.68,1.72,193.19,1.34,0,0,0.0,0.0,0.0,0,0.39,0,0.0,0,168.48,3214.27,0.2,642.85,3857.12,26.78,0,0.0,0.0,1504.27,0,0.0,0.0,1504.27,495.32,2026-09-02,1124,"Promotions,_Sep_30,_2026  FULL HISTORY For Aevah.xlsx",2026-09-30
2026-05-01T00:00:00Z,EXTRA MILE,9c67496c-5897-460c-7f3b-08de5da29cfe,EXTRA MILE May 2026 Puff Singles TPR,Complete - Unsettled (Open),MCLANE GROCER,2026-05-01,2026-05-31,2026-05-01,2026-05-31,Retailer price reduction,TPR,Puff 1CT,0.0,2.39,0.0,0.0,247.68,1.72,242.31666666666666,1.6833333333333333,0,0,0.0,0.0,0.0,0,0.5,0,0.0,0,216.0,25047.64,0.3,7514.3,32561.94,226.13,0,0.0,0.0,16280.98,0,0.0,0.0,16280.98,0.0,,1251,"Promotions,_Sep_30,_2026  FULL HISTORY For Aevah.xlsx",2026-09-30
2025-05-01T00:00:00Z,TERRIBLES,9cae9f96-9f08-441f-e2fe-08dd6bd158c7,TERRIBLES May 2025 TPR,Complete - Unsettled (Open),"CORE-MARK INTERNATIONAL, INC.",2025-05-01,2025-05-30,2025-04-17,2025-04-30,Retailer price reduction,TPR,Puff 1CT,0.0,0.0,0.0,0.0,247.68,1.72,247.27,1.72,0,0,0.0,0.0,0.0,0,0.95,0,0.0,0,410.4,5013.0,0.2,1002.6,6015.6,41.76,0,0.0,0.0,5714.82,0,0.0,0.0,5714.82,0.0,,176,"Promotions,_Sep_30,_2026  FULL HISTORY For Aevah.xlsx",2026-09-30
2026-03-01T00:00:00Z,FRED MEYER,9cca5b9b-a5ea-4fec-4038-08de5da29cfe,FRED MEYER March 2026 Puff Singles TPR,Complete - Unsettled (Open),UNFI,2026-03-01,2026-03-30,2026-03-01,2026-03-30,Retailer price reduction,TPR,Puff 1CT,2.1357142857142857,2.5,0.35,0.11707142857142858,247.68,1.72,256.6014285714285,1.3,0,0,0.0,0.0,0.0,0,0.3,0,0.0,0,216.0,17489.08,0.2,3497.81,20986.89,145.74,0,0.0,0.0,6296.08,0,0.0,0.0,6296.08,9314.1,2026-05-01,1061,"Promotions,_Sep_30,_2026  FULL HISTORY For Aevah.xlsx",2026-09-30
2025-08-07T00:00:00Z,BIG Y,9cdb86e0-4292-4e33-28d8-08dd721102ed,Big Y September 2025 Puff TPR,Complete - Unsettled (Open),UNFI,2025-08-07,2025-09-10,2025-07-24,2025-08-06,Retailer price reduction,TPR,Puff 1CT,0.0,0.0,0.0,0.0,247.68,1.72,244.17,1.7,0,0,0.0,0.0,0.0,0,0.2,0,0.0,0,115.2,7564.42,0.4,3025.77,10590.19,73.54,0,0.0,0.0,2118.03,0,0.0,0.0,2118.03,3277.6,2025-10-19,640,"Promotions,_Sep_30,_2026  FULL HISTORY For Aevah.xlsx",2026-09-30
2025-09-01T00:00:00Z,FRED MEYER,9da080e3-e800-4c4c-d3bc-08dd6bd158c9,FRED MEYER September 2025 TPR,Complete - Unsettled (Open),UNFI,2025-09-01,2025-09-30,2025-08-18,2025-08-31,Retailer price reduction,TPR,Puff 1CT,1.9933333333333332,0.0,1.9933333333333332,0.6666666666666667,220.16,1.528888888888889,257.19,1.22,0,0,0.0,0.0,0.0,0,0.3,0,0.0,0,259.2,15862.17,0.3,4758.65,20620.82,143.21,0,0.0,0.0,6186.24,0,0.0,0.0,6186.24,7764.9,2025-11-17,300,"Promotions,_Sep_30,_2026  FULL HISTORY For Aevah.xlsx",2026-09-30
2025-09-01T00:00:00Z,FRED MEYER,9da080e3-e800-4c4c-d3bc-08dd6bd158c9,FRED MEYER September 2025 TPR,Complete - Unsettled (Open),UNFI,2025-09-01,2025-09-30,2025-08-18,2025-08-31,Retailer price reduction,TPR,Puff 4CT,10.99,0.0,10.99,1.0,39.84,6.64,35.7,5.95,0,0,0.0,0.0,0.0,0,0.75,0,0.0,0,27.0,6170.32,0.35,2159.62,8329.94,1388.32,0,0.0,0.0,6247.46,0,0.0,0.0,6247.46,0.0,2025-11-17,300,"Promotions,_Sep_30,_2026  FULL HISTORY For Aevah.xlsx",2026-09-30
2026-04-01T00:00:00Z,Weis Markets,9dcc6fa6-8c8e-4875-408e-08de5da29cfe,Weis Markets April 2026 Puff Singles TPR,Complete - Unsettled (Open),C&S Wholesale,2026-04-01,2026-04-30,2026-04-01,2026-04-30,Retailer price reduction,TPR,Puff 1CT,0.598,2.5,0.098,0.03278,235.008,1.632,235.008,1.546,0,0,0.0,0.0,0.0,0,0.25,0,0.0,0,684.0,1730.53,0.19,346.11,2076.64,14.42,0,0.0,0.0,519.16,0,0.0,0.0,519.16,275.01,2026-07-07,1147,"Promotions,_Sep_30,_2026  FULL HISTORY For Aevah.xlsx",2026-09-30
2026-04-01T00:00:00Z,Weis Markets,9dcc6fa6-8c8e-4875-408e-08de5da29cfe,Weis Markets April 2026 Puff Singles TPR,Complete - Unsettled (Open),C&S Wholesale,2026-04-01,2026-04-30,2026-04-01,2026-04-30,Retailer price reduction,TPR,Puff Shipper,0.0,2.5,0.0,0.0,130.94,2.745,130.94,0.4091666666666667,0,0,0.0,0.0,0.0,0,0.25,0,0.0,0,5508.0,2781.95,0.04166666666666667,556.39,3338.34,0.0,0,0.0,0.0,834.58,0,0.0,0.0,834.58,0.0,2026-07-07,1147,"Promotions,_Sep_30,_2026  FULL HISTORY For Aevah.xlsx",2026-09-30
2026-04-01T00:00:00Z,Weis Markets,9dcc6fa6-8c8e-4875-408e-08de5da29cfe,Weis Markets April 2026 Puff Singles TPR,Complete - Unsettled (Open),C&S Wholesale,2026-04-01,2026-04-30,2026-04-01,2026-04-30,Retailer price reduction,TPR,Club Packs,0.0,2.5,0.0,0.0,9103.5,17.34,9103.5,17.34,0,0,0.0,0.0,0.0,0,0.25,0,0.0,0,131.25,0.0,0.2,0.0,0.0,0.0,0,0.0,0.0,0.0,0,0.0,0.0,0.0,6.98,2026-07-07,1147,"Promotions,_Sep_30,_2026  FULL HISTORY For Aevah.xlsx",2026-09-30
2026-04-01T00:00:00Z,MEIJER,9e483bdf-3576-4039-637e-08de5da29cfe,MEIJER April 2026 TPR,Complete - Unsettled (Open),Direct,2026-04-01,2026-04-30,2026-04-01,2026-04-30,Retailer price reduction,TPR,Puff 4CT,0.0,8.49,0.0,0.0,39.84,6.64,39.04,6.51,0,0,0.0,0.0,0.0,0,0.7,0,0.0,0,12.6,12243.85,0.4,4897.54,17141.39,2856.9,0,0.0,0.0,11998.97,0,0.0,0.0,11998.97,15159.87,2026-05-11,1188,"Promotions,_Sep_30,_2026  FULL HISTORY For Aevah.xlsx",2026-09-30
2026-04-01T00:00:00Z,MEIJER,9e483bdf-3576-4039-637e-08de5da29cfe,MEIJER April 2026 TPR,Complete - Unsettled (Open),Direct,2026-04-01,2026-04-30,2026-04-01,2026-04-30,Display,PDQ,,0.0,0.0,0.0,0.0,0.0,0.0,0.0,0.0,0,0,0.0,0.0,0.0,0,0.0,0,0.0,0,0.0,0.0,0.0,0.0,0.0,0.0,0,0.0,0.0,0.0,0,0.0,500.0,500.0,0.0,2026-05-11,1188,"Promotions,_Sep_30,_2026  FULL HISTORY For Aevah.xlsx",2026-09-30
2027-01-01T00:00:00Z,DELEK,9ebc77b4-6274-4a35-dee8-08dd6bd158c7,DELEK January 2027 TPR,Planned,"CORE-MARK INTERNATIONAL, INC.",2027-01-01,2027-01-30,2026-12-18,2026-12-31,Retailer price reduction,TPR,Puff 1CT,0.0,0.0,0.0,0.0,247.68,1.72,242.62,1.68,0,0,0.0,0.0,0.0,0,0.25,0,0.0,0,72.0,387.52,0.15,58.12,445.64,3.1,0,0.0,0.0,111.4,0,0.0,0.0,111.4,0.0,,166,"Promotions,_Sep_30,_2026  FULL HISTORY For Aevah.xlsx",2026-09-30
2026-08-01T00:00:00Z,Albertsons Mid-Atlantic,9ee3b707-5c76-4350-a09b-08de89a46b1d,August 2026 $8.99 TPR,Complete - Unsettled (Open),Direct,2026-08-01,2026-08-28,2026-08-01,2026-08-28,Retailer price reduction,TPR,Puff 4CT,10.99,8.99,2.0,0.182,39.84,6.64,39.84,6.64,0,0,0.0,0.0,0.0,0,2.0,0,0.0,0,48.0,7050.4,0.75,5287.8,12338.2,2056.37,0,0.0,0.0,24676.4,0,0.0,0.0,24676.4,15656.0,2026-08-31,1458,"Promotions,_Sep_30,_2026  FULL HISTORY For Aevah.xlsx",2026-09-30
2026-06-08T00:00:00Z,"CORE-MARK INTERNATIONAL, INC.",9efff774-343e-4b4a-67ca-08dedd29a8f9,Core-Mark Expo Promo June 2026,Complete - Unsettled (Open),Direct,2026-06-08,2026-07-08,2026-06-08,2026-07-08,Distributor price reduction,,Puff 1CT,0.0,0.0,0.0,0.0,0.0,0.0,240.87,0.0,0,0,0.0,0.0,0.0,0,0.0,0,0.0,0,0.0,0.0,0.0,0.0,0.0,0.0,0,0.0,80522.28,0.0,0,0.0,0.0,80522.28,1431.25,2026-08-05,1580,"Promotions,_Sep_30,_2026  FULL HISTORY For Aevah.xlsx",2026-09-30
2026-06-08T00:00:00Z,"CORE-MARK INTERNATIONAL, INC.",9efff774-343e-4b4a-67ca-08dedd29a8f9,Core-Mark Expo Promo June 2026,Complete - Unsettled (Open),Direct,2026-06-08,2026-07-08,2026-06-08,2026-07-08,Distributor price reduction,,Puff 4CT,0.0,0.0,0.0,0.0,0.0,0.0,38.74,0.0,0,0,0.0,0.0,0.0,0,0.0,0,0.0,0,0.0,0.0,0.0,0.0,0.0,0.0,0,0.0,3597.43,0.0,0,0.0,0.0,3597.43,0.0,2026-08-05,1580,"Promotions,_Sep_30,_2026  FULL HISTORY For Aevah.xlsx",2026-09-30
2025-10-01T00:00:00Z,EXTRA MILE,9f8744b8-6ec0-44e6-f578-08dd6bd158ca,EXTRA MILE October 2025 TPR,Complete - Unsettled (Open),MCLANE GROCER,2025-10-01,2025-10-31,2025-09-17,2025-09-30,Retailer price reduction,TPR,Puff 4CT,0.0,0.0,0.0,0.0,39.84,6.64,38.94,6.49,0,0,0.0,0.0,0.0,0,0.3,0,0.0,0,3.6,2282.94,0.2,456.58,2739.52,456.58,0,0.0,0.0,821.86,0,0.0,0.0,821.86,0.0,,416,"Promotions,_Sep_30,_2026  FULL HISTORY For Aevah.xlsx",2026-09-30
2025-10-01T00:00:00Z,EXTRA MILE,9f8744b8-6ec0-44e6-f578-08dd6bd158ca,EXTRA MILE October 2025 TPR,Complete - Unsettled (Open),MCLANE GROCER,2025-10-01,2025-10-31,2025-09-17,2025-09-30,Retailer price reduction,TPR,Puff 1CT,0.0,0.0,0.0,0.0,247.68,1.72,247.22,1.72,0,0,0.0,0.0,0.0,0,0.4,0,0.0,0,172.8,38196.42,0.2,7639.28,45835.7,318.3,0,0.0,0.0,18334.28,0,0.0,0.0,18334.28,0.0,,416,"Promotions,_Sep_30,_2026  FULL HISTORY For Aevah.xlsx",2026-09-30
2026-08-01T00:00:00Z,TARGET CORPORATION,9f8c2e37-f1ed-494e-d74a-08de5cdc8bfa,TARGET August 2026 Puff 4-Pack TPR,Complete - Unsettled (Open),Direct,2026-08-01,2026-08-30,2026-08-01,2026-08-30,Retailer price reduction,TPR,Puff 4CT,8.99,8.49,0.5,0.0556,36.66,6.11,35.93,5.99,0,0,0.0,0.0,0.0,0,0.5,0,0.0,0,27.0,392507.62,0.4,157003.05,549510.67,91585.11,0,0.0,0.0,274755.34,0,0.0,0.0,274755.34,35291.73,2026-08-01,1011,"Promotions,_Sep_30,_2026  FULL HISTORY For Aevah.xlsx",2026-09-30
2025-01-01T00:00:00Z,CEFCO,9fa1747a-1f88-4c25-004e-08dd6bd158cc,Cefco January 2025 TPR,Complete - Unsettled (Open),"GROCERY SUPPLY COMPANY, INC",2025-01-01,2025-01-31,2024-12-18,2024-12-31,Retailer price reduction,TPR,Puff 1CT,0.0,0.0,0.0,0.0,20.64,0.14,247.68,1.72,0,0,0.0,0.0,0.0,0,0.25,0,0.0,0,108.0,3944.55,0.16666666666666669,657.43,4601.98,31.96,0,0.0,0.0,1150.5,0,0.0,0.0,1150.5,0.0,,508,"Promotions,_Sep_30,_2026  FULL HISTORY For Aevah.xlsx",2026-09-30
2025-09-01T00:00:00Z,CIRCLE K,a0ba03b1-9ed0-4482-ee2a-08dd6bd158ca,CIRCLE K EAST September 2025 TPR,Complete - Unsettled (Open),"CORE-MARK INTERNATIONAL, INC.",2025-09-01,2025-09-30,2025-08-18,2025-08-31,Retailer price reduction,TPR,Puff 1CT,3.49,0.0,3.49,1.0,247.68,1.72,247.27,1.72,0,0,0.0,0.0,0.0,0,0.59,0,0.0,0,169.92,37457.14,0.15,5618.58,43075.72,299.14,0,0.0,0.0,12707.34,0,0.0,0.0,12707.34,0.0,,394,"Promotions,_Sep_30,_2026  FULL HISTORY For Aevah.xlsx",2026-09-30
2025-09-01T00:00:00Z,CIRCLE K,a0ba03b1-9ed0-4482-ee2a-08dd6bd158ca,CIRCLE K EAST September 2025 TPR,Complete - Unsettled (Open),MCLANE GROCER,2025-09-01,2025-09-30,2025-08-18,2025-08-31,Retailer price reduction,TPR,Puff 1CT,3.49,0.0,3.49,1.0,247.68,1.72,247.22,1.72,0,0,0.0,0.0,0.0,0,0.59,0,0.0,0,169.92,37457.14,0.15,5618.58,43075.72,299.14,0,0.0,0.0,12707.34,0,0.0,0.0,12707.34,0.0,,394,"Promotions,_Sep_30,_2026  FULL HISTORY For Aevah.xlsx",2026-09-30
2027-01-01T00:00:00Z,"ASSOCIATED FOOD STORES, INC.",a1a302ed-555c-41e7-df7f-08dd6bd158ca,"ASSOCIATED FOOD STORES, INC. January 2027 TPR",Planned,Direct,2027-01-01,2027-01-30,2026-12-18,2026-12-31,Retailer price reduction,TPR,Puff 1CT,2.99,0.0,2.99,1.0,247.68,1.72,247.68,1.72,0,0,0.0,0.0,0.0,0,0.5,0,0.0,0,504.0,1464.59,0.4,585.84,2050.43,14.24,0,0.0,0.0,1025.23,0,0.0,0.0,1025.23,0.0,,363,"Promotions,_Sep_30,_2026  FULL HISTORY For Aevah.xlsx",2026-09-30
2027-01-01T00:00:00Z,"ASSOCIATED FOOD STORES, INC.",a1a302ed-555c-41e7-df7f-08dd6bd158ca,"ASSOCIATED FOOD STORES, INC. January 2027 TPR",Planned,Direct,2027-01-01,2027-01-30,2026-12-18,2026-12-31,Retailer price reduction,TPR,Puff 4CT,10.99,0.0,10.99,1.0,39.84,6.64,39.84,6.64,0,0,0.0,0.0,0.0,0,0.0,0,0.0,0,0.0,223.29,0.5,111.64,334.93,55.82,0,0.0,0.0,0.0,0,0.0,0.0,0.0,0.0,,363,"Promotions,_Sep_30,_2026  FULL HISTORY For Aevah.xlsx",2026-09-30
2027-01-01T00:00:00Z,"ASSOCIATED FOOD STORES, INC.",a1a302ed-555c-41e7-df7f-08dd6bd158ca,"ASSOCIATED FOOD STORES, INC. January 2027 TPR",Planned,Direct,2027-01-01,2027-01-30,2026-12-18,2026-12-31,Retailer price reduction,TPR,Bar 1CT,0.0,0.0,0.0,0.0,247.68,1.72,247.68,0.0,0,0,0.0,0.0,0.0,0,0.5,0,0.0,0,0.0,0.0,0.4,0.0,0.0,0.0,0,0.0,0.0,0.0,0,0.0,0.0,0.0,0.0,,363,"Promotions,_Sep_30,_2026  FULL HISTORY For Aevah.xlsx",2026-09-30
2026-08-01T00:00:00Z,SMITHS,a1e924a5-4092-4245-405f-08de5da29cfe,SMITHS August 2026 Puff 4-Pack TPR,Complete - Unsettled (Open),UNFI,2026-08-01,2026-08-31,2026-08-01,2026-08-31,Retailer price reduction,TPR,Puff 4CT,10.99,9.99,1.0,0.091,39.84,6.64,39.04,6.51,0,0,0.0,0.0,0.0,0,0.8,0,0.0,0,28.8,4503.86,0.25,1125.96,5629.82,938.3,0,0.0,0.0,4503.86,0,0.0,0.0,4503.86,0.0,,1100,"Promotions,_Sep_30,_2026  FULL HISTORY For Aevah.xlsx",2026-09-30
2025-03-01T00:00:00Z,NORTHWEST GROCERS,a207def8-05e7-4e5f-28f8-08dd721102ed,NORTHWEST GROCERS March 2025 Puff TPR,Complete - Unsettled (Open),KEHE DISTRIBUTORS,2025-03-01,2025-03-30,2025-02-15,2025-02-28,Retailer price reduction,TPR,Puff 1CT,0.0,0.0,0.0,0.0,247.68,1.72,271.09,1.88,0,0,0.0,0.0,0.0,0,0.5,0,0.0,0,216.0,2828.56,0.4,1131.42,3959.98,27.5,0,0.0,0.0,1980.0,0,0.0,0.0,1980.0,35.0,2025-04-28,641,"Promotions,_Sep_30,_2026  FULL HISTORY For Aevah.xlsx",2026-09-30
2025-06-01T00:00:00Z,KWIK TRIP,a246f699-cdf2-491e-e99d-08dd6bd158ca,KWIK TRIP June 2025 TPR,Complete - Unsettled (Open),Direct,2025-06-01,2025-06-30,2025-05-18,2025-05-31,Retailer price reduction,TPR,Puff 1CT,2.193333333333334,0.0,2.193333333333334,0.6666666666666667,247.68,1.72,242.73,1.1266666666666667,0,0,0.0,0.0,0.0,0,1.0,0,0.0,0,288.0,27854.36,0.3,8356.31,36210.67,251.46,0,0.0,0.0,36210.67,0,0.0,0.0,36210.67,10000.0,2025-07-03,377,"Promotions,_Sep_30,_2026  FULL HISTORY For Aevah.xlsx",2026-09-30
2026-10-01T00:00:00Z,Albertsons Shaws,a27a7565-6a84-4f5d-c17e-08de8bfc2efc,October 2026 $9.99 TPR,Planned,Direct,2026-10-01,2026-10-28,2026-10-01,2026-10-28,Retailer price reduction,TPR,Puff 4CT,10.99,9.99,1.0,0.091,39.84,6.64,39.84,6.64,0,0,0.0,0.0,0.0,0,1.0,0,0.0,0,24.0,6153.6,0.4,2461.44,8615.04,1435.84,0,0.0,0.0,8615.04,0,0.0,0.0,8615.04,0.0,,1493,"Promotions,_Sep_30,_2026  FULL HISTORY For Aevah.xlsx",2026-09-30
2025-08-01T00:00:00Z,HARRIS TEETER,a29ff740-76e1-4471-ed39-08dd6bd158c9,HARRIS TEETER August 2025 TPR,Complete - Unsettled (Open),KEHE DISTRIBUTORS,2025-08-01,2025-08-28,2025-07-18,2025-07-31,Retailer price reduction,TPR,Puff 1CT,0.0,0.0,0.0,0.0,247.68,1.72,243.35,1.69,0,0,0.0,0.0,0.0,0,0.3,0,0.0,0,129.6,11489.68,0.2,2297.94,13787.62,95.75,0,0.0,0.0,4136.29,0,0.0,0.0,4136.29,0.0,,329,"Promotions,_Sep_30,_2026  FULL HISTORY For Aevah.xlsx",2026-09-30
2026-06-01T00:00:00Z,MEIJER,a2c011c4-ea6d-4553-6380-08de5da29cfe,MEIJER June 2026 TPR,Complete - Unsettled (Open),Direct,2026-06-01,2026-06-07,2026-06-01,2026-06-07,Retailer price reduction,TPR,Puff 4CT,0.0,6.49,0.0,0.0,39.84,6.64,39.04,6.51,0,0,0.0,0.0,0.0,0,1.33,0,0.0,0,23.94,2856.9,0.3,857.07,3713.97,619.0,0,0.0,0.0,4939.58,0,0.0,0.0,4939.58,0.0,,1190,"Promotions,_Sep_30,_2026  FULL HISTORY For Aevah.xlsx",2026-09-30
2026-06-01T00:00:00Z,MEIJER,a2c011c4-ea6d-4553-6380-08de5da29cfe,MEIJER June 2026 TPR,Complete - Unsettled (Open),Direct,2026-06-01,2026-06-07,2026-06-01,2026-06-07,Display,PDQ,,0.0,0.0,0.0,0.0,0.0,0.0,0.0,0.0,0,0,0.0,0.0,0.0,0,0.0,0,0.0,0,0.0,0.0,0.0,0.0,0.0,0.0,0,0.0,0.0,0.0,0,0.0,500.0,500.0,0.0,,1190,"Promotions,_Sep_30,_2026  FULL HISTORY For Aevah.xlsx",2026-09-30
2026-04-29T00:00:00Z,Albertsons Shaws,a2c38ca1-0070-450c-bc2e-08de8bfc2efc,May 2026 $9.99 TPR + Digital,Complete - Unsettled (Open),Direct,2026-04-29,2026-05-26,2026-04-29,2026-05-26,Retailer price reduction,TPR,Puff 4CT,10.99,9.99,1.0,0.091,39.84,6.64,39.84,6.64,0,0,0.0,0.0,0.0,0,1.0,0,0.0,0,24.0,6153.6,0.4,2461.44,8615.04,1435.84,0,0.0,0.0,8615.04,0,0.0,0.0,8615.04,11509.0,2026-06-01,1489,"Promotions,_Sep_30,_2026  FULL HISTORY For Aevah.xlsx",2026-09-30
2026-04-29T00:00:00Z,Albertsons Shaws,a2c38ca1-0070-450c-bc2e-08de8bfc2efc,May 2026 $9.99 TPR + Digital,Complete - Unsettled (Open),Direct,2026-04-29,2026-05-26,2026-04-29,2026-05-26,Coupon,Digital Coupon,,0.0,0.0,0.0,0.0,0.0,0.0,0.0,0.0,0,0,0.0,0.0,0.0,0,0.0,0,0.0,0,0.0,0.0,0.0,0.0,0.0,0.0,0,0.0,0.0,0.0,0,0.0,430.75,430.75,0.0,2026-06-01,1489,"Promotions,_Sep_30,_2026  FULL HISTORY For Aevah.xlsx",2026-09-30
2026-01-13T00:00:00Z,KWIK TRIP,a2f156ee-1d91-403a-7f5e-08de5da29cfe,KWIK TRIP January 2026 Puff Singles TPR,Complete - Unsettled (Open),Direct,2026-01-13,2026-01-26,2026-01-13,2026-01-26,Retailer price reduction,TPR,Puff 1CT,3.215,2.0,1.215,0.37685,247.68,1.72,242.73,1.2675,0,0,0.0,0.0,0.0,0,0.55,0,0.0,0,237.6,34885.54,0.9,31396.98,66282.52,460.29,0,0.0,0.0,36455.39,0,0.0,0.0,36455.39,43174.45,2026-02-12,1286,"Promotions,_Sep_30,_2026  FULL HISTORY For Aevah.xlsx",2026-09-30
2026-01-13T00:00:00Z,KWIK TRIP,a2f156ee-1d91-403a-7f5e-08de5da29cfe,KWIK TRIP January 2026 Puff Singles TPR,Complete - Unsettled (Open),Direct,2026-01-13,2026-01-26,2026-01-13,2026-01-26,Customer advertising,Ad,,0.0,0.0,0.0,0.0,0.0,0.0,0.0,0.0,0,0,0.0,0.0,0.0,0,0.0,0,0.0,0,0.0,0.0,0.0,0.0,0.0,0.0,0,0.0,0.0,0.0,0,0.0,10000.0,10000.0,10000.0,2026-02-12,1286,"Promotions,_Sep_30,_2026  FULL HISTORY For Aevah.xlsx",2026-09-30
2026-01-13T00:00:00Z,KWIK TRIP,a2f156ee-1d91-403a-7f5e-08de5da29cfe,KWIK TRIP January 2026 Puff Singles TPR,Complete - Unsettled (Open),Direct,2026-01-13,2026-01-26,2026-01-13,2026-01-26,Display,,,0.0,0.0,0.0,0.0,0.0,0.0,0.0,0.0,0,0,0.0,0.0,0.0,0,0.0,0,0.0,0,0.0,0.0,0.0,0.0,0.0,0.0,0,0.0,0.0,0.0,0,0.0,0.0,0.0,0.0,2026-02-12,1286,"Promotions,_Sep_30,_2026  FULL HISTORY For Aevah.xlsx",2026-09-30
2026-04-01T00:00:00Z,Albertsons Seattle,a352a33e-6b61-4e58-b481-08de8bfc2efc,April 2026 $1 off Digital Coupon,Complete - Unsettled (Open),Direct,2026-04-01,2026-04-28,2026-04-01,2026-04-28,Coupon,Digital Coupon,,0.0,0.0,0.0,0.0,0.0,0.0,0.0,0.0,0,0,0.0,0.0,0.0,0,0.0,0,0.0,0,0.0,0.0,0.0,0.0,0.0,0.0,0,0.0,0.0,0.0,0,0.0,381.55,381.55,0.0,,1480,"Promotions,_Sep_30,_2026  FULL HISTORY For Aevah.xlsx",2026-09-30
2026-02-01T00:00:00Z,MEIJER,a3aa2eb8-a4d7-401e-637c-08de5da29cfe,MEIJER February 2026 TPR,Complete - Unsettled (Open),Direct,2026-02-01,2026-02-10,2026-02-01,2026-02-10,Retailer price reduction,TPR,Puff 4CT,0.0,8.49,0.0,0.0,39.84,6.64,39.04,6.51,0,0,0.0,0.0,0.0,0,0.7,0,0.0,0,12.6,5171.37,0.55,2844.25,8015.62,1335.93,0,0.0,0.0,5610.93,0,0.0,0.0,5610.93,17800.8,2026-05-05,1186,"Promotions,_Sep_30,_2026  FULL HISTORY For Aevah.xlsx",2026-09-30
2025-05-01T00:00:00Z,THE GIANT COMPANY,a3c88fa5-2c46-42d5-d5d1-08dd6bd158c6,THE GIANT COMPANY May 2025 TPR,Complete - Unsettled (Open),UNFI,2025-05-01,2025-05-28,2025-04-17,2025-04-30,Retailer price reduction,TPR,Puff 1CT,0.0,0.0,0.0,0.0,206.4,1.4333333333333333,244.17,1.7,0,0,0.0,0.0,0.0,0,0.37,0,0.0,0,319.68,33103.72,0.3,9931.12,43034.84,298.85,0,0.0,0.0,15922.88,0,0.0,0.0,15922.88,0.0,,115,"Promotions,_Sep_30,_2026  FULL HISTORY For Aevah.xlsx",2026-09-30
2025-09-18T00:00:00Z,PUBLIX,a3e62f13-64bd-445a-16f8-08dd663e4335,Publix September 2025 Singles BOGO,Complete - Unsettled (Open),Direct,2025-09-18,2025-09-26,2025-09-04,2025-09-17,Retailer price reduction,BOGO,Puff 1CT,0.0,0.0,0.0,0.0,198.144,1.376,247.68,1.376,0,0,0.0,0.0,0.0,0,2.79,0,0.0,0,1607.04,39571.8,5.0,197859.0,237430.8,1648.83,0,0.0,0.0,662431.93,0,0.0,0.0,662431.93,0.0,,4,"Promotions,_Sep_30,_2026  FULL HISTORY For Aevah.xlsx",2026-09-30
2025-09-18T00:00:00Z,PUBLIX,a3e62f13-64bd-445a-16f8-08dd663e4335,Publix September 2025 Singles BOGO,Complete - Unsettled (Open),Direct,2025-09-18,2025-09-26,2025-09-04,2025-09-17,Retailer price reduction,BOGO,Bar 1CT,0.0,0.0,0.0,0.0,247.68,1.72,247.68,0.0,0,0,0.0,0.0,0.0,0,2.79,0,0.0,0,0.0,0.0,5.0,0.0,0.0,0.0,0,0.0,0.0,0.0,0,0.0,0.0,0.0,0.0,,4,"Promotions,_Sep_30,_2026  FULL HISTORY For Aevah.xlsx",2026-09-30
2025-05-01T00:00:00Z,HARMONS NEIGHBORHOOD GROCER,a4209c60-3b13-44f0-28e7-08dd721102ed,HARMONS NEIGHBORHOOD GROCER May 2025 Bar TPR,Complete - Unsettled (Open),ON THE DOT DISTRIBUTION,2025-05-01,2025-05-30,2025-04-17,2025-04-30,Retailer price reduction,TPR,Bar 1CT,0.0,0.0,0.0,0.0,247.68,1.72,247.68,1.72,0,0,0.0,0.0,0.0,0,0.25,0,0.0,0,108.0,2100.17,0.5,1050.09,3150.26,21.88,0,0.0,0.0,787.56,0,0.0,0.0,787.56,0.0,,642,"Promotions,_Sep_30,_2026  FULL HISTORY For Aevah.xlsx",2026-09-30
2025-05-01T00:00:00Z,HARMONS NEIGHBORHOOD GROCER,a4209c60-3b13-44f0-28e7-08dd721102ed,HARMONS NEIGHBORHOOD GROCER May 2025 Bar TPR,Complete - Unsettled (Open),Direct,2025-05-01,2025-05-30,2025-04-17,2025-04-30,Customer advertising,Ad,,0.0,0.0,0.0,0.0,0.0,0.0,0.0,0.0,0,0,0.0,0.0,0.0,0,0.0,0,0.0,0,0.0,0.0,0.0,0.0,0.0,0.0,0,0.0,0.0,0.0,0,0.0,5000.0,5000.0,0.0,,642,"Promotions,_Sep_30,_2026  FULL HISTORY For Aevah.xlsx",2026-09-30
2026-08-01T00:00:00Z,Albertsons Shaws,a4faa819-1a88-4f62-c153-08de8bfc2efc,August 2026 $8.99 TPR,Complete - Unsettled (Open),Direct,2026-08-01,2026-08-28,2026-08-01,2026-08-28,Retailer price reduction,TPR,Puff 4CT,10.99,8.99,2.0,0.182,39.84,6.64,39.84,6.64,0,0,0.0,0.0,0.0,0,2.0,0,0.0,0,48.0,6153.6,0.75,4615.2,10768.8,1794.8,0,0.0,0.0,21537.6,0,0.0,0.0,21537.6,11416.0,2026-08-31,1491,"Promotions,_Sep_30,_2026  FULL HISTORY For Aevah.xlsx",2026-09-30
2026-09-01T00:00:00Z,Weigels,a5289003-00c0-4d08-639b-08de5da29cfe,Weigels October 2026 TPR,In progress,HT Hackney,2026-09-01,2026-10-31,2026-09-01,2026-10-31,Retailer price reduction,TPR,Puff 1CT,0.0,3.39,0.0,0.0,247.68,1.72,247.68,1.72,0,0,0.0,0.0,0.0,0,0.25,0,0.0,0,108.0,4444.26,0.15,666.63,5110.89,35.49,0,0.0,0.0,1277.73,0,0.0,0.0,1277.73,0.0,,1217,"Promotions,_Sep_30,_2026  FULL HISTORY For Aevah.xlsx",2026-09-30
2026-09-01T00:00:00Z,Weigels,a5289003-00c0-4d08-639b-08de5da29cfe,Weigels October 2026 TPR,In progress,Direct,2026-09-01,2026-10-31,2026-09-01,2026-10-31,Customer advertising,Ad,,0.0,0.0,0.0,0.0,0.0,0.0,0.0,0.0,0,0,0.0,0.0,0.0,0,0.0,0,0.0,0,0.0,0.0,0.0,0.0,0.0,0.0,0,0.0,0.0,0.0,0,0.0,375.0,375.0,0.0,,1217,"Promotions,_Sep_30,_2026  FULL HISTORY For Aevah.xlsx",2026-09-30
2026-01-01T00:00:00Z,Albertsons United,a562c2b7-fd2a-4e4e-93b1-08de5f343061,"January Shippers 72ct 3flav, 72ct 6flav",Complete - Unsettled (Open),KEHE DISTRIBUTORS,2026-01-01,2026-01-31,2026-01-01,2026-01-31,Retailer price reduction,TPR,Puff Shipper,0.0,0.0,0.0,0.0,123.84,1.72,121.36,0.2066666666666667,0,0,0.0,0.0,0.0,0,0.17,0,0.0,0,5067.36,11961.66,0.0,0.0,11961.66,0.0,0,0.0,0.0,2033.48,0,0.0,0.0,2033.48,0.0,,1379,"Promotions,_Sep_30,_2026  FULL HISTORY For Aevah.xlsx",2026-09-30
2026-07-01T00:00:00Z,PLAID PANTRY,a6111b8d-49b7-4d16-7f70-08de5da29cfe,PLAID PANTRY July 2026 Puff Singles TPR,Complete - Unsettled (Open),"CORE-MARK INTERNATIONAL, INC.",2026-07-01,2026-07-14,2026-07-01,2026-07-14,Retailer price reduction,TPR,Puff 1CT,0.0,1.72,0.0,0.0,247.68,1.72,242.73,1.69,0,0,0.0,0.0,0.0,0,0.8,0,0.0,0,460.8,1136.9,0.3,341.07,1477.97,10.26,0,0.0,0.0,1182.38,0,0.0,0.0,1182.38,0.0,,1304,"Promotions,_Sep_30,_2026  FULL HISTORY For Aevah.xlsx",2026-09-30
2026-07-01T00:00:00Z,PLAID PANTRY,a6111b8d-49b7-4d16-7f70-08de5da29cfe,PLAID PANTRY July 2026 Puff Singles TPR,Complete - Unsettled (Open),Direct,2026-07-01,2026-07-14,2026-07-01,2026-07-14,Display,PDQ,,0.0,0.0,0.0,0.0,0.0,0.0,0.0,0.0,0,0,0.0,0.0,0.0,0,0.0,0,0.0,0,0.0,0.0,0.0,0.0,0.0,0.0,0,0.0,0.0,0.0,0,0.0,3000.0,3000.0,0.0,,1304,"Promotions,_Sep_30,_2026  FULL HISTORY For Aevah.xlsx",2026-09-30
2026-09-01T00:00:00Z,TERRIBLES,a64348ad-fc28-495d-7f82-08de5da29cfe,TERRIBLES September 2026 Puff Singles TPR,In progress,"CORE-MARK INTERNATIONAL, INC.",2026-09-01,2026-09-30,2026-09-01,2026-09-30,Retailer price reduction,TPR,Puff 1CT,0.0,2.39,0.0,0.0,247.68,1.72,242.73,1.69,0,0,0.0,0.0,0.0,0,0.69,0,0.0,0,298.08,5760.9,0.2,1152.18,6913.08,48.0,0,0.0,0.0,4770.03,0,0.0,0.0,4770.03,0.0,,1322,"Promotions,_Sep_30,_2026  FULL HISTORY For Aevah.xlsx",2026-09-30
2026-11-23T00:00:00Z,WAWA,a704f683-294d-4667-6399-08de5da29cfe,WAWA December 2026 TPR,Planned,Direct,2026-11-23,2026-12-06,2026-11-23,2026-12-06,Display,PDQ,,0.0,0.0,0.0,0.0,0.0,0.0,0.0,0.0,0,0,0.0,0.0,0.0,0,0.0,0,0.0,0,0.0,0.0,0.0,0.0,0.0,0.0,0,0.0,0.0,0.0,0,0.0,7500.0,7500.0,0.0,,1215,"Promotions,_Sep_30,_2026  FULL HISTORY For Aevah.xlsx",2026-09-30
2026-12-01T00:00:00Z,"SHEETZ DISTRIBUTION SERVICE, LLC",a797ed8c-042e-4af0-638c-08de5da29cfe,"SHEETZ DISTRIBUTION SERVICE, LLC December 2026 TPR",Planned,Direct,2026-12-01,2026-12-31,2026-12-01,2026-12-31,Retailer price reduction,TPR,Puff 1CT,0.37375,3.39,0.0,0.0,247.68,1.72,242.47,1.68,0,0,0.0,0.0,0.0,0,0.17,0,0.0,0,195.84,86843.07,0.15,13026.45,99869.52,693.53,0,0.0,0.0,16977.8,0,0.0,0.0,16977.8,0.0,,1202,"Promotions,_Sep_30,_2026  FULL HISTORY For Aevah.xlsx",2026-09-30
2026-03-04T00:00:00Z,Albertsons Shaws,a8ad098d-75ac-4ac1-bbcc-08de8bfc2efc,March 2026 $9.99 National Event TPR,Complete - Unsettled (Open),Direct,2026-03-04,2026-03-31,2026-03-04,2026-03-31,Retailer price reduction,TPR,Puff 4CT,10.99,9.99,1.0,0.091,39.84,6.64,39.84,6.64,0,0,0.0,0.0,0.0,0,1.0,0,0.0,0,24.0,6198.4,0.5,3099.2,9297.6,1549.6,0,0.0,0.0,9297.6,0,0.0,0.0,9297.6,0.0,,1487,"Promotions,_Sep_30,_2026  FULL HISTORY For Aevah.xlsx",2026-09-30
2025-01-01T00:00:00Z,DELEK,a8b58e21-6d14-4e54-dd20-08dd6bd158c7,DELEK January 2025 TPR,Complete - Unsettled (Open),"CORE-MARK INTERNATIONAL, INC.",2025-01-01,2025-01-30,2024-12-18,2024-12-31,Retailer price reduction,TPR,Puff 1CT,0.0,0.0,0.0,0.0,20.64,0.14,247.68,1.72,0,0,0.0,0.0,0.0,0,0.25,0,0.0,0,72.0,3557.12,0.15,533.56,4090.68,28.4,0,0.0,0.0,1022.68,0,0.0,0.0,1022.68,0.0,,158,"Promotions,_Sep_30,_2026  FULL HISTORY For Aevah.xlsx",2026-09-30
2025-05-01T00:00:00Z,BRISTOL FARMS,a9e3954e-de6c-46c4-0b93-08dd6bd158cc,Bristol Farms May 2025 TPR,Complete - Unsettled (Open),UNFI,2025-05-01,2025-05-30,2025-04-17,2025-04-30,Retailer price reduction,TPR,Puff 1CT,3.49,0.0,3.49,1.0,247.68,1.72,268.59,1.87,0,0,0.0,0.0,0.0,0,0.3,0,0.0,0,302.4,2238.32,0.2142857142857143,479.63,2717.95,18.85,0,0.0,0.0,815.37,0,0.0,0.0,815.37,4.27,2025-05-31,537,"Promotions,_Sep_30,_2026  FULL HISTORY For Aevah.xlsx",2026-09-30
2025-09-01T00:00:00Z,VITAMIN SHOPPE,aaa2f6a5-96d4-46b0-d388-08dd6bd158c5,VITAMIN SHOPPE September 2025 TPR,Complete - Unsettled (Open),Direct,2025-09-01,2025-09-03,2025-08-18,2025-08-31,Retailer price reduction,TPR,Puff 1CT,2.632,0.0,2.632,0.8,198.144,1.376,247.352,1.376,0,0,0.0,0.0,0.0,0,1.0,0,0.0,0,576.0,16149.99,2.0,32299.98,48449.97,336.47,0,0.0,0.0,48449.97,0,0.0,0.0,48449.97,43627.03,2025-10-15,78,"Promotions,_Sep_30,_2026  FULL HISTORY For Aevah.xlsx",2026-09-30
2026-03-01T00:00:00Z,Food 4 Less,aad47c8c-e063-41cf-6703-08de5e781b74,Food 4 Less March 2026 TPR,Complete - Unsettled (Open),UNFI,2026-03-01,2026-03-31,2026-03-01,2026-03-31,Retailer price reduction,TPR,Puff 1CT,0.4983333333333333,1.99,0.16666666666666669,0.055733333333333336,247.68,1.72,242.73,1.69,0,0,0.0,0.0,0.0,0,0.33,0,0.0,0,285.12,4145.14,0.35,1450.8,5595.94,38.87,0,0.0,0.0,1846.65,0,0.0,0.0,1846.65,0.0,,1350,"Promotions,_Sep_30,_2026  FULL HISTORY For Aevah.xlsx",2026-09-30
2026-09-01T00:00:00Z,KROGER,aadf0066-ca8f-4d86-4055-08de5da29cfe,KROGER September 2026 Puff 4-Pack TPR,In progress,UNFI,2026-09-01,2026-09-30,2026-09-01,2026-09-30,Retailer price reduction,TPR,Puff 4CT,4.396,9.99,0.4,0.0364,39.84,6.64,39.04,6.51,0,0,0.0,0.0,0.0,0,0.8,0,0.0,0,24.0,15649.54,0.25,3912.38,19561.92,3260.32,0,0.0,0.0,15649.54,0,0.0,0.0,15649.54,0.0,,1090,"Promotions,_Sep_30,_2026  FULL HISTORY For Aevah.xlsx",2026-09-30
2026-04-01T00:00:00Z,SMITHS,aae82b33-dcf6-4f4a-405e-08de5da29cfe,SMITHS April 2026 Puff Singles TPR,Complete - Unsettled (Open),UNFI,2026-04-01,2026-04-15,2026-04-01,2026-04-15,Retailer price reduction,TPR,Puff 1CT,2.99,2.0,0.99,0.3311,247.68,1.72,245.96666666666664,1.7116666666666667,0,0,0.0,0.0,0.0,0,0.6,0,0.0,0,518.4,9243.07,0.3,2772.93,12016.0,83.44,0,0.0,0.0,7209.6,0,0.0,0.0,7209.6,0.0,,1099,"Promotions,_Sep_30,_2026  FULL HISTORY For Aevah.xlsx",2026-09-30
2025-10-01T00:00:00Z,WINCO,ab120727-bbd1-4e8a-debf-08dd6bd158c5,WINCO October 2025 TPR,Complete - Unsettled (Open),Direct,2025-10-01,2025-10-31,2025-09-17,2025-09-30,Retailer price reduction,TPR,Puff 1CT,2.99,0.0,2.99,1.0,247.68,1.72,247.68,1.72,0,0,0.0,0.0,0.0,0,0.13,0,0.0,0,112.32,135927.48,0.5,67963.73,203891.21,1415.9,0,0.0,0.0,26505.86,0,0.0,0.0,26505.86,0.0,,93,"Promotions,_Sep_30,_2026  FULL HISTORY For Aevah.xlsx",2026-09-30
2025-10-01T00:00:00Z,WINCO,ab120727-bbd1-4e8a-debf-08dd6bd158c5,WINCO October 2025 TPR,Complete - Unsettled (Open),Direct,2025-10-01,2025-10-31,2025-09-17,2025-09-30,Retailer price reduction,TPR,Bar 1CT,2.99,0.0,2.99,1.0,247.68,1.72,247.68,0.0,0,0,0.0,0.0,0.0,0,0.13,0,0.0,0,0.0,0.0,0.5,0.0,0.0,0.0,0,0.0,0.0,0.0,0,0.0,0.0,0.0,0.0,,93,"Promotions,_Sep_30,_2026  FULL HISTORY For Aevah.xlsx",2026-09-30
2027-01-01T00:00:00Z,PLAID PANTRY,ab2c47eb-169c-4766-ef19-08dd6bd158c7,PLAID PANTRY January 2027 TPR,Planned,"CORE-MARK INTERNATIONAL, INC.",2027-01-01,2027-01-31,2026-12-18,2026-12-31,Retailer price reduction,TPR,Puff 1CT,0.0,0.0,0.0,0.0,247.68,1.72,242.73,1.69,0,0,0.0,0.0,0.0,0,0.85,0,0.0,0,489.6,212.0,0.3,63.6,275.6,1.91,0,0.0,0.0,234.26,0,0.0,0.0,234.26,0.0,,223,"Promotions,_Sep_30,_2026  FULL HISTORY For Aevah.xlsx",2026-09-30
2025-05-01T00:00:00Z,MAVERIK,ab326f9d-40f2-4e4d-28f5-08dd721102ed,MAVERIK May 2025 Puff TPR,Complete - Unsettled (Open),"CORE-MARK INTERNATIONAL, INC.",2025-05-01,2025-05-30,2025-04-17,2025-04-30,Retailer price reduction,TPR,Puff 1CT,0.0,0.0,0.0,0.0,247.68,1.72,247.12,1.72,0,0,0.0,0.0,0.0,0,0.1,0,0.0,0,57.6,106092.0,0.15,15913.8,122005.8,847.27,0,0.0,0.0,12200.58,0,0.0,0.0,12200.58,0.0,,643,"Promotions,_Sep_30,_2026  FULL HISTORY For Aevah.xlsx",2026-09-30
2026-04-01T00:00:00Z,KWIK TRIP,ab4fb2e6-b03a-494b-7f5f-08de5da29cfe,KWIK TRIP April 2026 Puff Singles TPR,Complete - Unsettled (Open),Direct,2026-04-01,2026-04-30,2026-04-01,2026-04-30,Retailer price reduction,TPR,Puff 1CT,3.215,2.99,0.225,0.0684,247.68,1.72,242.73,1.2675,0,0,0.0,0.0,0.0,0,0.5,0,0.0,0,216.0,75052.55,0.4,30021.02,105073.57,729.68,0,0.0,0.0,52536.78,0,0.0,0.0,52536.78,1071.6,2026-05-11,1287,"Promotions,_Sep_30,_2026  FULL HISTORY For Aevah.xlsx",2026-09-30
2025-05-01T00:00:00Z,CVS,ab78bf68-5d23-44b8-28df-08dd721102ed,CVS May 2025 Puff TPR,Complete - Unsettled (Open),"DOT FOODS, INC",2025-05-01,2025-05-15,2025-04-17,2025-04-30,Retailer price reduction,TPR,Puff 1CT,0.0,0.0,0.0,0.0,247.68,1.72,247.68,1.72,0,0,0.0,0.0,0.0,0,0.4,0,0.0,0,115.2,41153.2,0.3,12345.96,53499.16,371.52,0,0.0,0.0,21399.66,0,0.0,0.0,21399.66,9695.15,2025-09-12,644,"Promotions,_Sep_30,_2026  FULL HISTORY For Aevah.xlsx",2026-09-30
2025-08-01T00:00:00Z,AWG,ab9f21e6-e828-4cea-f9ee-08dd6bd158cb,AWG August 2025 TPR,Complete - Unsettled (Open),"DOT FOODS, INC",2025-08-01,2025-08-10,2025-07-18,2025-07-31,Retailer price reduction,TPR,Puff 4CT,0.0,0.0,0.0,0.0,39.84,6.64,39.84,6.64,0,0,0.0,0.0,0.0,0,1.42,0,0.0,0,17.04,470.96,0.25,126.0,596.96,99.49,0,0.0,0.0,847.68,0,0.0,0.0,847.68,1929.6,2025-08-30,500,"Promotions,_Sep_30,_2026  FULL HISTORY For Aevah.xlsx",2026-09-30
2025-08-01T00:00:00Z,AWG,ab9f21e6-e828-4cea-f9ee-08dd6bd158cb,AWG August 2025 TPR,Complete - Unsettled (Open),"DOT FOODS, INC",2025-08-01,2025-08-10,2025-07-18,2025-07-31,Retailer price reduction,TPR,Puff 1CT,0.0,0.0,0.0,0.0,247.68,1.72,247.68,1.72,0,0,0.0,0.0,0.0,0,0.37,0,0.0,0,319.68,4023.94,0.33333333333333337,1336.16,5360.1,37.23,0,0.0,0.0,1983.23,0,0.0,0.0,1983.23,0.0,2025-08-30,500,"Promotions,_Sep_30,_2026  FULL HISTORY For Aevah.xlsx",2026-09-30
2025-08-01T00:00:00Z,AWG,ab9f21e6-e828-4cea-f9ee-08dd6bd158cb,AWG August 2025 TPR,Complete - Unsettled (Open),"DOT FOODS, INC",2025-08-01,2025-08-10,2025-07-18,2025-07-31,Retailer price reduction,TPR,Bar 1CT,0.0,0.0,0.0,0.0,247.68,1.72,247.68,1.72,0,0,0.0,0.0,0.0,0,0.0,0,0.0,0,0.0,0.0,0.3,0.0,0.0,0.0,0,0.0,0.0,0.0,0,0.0,0.0,0.0,0.0,2025-08-30,500,"Promotions,_Sep_30,_2026  FULL HISTORY For Aevah.xlsx",2026-09-30
2026-09-01T00:00:00Z,THE GIANT COMPANY,abb6f88a-c8de-43fb-4076-08de5da29cfe,THE GIANT COMPANY September 2026 Puff Singles TPR,In progress,UNFI,2026-09-01,2026-09-30,2026-09-01,2026-09-30,Retailer price reduction,TPR,Puff 1CT,0.42714285714285716,2.5,0.07,0.023414285714285714,247.68,1.72,242.73,1.69,0,0,0.0,0.0,0.0,0,0.25,0,0.0,0,252.0,19920.82,0.25,4980.21,24901.03,172.92,0,0.0,0.0,6225.26,0,0.0,0.0,6225.26,0.0,,1123,"Promotions,_Sep_30,_2026  FULL HISTORY For Aevah.xlsx",2026-09-30
2025-05-01T00:00:00Z,MEIJER EXPRESS,abcc5f8a-46ce-45bc-f2dd-08dd6bd158cb,Meijer Express May 2025 TPR,Complete - Unsettled (Open),"DOT FOODS, INC",2025-05-01,2025-05-31,2025-04-17,2025-04-30,Retailer price reduction,TPR,Puff 1CT,0.0,0.0,0.0,0.0,247.68,1.72,247.68,1.72,0,0,0.0,0.0,0.0,0,0.25,0,0.0,0,108.0,6351.39,0.15,952.71,7304.1,50.73,0,0.0,0.0,1826.04,0,0.0,0.0,1826.04,0.0,,483,"Promotions,_Sep_30,_2026  FULL HISTORY For Aevah.xlsx",2026-09-30
2026-10-01T00:00:00Z,TARGET CORPORATION,ac0b9b53-5840-48d0-d74b-08de5cdc8bfa,TARGET October 2026 Puff 4-Pack TPR,Planned,Direct,2026-10-01,2026-10-31,2026-10-01,2026-10-31,Retailer price reduction,TPR,Puff 4CT,8.99,8.49,0.5,0.0556,36.66,6.11,35.93,5.99,0,0,0.0,0.0,0.0,0,0.5,0,0.0,0,27.0,398308.18,0.4,159323.27,557631.45,92938.58,0,0.0,0.0,278815.73,0,0.0,0.0,278815.73,0.0,,1012,"Promotions,_Sep_30,_2026  FULL HISTORY For Aevah.xlsx",2026-09-30
2025-02-01T00:00:00Z,CEFCO,acaee48c-e1fb-4ef6-00a3-08dd6bd158cc,Cefco February 2025 TPR,Complete - Unsettled (Open),"GROCERY SUPPLY COMPANY, INC",2025-02-01,2025-02-28,2025-01-18,2025-01-31,Retailer price reduction,TPR,Puff 1CT,0.0,0.0,0.0,0.0,247.68,1.72,247.68,1.72,0,0,0.0,0.0,0.0,0,0.25,0,0.0,0,108.0,4248.0,0.15,637.2,4885.2,33.93,0,0.0,0.0,1221.3,0,0.0,0.0,1221.3,0.0,,509,"Promotions,_Sep_30,_2026  FULL HISTORY For Aevah.xlsx",2026-09-30
2026-04-24T00:00:00Z,STOP & SHOP,ace7f087-60e8-4de8-406b-08de5da29cfe,STOP & SHOP May 2026 Puff 4-Pack TPR,Complete - Unsettled (Open),UNFI,2026-04-24,2026-05-21,2026-04-24,2026-05-21,Retailer price reduction,TPR,Puff 4CT,9.99,9.99,0.0,0.0,39.84,6.64,39.04,6.51,0,0,0.0,0.0,0.0,0,0.9,0,0.0,0,27.0,5760.0,0.3,1728.0,7488.0,1248.0,0,0.0,0.0,6739.2,0,0.0,0.0,6739.2,0.0,,1112,"Promotions,_Sep_30,_2026  FULL HISTORY For Aevah.xlsx",2026-09-30
2025-01-01T00:00:00Z,KROGER,acf63006-8e47-474f-dc9f-08dd6bd158c9,KROGER January 2025 TPR,Complete - Unsettled (Open),UNFI,2025-01-01,2025-01-30,2024-12-18,2024-12-31,Retailer price reduction,TPR,Puff 4CT,0.0,0.0,0.0,0.0,39.84,6.64,33.86,0.0,0,0,0.0,0.0,0.0,0,1.0,0,0.0,0,0.0,0.0,0.6,0.0,0.0,0.0,0,0.0,0.0,0.0,0,0.0,0.0,0.0,0.0,,307,"Promotions,_Sep_30,_2026  FULL HISTORY For Aevah.xlsx",2026-09-30
2025-01-01T00:00:00Z,KROGER,acf63006-8e47-474f-dc9f-08dd6bd158c9,KROGER January 2025 TPR,Complete - Unsettled (Open),UNFI,2025-01-01,2025-01-30,2024-12-18,2024-12-31,Retailer price reduction,TPR,Puff 1CT,0.0,0.0,0.0,0.0,247.68,1.72,17.54,0.0,0,0,0.0,0.0,0.0,0,0.3,0,0.0,0,0.0,0.0,0.35,0.0,0.0,0.0,0,0.0,0.0,0.0,0,0.0,0.0,0.0,0.0,,307,"Promotions,_Sep_30,_2026  FULL HISTORY For Aevah.xlsx",2026-09-30
2026-01-02T00:00:00Z,SMART & FINAL,ad0b81d5-1215-42b8-d738-08de5cdc8bfa,SMART & FINAL January 2026 Puff Singles TPR,Complete - Unsettled (Open),KEHE DISTRIBUTORS,2026-01-02,2026-01-27,2026-01-02,2026-01-27,Retailer price reduction,TPR,Puff 1CT,0.0,24.99,0.0,0.0,247.68,1.72,178.34,1.24,0,0,0.0,0.0,0.0,0,4.2,0,0.0,0,1209.6,13196.26,0.45,5938.32,19134.58,132.88,0,0.0,0.0,80365.24,0,0.0,0.0,80365.24,2444.4,2026-02-17,993,"Promotions,_Sep_30,_2026  FULL HISTORY For Aevah.xlsx",2026-09-30
2026-01-02T00:00:00Z,SMART & FINAL,ad0b81d5-1215-42b8-d738-08de5cdc8bfa,SMART & FINAL January 2026 Puff Singles TPR,Complete - Unsettled (Open),Direct,2026-01-02,2026-01-27,2026-01-02,2026-01-27,Customer advertising,Ad,,0.0,0.0,0.0,0.0,0.0,0.0,0.0,0.0,0,0,0.0,0.0,0.0,0,0.0,0,0.0,0,0.0,0.0,0.0,0.0,0.0,0.0,0,0.0,0.0,0.0,0,0.0,5000.0,5000.0,5000.0,2026-02-17,993,"Promotions,_Sep_30,_2026  FULL HISTORY For Aevah.xlsx",2026-09-30
2025-01-01T00:00:00Z,SCHNUCKS,ad2b767e-441f-4cc1-e0b4-08dd6bd158ca,SCHNUCKS January 2025 TPR,Complete - Unsettled (Open),"DOT FOODS, INC",2025-01-01,2025-01-21,2024-12-18,2024-12-31,Retailer price reduction,TPR,Puff 4CT,0.0,0.0,0.0,0.0,39.84,6.64,39.84,6.64,0,0,0.0,0.0,0.0,0,0.0,0,0.0,0,0.0,1062.59,0.5,531.3,1593.89,265.65,0,0.0,0.0,0.0,0,0.0,0.0,0.0,0.0,,364,"Promotions,_Sep_30,_2026  FULL HISTORY For Aevah.xlsx",2026-09-30
2025-01-01T00:00:00Z,SCHNUCKS,ad2b767e-441f-4cc1-e0b4-08dd6bd158ca,SCHNUCKS January 2025 TPR,Complete - Unsettled (Open),"DOT FOODS, INC",2025-01-01,2025-01-21,2024-12-18,2024-12-31,Retailer price reduction,TPR,Puff 1CT,0.0,0.0,0.0,0.0,20.64,0.14,247.68,1.72,0,0,0.0,0.0,0.0,0,0.4,0,0.0,0,288.0,2858.31,0.4,1143.33,4001.64,27.78,0,0.0,0.0,1600.65,0,0.0,0.0,1600.65,0.0,,364,"Promotions,_Sep_30,_2026  FULL HISTORY For Aevah.xlsx",2026-09-30
2026-05-01T00:00:00Z,EG America,ada12748-34b2-4ddc-636d-08de5da29cfe,EG America June 2026 TPR,Complete - Unsettled (Open),"DOT FOODS, INC",2026-05-01,2026-06-30,2026-05-01,2026-06-30,Retailer price reduction,TPR,Puff 1CT,0.0,3.29,0.0,0.0,247.68,1.72,247.68,1.72,0,0,0.0,0.0,0.0,0,0.25,0,0.0,0,108.0,78977.22,0.15,11846.58,90823.8,630.72,0,0.0,0.0,15894.18,0,0.0,0.0,15894.18,0.0,,1171,"Promotions,_Sep_30,_2026  FULL HISTORY For Aevah.xlsx",2026-09-30
2026-05-01T00:00:00Z,EG America,ada12748-34b2-4ddc-636d-08de5da29cfe,EG America June 2026 TPR,Complete - Unsettled (Open),MCLANE GROCER,2026-05-01,2026-06-30,2026-05-01,2026-06-30,Retailer price reduction,TPR,Puff 1CT,0.0,3.29,0.0,0.0,247.68,1.72,242.31666666666666,1.6833333333333333,0,0,0.0,0.0,0.0,0,0.25,0,0.0,0,108.0,78977.22,0.15,11846.58,90823.8,630.72,0,0.0,0.0,6811.8,0,0.0,0.0,6811.8,0.0,,1171,"Promotions,_Sep_30,_2026  FULL HISTORY For Aevah.xlsx",2026-09-30
2026-05-01T00:00:00Z,EG America,ada12748-34b2-4ddc-636d-08de5da29cfe,EG America June 2026 TPR,Complete - Unsettled (Open),Direct,2026-05-01,2026-06-30,2026-05-01,2026-06-30,Customer advertising,Ad,,0.0,0.0,0.0,0.0,0.0,0.0,0.0,0.0,0,0,0.0,0.0,0.0,0,0.0,0,0.0,0,0.0,0.0,0.0,0.0,0.0,0.0,0,0.0,0.0,0.0,0,0.0,15600.0,15600.0,0.0,,1171,"Promotions,_Sep_30,_2026  FULL HISTORY For Aevah.xlsx",2026-09-30
2026-03-01T00:00:00Z,Walgreens,ae58334e-50e3-4b76-4089-08de5da29cfe,Walgreens March 2026 Puff Singles TPR,Complete - Unsettled (Open),"DOT FOODS, INC",2026-03-01,2026-03-30,2026-03-01,2026-03-30,Retailer price reduction,TPR,Puff 1CT,2.99,2.5,0.49,0.1639,247.68,1.72,247.68,1.72,0,0,0.0,0.0,0.0,0,0.25,0,0.0,0,108.0,27112.81,0.0,0.0,27112.81,188.28,0,0.0,0.0,6778.21,0,0.0,0.0,6778.21,15920.75,2026-04-22,1142,"Promotions,_Sep_30,_2026  FULL HISTORY For Aevah.xlsx",2026-09-30
2026-03-01T00:00:00Z,Walgreens,ae58334e-50e3-4b76-4089-08de5da29cfe,Walgreens March 2026 Puff Singles TPR,Complete - Unsettled (Open),Direct,2026-03-01,2026-03-30,2026-03-01,2026-03-30,Customer advertising,Ad,,0.0,0.0,0.0,0.0,0.0,0.0,0.0,0.0,0,0,0.0,0.0,0.0,0,0.0,0,0.0,0,0.0,0.0,0.0,0.0,0.0,0.0,0,0.0,0.0,0.0,0,0.0,4000.0,4000.0,0.0,2026-04-22,1142,"Promotions,_Sep_30,_2026  FULL HISTORY For Aevah.xlsx",2026-09-30
2026-12-01T00:00:00Z,Holiday Oil,ae58b315-1004-4eb7-7f4c-08de5da29cfe,Holiday Oil December 2026 Puff Singles TPR,Planned,Cottonwood Distributing,2026-12-01,2026-12-31,2026-12-01,2026-12-31,Retailer price reduction,TPR,Puff 1CT,0.5695238095238095,2.5,0.09333333333333334,0.031219047619047622,234.10285714285712,1.625714285714286,234.10285714285712,1.543809523809524,0,0,0.0,0.0,0.0,0,0.25,0,0.0,0,720.0,8544.49,0.15,1281.7,9826.19,68.23,0,0.0,0.0,2456.54,0,0.0,0.0,2456.54,0.0,,1268,"Promotions,_Sep_30,_2026  FULL HISTORY For Aevah.xlsx",2026-09-30
2025-08-01T00:00:00Z,CIRCLE K,aeb64d99-d56a-4f47-edf1-08dd6bd158ca,CIRCLE K EAST August 2025 TPR,Complete - Unsettled (Open),MCLANE GROCER,2025-08-01,2025-08-30,2025-07-18,2025-07-31,Retailer price reduction,TPR,Puff 1CT,3.49,0.0,3.49,1.0,247.68,1.72,247.22,1.72,0,0,0.0,0.0,0.0,0,0.59,0,0.0,0,169.92,44523.0,0.15,6678.44,51201.44,355.56,0,0.0,0.0,15104.42,0,0.0,0.0,15104.42,0.0,,393,"Promotions,_Sep_30,_2026  FULL HISTORY For Aevah.xlsx",2026-09-30
2025-08-01T00:00:00Z,CIRCLE K,aeb64d99-d56a-4f47-edf1-08dd6bd158ca,CIRCLE K EAST August 2025 TPR,Complete - Unsettled (Open),"CORE-MARK INTERNATIONAL, INC.",2025-08-01,2025-08-30,2025-07-18,2025-07-31,Retailer price reduction,TPR,Puff 1CT,3.49,0.0,3.49,1.0,247.68,1.72,247.27,1.72,0,0,0.0,0.0,0.0,0,0.59,0,0.0,0,169.92,44523.0,0.15,6678.44,51201.44,355.56,0,0.0,0.0,15104.42,0,0.0,0.0,15104.42,0.0,,393,"Promotions,_Sep_30,_2026  FULL HISTORY For Aevah.xlsx",2026-09-30
2026-01-01T00:00:00Z,HY-VEE FAST & FRESH,af210058-0481-49fa-7f52-08de5da29cfe,HY-VEE FAST & FRESH January 2026 Puff Singles TPR,Complete - Unsettled (Open),Direct,2026-01-01,2026-01-31,2026-01-01,2026-01-31,Retailer price reduction,TPR,Puff 1CT,0.0,2.5,0.0,0.0,247.68,1.72,242.73,1.69,0,0,0.0,0.0,0.0,0,0.25,0,0.0,0,108.0,3424.69,0.15,513.71,3938.4,27.35,0,0.0,0.0,984.6,0,0.0,0.0,984.6,0.0,,1274,"Promotions,_Sep_30,_2026  FULL HISTORY For Aevah.xlsx",2026-09-30
2026-01-01T00:00:00Z,HY-VEE FAST & FRESH,af210058-0481-49fa-7f52-08de5da29cfe,HY-VEE FAST & FRESH January 2026 Puff Singles TPR,Complete - Unsettled (Open),Direct,2026-01-01,2026-01-31,2026-01-01,2026-01-31,Customer advertising,Ad,,0.0,0.0,0.0,0.0,0.0,0.0,0.0,0.0,0,0,0.0,0.0,0.0,0,0.0,0,0.0,0,0.0,0.0,0.0,0.0,0.0,0.0,0,0.0,0.0,0.0,0,0.0,650.0,650.0,0.0,,1274,"Promotions,_Sep_30,_2026  FULL HISTORY For Aevah.xlsx",2026-09-30
2026-10-01T00:00:00Z,Albertsons Southwest,af5576f3-086f-4aed-8652-08de8bfc2efd,October 2026 $9.99 TPR,Planned,Direct,2026-10-01,2026-10-28,2026-10-01,2026-10-28,Retailer price reduction,TPR,Puff 4CT,10.99,9.99,1.0,0.091,39.84,6.64,39.84,6.64,0,0,0.0,0.0,0.0,0,1.0,0,0.0,0,24.0,8217.6,0.3,2465.28,10682.88,1780.48,0,0.0,0.0,10682.88,0,0.0,0.0,10682.88,0.0,,1517,"Promotions,_Sep_30,_2026  FULL HISTORY For Aevah.xlsx",2026-09-30
2026-10-01T00:00:00Z,Albertsons United,afa8b75e-9452-4a42-9210-08de5f343061,"October 2026 4ct $9.99 TPR + $1 off Digital Coupon, $1 off Digital singles",Planned,KEHE DISTRIBUTORS,2026-10-01,2026-10-31,2026-10-01,2026-10-31,Retailer price reduction,TPR,Puff 1CT,0.9966666666666666,0.9966666666666666,0.0,0.0,247.68,1.72,239.43,1.6666666666666667,0,0,0.0,0.0,0.0,0,0.0,0,0.0,0,0.0,20075.18,0.0375,513.52,20588.7,142.98,0,0.0,0.0,0.0,0,0.0,0.0,0.0,0.0,,1377,"Promotions,_Sep_30,_2026  FULL HISTORY For Aevah.xlsx",2026-09-30
2026-10-01T00:00:00Z,Albertsons United,afa8b75e-9452-4a42-9210-08de5f343061,"October 2026 4ct $9.99 TPR + $1 off Digital Coupon, $1 off Digital singles",Planned,KEHE DISTRIBUTORS,2026-10-01,2026-10-31,2026-10-01,2026-10-31,Retailer price reduction,TPR,Puff 4CT,9.99,9.99,0.0,0.0,39.84,6.64,37.84,6.3075,0,0,0.0,0.0,0.0,0,1.0,0,0.0,0,24.0,1815.71,0.2,363.15,2178.86,363.15,0,0.0,0.0,2178.86,0,0.0,0.0,2178.86,0.0,,1377,"Promotions,_Sep_30,_2026  FULL HISTORY For Aevah.xlsx",2026-09-30
2026-10-01T00:00:00Z,Albertsons United,afa8b75e-9452-4a42-9210-08de5f343061,"October 2026 4ct $9.99 TPR + $1 off Digital Coupon, $1 off Digital singles",Planned,Direct,2026-10-01,2026-10-31,2026-10-01,2026-10-31,Coupon,Digital Coupon,,0.0,0.0,0.0,0.0,0.0,0.0,0.0,0.0,0,0,0.0,0.0,0.0,0,0.0,0,0.0,0,0.0,0.0,0.0,0.0,0.0,0.0,0,0.0,0.0,0.0,0,0.0,623.66,623.66,0.0,,1377,"Promotions,_Sep_30,_2026  FULL HISTORY For Aevah.xlsx",2026-09-30
2026-01-01T00:00:00Z,Giant Foods,afad23c0-0b93-486c-403d-08de5da29cfe,Giant Foods January 2026 Puff Singles TPR,Complete - Unsettled (Open),Direct,2026-01-01,2026-01-30,2026-01-01,2026-01-30,Retailer price reduction,TPR,Puff 1CT,2.99,2.0,0.99,0.3311,247.68,1.72,247.68,1.72,0,0,0.0,0.0,0.0,0,0.55,0,0.0,0,237.6,6194.98,0.35,2168.25,8363.23,58.07,0,0.0,0.0,4599.78,0,0.0,0.0,4599.78,0.0,,1066,"Promotions,_Sep_30,_2026  FULL HISTORY For Aevah.xlsx",2026-09-30
2026-03-15T00:00:00Z,CVS,afb6ef54-9a9a-4716-4029-08de5da29cfe,CVS March 2026 Puff Singles TPR,Complete - Unsettled (Open),"DOT FOODS, INC",2026-03-15,2026-03-30,2026-03-15,2026-03-30,Retailer price reduction,TPR,Puff 1CT,0.0,3.0,0.0,0.0,247.68,1.72,247.68,1.72,0,0,0.0,0.0,0.0,0,0.25,0,0.0,0,72.0,17176.26,0.3,5152.88,22329.14,155.06,0,0.0,0.0,5582.29,0,0.0,0.0,5582.29,6769.35,2026-05-13,1046,"Promotions,_Sep_30,_2026  FULL HISTORY For Aevah.xlsx",2026-09-30
2025-07-01T00:00:00Z,CERTCO INC.,b06e860f-4155-4134-cb9d-08dd6bd158c5,CERTCO INC. July 2025 TPR,Complete - Unsettled (Open),Direct,2025-07-01,2025-07-28,2025-06-17,2025-06-30,Retailer price reduction,TPR,Puff 1CT,0.0,0.0,0.0,0.0,247.68,1.72,247.68,1.72,0,0,0.0,0.0,0.0,0,0.25,0,0.0,0,252.0,12852.84,0.2,2570.54,15423.38,107.1,0,0.0,0.0,3855.88,0,0.0,0.0,3855.88,0.0,,67,"Promotions,_Sep_30,_2026  FULL HISTORY For Aevah.xlsx",2026-09-30
2025-07-01T00:00:00Z,CERTCO INC.,b06e860f-4155-4134-cb9d-08dd6bd158c5,CERTCO INC. July 2025 TPR,Complete - Unsettled (Open),Direct,2025-07-01,2025-07-28,2025-06-17,2025-06-30,Retailer price reduction,TPR,Puff 4CT,0.0,0.0,0.0,0.0,39.84,6.64,39.84,6.64,0,0,0.0,0.0,0.0,0,0.0,0,0.0,0,0.0,6796.67,0.5,3398.31,10194.98,1699.15,0,0.0,0.0,0.0,0,0.0,0.0,0.0,0.0,,67,"Promotions,_Sep_30,_2026  FULL HISTORY For Aevah.xlsx",2026-09-30
2025-07-01T00:00:00Z,CERTCO INC.,b06e860f-4155-4134-cb9d-08dd6bd158c5,CERTCO INC. July 2025 TPR,Complete - Unsettled (Open),Direct,2025-07-01,2025-07-28,2025-06-17,2025-06-30,Retailer price reduction,TPR,Bar 1CT,0.0,0.0,0.0,0.0,247.68,1.72,247.68,1.72,0,0,0.0,0.0,0.0,0,0.25,0,0.0,0,36.0,459.03,0.2,91.81,550.84,3.83,0,0.0,0.0,137.71,0,0.0,0.0,137.71,0.0,,67,"Promotions,_Sep_30,_2026  FULL HISTORY For Aevah.xlsx",2026-09-30
2026-05-10T00:00:00Z,TARGET CORPORATION,b0723dbe-d57b-4cad-66e6-08de80fef5fa,BOGO 25% May-June2026,Complete - Unsettled (Open),Direct,2026-05-10,2026-06-13,2026-04-13,2026-04-17,Retailer price reduction,BOGO,Puff 4CT,7.705714285714286,7.87,0.96,0.1068,37.114285714285714,6.185714285714286,36.37428571428571,6.064285714285715,0,0,0.0,0.0,0.0,0,0.77,0,0.0,0,32.34,372201.76,1.16,431754.04,803955.8,133992.63,0,0.0,0.0,621325.81,0,0.0,0.0,621325.81,14660.9,2026-07-04,1421,"Promotions,_Sep_30,_2026  FULL HISTORY For Aevah.xlsx",2026-09-30
2025-04-01T00:00:00Z,KWIK TRIP,b099b27c-a79c-4a7f-e948-08dd6bd158ca,KWIK TRIP April 2025 TPR,Complete - Unsettled (Open),Direct,2025-04-01,2025-04-30,2025-03-18,2025-03-31,Retailer price reduction,TPR,Puff 1CT,2.193333333333334,0.0,2.193333333333334,0.6666666666666667,96.32,0.6666666666666667,242.73,1.1266666666666667,0,0,0.0,0.0,0.0,0,0.4,0,0.0,0,115.2,21320.36,0.3,6396.11,27716.47,192.48,0,0.0,0.0,11086.59,0,0.0,0.0,11086.59,0.0,,376,"Promotions,_Sep_30,_2026  FULL HISTORY For Aevah.xlsx",2026-09-30
2025-09-01T00:00:00Z,SMART & FINAL,b0fd1c36-5285-46d9-f06e-08dd6bd158c7,SMART & FINAL September 2025 TPR,Complete - Unsettled (Open),Direct,2025-09-01,2025-09-30,2025-08-18,2025-08-31,Retailer price reduction,TPR,Puff 1CT,0.0,0.0,0.0,0.0,247.68,1.72,247.27,1.72,0,0,0.0,0.0,0.0,0,0.18,0,0.0,0,51.84,16917.44,0.15,2537.62,19455.06,135.1,0,0.0,0.0,3501.92,0,0.0,0.0,3501.92,1393.2,2025-10-15,228,"Promotions,_Sep_30,_2026  FULL HISTORY For Aevah.xlsx",2026-09-30
2025-09-01T00:00:00Z,CROSS AMERICA PARTNERS,b1079cdc-50e6-4ff5-e607-08dd6bd158c7,CROSS AMERICA PARTNERS September 2025 TPR,Complete - Unsettled (Open),"CORE-MARK INTERNATIONAL, INC.",2025-09-01,2025-09-30,2025-08-18,2025-08-31,Retailer price reduction,TPR,Puff 1CT,0.0,0.0,0.0,0.0,247.68,1.72,247.27,1.72,0,0,0.0,0.0,0.0,0,0.25,0,0.0,0,108.0,6910.72,0.15,1036.6,7947.32,55.2,0,0.0,0.0,1986.83,0,0.0,0.0,1986.83,0.0,,197,"Promotions,_Sep_30,_2026  FULL HISTORY For Aevah.xlsx",2026-09-30
2025-01-01T00:00:00Z,HARMONS NEIGHBORHOOD GROCER,b1477c9e-7014-47df-28e2-08dd721102ed,HARMONS NEIGHBORHOOD GROCER January 2025 Puff TPR,Complete - Unsettled (Open),ON THE DOT DISTRIBUTION,2025-01-01,2025-01-31,2024-12-18,2024-12-31,Retailer price reduction,TPR,Puff 1CT,2.99,0.0,2.99,1.0,20.64,0.14,247.68,1.72,0,0,0.0,0.0,0.0,0,0.25,0,0.0,0,432.0,19416.82,0.5,9708.44,29125.26,202.26,0,0.0,0.0,7281.33,0,0.0,0.0,7281.33,0.0,,645,"Promotions,_Sep_30,_2026  FULL HISTORY For Aevah.xlsx",2026-09-30
2025-01-01T00:00:00Z,HARMONS NEIGHBORHOOD GROCER,b1477c9e-7014-47df-28e2-08dd721102ed,HARMONS NEIGHBORHOOD GROCER January 2025 Puff TPR,Complete - Unsettled (Open),Direct,2025-01-01,2025-01-31,2024-12-18,2024-12-31,Customer advertising,Ad,,0.0,0.0,0.0,0.0,0.0,0.0,0.0,0.0,0,0,0.0,0.0,0.0,0,0.0,0,0.0,0,0.0,0.0,0.0,0.0,0.0,0.0,0,0.0,0.0,0.0,0,0.0,5000.0,5000.0,0.0,,645,"Promotions,_Sep_30,_2026  FULL HISTORY For Aevah.xlsx",2026-09-30
2025-03-01T00:00:00Z,SMITHS,b14a353c-93b6-4940-e5f9-08dd6bd158c8,SMITHS March 2025 TPR,Complete - Unsettled (Open),UNFI,2025-03-01,2025-03-14,2025-02-15,2025-02-28,Retailer price reduction,TPR,Puff 4CT,1.8316666666666668,0.0,1.8316666666666668,0.16666666666666669,39.84,6.64,39.04,0.0,0,0,0.0,0.0,0.0,0,0.0,0,0.0,0,0.0,0.0,0.5,0.0,0.0,0.0,0,0.0,0.0,0.0,0,0.0,0.0,0.0,0.0,2025-06-03,287,"Promotions,_Sep_30,_2026  FULL HISTORY For Aevah.xlsx",2026-09-30
2025-03-01T00:00:00Z,SMITHS,b14a353c-93b6-4940-e5f9-08dd6bd158c8,SMITHS March 2025 TPR,Complete - Unsettled (Open),UNFI,2025-03-01,2025-03-14,2025-02-15,2025-02-28,Retailer price reduction,TPR,Puff 1CT,2.1357142857142857,0.0,2.1357142857142857,0.7142857142857143,176.9142857142857,1.2285714285714286,250.09571428571428,0.2642857142857143,0,0,0.0,0.0,0.0,0,0.6,0,0.0,0,86.4,384.0,0.6,230.4,614.4,4.27,0,0.0,0.0,368.64,0,0.0,0.0,368.64,92.71,2025-06-03,287,"Promotions,_Sep_30,_2026  FULL HISTORY For Aevah.xlsx",2026-09-30
2025-03-01T00:00:00Z,SMITHS,b14a353c-93b6-4940-e5f9-08dd6bd158c8,SMITHS March 2025 TPR,Complete - Unsettled (Open),UNFI,2025-03-01,2025-03-14,2025-02-15,2025-02-28,Retailer price reduction,TPR,Bar 1CT,2.99,0.0,2.99,1.0,247.68,1.72,267.05,1.85,0,0,0.0,0.0,0.0,0,0.6,0,0.0,0,259.2,1455.84,0.6,873.51,2329.35,16.18,0,0.0,0.0,1397.6,0,0.0,0.0,1397.6,35.95,2025-06-03,287,"Promotions,_Sep_30,_2026  FULL HISTORY For Aevah.xlsx",2026-09-30
2026-11-01T00:00:00Z,GIANT EAGLE,b1620323-bd52-4328-403b-08de5da29cfe,GIANT EAGLE November 2026 Puff Singles TPR,Planned,KEHE DISTRIBUTORS,2026-11-01,2026-11-30,2026-11-01,2026-11-30,Retailer price reduction,TPR,Puff 1CT,2.79,2.0,0.79,0.2832,247.68,1.72,255.18142857142854,1.77,0,0,0.0,0.0,0.0,0,0.52,0,0.0,0,524.16,22167.89,0.0,0.0,22167.89,153.94,0,0.0,0.0,11527.3,0,0.0,0.0,11527.3,0.0,,1064,"Promotions,_Sep_30,_2026  FULL HISTORY For Aevah.xlsx",2026-09-30
2026-11-01T00:00:00Z,GIANT EAGLE,b1620323-bd52-4328-403b-08de5da29cfe,GIANT EAGLE November 2026 Puff Singles TPR,Planned,Direct,2026-11-01,2026-11-30,2026-11-01,2026-11-30,Customer advertising,Ad,,0.0,0.0,0.0,0.0,0.0,0.0,0.0,0.0,0,0,0.0,0.0,0.0,0,0.0,0,0.0,0,0.0,0.0,0.0,0.0,0.0,0.0,0,0.0,0.0,0.0,0,0.0,2500.0,2500.0,0.0,,1064,"Promotions,_Sep_30,_2026  FULL HISTORY For Aevah.xlsx",2026-09-30
2025-02-01T00:00:00Z,MEIJER EXPRESS,b1c85b0a-8a57-41cd-f233-08dd6bd158cb,Meijer Express February 2025 TPR,Complete - Unsettled (Open),"DOT FOODS, INC",2025-02-01,2025-02-28,2025-01-18,2025-01-31,Retailer price reduction,TPR,Puff 1CT,0.0,0.0,0.0,0.0,247.68,1.72,247.68,1.72,0,0,0.0,0.0,0.0,0,0.25,0,0.0,0,108.0,4800.0,0.15,720.0,5520.0,38.34,0,0.0,0.0,1380.0,0,0.0,0.0,1380.0,0.0,,481,"Promotions,_Sep_30,_2026  FULL HISTORY For Aevah.xlsx",2026-09-30
2025-02-01T00:00:00Z,STOP & SHOP,b21307fb-3d70-4716-e061-08dd6bd158c6,STOP & SHOP February 2025 TPR,Complete - Unsettled (Open),UNFI,2025-02-01,2025-02-28,2025-01-18,2025-01-31,Retailer price reduction,TPR,Puff 1CT,0.0,0.0,0.0,0.0,247.68,1.72,244.17,1.7,0,0,0.0,0.0,0.0,0,0.37,0,0.0,0,159.84,21480.0,0.3,6444.0,27924.0,193.92,0,0.0,0.0,10331.88,0,0.0,0.0,10331.88,0.0,,131,"Promotions,_Sep_30,_2026  FULL HISTORY For Aevah.xlsx",2026-09-30
2026-03-04T00:00:00Z,Albertsons Denver,b22f30d9-efe3-4502-08cf-08de84ec3490,March 2026 $9.99 National Event TPR,Complete - Unsettled (Open),Direct,2026-03-04,2026-03-31,2026-03-04,2026-03-31,Retailer price reduction,TPR,Puff 4CT,10.99,9.99,1.0,0.091,39.84,6.64,39.84,6.64,0,0,0.0,0.0,0.0,0,1.0,0,0.0,0,24.0,2860.0,0.3,858.0,3718.0,619.66,0,0.0,0.0,3718.0,0,0.0,0.0,3718.0,0.0,,1434,"Promotions,_Sep_30,_2026  FULL HISTORY For Aevah.xlsx",2026-09-30
2026-08-01T00:00:00Z,THE GIANT COMPANY,b28b4560-082f-490a-4070-08de5da29cfe,THE GIANT COMPANY August 2026 Puff 4-Pack TPR,Complete - Unsettled (Open),UNFI,2026-08-01,2026-08-31,2026-08-01,2026-08-31,Retailer price reduction,TPR,Puff 4CT,9.99,8.99,1.0,0.1001,39.84,6.64,39.04,6.51,0,0,0.0,0.0,0.0,0,0.6,0,0.0,0,14.4,2878.58,0.3,863.58,3742.16,623.69,0,0.0,0.0,2245.3,0,0.0,0.0,2245.3,0.0,,1117,"Promotions,_Sep_30,_2026  FULL HISTORY For Aevah.xlsx",2026-09-30
2025-02-01T00:00:00Z,JACKSONS,b2bc576c-6c81-43d3-db63-08dd6bd158c8,JACKSONS February 2025 TPR,Complete - Unsettled (Open),CAPITOL DISTRIBUTING,2025-02-01,2025-02-28,2025-01-18,2025-01-31,Retailer price reduction,TPR,Puff 1CT,0.0,0.0,0.0,0.0,247.68,1.72,247.68,1.72,0,0,0.0,0.0,0.0,0,0.5,0,0.0,0,216.0,12320.0,0.3,3696.0,16016.0,111.22,0,0.0,0.0,8008.0,0,0.0,0.0,8008.0,0.0,,265,"Promotions,_Sep_30,_2026  FULL HISTORY For Aevah.xlsx",2026-09-30
2026-02-01T00:00:00Z,Earth Fare,b2d2d751-936f-43cb-d708-08de5cdc8bfa,Earth Fare February 2026 Puff Singles TPR,Complete - Unsettled (Open),UNFI,2026-02-01,2026-02-28,2026-02-01,2026-02-28,Retailer price reduction,TPR,Puff 1CT,0.0,2.5,0.0,0.0,247.68,1.72,242.73,1.69,0,0,0.0,0.0,0.0,0,0.47,0,0.0,0,203.04,780.0,0.4,312.0,1092.0,7.58,0,0.0,0.0,513.24,0,0.0,0.0,513.24,0.0,,945,"Promotions,_Sep_30,_2026  FULL HISTORY For Aevah.xlsx",2026-09-30
2026-02-01T00:00:00Z,EXTRA MILE,b2d4ecf0-82bf-4f62-7f3a-08de5da29cfe,EXTRA MILE February 2026 Puff Singles TPR,Complete - Unsettled (Open),MCLANE GROCER,2026-02-01,2026-02-28,2026-02-01,2026-02-28,Retailer price reduction,TPR,Puff 1CT,0.0,2.79,0.0,0.0,247.68,1.72,242.31666666666666,1.6833333333333333,0,0,0.0,0.0,0.0,0,0.3,0,0.0,0,129.6,20576.71,0.3,6173.01,26749.72,185.76,0,0.0,0.0,8024.92,0,0.0,0.0,8024.92,0.0,,1250,"Promotions,_Sep_30,_2026  FULL HISTORY For Aevah.xlsx",2026-09-30
2025-10-01T00:00:00Z,GELSONS,b3024ebe-00a0-4078-e8c2-08dd6bd158c4,GELSONS October 2025 TPR,Complete - Unsettled (Open),UNFI,2025-10-01,2025-10-30,2025-09-17,2025-09-30,Retailer price reduction,TPR,Puff 1CT,3.49,0.0,3.49,1.0,247.68,1.72,272.0,1.89,0,0,0.0,0.0,0.0,0,0.25,0,0.0,0,216.0,10476.0,0.4,4190.4,14666.4,101.85,0,0.0,0.0,3666.6,0,0.0,0.0,3666.6,1307.25,2026-03-06,18,"Promotions,_Sep_30,_2026  FULL HISTORY For Aevah.xlsx",2026-09-30
2026-03-01T00:00:00Z,The Fresh Market,b33f441d-36e4-49e5-d57a-08de956aa456,The Fresh Market March 2026 TPR,Draft,Chex Finer Foods,2026-03-01,2026-03-31,2026-03-01,2026-03-31,Retailer price reduction,TPR,Puff 1CT,2.99,2.6225,0.3675,0.122925,247.68,1.72,274.92,1.91,0,0,0.0,0.0,0.0,0,0.5,0,0.0,0,288.0,6036.06,0.5,3018.03,9054.09,62.88,0,0.0,0.0,4527.05,0,0.0,0.0,4527.05,0.0,,1518,"Promotions,_Sep_30,_2026  FULL HISTORY For Aevah.xlsx",2026-09-30
2025-05-01T00:00:00Z,WINCO,b3ee44ba-4258-45f4-da5a-08dd6bd158c5,WINCO May 2025 TPR,Complete - Unsettled (Open),Direct,2025-05-01,2025-05-31,2025-04-17,2025-04-30,Retailer price reduction,TPR,Puff 1CT,2.99,0.0,2.99,1.0,247.68,1.72,247.68,1.72,0,0,0.0,0.0,0.0,0,0.24,0,0.0,0,207.36,79739.06,0.3,23921.72,103660.78,719.86,0,0.0,0.0,24878.58,0,0.0,0.0,24878.58,209.88,2025-05-29,88,"Promotions,_Sep_30,_2026  FULL HISTORY For Aevah.xlsx",2026-09-30
2025-05-01T00:00:00Z,WINCO,b3ee44ba-4258-45f4-da5a-08dd6bd158c5,WINCO May 2025 TPR,Complete - Unsettled (Open),Direct,2025-05-01,2025-05-31,2025-04-17,2025-04-30,Retailer price reduction,TPR,Bar 1CT,2.99,0.0,2.99,1.0,247.68,1.72,247.68,1.72,0,0,0.0,0.0,0.0,0,0.24,0,0.0,0,69.12,8489.57,0.3,2546.88,11036.45,76.64,0,0.0,0.0,2648.75,0,0.0,0.0,2648.75,0.0,2025-05-29,88,"Promotions,_Sep_30,_2026  FULL HISTORY For Aevah.xlsx",2026-09-30
2026-09-01T00:00:00Z,HARMONS NEIGHBORHOOD GROCER,b3f6c0ba-0763-45df-d71c-08de5cdc8bfa,HARMONS NEIGHBORHOOD GROCER September 2026 Puff Singles TPR,In progress,ON THE DOT DISTRIBUTION,2026-09-01,2026-09-30,2026-09-01,2026-09-30,Retailer price reduction,TPR,Puff 1CT,2.99,2.0,0.99,0.3311,247.68,1.72,247.68,1.72,0,0,0.0,0.0,0.0,0,0.25,0,0.0,0,468.0,24659.05,0.25,6164.77,30823.82,214.06,0,0.0,0.0,7705.95,0,0.0,0.0,7705.95,0.0,,965,"Promotions,_Sep_30,_2026  FULL HISTORY For Aevah.xlsx",2026-09-30
2026-09-01T00:00:00Z,HARMONS NEIGHBORHOOD GROCER,b3f6c0ba-0763-45df-d71c-08de5cdc8bfa,HARMONS NEIGHBORHOOD GROCER September 2026 Puff Singles TPR,In progress,Direct,2026-09-01,2026-09-30,2026-09-01,2026-09-30,Customer advertising,Ad,,0.0,0.0,0.0,0.0,0.0,0.0,0.0,0.0,0,0,0.0,0.0,0.0,0,0.0,0,0.0,0,0.0,0.0,0.0,0.0,0.0,0.0,0,0.0,0.0,0.0,0,0.0,5000.0,5000.0,0.0,,965,"Promotions,_Sep_30,_2026  FULL HISTORY For Aevah.xlsx",2026-09-30
2026-09-01T00:00:00Z,GELSONS,b42cc92b-f629-4f48-d718-08de5cdc8bfa,GELSONS September 2026 Puff 4-Pack TPR,In progress,UNFI,2026-09-01,2026-09-30,2026-09-01,2026-09-30,Retailer price reduction,TPR,Puff 4CT,11.99,8.99,3.0,0.2502,39.84,6.64,42.94,7.16,0,0,0.0,0.0,0.0,0,0.5,0,0.0,0,9.0,691.2,0.75,518.4,1209.6,201.6,0,0.0,0.0,604.8,0,0.0,0.0,604.8,0.0,,961,"Promotions,_Sep_30,_2026  FULL HISTORY For Aevah.xlsx",2026-09-30
2026-09-01T00:00:00Z,GELSONS,b42cc92b-f629-4f48-d718-08de5cdc8bfa,GELSONS September 2026 Puff 4-Pack TPR,In progress,Direct,2026-09-01,2026-09-30,2026-09-01,2026-09-30,Customer advertising,Ad,,0.0,0.0,0.0,0.0,0.0,0.0,0.0,0.0,0,0,0.0,0.0,0.0,0,0.0,0,0.0,0,0.0,0.0,0.0,0.0,0.0,0.0,0,0.0,0.0,0.0,0,0.0,425.0,425.0,0.0,,961,"Promotions,_Sep_30,_2026  FULL HISTORY For Aevah.xlsx",2026-09-30
2026-07-13T00:00:00Z,AWG,b4a15514-58ba-49a4-7f20-08de5da29cfe,AWG August 2026 Puff 4-Pack TPR,Complete - Unsettled (Open),"DOT FOODS, INC",2026-07-13,2026-08-09,2026-07-13,2026-08-09,Retailer price reduction,TPR,Puff 4CT,0.0,8.99,0.0,0.0,39.84,6.64,39.84,6.64,0,0,0.0,0.0,0.0,0,1.42,0,0.0,0,17.04,650.96,0.2,130.19,781.15,130.19,0,0.0,0.0,1109.23,0,0.0,0.0,1109.23,0.0,,1224,"Promotions,_Sep_30,_2026  FULL HISTORY For Aevah.xlsx",2026-09-30
2026-01-28T00:00:00Z,Albertsons Haggen,b4ab3fed-ad7c-4460-4150-08de5e781b74,February 2026 2/$5 TPR,Complete - Unsettled (Open),UNFI,2026-01-28,2026-02-24,2026-01-28,2026-02-24,Retailer price reduction,TPR,Puff 1CT,0.0,2.5,0.0,0.0,247.68,1.72,262.15,1.82,0,0,0.0,0.0,0.0,0,0.5,0,0.0,0,288.0,1807.57,0.25,451.89,2259.46,15.69,0,0.0,0.0,1129.74,0,0.0,0.0,1129.74,0.0,2026-01-28,1331,"Promotions,_Sep_30,_2026  FULL HISTORY For Aevah.xlsx",2026-09-30
2026-01-28T00:00:00Z,Albertsons Haggen,b4ab3fed-ad7c-4460-4150-08de5e781b74,February 2026 2/$5 TPR,Complete - Unsettled (Open),Direct,2026-01-28,2026-02-24,2026-01-28,2026-02-24,Customer advertising,Ad,,0.0,0.0,0.0,0.0,0.0,0.0,0.0,0.0,0,0,0.0,0.0,0.0,0,0.0,0,0.0,0,0.0,0.0,0.0,0.0,0.0,0.0,0,0.0,0.0,0.0,0,0.0,300.0,300.0,300.0,2026-01-28,1331,"Promotions,_Sep_30,_2026  FULL HISTORY For Aevah.xlsx",2026-09-30
2026-11-01T00:00:00Z,Harbor Wholesale,b536926a-acf6-49e4-7f46-08de5da29cfe,Harbor Wholesale November 2026 Puff Singles TPR,Planned,"DOT FOODS, INC",2026-11-01,2026-11-30,2026-11-01,2026-11-30,Retailer price reduction,TPR,Puff 1CT,0.0,2.5,0.0,0.0,247.68,1.72,247.68,1.72,0,0,0.0,0.0,0.0,0,0.25,0,0.0,0,216.0,13714.28,0.3,4114.28,17828.56,123.82,0,0.0,0.0,4457.14,0,0.0,0.0,4457.14,0.0,,1262,"Promotions,_Sep_30,_2026  FULL HISTORY For Aevah.xlsx",2026-09-30
2026-11-01T00:00:00Z,Harbor Wholesale,b536926a-acf6-49e4-7f46-08de5da29cfe,Harbor Wholesale November 2026 Puff Singles TPR,Planned,Direct,2026-11-01,2026-11-30,2026-11-01,2026-11-30,Customer advertising,Ad,,0.0,0.0,0.0,0.0,0.0,0.0,0.0,0.0,0,0,0.0,0.0,0.0,0,0.0,0,0.0,0,0.0,0.0,0.0,0.0,0.0,0.0,0,0.0,0.0,0.0,0,0.0,3000.0,3000.0,0.0,,1262,"Promotions,_Sep_30,_2026  FULL HISTORY For Aevah.xlsx",2026-09-30
2027-01-01T00:00:00Z,JACKSONS,b56a85b0-9dc6-4c3f-df0a-08dd6bd158c8,JACKSONS January 2027 TPR,Planned,CAPITOL DISTRIBUTING,2027-01-01,2027-01-31,2026-12-18,2026-12-31,Retailer price reduction,TPR,Puff 1CT,0.0,0.0,0.0,0.0,247.68,1.72,247.68,1.72,0,0,0.0,0.0,0.0,0,0.5,0,0.0,0,216.0,700.32,0.3,210.09,910.41,6.33,0,0.0,0.0,455.22,0,0.0,0.0,455.22,0.0,,276,"Promotions,_Sep_30,_2026  FULL HISTORY For Aevah.xlsx",2026-09-30
2026-06-01T00:00:00Z,WINCO,b6802e43-b92c-4f8e-d755-08de5cdc8bfa,WINCO June 2026 Puff Singles TPR,Complete - Unsettled (Open),Direct,2026-06-01,2026-06-30,2026-06-01,2026-06-30,Retailer price reduction,TPR,Puff 1CT,2.99,1.98,1.01,0.3378,247.68,1.72,247.57,1.72,0,0,0.0,0.0,0.0,0,0.11,0,0.0,0,79.2,125974.28,1.0,125974.28,251948.56,1749.63,0,0.0,0.0,27714.33,0,0.0,0.0,27714.33,0.0,,1022,"Promotions,_Sep_30,_2026  FULL HISTORY For Aevah.xlsx",2026-09-30
2026-10-01T00:00:00Z,Albertsons NorCal,b793f164-464f-49f1-a0d6-08de89a46b1d,October 2026 $9.99 TPR,Planned,Direct,2026-10-01,2026-10-28,2026-10-01,2026-10-28,Retailer price reduction,TPR,Puff 4CT,10.99,9.99,1.0,0.091,39.84,6.64,39.84,6.64,0,0,0.0,0.0,0.0,0,1.0,0,0.0,0,24.0,6874.0,0.4,2749.6,9623.6,1603.93,0,0.0,0.0,9623.6,0,0.0,0.0,9623.6,0.0,,1462,"Promotions,_Sep_30,_2026  FULL HISTORY For Aevah.xlsx",2026-09-30
2026-08-01T00:00:00Z,The Fresh Market,b7a3d8e9-e327-48c4-d59d-08de956aa456,The Fresh Market August 2026 TPR,Draft,Chex Finer Foods,2026-08-01,2026-08-31,2026-08-01,2026-08-31,Retailer price reduction,TPR,Puff 1CT,2.99,2.6225,0.3675,0.122925,247.68,1.72,274.92,1.91,0,0,0.0,0.0,0.0,0,0.5,0,0.0,0,288.0,5516.22,0.5,2758.11,8274.33,57.46,0,0.0,0.0,4137.17,0,0.0,0.0,4137.17,0.0,,1520,"Promotions,_Sep_30,_2026  FULL HISTORY For Aevah.xlsx",2026-09-30
2026-05-01T00:00:00Z,KEHE DISTRIBUTORS,b7e5b987-349f-449b-7ec3-08de5e781b74,KeHE May 2026 20% OI,Complete - Unsettled (Open),Direct,2026-05-01,2026-05-31,2026-05-01,2026-05-31,Distributor price reduction,,Puff 1CT,0.0,0.0,0.0,0.0,0.0,0.0,245.8164705882353,0.0,0,0,0.0,0.0,0.0,0,0.0,0,0.0,0,0.0,0.0,0.0,0.0,0.0,0.0,0,0.0,92930.56,0.0,0,0.0,0.0,92930.56,26269.75,2026-06-01,1359,"Promotions,_Sep_30,_2026  FULL HISTORY For Aevah.xlsx",2026-09-30
2026-09-01T00:00:00Z,HY-VEE FAST & FRESH,b830a28f-db84-473a-7f56-08de5da29cfe,HY-VEE FAST & FRESH September 2026 Puff Singles TPR,In progress,Direct,2026-09-01,2026-09-30,2026-09-01,2026-09-30,Retailer price reduction,TPR,Puff 1CT,0.0,2.5,0.0,0.0,247.68,1.72,242.73,1.69,0,0,0.0,0.0,0.0,0,0.25,0,0.0,0,108.0,2335.41,0.15,350.31,2685.72,18.65,0,0.0,0.0,671.43,0,0.0,0.0,671.43,0.0,,1278,"Promotions,_Sep_30,_2026  FULL HISTORY For Aevah.xlsx",2026-09-30
2026-09-01T00:00:00Z,HY-VEE FAST & FRESH,b830a28f-db84-473a-7f56-08de5da29cfe,HY-VEE FAST & FRESH September 2026 Puff Singles TPR,In progress,Direct,2026-09-01,2026-09-30,2026-09-01,2026-09-30,Customer advertising,Ad,,0.0,0.0,0.0,0.0,0.0,0.0,0.0,0.0,0,0,0.0,0.0,0.0,0,0.0,0,0.0,0,0.0,0.0,0.0,0.0,0.0,0.0,0,0.0,0.0,0.0,0,0.0,650.0,650.0,0.0,,1278,"Promotions,_Sep_30,_2026  FULL HISTORY For Aevah.xlsx",2026-09-30
2026-04-20T00:00:00Z,AWG,b8514d4a-a5e8-48ac-7f1f-08de5da29cfe,AWG May 2026 Puff 4-Pack TPR,Complete - Unsettled (Open),"DOT FOODS, INC",2026-04-20,2026-05-17,2026-04-20,2026-05-17,Retailer price reduction,TPR,Puff 4CT,0.0,8.99,0.0,0.0,39.84,6.64,39.84,6.64,0,0,0.0,0.0,0.0,0,0.71,0,0.0,0,8.52,640.46,0.2,128.09,768.55,128.09,0,0.0,0.0,545.67,0,0.0,0.0,545.67,0.0,,1223,"Promotions,_Sep_30,_2026  FULL HISTORY For Aevah.xlsx",2026-09-30
2026-01-02T00:00:00Z,STOP & SHOP,b89c2c0d-ef0d-45e9-4069-08de5da29cfe,STOP & SHOP January 2026 Puff Singles TPR,Complete - Unsettled (Open),UNFI,2026-01-02,2026-01-29,2026-01-02,2026-01-29,Retailer price reduction,TPR,Puff 1CT,0.0,2.0,0.0,0.0,247.68,1.72,200.26714285714286,1.1985714285714286,0,0,0.0,0.0,0.0,0,0.25,0,0.0,0,216.0,42286.37,0.0,0.0,42286.37,293.66,0,0.0,0.0,10571.59,0,0.0,0.0,10571.59,0.0,,1110,"Promotions,_Sep_30,_2026  FULL HISTORY For Aevah.xlsx",2026-09-30
2026-01-02T00:00:00Z,STOP & SHOP,b89c2c0d-ef0d-45e9-4069-08de5da29cfe,STOP & SHOP January 2026 Puff Singles TPR,Complete - Unsettled (Open),Direct,2026-01-02,2026-01-29,2026-01-02,2026-01-29,Customer advertising,Ad,,0.0,0.0,0.0,0.0,0.0,0.0,0.0,0.0,0,0,0.0,0.0,0.0,0,0.0,0,0.0,0,0.0,0.0,0.0,0.0,0.0,0.0,0,0.0,0.0,0.0,0,0.0,4000.0,4000.0,0.0,,1110,"Promotions,_Sep_30,_2026  FULL HISTORY For Aevah.xlsx",2026-09-30
2026-01-01T00:00:00Z,Lowes Foods,b929975a-a1c5-42d0-84be-08de4f7c9ec1,Lowes Foods January 2026 TPR,Complete - Unsettled (Open),"DOT FOODS, INC",2026-01-01,2026-01-15,2026-01-01,2026-01-15,Retailer price reduction,TPR,Puff 1CT,2.99,2.0,0.99,0.3311,247.68,1.72,247.68,1.72,0,0,0.0,0.0,0.0,0,0.6,0,0.0,0,345.6,2892.34,0.4,1156.93,4049.27,28.11,0,0.0,0.0,2429.56,0,0.0,0.0,2429.56,0.0,,903,"Promotions,_Sep_30,_2026  FULL HISTORY For Aevah.xlsx",2026-09-30
2026-01-01T00:00:00Z,Lowes Foods,b929975a-a1c5-42d0-84be-08de4f7c9ec1,Lowes Foods January 2026 TPR,Complete - Unsettled (Open),"DOT FOODS, INC",2026-01-01,2026-01-15,2026-01-01,2026-01-15,Retailer price reduction,TPR,Puff Shipper,2.99,2.0,0.99,0.3311,123.84,1.72,123.84,0.29,0,0,0.0,0.0,0.0,0,0.6,0,0.0,0,2332.8,0.0,0.0,0.0,0.0,0.0,0,0.0,0.0,0.0,0,0.0,0.0,0.0,0.0,,903,"Promotions,_Sep_30,_2026  FULL HISTORY For Aevah.xlsx",2026-09-30
2026-07-01T00:00:00Z,Bolla,b96d9770-11e5-4299-6367-08de5da29cfe,Bolla July 2026 TPR,Complete - Unsettled (Open),National Convenience Distributors,2026-07-01,2026-07-31,2026-07-01,2026-07-31,Retailer price reduction,TPR,Puff 1CT,0.9966666666666666,3.39,0.0,0.0,247.68,1.72,247.68,1.72,0,0,0.0,0.0,0.0,0,0.5,0,0.0,0,216.0,3720.0,0.15,558.0,4278.0,29.7,0,0.0,0.0,2139.0,0,0.0,0.0,2139.0,0.0,,1165,"Promotions,_Sep_30,_2026  FULL HISTORY For Aevah.xlsx",2026-09-30
2026-07-01T00:00:00Z,Bolla,b96d9770-11e5-4299-6367-08de5da29cfe,Bolla July 2026 TPR,Complete - Unsettled (Open),Direct,2026-07-01,2026-07-31,2026-07-01,2026-07-31,Customer advertising,Ad,,0.0,0.0,0.0,0.0,0.0,0.0,0.0,0.0,0,0,0.0,0.0,0.0,0,0.0,0,0.0,0,0.0,0.0,0.0,0.0,0.0,0.0,0,0.0,0.0,0.0,0,0.0,750.0,750.0,0.0,,1165,"Promotions,_Sep_30,_2026  FULL HISTORY For Aevah.xlsx",2026-09-30
2025-04-01T00:00:00Z,WINCO,b9ca0dfc-0fdc-4e65-d979-08dd6bd158c5,WINCO April 2025 TPR,Complete - Unsettled (Open),Direct,2025-04-01,2025-04-30,2025-03-18,2025-03-31,Retailer price reduction,TPR,Puff 1CT,2.99,0.0,2.99,1.0,247.68,1.72,247.68,1.72,0,0,0.0,0.0,0.0,0,0.13,0,0.0,0,112.32,60297.26,0.5,30148.62,90445.88,628.09,0,0.0,0.0,11757.97,0,0.0,0.0,11757.97,206.4,2025-04-18,87,"Promotions,_Sep_30,_2026  FULL HISTORY For Aevah.xlsx",2026-09-30
2025-04-01T00:00:00Z,WINCO,b9ca0dfc-0fdc-4e65-d979-08dd6bd158c5,WINCO April 2025 TPR,Complete - Unsettled (Open),Direct,2025-04-01,2025-04-30,2025-03-18,2025-03-31,Retailer price reduction,TPR,Bar 1CT,2.99,0.0,2.99,1.0,247.68,1.72,247.68,1.72,0,0,0.0,0.0,0.0,0,0.13,0,0.0,0,37.44,6298.71,0.5,3149.35,9448.06,65.61,0,0.0,0.0,1228.25,0,0.0,0.0,1228.25,82.56,2025-04-18,87,"Promotions,_Sep_30,_2026  FULL HISTORY For Aevah.xlsx",2026-09-30
2026-09-01T00:00:00Z,Fresh Thyme,b9e41e26-5ef4-4047-d70f-08de5cdc8bfa,Fresh Thyme October 2026 Puff Singles TPR,In progress,KEHE DISTRIBUTORS,2026-09-01,2026-10-08,2026-09-01,2026-10-08,Retailer price reduction,TPR,Puff 1CT,0.0,2.99,0.0,0.0,247.68,1.72,234.81,1.634,0,0,0.0,0.0,0.0,0,0.5,0,0.0,0,360.0,7226.23,0.15,1083.93,8310.16,57.7,0,0.0,0.0,4155.06,0,0.0,0.0,4155.06,0.0,,952,"Promotions,_Sep_30,_2026  FULL HISTORY For Aevah.xlsx",2026-09-30
2025-07-01T00:00:00Z,HARMONS NEIGHBORHOOD GROCER,ba08b511-8a18-4a38-28e9-08dd721102ed,HARMONS NEIGHBORHOOD GROCER July 2025 Bar TPR,Complete - Unsettled (Open),ON THE DOT DISTRIBUTION,2025-07-01,2025-07-31,2025-06-17,2025-06-30,Retailer price reduction,TPR,Bar 1CT,0.0,0.0,0.0,0.0,247.68,1.72,247.68,0.0,0,0,0.0,0.0,0.0,0,0.25,0,0.0,0,0.0,0.0,0.3,0.0,0.0,0.0,0,0.0,0.0,0.0,0,0.0,0.0,0.0,14.37,2025-08-05,646,"Promotions,_Sep_30,_2026  FULL HISTORY For Aevah.xlsx",2026-09-30
2025-07-01T00:00:00Z,HARMONS NEIGHBORHOOD GROCER,ba08b511-8a18-4a38-28e9-08dd721102ed,HARMONS NEIGHBORHOOD GROCER July 2025 Bar TPR,Complete - Unsettled (Open),Direct,2025-07-01,2025-07-31,2025-06-17,2025-06-30,Customer advertising,Ad,,0.0,0.0,0.0,0.0,0.0,0.0,0.0,0.0,0,0,0.0,0.0,0.0,0,0.0,0,0.0,0,0.0,0.0,0.0,0.0,0.0,0.0,0,0.0,0.0,0.0,0,0.0,3000.0,3000.0,0.88,2025-08-05,646,"Promotions,_Sep_30,_2026  FULL HISTORY For Aevah.xlsx",2026-09-30
2026-07-01T00:00:00Z,Fresh Thyme,ba3fd38d-771c-4ee8-d70e-08de5cdc8bfa,Fresh Thyme August 2026 Puff Singles TPR,Complete - Unsettled (Open),KEHE DISTRIBUTORS,2026-07-01,2026-08-11,2026-07-01,2026-08-11,Retailer price reduction,TPR,Puff 1CT,0.0,2.5,0.0,0.0,247.68,1.72,185.27,1.284,0,0,0.0,0.0,0.0,0,0.3,0,0.0,0,216.0,9740.05,0.2,1948.0,11688.05,81.18,0,0.0,0.0,3506.41,0,0.0,0.0,3506.41,0.0,,951,"Promotions,_Sep_30,_2026  FULL HISTORY For Aevah.xlsx",2026-09-30
2026-03-04T00:00:00Z,Albertsons Southern,ba5a5144-84be-4822-1ec5-08de8bfc2efd,March 2026 $9.99 National Event TPR,Complete - Unsettled (Open),Direct,2026-03-04,2026-03-31,2026-03-04,2026-03-31,Retailer price reduction,TPR,Puff 4CT,10.99,9.99,1.0,0.091,39.84,6.64,39.84,6.64,0,0,0.0,0.0,0.0,0,1.0,0,0.0,0,24.0,2960.0,0.5,1480.0,4440.0,740.0,0,0.0,0.0,4440.0,0,0.0,0.0,4440.0,0.0,,1503,"Promotions,_Sep_30,_2026  FULL HISTORY For Aevah.xlsx",2026-09-30
2026-08-01T00:00:00Z,"ASSOCIATED FOOD STORES, INC.",ba7f521c-ddcd-405e-d706-08de5cdc8bfa,"ASSOCIATED FOOD STORES, INC. August 2026 Puff 4-Pack TPR",Complete - Unsettled (Open),Direct,2026-08-01,2026-08-31,2026-08-01,2026-08-31,Retailer price reduction,TPR,Puff 4CT,10.99,8.99,2.0,0.182,39.84,6.64,39.84,6.64,0,0,0.0,0.0,0.0,0,1.0,0,0.0,0,24.0,2863.13,0.4,1145.26,4008.39,668.06,0,0.0,0.0,4008.39,0,0.0,0.0,4008.39,9950.52,2026-08-09,943,"Promotions,_Sep_30,_2026  FULL HISTORY For Aevah.xlsx",2026-09-30
2025-09-01T00:00:00Z,TRAVEL CENTERS OF AMERICA,bace9a99-d39c-4c37-d076-08dd6bd158c8,TRAVEL CENTERS OF AMERICA September 2025 TPR,Complete - Unsettled (Open),"CORE-MARK INTERNATIONAL, INC.",2025-09-01,2025-09-30,2025-08-18,2025-08-31,Retailer price reduction,TPR,Puff 1CT,0.0,0.0,0.0,0.0,247.68,1.72,247.27,1.72,0,0,0.0,0.0,0.0,0,0.3,0,0.0,0,172.8,12560.92,0.15,1884.12,14445.04,100.32,0,0.0,0.0,4333.52,0,0.0,0.0,4333.52,0.0,,240,"Promotions,_Sep_30,_2026  FULL HISTORY For Aevah.xlsx",2026-09-30
2025-01-05T00:00:00Z,MEIJER,bad264e4-e01c-476d-ec39-08dd6bd158cb,MEIJER January 2025 TPR,Complete - Unsettled (Open),Direct,2025-01-05,2025-02-02,2024-12-22,2025-01-04,Retailer price reduction,TPR,Puff 4CT,0.0,0.0,0.0,0.0,39.84,6.64,39.84,6.64,0,0,0.0,0.0,0.0,0,1.33,0,0.0,0,23.94,14320.0,0.7,10024.0,24344.0,4057.33,0,0.0,0.0,32377.52,0,0.0,0.0,32377.52,118.37,2025-02-28,463,"Promotions,_Sep_30,_2026  FULL HISTORY For Aevah.xlsx",2026-09-30
2025-01-05T00:00:00Z,MEIJER,bad264e4-e01c-476d-ec39-08dd6bd158cb,MEIJER January 2025 TPR,Complete - Unsettled (Open),Direct,2025-01-05,2025-02-02,2024-12-22,2025-01-04,Customer advertising,Ad,,0.0,0.0,0.0,0.0,0.0,0.0,0.0,0.0,0,0,0.0,0.0,0.0,0,0.0,0,0.0,0,0.0,0.0,0.0,0.0,0.0,0.0,0,0.0,0.0,0.0,0,0.0,500.0,500.0,118.36,2025-02-28,463,"Promotions,_Sep_30,_2026  FULL HISTORY For Aevah.xlsx",2026-09-30
2026-09-01T00:00:00Z,Albertsons Jewel Osco,baf7a031-a063-4c7b-499a-08de6afe834a,September 2026 $1 off Digital,Complete - Unsettled (Open),Direct,2026-09-01,2026-09-28,2026-09-01,2026-09-28,Coupon,Digital Coupon,,0.0,0.0,0.0,0.0,0.0,0.0,0.0,0.0,0,0,0.0,0.0,0.0,0,0.0,0,0.0,0,0.0,0.0,0.0,0.0,0.0,0.0,0,0.0,0.0,0.0,0,0.0,256.22,256.22,0.0,,1397,"Promotions,_Sep_30,_2026  FULL HISTORY For Aevah.xlsx",2026-09-30
2026-10-26T00:00:00Z,WAWA,bb096c44-f817-475b-6398-08de5da29cfe,WAWA November 2026 TPR,Planned,Direct,2026-10-26,2026-11-08,2026-10-26,2026-11-08,Display,PDQ,,0.0,0.0,0.0,0.0,0.0,0.0,0.0,0.0,0,0,0.0,0.0,0.0,0,0.0,0,0.0,0,0.0,0.0,0.0,0.0,0.0,0.0,0,0.0,0.0,0.0,0,0.0,7500.0,7500.0,0.0,,1214,"Promotions,_Sep_30,_2026  FULL HISTORY For Aevah.xlsx",2026-09-30
2025-08-01T00:00:00Z,ANABI OIL,bb3a71e7-b48b-4402-e906-08dd6bd158c7,ANABI OIL August 2025 TPR,Complete - Unsettled (Open),"CORE-MARK INTERNATIONAL, INC.",2025-08-01,2025-08-31,2025-07-18,2025-07-31,Retailer price reduction,TPR,Puff 1CT,0.0,0.0,0.0,0.0,247.68,1.72,247.27,1.72,0,0,0.0,0.0,0.0,0,0.3,0,0.0,0,129.6,7473.18,0.15,1120.98,8594.16,59.67,0,0.0,0.0,2578.26,0,0.0,0.0,2578.26,0.0,,208,"Promotions,_Sep_30,_2026  FULL HISTORY For Aevah.xlsx",2026-09-30
2026-01-04T00:00:00Z,TARGET CORPORATION,bb65b07b-990a-4c95-0fcd-08de7ea07321,BOGO 50,Complete - Unsettled (Open),Direct,2026-01-04,2026-01-10,2025-12-01,2025-12-05,Retailer price reduction,BOGO,Puff 4CT,0.0,6.74,0.0,0.0,36.66,6.11,37.32,6.221666666666668,0,0,0.0,0.0,0.0,0,1.53,0,0.0,0,55.08,58398.15,2.0,116796.3,175194.45,29199.06,0,0.0,0.0,268047.5,0,0.0,0.0,268047.5,79.97,2026-02-12,1419,"Promotions,_Sep_30,_2026  FULL HISTORY For Aevah.xlsx",2026-09-30
2026-03-01T00:00:00Z,WAKEFERN,bbc1480b-8201-4a50-4085-08de5da29cfe,WAKEFERN March 2026 Puff Singles TPR,Complete - Unsettled (Open),UNFI,2026-03-01,2026-03-14,2026-03-01,2026-03-14,Retailer price reduction,TPR,Puff 1CT,0.0,2.49,0.0,0.0,247.68,1.72,242.73,1.69,0,0,0.0,0.0,0.0,0,0.8,0,0.0,0,460.8,12180.04,0.25,3045.01,15225.05,105.73,0,0.0,0.0,12180.04,0,0.0,0.0,12180.04,11803.44,2026-04-02,1138,"Promotions,_Sep_30,_2026  FULL HISTORY For Aevah.xlsx",2026-09-30
2026-01-01T00:00:00Z,GPM,bbcd6069-4d96-4e39-6379-08de5da29cfe,GPM June 2026 TPR,Complete - Unsettled (Open),"CORE-MARK INTERNATIONAL, INC.",2026-01-01,2026-06-30,2026-01-01,2026-06-30,Retailer price reduction,TPR,Puff 1CT,0.0,3.39,0.0,0.0,247.68,1.72,242.73,1.2675,0,0,0.0,0.0,0.0,0,0.25,0,0.0,0,108.0,174663.24,0.15,26199.48,200862.72,1394.88,0,0.0,0.0,50215.68,0,0.0,0.0,50215.68,0.0,,1183,"Promotions,_Sep_30,_2026  FULL HISTORY For Aevah.xlsx",2026-09-30
2026-01-01T00:00:00Z,GPM,bbcd6069-4d96-4e39-6379-08de5da29cfe,GPM June 2026 TPR,Complete - Unsettled (Open),Direct,2026-01-01,2026-06-30,2026-01-01,2026-06-30,Customer advertising,Ad,,0.0,0.0,0.0,0.0,0.0,0.0,0.0,0.0,0,0,0.0,0.0,0.0,0,0.0,0,0.0,0,0.0,0.0,0.0,0.0,0.0,0.0,0,0.0,0.0,0.0,0,0.0,35000.0,35000.0,0.0,,1183,"Promotions,_Sep_30,_2026  FULL HISTORY For Aevah.xlsx",2026-09-30
2026-09-01T00:00:00Z,CERTCO INC.,bbe9520a-7a0d-4b6b-7f2d-08de5da29cfe,CERTCO INC. September 2026 Puff 4-Pack TPR,In progress,Direct,2026-09-01,2026-09-30,2026-09-01,2026-09-30,Retailer price reduction,TPR,Puff 4CT,0.0,7.99,0.0,0.0,39.84,6.64,39.84,6.64,0,0,0.0,0.0,0.0,0,0.8,0,0.0,0,28.8,8196.42,0.3,2458.92,10655.34,1775.89,0,0.0,0.0,8524.28,0,0.0,0.0,8524.28,0.0,,1237,"Promotions,_Sep_30,_2026  FULL HISTORY For Aevah.xlsx",2026-09-30
2027-01-01T00:00:00Z,WEGMANS,bc128d15-c841-47d5-3249-08ddd90172f8,WEGMANS January 2027 TPR,Draft,UNFI,2027-01-01,2027-01-31,2026-12-18,2026-12-31,Retailer price reduction,TPR,Puff 1CT,0.0,0.0,0.0,0.0,247.68,1.72,243.65,1.696,0,0,0.0,0.0,0.0,0,0.52,0,0.0,0,374.4,3253.72,0.5,1626.86,4880.58,33.89,0,0.0,0.0,2537.9,0,0.0,0.0,2537.9,0.0,,676,"Promotions,_Sep_30,_2026  FULL HISTORY For Aevah.xlsx",2026-09-30
2027-01-01T00:00:00Z,WEGMANS,bc128d15-c841-47d5-3249-08ddd90172f8,WEGMANS January 2027 TPR,Draft,UNFI,2027-01-01,2027-01-31,2026-12-18,2026-12-31,Retailer price reduction,TPR,Bar 1CT,0.0,0.0,0.0,0.0,247.68,1.72,242.73,1.69,0,0,0.0,0.0,0.0,0,0.52,0,0.0,0,74.88,0.0,0.5,0.0,0.0,0.0,0,0.0,0.0,0.0,0,0.0,0.0,0.0,0.0,,676,"Promotions,_Sep_30,_2026  FULL HISTORY For Aevah.xlsx",2026-09-30
2026-04-29T00:00:00Z,Albertsons Seattle,bcf47947-4327-4f70-b4c1-08de8bfc2efc,May 2026 $8.99 TPR + Digital + Minions Shippers,Complete - Unsettled (Open),Direct,2026-04-29,2026-05-26,2026-04-29,2026-05-26,Retailer price reduction,TPR,Puff 4CT,10.99,9.99,1.0,0.091,39.84,6.64,39.84,6.64,0,0,0.0,0.0,0.0,0,1.0,0,0.0,0,24.0,6168.0,0.6,3700.8,9868.8,1644.8,0,0.0,0.0,9868.8,0,0.0,0.0,9868.8,10196.8,2026-05-28,1481,"Promotions,_Sep_30,_2026  FULL HISTORY For Aevah.xlsx",2026-09-30
2026-04-29T00:00:00Z,Albertsons Seattle,bcf47947-4327-4f70-b4c1-08de8bfc2efc,May 2026 $8.99 TPR + Digital + Minions Shippers,Complete - Unsettled (Open),Direct,2026-04-29,2026-05-26,2026-04-29,2026-05-26,Retailer price reduction,TPR,Puff Shipper,0.0,0.0,0.0,0.0,199.2,6.64,199.2,0.0,0,0,19.2,0.64,0.0,0,2.0,0,0.0,0,57.6,496.0,0.6,297.6,793.6,0.0,0,0.0,0.0,1587.2,0,0.0,0.0,1587.2,2.2,2026-05-28,1481,"Promotions,_Sep_30,_2026  FULL HISTORY For Aevah.xlsx",2026-09-30
2025-02-01T00:00:00Z,FESTIVAL FOODS,bd21b703-1557-4082-d298-08dd6bd158c7,FESTIVAL FOODS February 2025 TPR,Complete - Unsettled (Open),UNFI,2025-02-01,2025-02-28,2025-01-18,2025-01-31,Retailer price reduction,TPR,Puff 4CT,0.0,0.0,0.0,0.0,39.84,6.64,33.06,5.51,0,0,0.0,0.0,0.0,0,0.0,0,0.0,0,0.0,672.0,0.5,336.0,1008.0,168.0,0,0.0,0.0,0.0,0,0.0,0.0,0.0,0.0,,150,"Promotions,_Sep_30,_2026  FULL HISTORY For Aevah.xlsx",2026-09-30
2025-02-01T00:00:00Z,FESTIVAL FOODS,bd21b703-1557-4082-d298-08dd6bd158c7,FESTIVAL FOODS February 2025 TPR,Complete - Unsettled (Open),UNFI,2025-02-01,2025-02-28,2025-01-18,2025-01-31,Retailer price reduction,TPR,Bar 4CT,0.0,0.0,0.0,0.0,39.84,6.64,33.06,5.51,0,0,0.0,0.0,0.0,0,0.0,0,0.0,0,0.0,336.0,0.5,168.0,504.0,84.0,0,0.0,0.0,0.0,0,0.0,0.0,0.0,0.0,,150,"Promotions,_Sep_30,_2026  FULL HISTORY For Aevah.xlsx",2026-09-30
2025-02-01T00:00:00Z,FESTIVAL FOODS,bd21b703-1557-4082-d298-08dd6bd158c7,FESTIVAL FOODS February 2025 TPR,Complete - Unsettled (Open),UNFI,2025-02-01,2025-02-28,2025-01-18,2025-01-31,Retailer price reduction,TPR,Puff 1CT,0.0,0.0,0.0,0.0,247.68,1.72,244.17,1.7,0,0,0.0,0.0,0.0,0,0.31,0,0.0,0,223.2,2436.0,0.5,1218.0,3654.0,25.38,0,0.0,0.0,1132.74,0,0.0,0.0,1132.74,0.0,,150,"Promotions,_Sep_30,_2026  FULL HISTORY For Aevah.xlsx",2026-09-30
2025-02-01T00:00:00Z,FESTIVAL FOODS,bd21b703-1557-4082-d298-08dd6bd158c7,FESTIVAL FOODS February 2025 TPR,Complete - Unsettled (Open),UNFI,2025-02-01,2025-02-28,2025-01-18,2025-01-31,Retailer price reduction,TPR,Bar 1CT,0.0,0.0,0.0,0.0,247.68,1.72,244.17,1.7,0,0,0.0,0.0,0.0,0,0.31,0,0.0,0,223.2,1680.0,0.5,840.0,2520.0,17.5,0,0.0,0.0,781.2,0,0.0,0.0,781.2,0.0,,150,"Promotions,_Sep_30,_2026  FULL HISTORY For Aevah.xlsx",2026-09-30
2025-09-01T00:00:00Z,HARMONS NEIGHBORHOOD GROCER,bd925e5b-4056-48ad-28ea-08dd721102ed,HARMONS NEIGHBORHOOD GROCER September 2025 Puff TPR,Complete - Unsettled (Open),ON THE DOT DISTRIBUTION,2025-09-01,2025-09-30,2025-08-18,2025-08-31,Retailer price reduction,TPR,Puff 1CT,2.99,0.0,2.99,1.0,247.68,1.72,247.68,1.5766666666666667,0,0,0.0,0.0,0.0,0,0.25,0,0.0,0,396.0,40996.29,0.5,20498.15,61494.44,427.04,0,0.0,0.0,15373.61,0,0.0,0.0,15373.61,8620.5,2025-09-30,648,"Promotions,_Sep_30,_2026  FULL HISTORY For Aevah.xlsx",2026-09-30
2025-09-01T00:00:00Z,HARMONS NEIGHBORHOOD GROCER,bd925e5b-4056-48ad-28ea-08dd721102ed,HARMONS NEIGHBORHOOD GROCER September 2025 Puff TPR,Complete - Unsettled (Open),Direct,2025-09-01,2025-09-30,2025-08-18,2025-08-31,Customer advertising,Ad,,0.0,0.0,0.0,0.0,0.0,0.0,0.0,0.0,0,0,0.0,0.0,0.0,0,0.0,0,0.0,0,0.0,0.0,0.0,0.0,0.0,0.0,0,0.0,0.0,0.0,0,0.0,5000.0,5000.0,3000.0,2025-09-30,648,"Promotions,_Sep_30,_2026  FULL HISTORY For Aevah.xlsx",2026-09-30
2026-01-28T00:00:00Z,Food City,bda153c4-cb6a-485a-6706-08de5e781b74,Food City February 2026 2/$4 TPR,Complete - Unsettled (Open),Direct,2026-01-28,2026-02-24,2026-01-28,2026-02-24,Retailer price reduction,TPR,Puff 1CT,0.9966666666666666,2.5,0.16333333333333333,0.05463333333333334,247.68,1.72,247.68,1.72,0,0,0.0,0.0,0.0,0,0.5,0,0.0,0,216.0,3630.0,0.3,1089.0,4719.0,32.76,0,0.0,0.0,2359.5,0,0.0,0.0,2359.5,0.0,,1353,"Promotions,_Sep_30,_2026  FULL HISTORY For Aevah.xlsx",2026-09-30
2027-01-01T00:00:00Z,KWIK TRIP,bdabff22-7e6e-4bcf-eb9b-08dd6bd158ca,KWIK TRIP January 2027 TPR,Planned,Direct,2027-01-01,2027-01-31,2026-12-18,2026-12-31,Retailer price reduction,TPR,Puff 1CT,3.215,1.57,1.645,0.5,247.68,1.72,242.73,1.69,0,0,0.0,0.0,0.0,0,0.275,0,0.0,0,158.4,8103.18,0.25,2025.75,10128.93,70.33,0,0.0,0.0,3342.48,0,0.0,0.0,3342.48,0.0,,383,"Promotions,_Sep_30,_2026  FULL HISTORY For Aevah.xlsx",2026-09-30
2026-05-01T00:00:00Z,Nouria,bdc19d34-fd04-4991-6386-08de5da29cfe,Nouria May 2026 TPR,Complete - Unsettled (Open),"CORE-MARK INTERNATIONAL, INC.",2026-05-01,2026-05-30,2026-05-01,2026-05-30,Retailer price reduction,TPR,Puff 1CT,0.598,3.49,0.0,0.0,247.68,1.72,242.73,1.69,0,0,0.0,0.0,0.0,0,0.25,0,0.0,0,180.0,4885.71,0.15,732.87,5618.58,39.0,0,0.0,0.0,983.25,0,0.0,0.0,983.25,0.0,,1196,"Promotions,_Sep_30,_2026  FULL HISTORY For Aevah.xlsx",2026-09-30
2026-05-01T00:00:00Z,Nouria,bdc19d34-fd04-4991-6386-08de5da29cfe,Nouria May 2026 TPR,Complete - Unsettled (Open),MCLANE GROCER,2026-05-01,2026-05-30,2026-05-01,2026-05-30,Retailer price reduction,TPR,Puff 1CT,0.598,3.49,0.0,0.0,247.68,1.72,242.482,1.686,0,0,0.0,0.0,0.0,0,0.25,0,0.0,0,180.0,4885.71,0.15,732.87,5618.58,39.0,0,0.0,0.0,421.38,0,0.0,0.0,421.38,0.0,,1196,"Promotions,_Sep_30,_2026  FULL HISTORY For Aevah.xlsx",2026-09-30
2026-05-01T00:00:00Z,Nouria,bdc19d34-fd04-4991-6386-08de5da29cfe,Nouria May 2026 TPR,Complete - Unsettled (Open),Direct,2026-05-01,2026-05-30,2026-05-01,2026-05-30,Customer advertising,Ad,,0.0,0.0,0.0,0.0,0.0,0.0,0.0,0.0,0,0,0.0,0.0,0.0,0,0.0,0,0.0,0,0.0,0.0,0.0,0.0,0.0,0.0,0,0.0,0.0,0.0,0,0.0,4500.0,4500.0,0.0,,1196,"Promotions,_Sep_30,_2026  FULL HISTORY For Aevah.xlsx",2026-09-30
2026-11-01T00:00:00Z,MEIJER,be1165c5-e6f0-48a6-6385-08de5da29cfe,MEIJER November 2026 TPR,Planned,Direct,2026-11-01,2026-11-10,2026-11-01,2026-11-10,Retailer price reduction,TPR,Puff 4CT,0.0,8.49,0.0,0.0,39.84,6.64,39.04,6.51,0,0,0.0,0.0,0.0,0,0.7,0,0.0,0,12.6,4081.29,0.4,1632.51,5713.8,952.3,0,0.0,0.0,3999.66,0,0.0,0.0,3999.66,0.0,,1195,"Promotions,_Sep_30,_2026  FULL HISTORY For Aevah.xlsx",2026-09-30
2026-11-01T00:00:00Z,MEIJER,be1165c5-e6f0-48a6-6385-08de5da29cfe,MEIJER November 2026 TPR,Planned,Direct,2026-11-01,2026-11-10,2026-11-01,2026-11-10,Display,PDQ,,0.0,0.0,0.0,0.0,0.0,0.0,0.0,0.0,0,0,0.0,0.0,0.0,0,0.0,0,0.0,0,0.0,0.0,0.0,0.0,0.0,0.0,0,0.0,0.0,0.0,0,0.0,10000.0,10000.0,0.0,,1195,"Promotions,_Sep_30,_2026  FULL HISTORY For Aevah.xlsx",2026-09-30
2026-09-01T00:00:00Z,SCHNUCKS,be45e4d8-f186-4854-7f77-08de5da29cfe,SCHNUCKS September 2026 Puff Singles TPR,Complete - Unsettled (Open),"DOT FOODS, INC",2026-09-01,2026-09-14,2026-09-01,2026-09-14,Retailer price reduction,TPR,Puff 1CT,0.9966666666666666,2.5,0.16333333333333333,0.05463333333333334,247.68,1.72,247.68,1.72,0,0,0.0,0.0,0.0,0,0.1,0,0.0,0,172.8,4813.8,0.35,1684.84,6498.64,45.15,0,0.0,0.0,649.87,0,0.0,0.0,649.87,0.0,,1311,"Promotions,_Sep_30,_2026  FULL HISTORY For Aevah.xlsx",2026-09-30
2025-12-01T00:00:00Z,TRAVEL CENTERS OF AMERICA,be5e625b-614e-481c-d158-08dd6bd158c8,TRAVEL CENTERS OF AMERICA December 2025 TPR,Complete - Unsettled (Open),"CORE-MARK INTERNATIONAL, INC.",2025-12-01,2025-12-31,2025-11-17,2025-11-30,Retailer price reduction,TPR,Puff 1CT,0.0,0.0,0.0,0.0,247.68,1.72,247.27,1.72,0,0,0.0,0.0,0.0,0,0.3,0,0.0,0,172.8,13080.24,0.15,1962.04,15042.28,104.48,0,0.0,0.0,4512.68,0,0.0,0.0,4512.68,0.0,,242,"Promotions,_Sep_30,_2026  FULL HISTORY For Aevah.xlsx",2026-09-30
2026-04-01T00:00:00Z,Albertsons Haggen,be761feb-12e5-442f-9d41-08de73a3536f,UNFI Summer Show Shippers Haggen - April 2026,Complete - Unsettled (Open),UNFI,2026-04-01,2026-04-30,2026-04-01,2026-04-30,Retailer price reduction,OI,Puff Shipper,0.0,0.0,0.0,0.0,123.84,1.72,121.36,0.28,0,0,0.0,0.0,30.96,0,0.0,0,0.0,0,92.88,1301.79,0.0,0.0,1301.79,0.0,0,0.0,0.0,0.0,0,0.0,0.0,0.0,0.0,,1403,"Promotions,_Sep_30,_2026  FULL HISTORY For Aevah.xlsx",2026-09-30
2025-07-01T00:00:00Z,KROGER,beaacdd4-e9e3-4c54-dfea-08dd6bd158c9,KROGER July 2025 TPR,Complete - Unsettled (Open),UNFI,2025-07-01,2025-07-30,2025-06-17,2025-06-30,Retailer price reduction,TPR,Puff 4CT,4.396,0.0,4.396,0.4,39.84,6.64,39.04,2.604,0,0,0.0,0.0,0.0,0,0.5,0,0.0,0,6.0,75194.12,0.35,26317.94,101512.06,16918.68,0,0.0,0.0,50756.04,0,0.0,0.0,50756.04,0.0,,310,"Promotions,_Sep_30,_2026  FULL HISTORY For Aevah.xlsx",2026-09-30
2025-07-01T00:00:00Z,KROGER,beaacdd4-e9e3-4c54-dfea-08dd6bd158c9,KROGER July 2025 TPR,Complete - Unsettled (Open),UNFI,2025-07-01,2025-07-30,2025-06-17,2025-06-30,Retailer price reduction,TPR,Puff 1CT,1.196,0.0,1.196,0.4,247.68,1.72,247.27,0.688,0,0,0.0,0.0,0.0,0,0.6,0,0.0,0,172.8,150388.2,0.35,52635.88,203024.08,1409.88,0,0.0,0.0,121814.44,0,0.0,0.0,121814.44,0.0,,310,"Promotions,_Sep_30,_2026  FULL HISTORY For Aevah.xlsx",2026-09-30
2026-01-01T00:00:00Z,PUBLIX,beb56b4c-0a2f-4654-b4ca-08de7ea07320,2026 Front End Program Q1,Draft,Direct,2026-01-01,2026-03-31,2026-01-01,2026-03-31,Display,End Cap,,0.0,0.0,0.0,0.0,0.0,0.0,0.0,0.0,0,0,0.0,0.0,0.0,0,0.0,0,0.0,0,0.0,0.0,0.0,0.0,0.0,0.0,0,0.0,0.0,0.0,0,0.0,5869.71,5869.71,0.0,,1415,"Promotions,_Sep_30,_2026  FULL HISTORY For Aevah.xlsx",2026-09-30
2026-05-01T00:00:00Z,Dierbergs,bed980fa-1163-4716-7f37-08de5da29cfe,Dierbergs May 2026 Puff 4-Pack TPR,Complete - Unsettled (Open),Cohen Distributing,2026-05-01,2026-05-31,2026-05-01,2026-05-31,Retailer price reduction,TPR,Puff 4CT,0.0,9.99,0.0,0.0,39.84,6.64,39.84,6.64,0,0,0.0,0.0,0.0,0,0.4,0,0.0,0,12.0,956.54,0.35,334.8,1291.34,215.23,0,0.0,0.0,516.54,0,0.0,0.0,516.54,312.8,2026-06-02,1247,"Promotions,_Sep_30,_2026  FULL HISTORY For Aevah.xlsx",2026-09-30
2026-05-01T00:00:00Z,Dierbergs,bed980fa-1163-4716-7f37-08de5da29cfe,Dierbergs May 2026 Puff 4-Pack TPR,Complete - Unsettled (Open),Direct,2026-05-01,2026-05-31,2026-05-01,2026-05-31,Customer advertising,Ad,,0.0,0.0,0.0,0.0,0.0,0.0,0.0,0.0,0,0,0.0,0.0,0.0,0,0.0,0,0.0,0,0.0,0.0,0.0,0.0,0.0,0.0,0,0.0,0.0,0.0,0,0.0,395.0,395.0,0.0,2026-06-02,1247,"Promotions,_Sep_30,_2026  FULL HISTORY For Aevah.xlsx",2026-09-30
2025-09-01T00:00:00Z,MAVERIK,bf73d837-4ea8-4df3-28f7-08dd721102ed,MAVERIK September 2025 Puff TPR,Complete - Unsettled (Open),"CORE-MARK INTERNATIONAL, INC.",2025-09-01,2025-09-30,2025-08-18,2025-08-31,Retailer price reduction,TPR,Puff 1CT,0.0,0.0,0.0,0.0,247.68,1.72,247.15,1.72,0,0,0.0,0.0,0.0,0,0.1,0,0.0,0,72.0,148030.81,0.15,22204.61,170235.42,1182.19,0,0.0,0.0,17023.55,0,0.0,0.0,17023.55,0.0,,649,"Promotions,_Sep_30,_2026  FULL HISTORY For Aevah.xlsx",2026-09-30
2025-07-01T00:00:00Z,PILOT FLYING J,bfbb97ae-ce12-445e-f0d4-08dd6bd158ca,PILOT FLYING J July 2025 TPR,Complete - Unsettled (Open),MCLANE GROCER,2025-07-01,2025-07-30,2025-06-17,2025-06-30,Retailer price reduction,TPR,Puff 1CT,0.0,0.0,0.0,0.0,247.68,1.72,247.22,1.72,0,0,0.0,0.0,0.0,0,0.25,0,0.0,0,108.0,19517.04,0.15,2927.55,22444.59,155.87,0,0.0,0.0,5611.15,0,0.0,0.0,5611.15,0.0,,404,"Promotions,_Sep_30,_2026  FULL HISTORY For Aevah.xlsx",2026-09-30
2026-04-01T00:00:00Z,Albertsons Shaws,bfc3bd8c-cd3b-4023-7779-08de8a6b9689,2026 April Summer Shipper Show - Evergreen,Complete - Unsettled (Open),Direct,2026-04-01,2026-04-30,2026-04-01,2026-04-30,Retailer price reduction,Scan,Puff Shipper,7.326666666666667,7.326666666666667,0.0,0.0,199.2,6.64,199.2,16.6,0,0,19.2,0.64,0.0,0,0.0,0,0.0,0,57.6,3813.5,0.0,0.0,3813.5,0.0,0,0.0,0.0,0.0,0,0.0,0.0,0.0,0.0,,1477,"Promotions,_Sep_30,_2026  FULL HISTORY For Aevah.xlsx",2026-09-30
2026-07-01T00:00:00Z,Albertsons Intermountain,c02bc2e0-b179-4d06-71f9-08de89a46b1d,July 2026 $9.99 TPR,Complete - Unsettled (Open),Direct,2026-07-01,2026-07-28,2026-07-01,2026-07-28,Retailer price reduction,TPR,Puff 4CT,10.99,9.99,1.0,0.091,39.84,6.64,39.84,6.64,0,0,0.0,0.0,0.0,0,1.0,0,0.0,0,24.0,2359.6,0.5,1179.8,3539.4,589.9,0,0.0,0.0,3539.4,0,0.0,0.0,3539.4,4332.0,2026-07-30,1447,"Promotions,_Sep_30,_2026  FULL HISTORY For Aevah.xlsx",2026-09-30
2026-09-01T00:00:00Z,Albertsons Shaws,c0613130-7d85-4ddf-c16a-08de8bfc2efc,September 2026 $1 Digital,Complete - Unsettled (Open),Direct,2026-09-01,2026-09-28,2026-09-01,2026-09-28,Coupon,Digital Coupon,,0.0,0.0,0.0,0.0,0.0,0.0,0.0,0.0,0,0,0.0,0.0,0.0,0,0.0,0,0.0,0,0.0,0.0,0.0,0.0,0.0,0.0,0,0.0,0.0,0.0,0,0.0,323.06,323.06,0.0,,1492,"Promotions,_Sep_30,_2026  FULL HISTORY For Aevah.xlsx",2026-09-30
2025-08-01T00:00:00Z,TRAVEL CENTERS OF AMERICA,c073c30c-5425-4dfb-d005-08dd6bd158c8,TRAVEL CENTERS OF AMERICA August 2025 TPR,Complete - Unsettled (Open),"CORE-MARK INTERNATIONAL, INC.",2025-08-01,2025-08-31,2025-07-18,2025-07-31,Retailer price reduction,TPR,Puff 1CT,0.0,0.0,0.0,0.0,247.68,1.72,247.27,1.72,0,0,0.0,0.0,0.0,0,0.3,0,0.0,0,172.8,12828.64,0.15,1924.28,14752.92,102.44,0,0.0,0.0,4425.88,0,0.0,0.0,4425.88,0.0,,239,"Promotions,_Sep_30,_2026  FULL HISTORY For Aevah.xlsx",2026-09-30
2026-12-16T00:00:00Z,SMART & FINAL,c07590ca-42b5-4075-d73e-08de5cdc8bfa,SMART & FINAL December 2026 Puff Singles TPR,Planned,KEHE DISTRIBUTORS,2026-12-16,2026-12-29,2026-12-16,2026-12-29,Retailer price reduction,TPR,Puff 1CT,0.0,24.99,0.0,0.0,247.68,1.72,227.88,1.58,0,0,0.0,0.0,0.0,0,4.2,0,0.0,0,1209.6,5691.6,0.3,1707.48,7399.08,51.38,0,0.0,0.0,31076.14,0,0.0,0.0,31076.14,0.0,,999,"Promotions,_Sep_30,_2026  FULL HISTORY For Aevah.xlsx",2026-09-30
2026-12-16T00:00:00Z,SMART & FINAL,c07590ca-42b5-4075-d73e-08de5cdc8bfa,SMART & FINAL December 2026 Puff Singles TPR,Planned,Direct,2026-12-16,2026-12-29,2026-12-16,2026-12-29,Customer advertising,Ad,,0.0,0.0,0.0,0.0,0.0,0.0,0.0,0.0,0,0,0.0,0.0,0.0,0,0.0,0,0.0,0,0.0,0.0,0.0,0.0,0.0,0.0,0,0.0,0.0,0.0,0,0.0,2500.0,2500.0,0.0,,999,"Promotions,_Sep_30,_2026  FULL HISTORY For Aevah.xlsx",2026-09-30
2026-10-01T00:00:00Z,JACKSONS,c0d2b791-41c5-481e-7f5d-08de5da29cfe,JACKSONS October 2026 Puff Singles TPR,Planned,CAPITOL DISTRIBUTING,2026-10-01,2026-10-28,2026-10-01,2026-10-28,Retailer price reduction,TPR,Puff 1CT,0.0,2.5,0.0,0.0,247.68,1.72,247.68,1.72,0,0,0.0,0.0,0.0,0,0.3,0,0.0,0,129.6,7907.1,0.2,1581.42,9488.52,65.88,0,0.0,0.0,2846.55,0,0.0,0.0,2846.55,0.0,,1285,"Promotions,_Sep_30,_2026  FULL HISTORY For Aevah.xlsx",2026-09-30
2027-01-01T00:00:00Z,WINCO,c0faf91f-25cf-48b9-ebee-08dd6bd158c5,WINCO January 2027 TPR,Planned,Direct,2027-01-01,2027-01-31,2026-12-18,2026-12-31,Retailer price reduction,TPR,Puff 1CT,2.99,0.0,2.99,1.0,247.68,1.72,247.57,1.72,0,0,0.0,0.0,0.0,0,0.24,0,0.0,0,207.36,15564.2,0.3,4669.27,20233.47,140.5,0,0.0,0.0,4856.03,0,0.0,0.0,4856.03,0.0,,108,"Promotions,_Sep_30,_2026  FULL HISTORY For Aevah.xlsx",2026-09-30
2027-01-01T00:00:00Z,WINCO,c0faf91f-25cf-48b9-ebee-08dd6bd158c5,WINCO January 2027 TPR,Planned,Direct,2027-01-01,2027-01-31,2026-12-18,2026-12-31,Retailer price reduction,TPR,Bar 1CT,2.99,0.0,2.99,1.0,247.68,1.72,247.68,0.0,0,0,0.0,0.0,0.0,0,0.24,0,0.0,0,0.0,0.0,0.3,0.0,0.0,0.0,0,0.0,0.0,0.0,0,0.0,0.0,0.0,0.0,,108,"Promotions,_Sep_30,_2026  FULL HISTORY For Aevah.xlsx",2026-09-30
2026-01-01T00:00:00Z,CASEYS CORP,c1b997b5-4d0e-4643-7f21-08de5da29cfe,CASEYS CORP January 2026 Puff Singles TPR,Complete - Unsettled (Open),Direct,2026-01-01,2026-01-31,2026-01-01,2026-01-31,Retailer price reduction,TPR,Puff 1CT,0.598,2.5,0.098,0.03278,247.68,1.72,247.68,1.72,0,0,0.0,0.0,0.0,0,0.5,0,0.0,0,360.0,64900.85,0.15,9735.14,74635.99,518.3,0,0.0,0.0,37318.0,0,0.0,0.0,37318.0,0.0,,1225,"Promotions,_Sep_30,_2026  FULL HISTORY For Aevah.xlsx",2026-09-30
2026-01-01T00:00:00Z,CASEYS CORP,c1b997b5-4d0e-4643-7f21-08de5da29cfe,CASEYS CORP January 2026 Puff Singles TPR,Complete - Unsettled (Open),Direct,2026-01-01,2026-01-31,2026-01-01,2026-01-31,Customer advertising,Ad,,0.0,0.0,0.0,0.0,0.0,0.0,0.0,0.0,0,0,0.0,0.0,0.0,0,0.0,0,0.0,0,0.0,0.0,0.0,0.0,0.0,0.0,0,0.0,0.0,0.0,0,0.0,800.0,800.0,0.0,,1225,"Promotions,_Sep_30,_2026  FULL HISTORY For Aevah.xlsx",2026-09-30
2026-01-01T00:00:00Z,Bolla,c1f29483-ec41-432a-6364-08de5da29cfe,Bolla January 2026 TPR,Complete - Unsettled (Open),National Convenience Distributors,2026-01-01,2026-01-31,2026-01-01,2026-01-31,Retailer price reduction,TPR,Puff 1CT,0.9966666666666666,3.39,0.0,0.0,247.68,1.72,247.68,1.72,0,0,0.0,0.0,0.0,0,0.5,0,0.0,0,216.0,3240.0,0.15,486.0,3726.0,25.86,0,0.0,0.0,1863.0,0,0.0,0.0,1863.0,0.0,,1162,"Promotions,_Sep_30,_2026  FULL HISTORY For Aevah.xlsx",2026-09-30
2026-01-01T00:00:00Z,Bolla,c1f29483-ec41-432a-6364-08de5da29cfe,Bolla January 2026 TPR,Complete - Unsettled (Open),Direct,2026-01-01,2026-01-31,2026-01-01,2026-01-31,Customer advertising,Ad,,0.0,0.0,0.0,0.0,0.0,0.0,0.0,0.0,0,0,0.0,0.0,0.0,0,0.0,0,0.0,0,0.0,0.0,0.0,0.0,0.0,0.0,0,0.0,0.0,0.0,0,0.0,750.0,750.0,0.0,,1162,"Promotions,_Sep_30,_2026  FULL HISTORY For Aevah.xlsx",2026-09-30
2025-06-01T00:00:00Z,CEFCO,c206c965-6cc6-4546-014d-08dd6bd158cc,Cefco June 2025 TPR,Complete - Unsettled (Open),"GROCERY SUPPLY COMPANY, INC",2025-06-01,2025-06-30,2025-05-18,2025-05-31,Retailer price reduction,TPR,Puff 1CT,0.0,0.0,0.0,0.0,247.68,1.72,247.68,1.72,0,0,0.0,0.0,0.0,0,0.25,0,0.0,0,108.0,5445.84,0.15,816.87,6262.71,43.5,0,0.0,0.0,1565.67,0,0.0,0.0,1565.67,0.0,,511,"Promotions,_Sep_30,_2026  FULL HISTORY For Aevah.xlsx",2026-09-30
2026-06-01T00:00:00Z,GIANT EAGLE,c21d05d6-ca72-4269-403a-08de5da29cfe,GIANT EAGLE June 2026 Puff Singles TPR,Complete - Unsettled (Open),KEHE DISTRIBUTORS,2026-06-01,2026-06-30,2026-06-01,2026-06-30,Retailer price reduction,TPR,Puff 1CT,2.79,2.5,0.29,0.1039,247.68,1.72,255.18142857142854,1.77,0,0,0.0,0.0,0.0,0,0.25,0,0.0,0,252.0,15687.85,0.0,0.0,15687.85,108.94,0,0.0,0.0,3921.96,0,0.0,0.0,3921.96,7850.46,2026-06-22,1063,"Promotions,_Sep_30,_2026  FULL HISTORY For Aevah.xlsx",2026-09-30
2026-06-01T00:00:00Z,GIANT EAGLE,c21d05d6-ca72-4269-403a-08de5da29cfe,GIANT EAGLE June 2026 Puff Singles TPR,Complete - Unsettled (Open),Direct,2026-06-01,2026-06-30,2026-06-01,2026-06-30,Customer advertising,Ad,,0.0,0.0,0.0,0.0,0.0,0.0,0.0,0.0,0,0,0.0,0.0,0.0,0,0.0,0,0.0,0,0.0,0.0,0.0,0.0,0.0,0.0,0,0.0,0.0,0.0,0,0.0,1000.0,1000.0,2911.82,2026-06-22,1063,"Promotions,_Sep_30,_2026  FULL HISTORY For Aevah.xlsx",2026-09-30
2026-04-01T00:00:00Z,SPARTAN NASH,c235741b-60e0-4b25-638e-08de5da29cfe,SPARTAN NASH April 2026 TPR,Complete - Unsettled (Open),Direct,2026-04-01,2026-04-18,2026-04-01,2026-04-18,Retailer price reduction,TPR,Puff 1CT,0.0,2.49,0.0,0.0,247.68,1.72,247.68,1.72,0,0,0.0,0.0,0.0,0,0.25,0,0.0,0,144.0,13217.16,0.2,2643.44,15860.6,110.16,0,0.0,0.0,3965.16,0,0.0,0.0,3965.16,7988.64,2026-05-13,1204,"Promotions,_Sep_30,_2026  FULL HISTORY For Aevah.xlsx",2026-09-30
2026-11-01T00:00:00Z,CVS,c349c001-c051-44f7-402d-08de5da29cfe,CVS November 2026 Puff Singles TPR,Planned,"DOT FOODS, INC",2026-11-01,2026-11-14,2026-11-01,2026-11-14,Retailer price reduction,TPR,Puff 1CT,0.0,3.0,0.0,0.0,247.68,1.72,247.68,1.72,0,0,0.0,0.0,0.0,0,0.25,0,0.0,0,72.0,18223.79,0.3,5467.13,23690.92,164.52,0,0.0,0.0,5922.73,0,0.0,0.0,5922.73,0.0,,1050,"Promotions,_Sep_30,_2026  FULL HISTORY For Aevah.xlsx",2026-09-30
2027-01-01T00:00:00Z,TRAVEL CENTERS OF AMERICA,c3c18160-c38b-4ce2-d551-08dd6bd158c8,TRAVEL CENTERS OF AMERICA January 2027 TPR,Planned,"CORE-MARK INTERNATIONAL, INC.",2027-01-01,2027-01-31,2026-12-18,2026-12-31,Retailer price reduction,TPR,Puff 1CT,0.0,0.0,0.0,0.0,247.68,1.72,242.73,1.69,0,0,0.0,0.0,0.0,0,0.3,0,0.0,0,172.8,884.0,0.15,132.6,1016.6,7.04,0,0.0,0.0,304.96,0,0.0,0.0,304.96,0.0,,251,"Promotions,_Sep_30,_2026  FULL HISTORY For Aevah.xlsx",2026-09-30
2026-03-01T00:00:00Z,TOWN PUMP,c3c2696f-23ca-4444-7f83-08de5da29cfe,TOWN PUMP March 2026 Puff Singles TPR,Complete - Unsettled (Open),MCLANE GROCER,2026-03-01,2026-03-27,2026-03-01,2026-03-27,Retailer price reduction,TPR,Puff 1CT,0.0,2.99,0.0,0.0,247.68,1.72,242.11,1.68,0,0,0.0,0.0,0.0,0,0.2,0,0.0,0,57.6,2638.88,0.2,527.78,3166.66,22.0,0,0.0,0.0,633.34,0,0.0,0.0,633.34,0.0,,1323,"Promotions,_Sep_30,_2026  FULL HISTORY For Aevah.xlsx",2026-09-30
2026-03-01T00:00:00Z,TOWN PUMP,c3c2696f-23ca-4444-7f83-08de5da29cfe,TOWN PUMP March 2026 Puff Singles TPR,Complete - Unsettled (Open),Direct,2026-03-01,2026-03-27,2026-03-01,2026-03-27,Customer advertising,Ad,,0.0,0.0,0.0,0.0,0.0,0.0,0.0,0.0,0,0,0.0,0.0,0.0,0,0.0,0,0.0,0,0.0,0.0,0.0,0.0,0.0,0.0,0,0.0,0.0,0.0,0,0.0,1400.0,1400.0,0.0,,1323,"Promotions,_Sep_30,_2026  FULL HISTORY For Aevah.xlsx",2026-09-30
2026-01-01T00:00:00Z,The Fresh Market,c47924f6-380a-48c0-415d-08de5e781b74,The Fresh Market January 2026 TPR + Endcap,Complete - Unsettled (Open),Chex Finer Foods,2026-01-01,2026-01-31,2026-01-01,2026-01-31,Retailer price reduction,TPR,Puff 1CT,2.99,2.6225,0.3675,0.122925,247.68,1.72,274.92,1.91,0,0,0.0,0.0,0.0,0,0.5,0,0.0,0,288.0,4305.42,0.5,2152.7,6458.12,44.85,0,0.0,0.0,3229.06,0,0.0,0.0,3229.06,0.0,,1344,"Promotions,_Sep_30,_2026  FULL HISTORY For Aevah.xlsx",2026-09-30
2026-01-01T00:00:00Z,The Fresh Market,c47924f6-380a-48c0-415d-08de5e781b74,The Fresh Market January 2026 TPR + Endcap,Complete - Unsettled (Open),Direct,2026-01-01,2026-01-31,2026-01-01,2026-01-31,Display,End Cap,,0.0,0.0,0.0,0.0,0.0,0.0,0.0,0.0,0,0,0.0,0.0,0.0,0,0.0,0,0.0,0,0.0,0.0,0.0,0.0,0.0,0.0,0,0.0,0.0,0.0,0,0.0,4800.0,4800.0,0.0,,1344,"Promotions,_Sep_30,_2026  FULL HISTORY For Aevah.xlsx",2026-09-30
2026-02-04T00:00:00Z,Albertsons Corporate,c4bdc5cd-8b4e-4de1-84b9-08de4f7c9ec1,February 2026 $8.99 TPR + $1 Digital 4ct,Complete - Unsettled (Open),Direct,2026-02-04,2026-03-03,2026-02-04,2026-03-03,Retailer price reduction,Scan,Puff 4CT,10.99,9.99,1.0,0.091,39.84,6.64,39.04,6.51,0,0,0.0,0.0,0.0,0,1.0,0,0.0,0,24.0,43864.84,0.5,21932.42,65797.26,10966.21,0,0.0,0.0,65797.26,0,0.0,0.0,65797.26,1982.6,2026-03-01,898,"Promotions,_Sep_30,_2026  FULL HISTORY For Aevah.xlsx",2026-09-30
2026-02-04T00:00:00Z,Albertsons Corporate,c4bdc5cd-8b4e-4de1-84b9-08de4f7c9ec1,February 2026 $8.99 TPR + $1 Digital 4ct,Complete - Unsettled (Open),Direct,2026-02-04,2026-03-03,2026-02-04,2026-03-03,Coupon,Digital Coupon,,0.0,0.0,0.0,0.0,0.0,0.0,0.0,0.0,0,0,0.0,0.0,0.0,0,0.0,0,0.0,0,0.0,0.0,0.0,0.0,0.0,0.0,0,0.0,0.0,0.0,0,0.0,3289.87,3289.87,357.24,2026-03-01,898,"Promotions,_Sep_30,_2026  FULL HISTORY For Aevah.xlsx",2026-09-30
2026-02-01T00:00:00Z,SCHNUCKS,c509dc7f-3f8a-49ef-7f79-08de5da29cfe,SCHNUCKS February 2026 Puff 4-Pack TPR,Complete - Unsettled (Open),"DOT FOODS, INC",2026-02-01,2026-02-28,2026-02-01,2026-02-28,Retailer price reduction,TPR,Puff 4CT,0.0,8.99,0.0,0.0,39.84,6.64,39.84,6.64,0,0,0.0,0.0,0.0,0,0.4,0,0.0,0,12.0,3336.0,0.2,667.21,4003.21,667.21,0,0.0,0.0,1601.28,0,0.0,0.0,1601.28,11864.48,2026-02-14,1313,"Promotions,_Sep_30,_2026  FULL HISTORY For Aevah.xlsx",2026-09-30
2026-10-01T00:00:00Z,Loop,c52d3273-3e07-45d0-7f68-08de5da29cfe,Loop October 2026 Puff Singles TPR,Planned,"CORE-MARK INTERNATIONAL, INC.",2026-10-01,2026-10-31,2026-10-01,2026-10-31,Retailer price reduction,TPR,Puff 1CT,0.7475,3.0,0.0,0.0,247.68,1.72,242.73,1.69,0,0,0.0,0.0,0.0,0,0.2,0,0.0,0,115.2,3082.28,0.15,462.36,3544.64,24.6,0,0.0,0.0,708.92,0,0.0,0.0,708.92,0.0,,1296,"Promotions,_Sep_30,_2026  FULL HISTORY For Aevah.xlsx",2026-09-30
2026-07-01T00:00:00Z,THE GIANT COMPANY,c575a596-317c-4867-4073-08de5da29cfe,THE GIANT COMPANY July 2026 Puff Singles TPR,Complete - Unsettled (Open),UNFI,2026-07-01,2026-07-31,2026-07-01,2026-07-31,Retailer price reduction,TPR,Puff 1CT,0.42714285714285716,2.0,0.14142857142857143,0.0473,247.68,1.72,242.73,1.69,0,0,0.0,0.0,0.0,0,0.55,0,0.0,0,554.4,22029.13,0.35,7710.19,29739.32,206.51,0,0.0,0.0,16356.63,0,0.0,0.0,16356.63,0.0,,1120,"Promotions,_Sep_30,_2026  FULL HISTORY For Aevah.xlsx",2026-09-30
2026-09-01T00:00:00Z,CASEYS CORP,c58256a7-7fab-494a-7f25-08de5da29cfe,CASEYS CORP September 2026 Puff Singles TPR,In progress,Direct,2026-09-01,2026-09-30,2026-09-01,2026-09-30,Retailer price reduction,TPR,Puff 1CT,0.598,2.5,0.098,0.03278,247.68,1.72,247.68,1.72,0,0,0.0,0.0,0.0,0,0.5,0,0.0,0,360.0,61312.28,0.15,9196.84,70509.12,489.64,0,0.0,0.0,35254.56,0,0.0,0.0,35254.56,0.0,,1229,"Promotions,_Sep_30,_2026  FULL HISTORY For Aevah.xlsx",2026-09-30
2026-09-01T00:00:00Z,CASEYS CORP,c58256a7-7fab-494a-7f25-08de5da29cfe,CASEYS CORP September 2026 Puff Singles TPR,In progress,Direct,2026-09-01,2026-09-30,2026-09-01,2026-09-30,Customer advertising,Ad,,0.0,0.0,0.0,0.0,0.0,0.0,0.0,0.0,0,0,0.0,0.0,0.0,0,0.0,0,0.0,0,0.0,0.0,0.0,0.0,0.0,0.0,0,0.0,0.0,0.0,0,0.0,800.0,800.0,0.0,,1229,"Promotions,_Sep_30,_2026  FULL HISTORY For Aevah.xlsx",2026-09-30
2025-03-01T00:00:00Z,MEIJER,c58f6e8d-0272-4192-ec8e-08dd6bd158cb,MEIJER March 2025 TPR,Complete - Unsettled (Open),Direct,2025-03-01,2025-03-22,2025-02-15,2025-02-28,Retailer price reduction,TPR,Puff 4CT,0.0,0.0,0.0,0.0,39.84,6.64,39.04,6.51,0,0,0.0,0.0,0.0,0,0.05,0,0.0,0,0.9,11251.44,0.05,562.57,11814.01,1969.0,0,0.0,0.0,590.7,0,0.0,0.0,590.7,1208.05,2025-05-22,464,"Promotions,_Sep_30,_2026  FULL HISTORY For Aevah.xlsx",2026-09-30
2026-01-28T00:00:00Z,Albertsons Seattle,c59826bb-a48f-4878-b429-08de8bfc2efc,February 2026 $9.99 TPR,Complete - Unsettled (Open),Direct,2026-01-28,2026-03-03,2026-01-28,2026-03-03,Retailer price reduction,TPR,Puff 4CT,10.99,9.99,1.0,0.091,39.84,6.64,39.84,6.64,0,0,0.0,0.0,0.0,0,1.0,0,0.0,0,24.0,15407.0,0.5,7703.5,23110.5,3851.75,0,0.0,0.0,23110.5,0,0.0,0.0,23110.5,16547.0,2026-03-04,1478,"Promotions,_Sep_30,_2026  FULL HISTORY For Aevah.xlsx",2026-09-30
2026-06-01T00:00:00Z,Bolla,c5a28b8c-faa3-4896-6366-08de5da29cfe,Bolla June 2026 TPR,Complete - Unsettled (Open),National Convenience Distributors,2026-06-01,2026-06-30,2026-06-01,2026-06-30,Retailer price reduction,TPR,Puff 1CT,0.9966666666666666,3.39,0.0,0.0,247.68,1.72,247.68,1.72,0,0,0.0,0.0,0.0,0,0.5,0,0.0,0,216.0,3600.0,0.15,540.0,4140.0,28.74,0,0.0,0.0,2070.0,0,0.0,0.0,2070.0,0.0,,1164,"Promotions,_Sep_30,_2026  FULL HISTORY For Aevah.xlsx",2026-09-30
2026-04-01T00:00:00Z,Albertsons Jewel Osco,c5b6200b-6a1c-41ea-f048-08de785b89de,April 2026 Sour Shippers,Complete - Unsettled (Open),Direct,2026-04-01,2026-04-30,2026-04-01,2026-04-30,Retailer price reduction,Scan,Puff Shipper,0.0,0.0,0.0,0.0,199.2,6.64,199.2,0.0,0,0,19.2,0.34,0.0,0,0.0,0,0.0,0,57.6,0.0,0.0,0.0,0.0,0.0,0,0.0,0.0,0.0,0,0.0,0.0,0.0,0.0,,1411,"Promotions,_Sep_30,_2026  FULL HISTORY For Aevah.xlsx",2026-09-30
2026-01-12T00:00:00Z,MAVERIK,c5b83cf6-1ecb-4f84-7f69-08de5da29cfe,MAVERIK January 2026 Puff Singles TPR,Complete - Unsettled (Open),"CORE-MARK INTERNATIONAL, INC.",2026-01-12,2026-01-18,2026-01-12,2026-01-18,Retailer price reduction,TPR,Puff 1CT,0.4983333333333333,2.5,0.08166666666666667,0.02731666666666667,247.68,1.72,242.58,1.68,0,0,0.0,0.0,0.0,0,0.65,0,0.0,0,561.6,20360.1,0.3,6108.03,26468.13,183.81,0,0.0,0.0,17204.29,0,0.0,0.0,17204.29,0.0,,1297,"Promotions,_Sep_30,_2026  FULL HISTORY For Aevah.xlsx",2026-09-30
2025-01-01T00:00:00Z,CVS,c5fff59c-80d0-4f13-28dd-08dd721102ed,CVS January 2025 Puff TPR,Complete - Unsettled (Open),"DOT FOODS, INC",2025-01-01,2025-01-15,2024-12-18,2024-12-31,Retailer price reduction,TPR,Puff 1CT,0.0,0.0,0.0,0.0,20.64,0.14,247.68,1.72,0,0,0.0,0.0,0.0,0,0.4,0,0.0,0,115.2,23142.86,0.3,6942.86,30085.72,208.93,0,0.0,0.0,12034.29,0,0.0,0.0,12034.29,0.0,,650,"Promotions,_Sep_30,_2026  FULL HISTORY For Aevah.xlsx",2026-09-30
2026-07-01T00:00:00Z,CVS,c61dfe35-0789-4245-4026-08de5da29cfe,CVS July 2026 Puff 4-Pack TPR,Complete - Unsettled (Open),"DOT FOODS, INC",2026-07-01,2026-07-14,2026-07-01,2026-07-14,Retailer price reduction,TPR,Puff 4CT,0.0,8.99,0.0,0.0,39.84,6.64,39.84,6.64,0,0,0.0,0.0,0.0,0,1.21,0,0.0,0,14.52,6576.67,0.2,1315.33,7892.0,1315.33,0,0.0,0.0,9549.32,0,0.0,0.0,9549.32,9370.24,2026-08-13,1043,"Promotions,_Sep_30,_2026  FULL HISTORY For Aevah.xlsx",2026-09-30
2026-10-01T00:00:00Z,Super1,c68c4eb7-2834-4bc1-d746-08de5cdc8bfa,Super1 October 2026 Puff Singles TPR,Planned,UNFI,2026-10-01,2026-10-01,2026-10-01,2026-10-01,Retailer price reduction,TPR,Puff 1CT,0.0,2.99,0.0,0.0,247.68,1.72,242.73,1.69,0,0,0.0,0.0,0.0,0,0.47,0,0.0,0,338.4,228.58,0.5,114.29,342.87,2.39,0,0.0,0.0,161.15,0,0.0,0.0,161.15,0.0,,1007,"Promotions,_Sep_30,_2026  FULL HISTORY For Aevah.xlsx",2026-09-30
2026-10-01T00:00:00Z,Super1,c68c4eb7-2834-4bc1-d746-08de5cdc8bfa,Super1 October 2026 Puff Singles TPR,Planned,Direct,2026-10-01,2026-10-01,2026-10-01,2026-10-01,Customer advertising,Ad,,0.0,0.0,0.0,0.0,0.0,0.0,0.0,0.0,0,0,0.0,0.0,0.0,0,0.0,0,0.0,0,0.0,0.0,0.0,0.0,0.0,0.0,0,0.0,0.0,0.0,0,0.0,150.0,150.0,0.0,,1007,"Promotions,_Sep_30,_2026  FULL HISTORY For Aevah.xlsx",2026-09-30
2026-01-01T00:00:00Z,Pitco,c6933188-0b2d-4860-7f6c-08de5da29cfe,Pitco January 2026 Puff Singles TPR,Complete - Unsettled (Open),"DOT FOODS, INC",2026-01-01,2026-01-31,2026-01-01,2026-01-31,Retailer price reduction,TPR,Puff 1CT,0.598,1.97,0.204,0.06822,247.68,1.72,247.68,1.72,0,0,0.0,0.0,0.0,0,0.33,0,0.0,0,237.6,10414.27,0.3,3124.29,13538.56,94.02,0,0.0,0.0,4467.72,0,0.0,0.0,4467.72,0.0,,1300,"Promotions,_Sep_30,_2026  FULL HISTORY For Aevah.xlsx",2026-09-30
2026-08-01T00:00:00Z,"CORE-MARK INTERNATIONAL, INC.",c6a28ca6-3087-44c8-6434-08dedd29a8f9,Core-Mark Expo Promo August 2026,Complete - Unsettled (Open),Direct,2026-08-01,2026-08-31,2026-08-01,2026-08-31,Distributor price reduction,,Puff 1CT,0.0,0.0,0.0,0.0,0.0,0.0,240.87,0.0,0,0,0.0,0.0,0.0,0,0.0,0,0.0,0,0.0,0.0,0.0,0.0,0.0,0.0,0,0.0,95288.97,0.0,0,0.0,0.0,95288.97,368.75,2026-09-22,1578,"Promotions,_Sep_30,_2026  FULL HISTORY For Aevah.xlsx",2026-09-30
2026-08-01T00:00:00Z,"CORE-MARK INTERNATIONAL, INC.",c6a28ca6-3087-44c8-6434-08dedd29a8f9,Core-Mark Expo Promo August 2026,Complete - Unsettled (Open),Direct,2026-08-01,2026-08-31,2026-08-01,2026-08-31,Distributor price reduction,,Puff 4CT,0.0,0.0,0.0,0.0,0.0,0.0,38.74,0.0,0,0,0.0,0.0,0.0,0,0.0,0,0.0,0,0.0,0.0,0.0,0.0,0.0,0.0,0,0.0,5586.5,0.0,0,0.0,0.0,5586.5,0.0,2026-09-22,1578,"Promotions,_Sep_30,_2026  FULL HISTORY For Aevah.xlsx",2026-09-30
2026-07-01T00:00:00Z,Holiday Oil,c742bb1b-515c-41b6-7f49-08de5da29cfe,Holiday Oil July 2026 Puff Singles TPR,Complete - Unsettled (Open),Cottonwood Distributing,2026-07-01,2026-07-31,2026-07-01,2026-07-31,Retailer price reduction,TPR,Puff 1CT,0.5695238095238095,2.5,0.09333333333333334,0.031219047619047622,234.10285714285712,1.625714285714286,234.10285714285712,1.543809523809524,0,0,0.0,0.0,0.0,0,0.25,0,0.0,0,720.0,10030.75,0.15,1504.64,11535.39,80.08,0,0.0,0.0,2883.83,0,0.0,0.0,2883.83,0.0,,1265,"Promotions,_Sep_30,_2026  FULL HISTORY For Aevah.xlsx",2026-09-30
2026-08-26T00:00:00Z,Albertsons Haggen,c770d329-2360-4958-4153-08de5e781b74,September 2026 2/$5 TPR,Complete - Unsettled (Open),UNFI,2026-08-26,2026-09-22,2026-08-26,2026-09-22,Retailer price reduction,TPR,Puff 1CT,0.0,2.5,0.0,0.0,247.68,1.72,262.15,1.82,0,0,0.0,0.0,0.0,0,0.25,0,0.0,0,144.0,1554.0,0.25,388.5,1942.5,13.48,0,0.0,0.0,485.61,0,0.0,0.0,485.61,0.0,2026-08-26,1334,"Promotions,_Sep_30,_2026  FULL HISTORY For Aevah.xlsx",2026-09-30
2026-08-26T00:00:00Z,Albertsons Haggen,c770d329-2360-4958-4153-08de5e781b74,September 2026 2/$5 TPR,Complete - Unsettled (Open),Direct,2026-08-26,2026-09-22,2026-08-26,2026-09-22,Customer advertising,Ad,,0.0,0.0,0.0,0.0,0.0,0.0,0.0,0.0,0,0,0.0,0.0,0.0,0,0.0,0,0.0,0,0.0,0.0,0.0,0.0,0.0,0.0,0,0.0,0.0,0.0,0,0.0,300.0,300.0,300.0,2026-08-26,1334,"Promotions,_Sep_30,_2026  FULL HISTORY For Aevah.xlsx",2026-09-30
2026-09-01T00:00:00Z,SMITHS,c7748ef4-a5da-469c-4066-08de5da29cfe,SMITHS September 2026 Puff 4-Pack TPR,In progress,UNFI,2026-09-01,2026-09-30,2026-09-01,2026-09-30,Retailer price reduction,TPR,Puff 4CT,10.99,9.99,1.0,0.091,39.84,6.64,39.04,6.51,0,0,0.0,0.0,0.0,0,0.8,0,0.0,0,28.8,4358.56,0.2,871.72,5230.28,871.72,0,0.0,0.0,4184.22,0,0.0,0.0,4184.22,0.0,,1107,"Promotions,_Sep_30,_2026  FULL HISTORY For Aevah.xlsx",2026-09-30
2026-10-01T00:00:00Z,Albertsons Mid-Atlantic,c7a890db-eb40-4ad0-a09c-08de89a46b1d,October 2026 $9.99 TPR,Planned,Direct,2026-10-01,2026-10-28,2026-10-01,2026-10-28,Retailer price reduction,TPR,Puff 4CT,10.99,9.99,1.0,0.091,39.84,6.64,39.84,6.64,0,0,0.0,0.0,0.0,0,1.0,0,0.0,0,24.0,7050.4,0.5,3525.2,10575.6,1762.6,0,0.0,0.0,10575.6,0,0.0,0.0,10575.6,0.0,,1459,"Promotions,_Sep_30,_2026  FULL HISTORY For Aevah.xlsx",2026-09-30
2026-02-01T00:00:00Z,KROGER,c81ea978-dae8-47b8-404f-08de5da29cfe,KROGER February 2026 Puff Singles TPR,Complete - Unsettled (Open),Direct,2026-02-01,2026-02-28,2026-02-01,2026-02-28,Retailer price reduction,TPR,Puff Shipper,2.99,2.5,0.49,0.1639,123.84,1.72,123.84,0.43,0,0,21.6,0.3,0.0,0,0.0,0,0.0,0,43.2,0.0,0.0,0.0,0.0,0.0,0,16351.2,0.0,0.0,0,0.0,0.0,16351.2,2952.6,2026-03-31,1084,"Promotions,_Sep_30,_2026  FULL HISTORY For Aevah.xlsx",2026-09-30
2026-02-01T00:00:00Z,KROGER,c81ea978-dae8-47b8-404f-08de5da29cfe,KROGER February 2026 Puff Singles TPR,Complete - Unsettled (Open),Direct,2026-02-01,2026-02-28,2026-02-01,2026-02-28,Retailer price reduction,TPR,Puff 1CT,1.196,2.5,0.196,0.06556,247.68,1.72,247.68,1.72,0,0,0.0,0.0,0.0,0,0.0,0,0.0,0,0.0,32189.58,0.3,9656.87,41846.45,290.6,0,0.0,0.0,0.0,0,0.0,0.0,0.0,0.0,2026-03-31,1084,"Promotions,_Sep_30,_2026  FULL HISTORY For Aevah.xlsx",2026-09-30
2026-08-27T00:00:00Z,JACKSONS,c9134b25-b8fa-4357-7f5c-08de5da29cfe,JACKSONS September 2026 Puff Singles TPR,In progress,CAPITOL DISTRIBUTING,2026-08-27,2026-09-30,2026-08-27,2026-09-30,Retailer price reduction,TPR,Puff 1CT,0.0,2.5,0.0,0.0,247.68,1.72,247.68,1.72,0,0,0.0,0.0,0.0,0,0.3,0,0.0,0,129.6,8170.68,0.2,1634.13,9804.81,68.1,0,0.0,0.0,2941.44,0,0.0,0.0,2941.44,0.0,,1284,"Promotions,_Sep_30,_2026  FULL HISTORY For Aevah.xlsx",2026-09-30
2026-08-27T00:00:00Z,JACKSONS,c9134b25-b8fa-4357-7f5c-08de5da29cfe,JACKSONS September 2026 Puff Singles TPR,In progress,Direct,2026-08-27,2026-09-30,2026-08-27,2026-09-30,Customer advertising,Ad,,0.0,0.0,0.0,0.0,0.0,0.0,0.0,0.0,0,0,0.0,0.0,0.0,0,0.0,0,0.0,0,0.0,0.0,0.0,0.0,0.0,0.0,0,0.0,0.0,0.0,0,0.0,1000.0,1000.0,0.0,,1284,"Promotions,_Sep_30,_2026  FULL HISTORY For Aevah.xlsx",2026-09-30
2025-10-01T00:00:00Z,MEIJER EXPRESS,c96a6b95-af77-442c-f3dc-08dd6bd158cb,Meijer Express October 2025 TPR,Complete - Unsettled (Open),"DOT FOODS, INC",2025-10-01,2025-10-31,2025-09-17,2025-09-30,Retailer price reduction,TPR,Puff 1CT,0.0,0.0,0.0,0.0,247.68,1.72,247.68,1.72,0,0,0.0,0.0,0.0,0,0.25,0,0.0,0,108.0,6886.95,0.15,1033.05,7920.0,54.99,0,0.0,0.0,1980.0,0,0.0,0.0,1980.0,0.0,,486,"Promotions,_Sep_30,_2026  FULL HISTORY For Aevah.xlsx",2026-09-30
2026-01-01T00:00:00Z,CVS,c979b32c-e923-454f-4025-08de5da29cfe,CVS January 2026 Puff Singles TPR,Complete - Unsettled (Open),"DOT FOODS, INC",2026-01-01,2026-01-14,2026-01-01,2026-01-14,Retailer price reduction,TPR,Puff 1CT,0.0,2.5,0.0,0.0,247.68,1.72,247.68,1.72,0,0,0.0,0.0,0.0,0,0.4,0,0.0,0,115.2,22537.52,0.3,6761.26,29298.78,203.46,0,0.0,0.0,11719.51,0,0.0,0.0,11719.51,2487.98,2026-01-14,1042,"Promotions,_Sep_30,_2026  FULL HISTORY For Aevah.xlsx",2026-09-30
2026-04-01T00:00:00Z,RALPHS,c9844b3c-4bd0-4de2-4056-08de5da29cfe,RALPHS April 2026 Puff 4-Pack TPR,Complete - Unsettled (Open),KEHE DISTRIBUTORS,2026-04-01,2026-04-30,2026-04-01,2026-04-30,Retailer price reduction,TPR,Puff 4CT,10.99,9.99,1.0,0.091,39.84,6.64,40.44,6.74,0,0,0.0,0.0,0.0,0,0.8,0,0.0,0,9.6,3257.95,0.2,651.59,3909.54,651.59,0,0.0,0.0,3127.63,0,0.0,0.0,3127.63,61.07,2026-05-03,1091,"Promotions,_Sep_30,_2026  FULL HISTORY For Aevah.xlsx",2026-09-30
2026-01-01T00:00:00Z,TERRIBLES,c9e9fa80-1a9b-4434-7f80-08de5da29cfe,TERRIBLES January 2026 Puff Singles TPR,Complete - Unsettled (Open),"CORE-MARK INTERNATIONAL, INC.",2026-01-01,2026-01-31,2026-01-01,2026-01-31,Retailer price reduction,TPR,Puff 1CT,0.0,2.39,0.0,0.0,247.68,1.72,242.73,1.69,0,0,0.0,0.0,0.0,0,0.69,0,0.0,0,298.08,7367.34,0.2,1473.48,8840.82,61.38,0,0.0,0.0,6100.17,0,0.0,0.0,6100.17,2349.45,2026-01-31,1320,"Promotions,_Sep_30,_2026  FULL HISTORY For Aevah.xlsx",2026-09-30
2026-05-20T00:00:00Z,Weigels,ca1d7ddf-1bb5-4d2d-639a-08de5da29cfe,Weigels August 2026 TPR,Complete - Unsettled (Open),HT Hackney,2026-05-20,2026-08-31,2026-05-20,2026-08-31,Retailer price reduction,TPR,Puff 1CT,0.0,3.39,0.0,0.0,247.68,1.72,247.68,1.72,0,0,0.0,0.0,0.0,0,0.35,0,0.0,0,151.2,7577.16,0.15,1136.58,8713.74,60.51,0,0.0,0.0,3049.8,0,0.0,0.0,3049.8,0.0,,1216,"Promotions,_Sep_30,_2026  FULL HISTORY For Aevah.xlsx",2026-09-30
2026-05-20T00:00:00Z,Weigels,ca1d7ddf-1bb5-4d2d-639a-08de5da29cfe,Weigels August 2026 TPR,Complete - Unsettled (Open),Direct,2026-05-20,2026-08-31,2026-05-20,2026-08-31,Customer advertising,Ad,,0.0,0.0,0.0,0.0,0.0,0.0,0.0,0.0,0,0,0.0,0.0,0.0,0,0.0,0,0.0,0,0.0,0.0,0.0,0.0,0.0,0.0,0,0.0,0.0,0.0,0,0.0,2500.0,2500.0,0.0,,1216,"Promotions,_Sep_30,_2026  FULL HISTORY For Aevah.xlsx",2026-09-30
2026-01-01T00:00:00Z,CERTCO INC.,ca3cded6-33e6-4415-7f27-08de5da29cfe,CERTCO INC. January 2026 Puff Singles TPR,Complete - Unsettled (Open),Direct,2026-01-01,2026-01-31,2026-01-01,2026-01-31,Retailer price reduction,TPR,Puff 1CT,0.0,2.0,0.0,0.0,247.68,1.72,247.68,1.72,0,0,0.0,0.0,0.0,0,0.38,0,0.0,0,383.04,15107.88,0.6,9064.73,24172.61,167.87,0,0.0,0.0,9185.6,0,0.0,0.0,9185.6,0.0,,1231,"Promotions,_Sep_30,_2026  FULL HISTORY For Aevah.xlsx",2026-09-30
2025-03-01T00:00:00Z,HY-VEE,caa714b4-441f-478d-0135-08dd6bd158cb,HY-VEE March 2025 TPR,Complete - Unsettled (Open),Direct,2025-03-01,2025-03-10,2025-02-15,2025-02-28,Retailer price reduction,TPR,Bar 1CT,0.0,0.0,0.0,0.0,247.68,1.72,247.27,1.72,0,0,0.0,0.0,0.0,0,0.25,0,0.0,0,108.0,1286.03,0.3,385.81,1671.84,11.6,0,0.0,0.0,417.96,0,0.0,0.0,417.96,0.0,2025-03-25,453,"Promotions,_Sep_30,_2026  FULL HISTORY For Aevah.xlsx",2026-09-30
2025-03-01T00:00:00Z,HY-VEE,caa714b4-441f-478d-0135-08dd6bd158cb,HY-VEE March 2025 TPR,Complete - Unsettled (Open),Direct,2025-03-01,2025-03-10,2025-02-15,2025-02-28,Retailer price reduction,TPR,Puff 1CT,0.0,0.0,0.0,0.0,247.68,1.72,247.27,1.72,0,0,0.0,0.0,0.0,0,0.25,0,0.0,0,288.0,13044.01,0.3,3913.2,16957.21,117.76,0,0.0,0.0,4239.3,0,0.0,0.0,4239.3,0.0,2025-03-25,453,"Promotions,_Sep_30,_2026  FULL HISTORY For Aevah.xlsx",2026-09-30
2025-03-01T00:00:00Z,HY-VEE,caa714b4-441f-478d-0135-08dd6bd158cb,HY-VEE March 2025 TPR,Complete - Unsettled (Open),Direct,2025-03-01,2025-03-10,2025-02-15,2025-02-28,Retailer price reduction,TPR,Puff 4CT,0.0,0.0,0.0,0.0,39.84,6.64,39.04,6.51,0,0,0.0,0.0,0.0,0,0.0,0,0.0,0,0.0,1414.29,0.5,707.15,2121.44,353.58,0,0.0,0.0,0.0,0,0.0,0.0,0.0,0.0,2025-03-25,453,"Promotions,_Sep_30,_2026  FULL HISTORY For Aevah.xlsx",2026-09-30
2025-03-01T00:00:00Z,HY-VEE,caa714b4-441f-478d-0135-08dd6bd158cb,HY-VEE March 2025 TPR,Complete - Unsettled (Open),Direct,2025-03-01,2025-03-10,2025-02-15,2025-02-28,Customer advertising,Ad,,0.0,0.0,0.0,0.0,0.0,0.0,0.0,0.0,0,0,0.0,0.0,0.0,0,0.0,0,0.0,0,0.0,0.0,0.0,0.0,0.0,0.0,0,0.0,0.0,0.0,0,0.0,650.0,650.0,1300.0,2025-03-25,453,"Promotions,_Sep_30,_2026  FULL HISTORY For Aevah.xlsx",2026-09-30
2026-02-01T00:00:00Z,FRED MEYER,cb1176eb-2934-4cd2-4032-08de5da29cfe,FRED MEYER February 2026 Puff 4-Pack TPR,Complete - Unsettled (Open),UNFI,2026-02-01,2026-02-28,2026-02-01,2026-02-28,Retailer price reduction,TPR,Puff 4CT,10.99,9.99,1.0,0.091,39.84,6.64,42.16,7.03,0,0,0.0,0.0,0.0,0,0.8,0,0.0,0,28.8,5902.69,0.25,1475.67,7378.36,1229.72,0,0.0,0.0,5902.69,0,0.0,0.0,5902.69,1935.3,2026-04-30,1055,"Promotions,_Sep_30,_2026  FULL HISTORY For Aevah.xlsx",2026-09-30
2026-06-01T00:00:00Z,Loop,cbac1b7c-586c-436a-7f66-08de5da29cfe,Loop June 2026 Puff Singles TPR,Complete - Unsettled (Open),"CORE-MARK INTERNATIONAL, INC.",2026-06-01,2026-06-30,2026-06-01,2026-06-30,Retailer price reduction,TPR,Puff 1CT,0.7475,3.0,0.0,0.0,247.68,1.72,242.73,1.69,0,0,0.0,0.0,0.0,0,0.2,0,0.0,0,115.2,2982.88,0.15,447.44,3430.32,23.84,0,0.0,0.0,686.08,0,0.0,0.0,686.08,0.0,,1294,"Promotions,_Sep_30,_2026  FULL HISTORY For Aevah.xlsx",2026-09-30
2025-09-01T00:00:00Z,SUPERVALU,cbb17ef0-2f62-4a60-ea0d-08dd6bd158c6,SUPERVALU September 2025 TPR,Complete - Unsettled (Open),UNFI,2025-09-01,2025-09-30,2025-08-18,2025-08-31,Retailer price reduction,TPR,Puff 1CT,0.0,0.0,0.0,0.0,247.68,1.72,244.17,1.7,0,0,0.0,0.0,0.0,0,0.13,0,0.0,0,131.04,18421.47,0.2,3684.29,22105.76,153.51,0,0.0,0.0,2873.75,0,0.0,0.0,2873.75,0.0,,143,"Promotions,_Sep_30,_2026  FULL HISTORY For Aevah.xlsx",2026-09-30
2025-09-01T00:00:00Z,SUPERVALU,cbb17ef0-2f62-4a60-ea0d-08dd6bd158c6,SUPERVALU September 2025 TPR,Complete - Unsettled (Open),UNFI,2025-09-01,2025-09-30,2025-08-18,2025-08-31,Retailer price reduction,TPR,Puff 4CT,0.0,0.0,0.0,0.0,39.84,6.64,33.06,5.51,0,0,0.0,0.0,0.0,0,0.92,0,0.0,0,33.12,1361.77,0.2,272.35,1634.12,272.35,0,0.0,0.0,1503.37,0,0.0,0.0,1503.37,0.0,,143,"Promotions,_Sep_30,_2026  FULL HISTORY For Aevah.xlsx",2026-09-30
2025-09-01T00:00:00Z,SUPERVALU,cbb17ef0-2f62-4a60-ea0d-08dd6bd158c6,SUPERVALU September 2025 TPR,Complete - Unsettled (Open),UNFI,2025-09-01,2025-09-30,2025-08-18,2025-08-31,Retailer price reduction,TPR,Bar 1CT,0.0,0.0,0.0,0.0,247.68,1.72,244.17,1.7,0,0,0.0,0.0,0.0,0,0.13,0,0.0,0,56.16,5811.03,0.2,1162.2,6973.23,48.42,0,0.0,0.0,906.52,0,0.0,0.0,906.52,0.0,,143,"Promotions,_Sep_30,_2026  FULL HISTORY For Aevah.xlsx",2026-09-30
2026-03-01T00:00:00Z,Lowes Foods,cc66ec1a-7dff-4f2b-84bf-08de4f7c9ec1,Lowes Foods March 2026 TPR,Complete - Unsettled (Open),"DOT FOODS, INC",2026-03-01,2026-03-15,2026-03-01,2026-03-15,Retailer price reduction,TPR,Puff 1CT,2.99,2.5,0.49,0.1639,247.68,1.72,247.68,1.72,0,0,0.0,0.0,0.0,0,0.25,0,0.0,0,144.0,2227.07,0.4,890.83,3117.9,21.64,0,0.0,0.0,779.47,0,0.0,0.0,779.47,0.0,,904,"Promotions,_Sep_30,_2026  FULL HISTORY For Aevah.xlsx",2026-09-30
2025-04-13T00:00:00Z,PUBLIX,ccc166a6-2a77-4ee6-2662-08dd663e4335,Publix April 2025 4 pk TPR,Complete - Unsettled (Open),KEHE DISTRIBUTORS,2025-04-13,2025-04-26,2025-03-30,2025-04-12,Retailer price reduction,TPR,Puff 4CT,0.0,0.0,0.0,0.0,39.84,6.64,36.8,6.13,0,0,0.0,0.0,0.0,0,1.36,0,0.0,0,24.48,23427.6,0.3,7028.28,30455.88,5075.98,0,0.0,0.0,41420.0,0,0.0,0.0,41420.0,0.0,,6,"Promotions,_Sep_30,_2026  FULL HISTORY For Aevah.xlsx",2026-09-30
2026-03-01T00:00:00Z,MEIJER,cdb653dc-d6e2-406f-637d-08de5da29cfe,MEIJER March 2026 TPR,Complete - Unsettled (Open),Direct,2026-03-01,2026-03-17,2026-03-01,2026-03-17,Retailer price reduction,TPR,Puff 4CT,0.0,8.49,0.0,0.0,39.84,6.64,39.04,6.51,0,0,0.0,0.0,0.0,0,0.7,0,0.0,0,12.6,6923.82,0.4,2769.53,9693.35,1615.56,0,0.0,0.0,6785.35,0,0.0,0.0,6785.35,6339.75,2026-07-18,1187,"Promotions,_Sep_30,_2026  FULL HISTORY For Aevah.xlsx",2026-09-30
2025-10-01T00:00:00Z,SCHNUCKS,cdffc267-9b21-4af7-e374-08dd6bd158ca,SCHNUCKS October 2025 TPR,Complete - Unsettled (Open),"DOT FOODS, INC",2025-10-01,2025-10-21,2025-09-17,2025-09-30,Retailer price reduction,TPR,Puff 1CT,0.0,0.0,0.0,0.0,247.68,1.72,247.68,1.72,0,0,0.0,0.0,0.0,0,0.1,0,0.0,0,72.0,4822.53,0.2,964.51,5787.04,40.19,0,0.0,0.0,578.71,0,0.0,0.0,578.71,0.0,,368,"Promotions,_Sep_30,_2026  FULL HISTORY For Aevah.xlsx",2026-09-30
2025-10-01T00:00:00Z,SCHNUCKS,cdffc267-9b21-4af7-e374-08dd6bd158ca,SCHNUCKS October 2025 TPR,Complete - Unsettled (Open),"DOT FOODS, INC",2025-10-01,2025-10-21,2025-09-17,2025-09-30,Retailer price reduction,TPR,Puff 4CT,0.0,0.0,0.0,0.0,39.84,6.64,39.84,6.64,0,0,0.0,0.0,0.0,0,0.4,0,0.0,0,12.0,1792.77,0.2,358.55,2151.32,358.55,0,0.0,0.0,860.53,0,0.0,0.0,860.53,0.0,,368,"Promotions,_Sep_30,_2026  FULL HISTORY For Aevah.xlsx",2026-09-30
2025-03-01T00:00:00Z,SUPERVALU,ce011df7-8d0a-4090-e4ca-08dd6bd158c6,SUPERVALU March 2025 TPR,Complete - Unsettled (Open),UNFI,2025-03-01,2025-03-31,2025-02-15,2025-02-28,Retailer price reduction,TPR,Puff 1CT,0.0,0.0,0.0,0.0,247.68,1.72,247.27,1.72,0,0,0.0,0.0,0.0,0,0.13,0,0.0,0,131.04,19035.51,0.2,3807.11,22842.62,158.63,0,0.0,0.0,2969.53,0,0.0,0.0,2969.53,0.0,,140,"Promotions,_Sep_30,_2026  FULL HISTORY For Aevah.xlsx",2026-09-30
2025-03-01T00:00:00Z,SUPERVALU,ce011df7-8d0a-4090-e4ca-08dd6bd158c6,SUPERVALU March 2025 TPR,Complete - Unsettled (Open),UNFI,2025-03-01,2025-03-31,2025-02-15,2025-02-28,Retailer price reduction,TPR,Puff 4CT,0.0,0.0,0.0,0.0,39.84,6.64,39.04,6.51,0,0,0.0,0.0,0.0,0,0.92,0,0.0,0,33.12,1407.19,0.2,281.42,1688.61,281.42,0,0.0,0.0,1553.52,0,0.0,0.0,1553.52,0.0,,140,"Promotions,_Sep_30,_2026  FULL HISTORY For Aevah.xlsx",2026-09-30
2025-03-01T00:00:00Z,SUPERVALU,ce011df7-8d0a-4090-e4ca-08dd6bd158c6,SUPERVALU March 2025 TPR,Complete - Unsettled (Open),UNFI,2025-03-01,2025-03-31,2025-02-15,2025-02-28,Retailer price reduction,TPR,Bar 1CT,0.0,0.0,0.0,0.0,247.68,1.72,247.27,1.72,0,0,0.0,0.0,0.0,0,0.13,0,0.0,0,56.16,6004.75,0.2,1200.96,7205.71,50.03,0,0.0,0.0,936.75,0,0.0,0.0,936.75,0.0,,140,"Promotions,_Sep_30,_2026  FULL HISTORY For Aevah.xlsx",2026-09-30
2026-05-01T00:00:00Z,SPROUTS,ce58a9d4-4112-4768-d740-08de5cdc8bfa,SPROUTS May 2026 Puff Singles TPR,Complete - Unsettled (Open),KEHE DISTRIBUTORS,2026-05-01,2026-05-31,2026-05-01,2026-05-31,Retailer price reduction,TPR,Puff 1CT,1.794,2.5,0.294,0.09834,247.68,1.72,189.23,1.312,0,0,0.0,0.0,0.0,0,0.6,0,0.0,0,432.0,112288.03,0.3,33686.41,145974.44,1013.7,0,0.0,0.0,87584.65,0,0.0,0.0,87584.65,16023.68,2026-06-03,1001,"Promotions,_Sep_30,_2026  FULL HISTORY For Aevah.xlsx",2026-09-30
2026-09-01T00:00:00Z,Loop,cebf2d79-041a-4766-7f67-08de5da29cfe,Loop September 2026 Puff Singles TPR,In progress,"CORE-MARK INTERNATIONAL, INC.",2026-09-01,2026-09-30,2026-09-01,2026-09-30,Retailer price reduction,TPR,Puff 1CT,0.7475,3.0,0.0,0.0,247.68,1.72,242.73,1.69,0,0,0.0,0.0,0.0,0,0.2,0,0.0,0,115.2,2982.88,0.15,447.44,3430.32,23.84,0,0.0,0.0,686.08,0,0.0,0.0,686.08,0.0,,1295,"Promotions,_Sep_30,_2026  FULL HISTORY For Aevah.xlsx",2026-09-30
2026-09-01T00:00:00Z,Loop,cebf2d79-041a-4766-7f67-08de5da29cfe,Loop September 2026 Puff Singles TPR,In progress,Direct,2026-09-01,2026-09-30,2026-09-01,2026-09-30,Customer advertising,Ad,,0.0,0.0,0.0,0.0,0.0,0.0,0.0,0.0,0,0,0.0,0.0,0.0,0,0.0,0,0.0,0,0.0,0.0,0.0,0.0,0.0,0.0,0,0.0,0.0,0.0,0,0.0,500.0,500.0,0.0,,1295,"Promotions,_Sep_30,_2026  FULL HISTORY For Aevah.xlsx",2026-09-30
2026-06-01T00:00:00Z,Albertsons Haggen,cf0b44b0-3773-448e-a7b5-08de73a3536f,UNFI Summer Show Shippers Haggen - June 2026,Complete - Unsettled (Open),UNFI,2026-06-01,2026-06-30,2026-06-01,2026-06-30,Retailer price reduction,OI,Puff Shipper,0.0,0.0,0.0,0.0,123.84,1.72,121.36,0.28,0,0,0.0,0.0,30.96,0,0.0,0,0.0,0,92.88,1311.43,0.0,0.0,1311.43,0.0,0,0.0,0.0,0.0,0,0.0,0.0,0.0,0.0,,1404,"Promotions,_Sep_30,_2026  FULL HISTORY For Aevah.xlsx",2026-09-30
2026-09-01T00:00:00Z,Albertsons Southwest,cf5e279e-bc68-4ba3-864e-08de8bfc2efd,September 2026 $1 Digital,Complete - Unsettled (Open),Direct,2026-09-01,2026-09-28,2026-09-01,2026-09-28,Coupon,Digital Coupon,,0.0,0.0,0.0,0.0,0.0,0.0,0.0,0.0,0,0,0.0,0.0,0.0,0,0.0,0,0.0,0,0.0,0.0,0.0,0.0,0.0,0.0,0,0.0,0.0,0.0,0,0.0,431.42,431.42,0.0,,1516,"Promotions,_Sep_30,_2026  FULL HISTORY For Aevah.xlsx",2026-09-30
2026-07-01T00:00:00Z,MEIJER,cffa7cda-970a-4d61-6381-08de5da29cfe,MEIJER July 2026 TPR,Complete - Unsettled (Open),Direct,2026-07-01,2026-07-21,2026-07-01,2026-07-21,Retailer price reduction,TPR,Puff 4CT,0.0,6.49,0.0,0.0,39.84,6.64,39.04,6.51,0,0,0.0,0.0,0.0,0,1.33,0,0.0,0,23.94,8570.7,0.4,3428.28,11998.98,1999.83,0,0.0,0.0,15958.64,0,0.0,0.0,15958.64,18603.75,2026-08-13,1191,"Promotions,_Sep_30,_2026  FULL HISTORY For Aevah.xlsx",2026-09-30
2026-07-01T00:00:00Z,MEIJER,cffa7cda-970a-4d61-6381-08de5da29cfe,MEIJER July 2026 TPR,Complete - Unsettled (Open),Direct,2026-07-01,2026-07-21,2026-07-01,2026-07-21,Display,PDQ,,0.0,0.0,0.0,0.0,0.0,0.0,0.0,0.0,0,0,0.0,0.0,0.0,0,0.0,0,0.0,0,0.0,0.0,0.0,0.0,0.0,0.0,0,0.0,0.0,0.0,0,0.0,20000.0,20000.0,2883.45,2026-08-13,1191,"Promotions,_Sep_30,_2026  FULL HISTORY For Aevah.xlsx",2026-09-30
2026-01-01T00:00:00Z,"SHEETZ DISTRIBUTION SERVICE, LLC",d00aa1d5-a8d2-4897-638a-08de5da29cfe,"SHEETZ DISTRIBUTION SERVICE, LLC January 2026 TPR",Complete - Unsettled (Open),Direct,2026-01-01,2026-01-31,2026-01-01,2026-01-31,Retailer price reduction,TPR,Puff 1CT,0.37375,3.39,0.0,0.0,247.68,1.72,242.47,1.68,0,0,0.0,0.0,0.0,0,0.17,0,0.0,0,195.84,191111.9,0.15,28666.79,219778.69,1526.24,0,0.0,0.0,37362.37,0,0.0,0.0,37362.37,0.0,,1200,"Promotions,_Sep_30,_2026  FULL HISTORY For Aevah.xlsx",2026-09-30
2025-04-27T00:00:00Z,UNFI,d032e388-36fd-4547-dea8-08dd896eff0b,UNFI May 2025 15% OI,Complete - Unsettled (Open),Direct,2025-04-27,2025-05-24,2025-03-31,2025-05-02,Distributor price reduction,,Puff 1CT,0.0,0.0,0.0,0.0,0.0,0.0,20.64,0.0,0,0,0.0,0.0,0.0,0,0.0,0,0.0,0,0.0,0.0,0.0,0.0,0.0,0.0,0,0.0,2962.38,0.0,0,0.0,0.0,2962.38,5856.86,2025-07-09,666,"Promotions,_Sep_30,_2026  FULL HISTORY For Aevah.xlsx",2026-09-30
2025-04-27T00:00:00Z,UNFI,d032e388-36fd-4547-dea8-08dd896eff0b,UNFI May 2025 15% OI,Complete - Unsettled (Open),Direct,2025-04-27,2025-05-24,2025-03-31,2025-05-02,Distributor price reduction,,Puff 4CT,0.0,0.0,0.0,0.0,0.0,0.0,39.84,0.0,0,0,0.0,0.0,0.0,0,0.0,0,0.0,0,0.0,0.0,0.0,0.0,0.0,0.0,0,0.0,9279.99,0.0,0,0.0,0.0,9279.99,1018.06,2025-07-09,666,"Promotions,_Sep_30,_2026  FULL HISTORY For Aevah.xlsx",2026-09-30
2025-04-27T00:00:00Z,UNFI,d032e388-36fd-4547-dea8-08dd896eff0b,UNFI May 2025 15% OI,Complete - Unsettled (Open),Direct,2025-04-27,2025-05-24,2025-03-31,2025-05-02,Distributor price reduction,,Bar 4CT,0.0,0.0,0.0,0.0,0.0,0.0,39.84,0.0,0,0,0.0,0.0,0.0,0,0.0,0,0.0,0,0.0,0.0,0.0,0.0,0.0,0.0,0,0.0,360.96,0.0,0,0.0,0.0,360.96,339.35,2025-07-09,666,"Promotions,_Sep_30,_2026  FULL HISTORY For Aevah.xlsx",2026-09-30
2025-04-27T00:00:00Z,UNFI,d032e388-36fd-4547-dea8-08dd896eff0b,UNFI May 2025 15% OI,Complete - Unsettled (Open),Direct,2025-04-27,2025-05-24,2025-03-31,2025-05-02,Distributor price reduction,,Bar 1CT,0.0,0.0,0.0,0.0,0.0,0.0,20.64,0.0,0,0,0.0,0.0,0.0,0,0.0,0,0.0,0,0.0,0.0,0.0,0.0,0.0,0.0,0,0.0,434.29,0.0,0,0.0,0.0,434.29,1417.56,2025-07-09,666,"Promotions,_Sep_30,_2026  FULL HISTORY For Aevah.xlsx",2026-09-30
2026-08-13T00:00:00Z,PUBLIX,d096e9f0-90e5-4130-84c7-08de4f7c9ec1,August 2026 Puff Singles BOGO + Shippers,Complete - Unsettled (Open),Direct,2026-08-13,2026-08-26,2026-08-13,2026-08-26,Retailer price reduction,BOGO,Puff 1CT,2.546666666666667,2.33,0.43888888888888894,0.15733333333333333,247.68,1.72,247.68,1.72,0,0,0.0,0.0,0.0,0,1.35,0,0.0,0,1749.6,55131.2,4.0,220524.8,275656.0,1914.28,0,0.0,0.0,372135.6,0,0.0,0.0,372135.6,954813.15,2026-09-01,912,"Promotions,_Sep_30,_2026  FULL HISTORY For Aevah.xlsx",2026-09-30
2026-08-13T00:00:00Z,PUBLIX,d096e9f0-90e5-4130-84c7-08de4f7c9ec1,August 2026 Puff Singles BOGO + Shippers,Complete - Unsettled (Open),Direct,2026-08-13,2026-08-26,2026-08-13,2026-08-26,Retailer price reduction,BOGO,Puff Shipper,0.0,0.0,0.0,0.0,123.84,20.64,0.0,0.0,0,0,0.0,0.0,0.0,0,0.0,0,0.0,0,0.0,0.0,0.0,0.0,0.0,0.0,0,0.0,0.0,0.0,0,0.0,0.0,0.0,0.0,2026-09-01,912,"Promotions,_Sep_30,_2026  FULL HISTORY For Aevah.xlsx",2026-09-30
2026-07-01T00:00:00Z,Albertsons Shaws,d0e6d057-34bb-411d-c134-08de8bfc2efc,July 2026 $9.99 TPR + Ice Cream Shippers,Complete - Unsettled (Open),Direct,2026-07-01,2026-07-28,2026-07-01,2026-07-28,Retailer price reduction,TPR,Puff Shipper,2.99,0.0,2.99,1.0,199.2,6.64,199.2,1.38,0,0,19.2,0.64,0.0,0,2.0,0,0.0,0,2649.6,368.0,0.5,184.0,552.0,0.0,0,0.0,0.0,1104.0,0,0.0,0.0,1104.0,379.8,2026-08-03,1490,"Promotions,_Sep_30,_2026  FULL HISTORY For Aevah.xlsx",2026-09-30
2026-07-01T00:00:00Z,Albertsons Shaws,d0e6d057-34bb-411d-c134-08de8bfc2efc,July 2026 $9.99 TPR + Ice Cream Shippers,Complete - Unsettled (Open),Direct,2026-07-01,2026-07-28,2026-07-01,2026-07-28,Retailer price reduction,TPR,Puff 4CT,10.99,9.99,1.0,0.091,39.84,6.64,39.84,6.64,0,0,0.0,0.0,0.0,0,1.0,0,0.0,0,24.0,6153.6,0.5,3076.8,9230.4,1538.4,0,0.0,0.0,9230.4,0,0.0,0.0,9230.4,9505.2,2026-08-03,1490,"Promotions,_Sep_30,_2026  FULL HISTORY For Aevah.xlsx",2026-09-30
2025-05-01T00:00:00Z,PILOT FLYING J,d12e2069-1774-4084-f07f-08dd6bd158ca,PILOT FLYING J May 2025 TPR,Complete - Unsettled (Open),MCLANE GROCER,2025-05-01,2025-05-30,2025-04-17,2025-04-30,Retailer price reduction,TPR,Puff 1CT,0.0,0.0,0.0,0.0,247.68,1.72,247.22,1.72,0,0,0.0,0.0,0.0,0,0.43,0,0.0,0,185.76,15366.33,0.15,2304.96,17671.29,122.73,0,0.0,0.0,7598.64,0,0.0,0.0,7598.64,0.0,,403,"Promotions,_Sep_30,_2026  FULL HISTORY For Aevah.xlsx",2026-09-30
2026-08-01T00:00:00Z,Weis Markets,d12ecadd-e0fa-4586-408f-08de5da29cfe,Weis Markets August 2026 Puff 4-Pack TPR,Complete - Unsettled (Open),C&S Wholesale,2026-08-01,2026-08-31,2026-08-01,2026-08-31,Retailer price reduction,TPR,Puff 4CT,0.0,8.99,0.0,0.0,37.5168,7.4288,37.5168,7.4288,0,0,0.0,0.0,0.0,0,0.6,0,0.0,0,84.0,2494.92,0.2,498.98,2993.9,498.98,0,0.0,0.0,1796.34,0,0.0,0.0,1796.34,0.0,,1148,"Promotions,_Sep_30,_2026  FULL HISTORY For Aevah.xlsx",2026-09-30
2026-08-01T00:00:00Z,Weis Markets,d12ecadd-e0fa-4586-408f-08de5da29cfe,Weis Markets August 2026 Puff 4-Pack TPR,Complete - Unsettled (Open),C&S Wholesale,2026-08-01,2026-08-31,2026-08-01,2026-08-31,Retailer price reduction,TPR,Club Packs,0.0,8.99,0.0,0.0,9439.5,17.98,9439.5,17.98,0,0,0.0,0.0,0.0,0,0.6,0,0.0,0,945.0,0.0,0.2,0.0,0.0,0.0,0,0.0,0.0,0.0,0,0.0,0.0,0.0,0.0,,1148,"Promotions,_Sep_30,_2026  FULL HISTORY For Aevah.xlsx",2026-09-30
2026-08-01T00:00:00Z,Weis Markets,d12ecadd-e0fa-4586-408f-08de5da29cfe,Weis Markets August 2026 Puff 4-Pack TPR,Complete - Unsettled (Open),C&S Wholesale,2026-08-01,2026-08-31,2026-08-01,2026-08-31,Retailer price reduction,TPR,Puff Shipper,0.0,8.99,0.0,0.0,79.66000000000001,79.66,79.66,79.66,0,0,0.0,0.0,0.0,0,0.6,0,0.0,0,1.2,0.0,0.2,0.0,0.0,0.0,0,0.0,0.0,0.0,0,0.0,0.0,0.0,0.0,,1148,"Promotions,_Sep_30,_2026  FULL HISTORY For Aevah.xlsx",2026-09-30
2026-01-07T00:00:00Z,HEB,d1547d06-bd32-4480-86bd-08de4f7c9ec1,HEB January 2026 Coupon,Complete - Unsettled (Open),Direct,2026-01-07,2026-01-27,2026-01-07,2026-01-27,Customer advertising,Ad,,0.0,0.0,0.0,0.0,0.0,0.0,0.0,0.0,0,0,0.0,0.0,0.0,0,0.0,0,0.0,0,0.0,0.0,0.0,0.0,0.0,0.0,0,0.0,0.0,0.0,0,0.0,25000.0,25000.0,306.99,2026-03-04,922,"Promotions,_Sep_30,_2026  FULL HISTORY For Aevah.xlsx",2026-09-30
2026-01-07T00:00:00Z,HEB,d1547d06-bd32-4480-86bd-08de4f7c9ec1,HEB January 2026 Coupon,Complete - Unsettled (Open),Direct,2026-01-07,2026-01-27,2026-01-07,2026-01-27,Coupon,50% Off,,0.0,0.0,0.0,0.0,0.0,0.0,0.0,0.0,0,0,0.0,0.0,0.0,0,0.0,0,0.0,0,0.0,0.0,0.0,0.0,0.0,0.0,0,0.0,0.0,0.0,0,0.0,239896.59,239896.59,66984.23,2026-03-04,922,"Promotions,_Sep_30,_2026  FULL HISTORY For Aevah.xlsx",2026-09-30
2026-01-01T00:00:00Z,Timewise,d173f8f2-2746-495e-6394-08de5da29cfe,Timewise January 2026 TPR,Complete - Unsettled (Open),"CORE-MARK INTERNATIONAL, INC.",2026-01-01,2026-01-31,2026-01-01,2026-01-31,Retailer price reduction,TPR,Puff 1CT,0.0,3.39,0.0,0.0,247.68,1.72,242.73,1.69,0,0,0.0,0.0,0.0,0,1.72,0,0.0,0,743.04,3934.29,0.15,590.13,4524.42,31.41,0,0.0,0.0,7782.0,0,0.0,0.0,7782.0,0.0,,1210,"Promotions,_Sep_30,_2026  FULL HISTORY For Aevah.xlsx",2026-09-30
2026-01-01T00:00:00Z,Timewise,d173f8f2-2746-495e-6394-08de5da29cfe,Timewise January 2026 TPR,Complete - Unsettled (Open),Direct,2026-01-01,2026-01-31,2026-01-01,2026-01-31,Customer advertising,Ad,,0.0,0.0,0.0,0.0,0.0,0.0,0.0,0.0,0,0,0.0,0.0,0.0,0,0.0,0,0.0,0,0.0,0.0,0.0,0.0,0.0,0.0,0,0.0,0.0,0.0,0,0.0,500.0,500.0,0.0,,1210,"Promotions,_Sep_30,_2026  FULL HISTORY For Aevah.xlsx",2026-09-30
2026-08-01T00:00:00Z,Rosauers / Huckleberry's,d1b1a258-f1f8-47ff-d730-08de5cdc8bfa,Rosauers / Huckleberry's August 2026 Puff Singles TPR,Complete - Unsettled (Open),UNFI,2026-08-01,2026-08-31,2026-08-01,2026-08-31,Retailer price reduction,TPR,Puff 1CT,0.0,2.49,0.0,0.0,247.68,1.72,193.19,1.34,0,0,0.0,0.0,0.0,0,0.5,0,0.0,0,504.0,1992.85,0.25,498.2,2491.05,17.32,0,0.0,0.0,1245.52,0,0.0,0.0,1245.52,0.0,,985,"Promotions,_Sep_30,_2026  FULL HISTORY For Aevah.xlsx",2026-09-30
2026-08-01T00:00:00Z,Rosauers / Huckleberry's,d1b1a258-f1f8-47ff-d730-08de5cdc8bfa,Rosauers / Huckleberry's August 2026 Puff Singles TPR,Complete - Unsettled (Open),Direct,2026-08-01,2026-08-31,2026-08-01,2026-08-31,Customer advertising,Ad,,0.0,0.0,0.0,0.0,0.0,0.0,0.0,0.0,0,0,0.0,0.0,0.0,0,0.0,0,0.0,0,0.0,0.0,0.0,0.0,0.0,0.0,0,0.0,0.0,0.0,0,0.0,500.0,500.0,0.0,,985,"Promotions,_Sep_30,_2026  FULL HISTORY For Aevah.xlsx",2026-09-30
2025-11-01T00:00:00Z,TRAVEL CENTERS OF AMERICA,d1c3defd-1cad-4598-d0e7-08dd6bd158c8,TRAVEL CENTERS OF AMERICA November 2025 TPR,Complete - Unsettled (Open),"CORE-MARK INTERNATIONAL, INC.",2025-11-01,2025-11-30,2025-10-18,2025-10-31,Retailer price reduction,TPR,Puff 1CT,0.0,0.0,0.0,0.0,247.68,1.72,247.27,1.72,0,0,0.0,0.0,0.0,0,0.3,0,0.0,0,172.8,12658.28,0.15,1898.76,14557.04,101.08,0,0.0,0.0,4367.12,0,0.0,0.0,4367.12,0.0,,241,"Promotions,_Sep_30,_2026  FULL HISTORY For Aevah.xlsx",2026-09-30
2025-03-01T00:00:00Z,Hudson News,d1d124bd-7f9a-481f-e4ab-08dd6bd158c7,HUDSON NEWS March 2025 TPR,Complete - Unsettled (Open),"CORE-MARK INTERNATIONAL, INC.",2025-03-01,2025-03-31,2025-02-15,2025-02-28,Retailer price reduction,TPR,Puff 1CT,0.0,0.0,0.0,0.0,247.68,1.72,247.27,1.72,0,0,0.0,0.0,0.0,0,0.0,0,0.0,0,0.0,15942.87,0.15,2391.43,18334.3,127.32,0,0.0,0.0,0.0,0,0.0,0.0,0.0,0.0,,185,"Promotions,_Sep_30,_2026  FULL HISTORY For Aevah.xlsx",2026-09-30
2026-05-01T00:00:00Z,Weis Markets,d1ddea71-ae47-4352-4094-08de5da29cfe,Weis Markets May 2026 Puff 4-Pack TPR,Complete - Unsettled (Open),C&S Wholesale,2026-05-01,2026-05-30,2026-05-01,2026-05-30,Retailer price reduction,TPR,Puff 4CT,0.0,8.99,0.0,0.0,37.5168,7.4288,37.5168,7.4288,0,0,0.0,0.0,0.0,0,0.6,0,0.0,0,84.0,2424.28,0.25,606.07,3030.35,505.06,0,0.0,0.0,1818.22,0,0.0,0.0,1818.22,5522.21,2026-07-07,1152,"Promotions,_Sep_30,_2026  FULL HISTORY For Aevah.xlsx",2026-09-30
2026-05-01T00:00:00Z,Weis Markets,d1ddea71-ae47-4352-4094-08de5da29cfe,Weis Markets May 2026 Puff 4-Pack TPR,Complete - Unsettled (Open),C&S Wholesale,2026-05-01,2026-05-30,2026-05-01,2026-05-30,Retailer price reduction,TPR,Club Packs,0.0,8.99,0.0,0.0,9439.5,17.98,9439.5,17.98,0,0,0.0,0.0,0.0,0,0.6,0,0.0,0,945.0,0.0,0.25,0.0,0.0,0.0,0,0.0,0.0,0.0,0,0.0,0.0,0.0,48.08,2026-07-07,1152,"Promotions,_Sep_30,_2026  FULL HISTORY For Aevah.xlsx",2026-09-30
2026-05-01T00:00:00Z,Weis Markets,d1ddea71-ae47-4352-4094-08de5da29cfe,Weis Markets May 2026 Puff 4-Pack TPR,Complete - Unsettled (Open),C&S Wholesale,2026-05-01,2026-05-30,2026-05-01,2026-05-30,Retailer price reduction,TPR,Puff Shipper,0.0,8.99,0.0,0.0,79.66000000000001,79.66,79.66,79.66,0,0,0.0,0.0,0.0,0,0.6,0,0.0,0,1.2,0.0,0.25,0.0,0.0,0.0,0,0.0,0.0,0.0,0,0.0,0.0,0.0,32.06,2026-07-07,1152,"Promotions,_Sep_30,_2026  FULL HISTORY For Aevah.xlsx",2026-09-30
2025-02-01T00:00:00Z,FRED MEYER,d2b21282-fae7-4064-d01d-08dd6bd158c9,FRED MEYER February 2025 TPR,Complete - Unsettled (Open),UNFI,2025-02-01,2025-02-28,2025-01-18,2025-01-31,Retailer price reduction,TPR,Puff 1CT,1.9933333333333332,0.0,1.9933333333333332,0.6666666666666667,220.16,1.528888888888889,257.19,1.22,0,0,0.0,0.0,0.0,0,0.3,0,0.0,0,259.2,10352.96,0.25,2588.24,12941.2,89.87,0,0.0,0.0,3882.36,0,0.0,0.0,3882.36,2604.04,2026-03-26,297,"Promotions,_Sep_30,_2026  FULL HISTORY For Aevah.xlsx",2026-09-30
2025-02-01T00:00:00Z,FRED MEYER,d2b21282-fae7-4064-d01d-08dd6bd158c9,FRED MEYER February 2025 TPR,Complete - Unsettled (Open),UNFI,2025-02-01,2025-02-28,2025-01-18,2025-01-31,Retailer price reduction,TPR,Puff 4CT,10.99,0.0,10.99,1.0,39.84,6.64,35.7,5.95,0,0,0.0,0.0,0.0,0,0.0,0,0.0,0,0.0,3900.0,0.5,1950.0,5850.0,975.0,0,0.0,0.0,0.0,0,0.0,0.0,0.0,0.0,2026-03-26,297,"Promotions,_Sep_30,_2026  FULL HISTORY For Aevah.xlsx",2026-09-30
2026-07-01T00:00:00Z,CERTCO INC.,d2c53750-a95a-407f-7f29-08de5da29cfe,CERTCO INC. July 2026 Puff Singles TPR,Complete - Unsettled (Open),Direct,2026-07-01,2026-07-31,2026-07-01,2026-07-31,Retailer price reduction,TPR,Puff 1CT,0.0,2.0,0.0,0.0,247.68,1.72,247.68,1.72,0,0,0.0,0.0,0.0,0,0.38,0,0.0,0,383.04,17362.52,0.4,6944.98,24307.5,168.77,0,0.0,0.0,9236.85,0,0.0,0.0,9236.85,0.0,,1233,"Promotions,_Sep_30,_2026  FULL HISTORY For Aevah.xlsx",2026-09-30
2026-04-26T00:00:00Z,Town and Country,d32db155-d1fc-4ce6-d74d-08de5cdc8bfa,Town and Country May 2026 Puff Singles TPR,Complete - Unsettled (Open),UNFI,2026-04-26,2026-05-23,2026-04-26,2026-05-23,Retailer price reduction,TPR,Puff 1CT,0.0,2.5,0.0,0.0,247.68,1.72,193.19,1.34,0,0,0.0,0.0,0.0,0,0.34,0,0.0,0,195.84,1440.0,0.75,1080.0,2520.0,17.5,0,0.0,0.0,856.79,0,0.0,0.0,856.79,0.0,,1014,"Promotions,_Sep_30,_2026  FULL HISTORY For Aevah.xlsx",2026-09-30
2025-06-01T00:00:00Z,TRAVEL CENTERS OF AMERICA,d38dfdae-35ef-46a4-cf94-08dd6bd158c8,TRAVEL CENTERS OF AMERICA June 2025 TPR,Complete - Unsettled (Open),"CORE-MARK INTERNATIONAL, INC.",2025-06-01,2025-06-30,2025-05-18,2025-05-31,Retailer price reduction,TPR,Puff 1CT,0.0,0.0,0.0,0.0,247.68,1.72,247.27,1.72,0,0,0.0,0.0,0.0,0,0.3,0,0.0,0,172.8,11652.12,0.15,1747.8,13399.92,93.04,0,0.0,0.0,4019.96,0,0.0,0.0,4019.96,0.0,,238,"Promotions,_Sep_30,_2026  FULL HISTORY For Aevah.xlsx",2026-09-30
2026-05-01T00:00:00Z,Earth Fare,d4c45616-ef3a-4df0-d709-08de5cdc8bfa,Earth Fare May 2026 Puff Singles TPR,Complete - Unsettled (Open),UNFI,2026-05-01,2026-05-31,2026-05-01,2026-05-31,Retailer price reduction,TPR,Puff 1CT,0.0,2.5,0.0,0.0,247.68,1.72,209.70333333333332,1.4566666666666666,0,0,0.0,0.0,0.0,0,0.47,0,0.0,0,203.04,863.58,0.3,259.08,1122.66,7.8,0,0.0,0.0,527.66,0,0.0,0.0,527.66,0.0,,946,"Promotions,_Sep_30,_2026  FULL HISTORY For Aevah.xlsx",2026-09-30
2025-06-03T00:00:00Z,WAWA,d4e9fd1a-8884-486e-4df6-08dd663e4335,Wawa June 2025 Singles TPR,Complete - Unsettled (Open),MCLANE GROCER,2025-06-03,2025-06-30,2025-05-20,2025-06-02,Retailer price reduction,TPR,Puff 1CT,0.0,0.0,0.0,0.0,247.68,1.72,246.66,1.71,0,0,0.0,0.0,0.0,0,0.1,0,0.0,0,28.8,111121.47,0.5,55560.73,166682.2,1157.51,0,0.0,0.0,16668.22,0,0.0,0.0,16668.22,17621.2,2025-10-07,10,"Promotions,_Sep_30,_2026  FULL HISTORY For Aevah.xlsx",2026-09-30
2025-06-03T00:00:00Z,WAWA,d4e9fd1a-8884-486e-4df6-08dd663e4335,Wawa June 2025 Singles TPR,Complete - Unsettled (Open),Direct,2025-06-03,2025-06-30,2025-05-20,2025-06-02,Display,End Cap,,0.0,0.0,0.0,0.0,0.0,0.0,0.0,0.0,0,0,0.0,0.0,0.0,0,0.0,0,0.0,0,0.0,0.0,0.0,0.0,0.0,0.0,0,0.0,0.0,0.0,0,0.0,7050.0,7050.0,0.0,2025-10-07,10,"Promotions,_Sep_30,_2026  FULL HISTORY For Aevah.xlsx",2026-09-30
2027-01-01T00:00:00Z,THE GIANT COMPANY,d52ca6b0-8cc0-4a72-db19-08dd6bd158c6,THE GIANT COMPANY January 2027 TPR,Planned,UNFI,2027-01-01,2027-01-28,2026-12-18,2026-12-31,Retailer price reduction,TPR,Puff 1CT,0.0,0.0,0.0,0.0,206.4,1.4333333333333333,243.555,1.695,0,0,0.0,0.0,0.0,0,0.37,0,0.0,0,319.68,1433.7,0.3,430.11,1863.81,12.94,0,0.0,0.0,689.61,0,0.0,0.0,689.61,0.0,,123,"Promotions,_Sep_30,_2026  FULL HISTORY For Aevah.xlsx",2026-09-30
2026-12-01T00:00:00Z,VITAMIN SHOPPE,d5406b30-487e-455f-407d-08de5da29cfe,VITAMIN SHOPPE December 2026 Puff Singles TPR,Planned,Direct,2026-12-01,2026-12-21,2026-12-01,2026-12-21,Retailer price reduction,TPR,Puff 1CT,3.29,2.5,0.79,0.2401,247.68,1.72,242.73,1.69,0,0,0.0,0.0,0.0,0,0.42,0,0.0,0,544.32,55965.0,0.2,11193.0,67158.0,466.37,0,0.0,0.0,28206.36,0,0.0,0.0,28206.36,0.0,,1130,"Promotions,_Sep_30,_2026  FULL HISTORY For Aevah.xlsx",2026-09-30
2026-08-01T00:00:00Z,Albertsons SoCal,d54d98ce-4fa6-4160-f19f-08de8bfc2efc,August 2026 $8.99 TPR,Complete - Unsettled (Open),Direct,2026-08-01,2026-08-28,2026-08-01,2026-08-28,Retailer price reduction,TPR,Puff 4CT,10.99,8.99,2.0,0.182,39.84,6.64,39.84,6.64,0,0,0.0,0.0,0.0,0,2.0,0,0.0,0,48.0,8974.4,0.5,4487.2,13461.6,2243.6,0,0.0,0.0,26923.2,0,0.0,0.0,26923.2,16970.0,2026-08-27,1499,"Promotions,_Sep_30,_2026  FULL HISTORY For Aevah.xlsx",2026-09-30
2026-10-01T00:00:00Z,Bolla,d671189c-1936-4bec-6369-08de5da29cfe,Bolla October 2026 TPR,Planned,National Convenience Distributors,2026-10-01,2026-10-31,2026-10-01,2026-10-31,Retailer price reduction,TPR,Puff 1CT,0.9966666666666666,3.39,0.0,0.0,247.68,1.72,247.68,1.72,0,0,0.0,0.0,0.0,0,0.5,0,0.0,0,216.0,3720.0,0.15,558.0,4278.0,29.7,0,0.0,0.0,2139.0,0,0.0,0.0,2139.0,0.0,,1167,"Promotions,_Sep_30,_2026  FULL HISTORY For Aevah.xlsx",2026-09-30
2025-04-01T00:00:00Z,TOWN PUMP,d6e9f8c4-9b0e-4ebd-fb1f-08dd6bd158ca,TOWN PUMP April 2025 TPR,Complete - Unsettled (Open),MCLANE GROCER,2025-04-01,2025-04-28,2025-03-18,2025-03-31,Retailer price reduction,TPR,Puff 1CT,0.0,0.0,0.0,0.0,247.68,1.72,247.22,1.72,0,0,0.0,0.0,0.0,0,0.2,0,0.0,0,57.6,3005.36,0.2,601.08,3606.44,25.04,0,0.0,0.0,721.28,0,0.0,0.0,721.28,0.0,,435,"Promotions,_Sep_30,_2026  FULL HISTORY For Aevah.xlsx",2026-09-30
2026-01-01T00:00:00Z,UNFI,d715d6b1-876c-458b-7be9-08de5e781b74,UNFI January 2026 20% OI,Complete - Unsettled (Open),Direct,2026-01-01,2026-01-31,2026-01-01,2026-01-31,Distributor price reduction,,Puff 12CT,0.0,0.0,0.0,0.0,0.0,0.0,101.6176,0.0,0,0,0.0,0.0,0.0,0,0.0,0,0.0,0,0.0,0.0,0.0,0.0,0.0,0.0,0,0.0,0.0,0.0,0,0.0,0.0,0.0,0.0,2026-07-16,1357,"Promotions,_Sep_30,_2026  FULL HISTORY For Aevah.xlsx",2026-09-30
2026-01-01T00:00:00Z,UNFI,d715d6b1-876c-458b-7be9-08de5e781b74,UNFI January 2026 20% OI,Complete - Unsettled (Open),Direct,2026-01-01,2026-01-31,2026-01-01,2026-01-31,Distributor price reduction,,Puff 1CT,0.0,0.0,0.0,0.0,0.0,0.0,235.8,0.0,0,0,0.0,0.0,0.0,0,0.0,0,0.0,0,0.0,0.0,0.0,0.0,0.0,0.0,0,0.0,105475.13,0.0,0,0.0,0.0,105475.13,12343.48,2026-07-16,1357,"Promotions,_Sep_30,_2026  FULL HISTORY For Aevah.xlsx",2026-09-30
2026-01-01T00:00:00Z,GLOBAL PARTNERS,d719aead-9ce9-4ba4-6378-08de5da29cfe,GLOBAL PARTNERS February 2026 TPR,Complete - Unsettled (Open),"CORE-MARK INTERNATIONAL, INC.",2026-01-01,2026-02-28,2026-01-01,2026-02-28,Retailer price reduction,TPR,Puff 1CT,0.0,3.59,0.0,0.0,247.68,1.72,242.73,1.69,0,0,0.0,0.0,0.0,0,1.72,0,0.0,0,495.36,12810.04,0.6,7686.02,20496.06,142.34,0,0.0,0.0,35253.22,0,0.0,0.0,35253.22,0.0,,1182,"Promotions,_Sep_30,_2026  FULL HISTORY For Aevah.xlsx",2026-09-30
2026-02-01T00:00:00Z,CASEYS CORP,d722a328-740b-4942-7f22-08de5da29cfe,CASEYS CORP February 2026 Puff Singles TPR,Complete - Unsettled (Open),Direct,2026-02-01,2026-02-28,2026-02-01,2026-02-28,Retailer price reduction,TPR,Puff 1CT,0.598,2.5,0.098,0.03278,247.68,1.72,247.68,1.72,0,0,0.0,0.0,0.0,0,0.5,0,0.0,0,360.0,57224.8,0.15,8583.72,65808.52,457.0,0,0.0,0.0,32904.26,0,0.0,0.0,32904.26,24892.0,2026-03-05,1226,"Promotions,_Sep_30,_2026  FULL HISTORY For Aevah.xlsx",2026-09-30
2026-02-01T00:00:00Z,CASEYS CORP,d722a328-740b-4942-7f22-08de5da29cfe,CASEYS CORP February 2026 Puff Singles TPR,Complete - Unsettled (Open),Direct,2026-02-01,2026-02-28,2026-02-01,2026-02-28,Customer advertising,Ad,,0.0,0.0,0.0,0.0,0.0,0.0,0.0,0.0,0,0,0.0,0.0,0.0,0,0.0,0,0.0,0,0.0,0.0,0.0,0.0,0.0,0.0,0,0.0,0.0,0.0,0,0.0,800.0,800.0,0.0,2026-03-05,1226,"Promotions,_Sep_30,_2026  FULL HISTORY For Aevah.xlsx",2026-09-30
2026-02-01T00:00:00Z,SMITHS,d73acf87-2b3d-4f20-4061-08de5da29cfe,SMITHS February 2026 Puff 4-Pack TPR,Complete - Unsettled (Open),UNFI,2026-02-01,2026-02-28,2026-02-01,2026-02-28,Retailer price reduction,TPR,Puff 4CT,10.99,9.99,1.0,0.091,39.84,6.64,39.04,6.51,0,0,0.0,0.0,0.0,0,0.8,0,0.0,0,28.8,2958.54,0.25,739.65,3698.19,616.38,0,0.0,0.0,2958.54,0,0.0,0.0,2958.54,0.0,,1102,"Promotions,_Sep_30,_2026  FULL HISTORY For Aevah.xlsx",2026-09-30
2026-10-01T00:00:00Z,PLAID PANTRY,d76187ab-2ee0-41f6-7f71-08de5da29cfe,PLAID PANTRY October 2026 Puff Singles TPR,Planned,"CORE-MARK INTERNATIONAL, INC.",2026-10-01,2026-10-31,2026-10-01,2026-10-31,Retailer price reduction,TPR,Puff 1CT,0.0,2.5,0.0,0.0,247.68,1.72,242.73,1.69,0,0,0.0,0.0,0.0,0,0.3,0,0.0,0,172.8,2658.46,0.2,531.69,3190.15,22.16,0,0.0,0.0,957.04,0,0.0,0.0,957.04,0.0,,1305,"Promotions,_Sep_30,_2026  FULL HISTORY For Aevah.xlsx",2026-09-30
2025-12-29T00:00:00Z,AWG,d7e9ea67-2d99-4f5c-7f1a-08de5da29cfe,AWG January 2026 Puff Singles TPR,Complete - Unsettled (Open),"DOT FOODS, INC",2025-12-29,2026-01-25,2025-12-29,2026-01-25,Retailer price reduction,TPR,Puff 1CT,0.0,2.7,0.0,0.0,247.68,1.72,247.68,1.4742857142857144,0,0,0.0,0.0,0.0,0,0.18,0,0.0,0,155.52,15817.31,0.2,3163.47,18980.78,124.89,0,0.0,0.0,3416.53,0,0.0,0.0,3416.53,0.0,,1218,"Promotions,_Sep_30,_2026  FULL HISTORY For Aevah.xlsx",2026-09-30
2026-08-01T00:00:00Z,Albertsons Intermountain,d81467d7-1e9a-4d8c-7940-08de89a46b1d,August 2026 $8.99 TPR,Complete - Unsettled (Open),Direct,2026-08-01,2026-08-28,2026-08-01,2026-08-28,Retailer price reduction,TPR,Puff 4CT,10.99,8.99,2.0,0.182,39.84,6.64,39.84,6.64,0,0,0.0,0.0,0.0,0,2.0,0,0.0,0,48.0,2359.6,1.0,2359.6,4719.2,786.53,0,0.0,0.0,9438.4,0,0.0,0.0,9438.4,7634.0,2026-08-27,1449,"Promotions,_Sep_30,_2026  FULL HISTORY For Aevah.xlsx",2026-09-30
2026-03-01T00:00:00Z,Royal Farms,d88ed6eb-59f5-4dc8-6389-08de5da29cfe,Royal Farms April 2026 TPR,Complete - Unsettled (Open),Direct,2026-03-01,2026-04-30,2026-03-01,2026-04-30,Retailer price reduction,TPR,Puff 1CT,0.7475,3.39,0.0,0.0,247.68,1.72,247.68,1.72,0,0,0.0,0.0,0.0,0,0.6,0,0.0,0,345.6,19607.14,0.15,2941.08,22548.22,156.6,0,0.0,0.0,13528.94,0,0.0,0.0,13528.94,0.0,,1199,"Promotions,_Sep_30,_2026  FULL HISTORY For Aevah.xlsx",2026-09-30
2026-03-01T00:00:00Z,Royal Farms,d88ed6eb-59f5-4dc8-6389-08de5da29cfe,Royal Farms April 2026 TPR,Complete - Unsettled (Open),Direct,2026-03-01,2026-04-30,2026-03-01,2026-04-30,Customer advertising,Ad,,0.0,0.0,0.0,0.0,0.0,0.0,0.0,0.0,0,0,0.0,0.0,0.0,0,0.0,0,0.0,0,0.0,0.0,0.0,0.0,0.0,0.0,0,0.0,0.0,0.0,0,0.0,8000.0,8000.0,0.0,,1199,"Promotions,_Sep_30,_2026  FULL HISTORY For Aevah.xlsx",2026-09-30
2025-03-01T00:00:00Z,KROGER,d8c9e475-a85c-4deb-ddb8-08dd6bd158c9,KROGER March 2025 TPR,Complete - Unsettled (Open),UNFI,2025-03-01,2025-03-30,2025-02-15,2025-02-28,Retailer price reduction,TPR,Puff 4CT,0.0,0.0,0.0,0.0,39.84,6.64,39.04,0.0,0,0,0.0,0.0,0.0,0,0.5,0,0.0,0,0.0,0.0,0.35,0.0,0.0,0.0,0,0.0,0.0,0.0,0,0.0,0.0,0.0,0.0,,308,"Promotions,_Sep_30,_2026  FULL HISTORY For Aevah.xlsx",2026-09-30
2025-03-01T00:00:00Z,KROGER,d8c9e475-a85c-4deb-ddb8-08dd6bd158c9,KROGER March 2025 TPR,Complete - Unsettled (Open),UNFI,2025-03-01,2025-03-30,2025-02-15,2025-02-28,Retailer price reduction,TPR,Puff 1CT,0.0,0.0,0.0,0.0,247.68,1.72,247.27,0.0,0,0,0.0,0.0,0.0,0,0.6,0,0.0,0,0.0,0.0,0.35,0.0,0.0,0.0,0,0.0,0.0,0.0,0,0.0,0.0,0.0,0.0,,308,"Promotions,_Sep_30,_2026  FULL HISTORY For Aevah.xlsx",2026-09-30
2025-10-01T00:00:00Z,NORTHWEST GROCERS,d96c644a-1438-4878-28fb-08dd721102ed,NORTHWEST GROCERS October 2025 Puff TPR,Complete - Unsettled (Open),KEHE DISTRIBUTORS,2025-10-01,2025-10-31,2025-09-17,2025-09-30,Retailer price reduction,TPR,Puff 1CT,2.99,0.0,2.99,1.0,247.68,1.72,271.09,1.88,0,0,0.0,0.0,0.0,0,0.34,0,0.0,0,146.88,7433.2,0.3,2229.96,9663.16,67.1,0,0.0,0.0,3285.47,0,0.0,0.0,3285.47,0.0,,652,"Promotions,_Sep_30,_2026  FULL HISTORY For Aevah.xlsx",2026-09-30
2025-05-01T00:00:00Z,HY-VEE,d97266b2-aab1-40b2-026a-08dd6bd158cb,HY-VEE May 2025 TPR,Complete - Unsettled (Open),Direct,2025-05-01,2025-05-02,2025-04-17,2025-04-30,Retailer price reduction,TPR,Bar 1CT,0.0,0.0,0.0,0.0,247.68,1.72,247.27,1.72,0,0,0.0,0.0,0.0,0,0.6,0,0.0,0,259.2,294.96,1.5,442.45,737.41,5.12,0,0.0,0.0,442.45,0,0.0,0.0,442.45,0.0,,454,"Promotions,_Sep_30,_2026  FULL HISTORY For Aevah.xlsx",2026-09-30
2025-05-01T00:00:00Z,HY-VEE,d97266b2-aab1-40b2-026a-08dd6bd158cb,HY-VEE May 2025 TPR,Complete - Unsettled (Open),Direct,2025-05-01,2025-05-02,2025-04-17,2025-04-30,Retailer price reduction,TPR,Puff 1CT,0.0,0.0,0.0,0.0,247.68,1.72,247.27,1.72,0,0,0.0,0.0,0.0,0,0.6,0,0.0,0,691.2,2991.72,1.5,4487.59,7479.31,51.94,0,0.0,0.0,4487.59,0,0.0,0.0,4487.59,0.0,,454,"Promotions,_Sep_30,_2026  FULL HISTORY For Aevah.xlsx",2026-09-30
2025-05-01T00:00:00Z,HY-VEE,d97266b2-aab1-40b2-026a-08dd6bd158cb,HY-VEE May 2025 TPR,Complete - Unsettled (Open),Direct,2025-05-01,2025-05-02,2025-04-17,2025-04-30,Retailer price reduction,TPR,Puff 4CT,0.0,0.0,0.0,0.0,39.84,6.64,39.04,6.51,0,0,0.0,0.0,0.0,0,0.4,0,0.0,0,14.4,328.94,0.35,115.14,444.08,74.02,0,0.0,0.0,177.61,0,0.0,0.0,177.61,0.0,,454,"Promotions,_Sep_30,_2026  FULL HISTORY For Aevah.xlsx",2026-09-30
2025-05-01T00:00:00Z,JACKSONS,da2515d7-4602-478a-dbb8-08dd6bd158c8,JACKSONS May 2025 TPR,Complete - Unsettled (Open),CAPITOL DISTRIBUTING,2025-05-01,2025-05-30,2025-04-17,2025-04-30,Retailer price reduction,TPR,Puff 1CT,0.0,0.0,0.0,0.0,247.68,1.72,247.68,1.72,0,0,0.0,0.0,0.0,0,0.3,0,0.0,0,129.6,16414.84,0.2,3282.97,19697.81,136.8,0,0.0,0.0,5909.34,0,0.0,0.0,5909.34,0.0,,266,"Promotions,_Sep_30,_2026  FULL HISTORY For Aevah.xlsx",2026-09-30
2025-10-01T00:00:00Z,THE GIANT COMPANY,da2b8a0b-36bb-4077-d723-08dd6bd158c6,THE GIANT COMPANY October 2025 TPR,Complete - Unsettled (Open),UNFI,2025-10-01,2025-10-28,2025-09-17,2025-09-30,Retailer price reduction,TPR,Puff 1CT,0.0,0.0,0.0,0.0,206.4,1.4333333333333333,247.27,1.72,0,0,0.0,0.0,0.0,0,0.37,0,0.0,0,319.68,34082.86,0.25,8520.72,42603.58,295.86,0,0.0,0.0,15763.34,0,0.0,0.0,15763.34,0.0,,117,"Promotions,_Sep_30,_2026  FULL HISTORY For Aevah.xlsx",2026-09-30
2026-04-01T00:00:00Z,CIRCLE K,da9b8a41-c48c-4dc1-7f2f-08de5da29cfe,CIRCLE K April 2026 Puff Singles TPR,Complete - Unsettled (Open),"CORE-MARK INTERNATIONAL, INC.",2026-04-01,2026-04-30,2026-04-01,2026-04-30,Retailer price reduction,TPR,Puff 1CT,1.994,2.5,0.494,0.14626,247.68,1.72,242.73,1.69,0,0,0.0,0.0,0.0,0,0.5,0,0.0,0,360.0,238360.14,0.2,47672.03,286032.17,1986.33,0,0.0,0.0,71508.04,0,0.0,0.0,71508.04,0.0,,1239,"Promotions,_Sep_30,_2026  FULL HISTORY For Aevah.xlsx",2026-09-30
2026-04-01T00:00:00Z,CIRCLE K,da9b8a41-c48c-4dc1-7f2f-08de5da29cfe,CIRCLE K April 2026 Puff Singles TPR,Complete - Unsettled (Open),MCLANE GROCER,2026-04-01,2026-04-30,2026-04-01,2026-04-30,Retailer price reduction,TPR,Puff 1CT,1.994,2.5,0.494,0.14626,247.68,1.72,242.482,1.686,0,0,0.0,0.0,0.0,0,0.5,0,0.0,0,360.0,238360.14,0.2,47672.03,286032.17,1986.33,0,0.0,0.0,71508.04,0,0.0,0.0,71508.04,0.0,,1239,"Promotions,_Sep_30,_2026  FULL HISTORY For Aevah.xlsx",2026-09-30
2026-01-28T00:00:00Z,Albertsons Shaws,da9e442c-c2f0-4804-bb76-08de8bfc2efc,February 2026 $9.99 TPR,Complete - Unsettled (Open),Direct,2026-01-28,2026-03-03,2026-01-28,2026-03-03,Retailer price reduction,TPR,Puff 4CT,10.99,9.99,1.0,0.091,39.84,6.64,39.84,6.64,0,0,0.0,0.0,0.0,0,1.0,0,0.0,0,24.0,7748.0,0.3,2324.4,10072.4,1678.73,0,0.0,0.0,10072.4,0,0.0,0.0,10072.4,12651.0,2026-03-08,1486,"Promotions,_Sep_30,_2026  FULL HISTORY For Aevah.xlsx",2026-09-30
2025-05-01T00:00:00Z,BIG Y,daba2008-8d93-4586-28d7-08dd721102ed,Big Y June 2025 Puff TPR,Complete - Unsettled (Open),UNFI,2025-05-01,2025-06-11,2025-04-17,2025-04-30,Retailer price reduction,TPR,Puff 1CT,0.0,0.0,0.0,0.0,247.68,1.72,244.17,1.7,0,0,0.0,0.0,0.0,0,0.2,0,0.0,0,115.2,8666.73,0.2,1733.35,10400.08,72.22,0,0.0,0.0,2080.02,0,0.0,0.0,2080.02,11486.57,2025-07-19,653,"Promotions,_Sep_30,_2026  FULL HISTORY For Aevah.xlsx",2026-09-30
2026-06-01T00:00:00Z,KROGER,dafcbf35-0c65-4218-4050-08de5da29cfe,KROGER June 2026 Puff Singles TPR,Complete - Unsettled (Open),Direct,2026-06-01,2026-06-30,2026-06-01,2026-06-30,Retailer price reduction,TPR,Puff 1CT,2.99,2.5,0.49,0.1639,247.68,1.72,247.68,1.72,0,0,0.0,0.0,0.0,0,0.3,0,0.0,0,216.0,38571.43,0.2,7714.29,46285.72,321.43,0,0.0,0.0,13885.72,0,0.0,0.0,13885.72,6996.08,2026-08-11,1085,"Promotions,_Sep_30,_2026  FULL HISTORY For Aevah.xlsx",2026-09-30
2026-04-01T00:00:00Z,"ASSOCIATED FOOD STORES, INC.",db550c9e-09c7-475c-d700-08de5cdc8bfa,"ASSOCIATED FOOD STORES, INC. April 2026 Puff Singles TPR",Complete - Unsettled (Open),Direct,2026-04-01,2026-04-30,2026-04-01,2026-04-30,Retailer price reduction,TPR,Puff 1CT,2.4463636363636363,2.5,0.40090909090909094,0.1341,247.68,1.72,247.68,1.72,0,0,0.0,0.0,0.0,0,0.3,0,0.0,0,475.2,22434.49,0.5,11217.25,33651.74,233.69,0,0.0,0.0,10095.51,0,0.0,0.0,10095.51,11093.1,2026-05-03,937,"Promotions,_Sep_30,_2026  FULL HISTORY For Aevah.xlsx",2026-09-30
2026-04-01T00:00:00Z,"ASSOCIATED FOOD STORES, INC.",db550c9e-09c7-475c-d700-08de5cdc8bfa,"ASSOCIATED FOOD STORES, INC. April 2026 Puff Singles TPR",Complete - Unsettled (Open),Direct,2026-04-01,2026-04-30,2026-04-01,2026-04-30,Customer advertising,Ad,,0.0,0.0,0.0,0.0,0.0,0.0,0.0,0.0,0,0,0.0,0.0,0.0,0,0.0,0,0.0,0,0.0,0.0,0.0,0.0,0.0,0.0,0,0.0,0.0,0.0,0,0.0,750.0,750.0,5256.9,2026-05-03,937,"Promotions,_Sep_30,_2026  FULL HISTORY For Aevah.xlsx",2026-09-30
2026-05-01T00:00:00Z,SPARTAN NASH,dbb65f5c-b407-4df0-638f-08de5da29cfe,SPARTAN NASH May 2026 TPR,Complete - Unsettled (Open),Direct,2026-05-01,2026-05-30,2026-05-01,2026-05-30,Retailer price reduction,TPR,Puff 1CT,0.0,2.49,0.0,0.0,247.68,1.72,247.68,1.72,0,0,0.0,0.0,0.0,0,0.25,0,0.0,0,144.0,23837.08,0.2,4767.4,28604.48,198.64,0,0.0,0.0,7151.12,0,0.0,0.0,7151.12,6086.04,2026-06-25,1205,"Promotions,_Sep_30,_2026  FULL HISTORY For Aevah.xlsx",2026-09-30
2026-05-01T00:00:00Z,SPARTAN NASH,dbb65f5c-b407-4df0-638f-08de5da29cfe,SPARTAN NASH May 2026 TPR,Complete - Unsettled (Open),Direct,2026-05-01,2026-05-30,2026-05-01,2026-05-30,Customer advertising,Ad,,0.0,0.0,0.0,0.0,0.0,0.0,0.0,0.0,0,0,0.0,0.0,0.0,0,0.0,0,0.0,0,0.0,0.0,0.0,0.0,0.0,0.0,0,0.0,0.0,0.0,0,0.0,2000.0,2000.0,3000.0,2026-06-25,1205,"Promotions,_Sep_30,_2026  FULL HISTORY For Aevah.xlsx",2026-09-30
2026-03-04T00:00:00Z,Albertsons SoCal,dc5859bc-e8eb-4a9d-ef47-08de8bfc2efc,March 2026 $9.99 National Event TPR,Complete - Unsettled (Open),Direct,2026-03-04,2026-03-31,2026-03-04,2026-03-31,Retailer price reduction,TPR,Puff 4CT,10.99,9.99,1.0,0.091,39.84,6.64,39.84,6.64,0,0,0.0,0.0,0.0,0,1.0,0,0.0,0,24.0,10396.8,0.5,5198.4,15595.2,2599.2,0,0.0,0.0,15595.2,0,0.0,0.0,15595.2,0.0,,1495,"Promotions,_Sep_30,_2026  FULL HISTORY For Aevah.xlsx",2026-09-30
2026-01-01T00:00:00Z,GELSONS,dc7d4fb9-1abd-40ed-d711-08de5cdc8bfa,GELSONS January 2026 Puff Singles TPR,Complete - Unsettled (Open),UNFI,2026-01-01,2026-01-31,2026-01-01,2026-01-31,Retailer price reduction,TPR,Puff 1CT,2.492857142857143,2.5,0.7071428571428572,0.20264285714285715,247.68,1.72,230.34285714285716,1.5985714285714285,0,0,0.0,0.0,0.0,0,0.25,0,0.0,0,252.0,6550.83,0.75,4913.12,11463.95,79.62,0,0.0,0.0,2865.99,0,0.0,0.0,2865.99,0.0,,954,"Promotions,_Sep_30,_2026  FULL HISTORY For Aevah.xlsx",2026-09-30
2026-01-01T00:00:00Z,GELSONS,dc7d4fb9-1abd-40ed-d711-08de5cdc8bfa,GELSONS January 2026 Puff Singles TPR,Complete - Unsettled (Open),Direct,2026-01-01,2026-01-31,2026-01-01,2026-01-31,Customer advertising,Ad,,0.0,0.0,0.0,0.0,0.0,0.0,0.0,0.0,0,0,0.0,0.0,0.0,0,0.0,0,0.0,0,0.0,0.0,0.0,0.0,0.0,0.0,0,0.0,0.0,0.0,0,0.0,425.0,425.0,0.0,,954,"Promotions,_Sep_30,_2026  FULL HISTORY For Aevah.xlsx",2026-09-30
2026-01-09T00:00:00Z,Rosauers / Huckleberry's,dd0680bb-994f-4ae1-d72d-08de5cdc8bfa,Rosauers / Huckleberry's January 2026 Puff Singles TPR,Complete - Unsettled (Open),UNFI,2026-01-09,2026-01-11,2026-01-09,2026-01-11,Retailer price reduction,TPR,Puff 1CT,0.0,1.99,0.0,0.0,247.68,1.72,193.19,1.34,0,0,0.0,0.0,0.0,0,0.6,0,0.0,0,604.8,192.84,0.5,96.42,289.26,2.0,0,0.0,0.0,173.56,0,0.0,0.0,173.56,172.86,2026-03-10,982,"Promotions,_Sep_30,_2026  FULL HISTORY For Aevah.xlsx",2026-09-30
2026-01-09T00:00:00Z,Rosauers / Huckleberry's,dd0680bb-994f-4ae1-d72d-08de5cdc8bfa,Rosauers / Huckleberry's January 2026 Puff Singles TPR,Complete - Unsettled (Open),Direct,2026-01-09,2026-01-11,2026-01-09,2026-01-11,Customer advertising,Ad,,0.0,0.0,0.0,0.0,0.0,0.0,0.0,0.0,0,0,0.0,0.0,0.0,0,0.0,0,0.0,0,0.0,0.0,0.0,0.0,0.0,0.0,0,0.0,0.0,0.0,0,0.0,500.0,500.0,24.12,2026-03-10,982,"Promotions,_Sep_30,_2026  FULL HISTORY For Aevah.xlsx",2026-09-30
2025-05-01T00:00:00Z,GELSONS,dd068e1d-6520-4ef3-e6c7-08dd6bd158c4,GELSONS May 2025 TPR,Complete - Unsettled (Open),UNFI,2025-05-01,2025-05-30,2025-04-17,2025-04-30,Retailer price reduction,TPR,Puff 1CT,3.49,0.0,3.49,1.0,247.68,1.72,268.59,1.87,0,0,0.0,0.0,0.0,0,0.25,0,0.0,0,216.0,7344.0,0.4,2937.6,10281.6,71.42,0,0.0,0.0,2570.4,0,0.0,0.0,2570.4,1993.4,2025-10-15,15,"Promotions,_Sep_30,_2026  FULL HISTORY For Aevah.xlsx",2026-09-30
2026-05-01T00:00:00Z,The Fresh Market,dd27ec9f-633c-4a67-d590-08de956aa456,The Fresh Market May 2026 TPR,Draft,Chex Finer Foods,2026-05-01,2026-05-31,2026-05-01,2026-05-31,Retailer price reduction,TPR,Puff 1CT,2.99,2.6225,0.3675,0.122925,247.68,1.72,274.92,1.91,0,0,0.0,0.0,0.0,0,0.5,0,0.0,0,288.0,5516.22,0.5,2758.11,8274.33,57.46,0,0.0,0.0,4137.17,0,0.0,0.0,4137.17,0.0,,1519,"Promotions,_Sep_30,_2026  FULL HISTORY For Aevah.xlsx",2026-09-30
2026-04-01T00:00:00Z,Albertsons Denver,dda17d27-94ee-416c-08d1-08de84ec3490,April 2026 $1 off Digital Coupon,Complete - Unsettled (Open),Direct,2026-04-01,2026-04-28,2026-04-01,2026-04-28,Coupon,Digital Coupon,,0.0,0.0,0.0,0.0,0.0,0.0,0.0,0.0,0,0,0.0,0.0,0.0,0,0.0,0,0.0,0,0.0,0.0,0.0,0.0,0.0,0.0,0,0.0,0.0,0.0,0,0.0,132.86,132.86,0.0,,1435,"Promotions,_Sep_30,_2026  FULL HISTORY For Aevah.xlsx",2026-09-30
2026-01-01T00:00:00Z,GETGO,ddcb5d6b-63a4-4446-6375-08de5da29cfe,GETGO February 2026 TPR,Complete - Unsettled (Open),MCLANE GROCER,2026-01-01,2026-02-28,2026-01-01,2026-02-28,Retailer price reduction,TPR,Puff 1CT,0.0,3.0,0.0,0.0,247.68,1.72,242.482,1.686,0,0,0.0,0.0,0.0,0,0.35,0,0.0,0,252.0,11615.05,0.15,1742.26,13357.31,92.76,0,0.0,0.0,4675.06,0,0.0,0.0,4675.06,0.0,,1179,"Promotions,_Sep_30,_2026  FULL HISTORY For Aevah.xlsx",2026-09-30
2026-10-01T00:00:00Z,EXTRA MILE,de00cb2b-a0fa-478e-7f3e-08de5da29cfe,EXTRA MILE October 2026 Puff Singles TPR,Planned,MCLANE GROCER,2026-10-01,2026-10-31,2026-10-01,2026-10-31,Retailer price reduction,TPR,Puff 1CT,0.0,3.69,0.0,0.0,247.68,1.72,242.31666666666666,1.6833333333333333,0,0,0.0,0.0,0.0,0,0.67,0,0.0,0,289.44,24393.98,0.3,7318.19,31712.17,220.22,0,0.0,0.0,21247.15,0,0.0,0.0,21247.15,0.0,,1254,"Promotions,_Sep_30,_2026  FULL HISTORY For Aevah.xlsx",2026-09-30
2026-07-01T00:00:00Z,SCHNUCKS,de1ec16f-1e1a-4ed2-7f76-08de5da29cfe,SCHNUCKS July 2026 Puff Singles TPR,Complete - Unsettled (Open),"DOT FOODS, INC",2026-07-01,2026-07-14,2026-07-01,2026-07-14,Retailer price reduction,TPR,Puff 1CT,0.9966666666666666,2.0,0.33,0.11036666666666667,247.68,1.72,247.68,1.72,0,0,0.0,0.0,0.0,0,0.4,0,0.0,0,691.2,5716.41,0.5,2858.19,8574.6,59.54,0,0.0,0.0,3429.86,0,0.0,0.0,3429.86,0.0,,1310,"Promotions,_Sep_30,_2026  FULL HISTORY For Aevah.xlsx",2026-09-30
2026-03-04T00:00:00Z,Albertsons Portland,de2bae4d-df3f-47b0-a15b-08de89a46b1d,March 2026 $9.99 National Event TPR,Complete - Unsettled (Open),Direct,2026-03-04,2026-03-31,2026-03-04,2026-03-31,Retailer price reduction,TPR,Puff 4CT,7.326666666666667,8.99,1.3333333333333335,0.12133333333333333,39.84,6.64,39.84,6.64,0,0,0.0,0.0,0.0,0,1.0,0,0.0,0,36.0,4636.0,0.3,1390.8,6026.8,1004.47,0,0.0,0.0,6026.8,0,0.0,0.0,6026.8,0.0,,1468,"Promotions,_Sep_30,_2026  FULL HISTORY For Aevah.xlsx",2026-09-30
2027-01-01T00:00:00Z,Hudson News,de39add0-3910-4530-e4b1-08dd6bd158c7,HUDSON NEWS January 2027 TPR,Planned,"CORE-MARK INTERNATIONAL, INC.",2027-01-01,2027-01-31,2026-12-18,2026-12-31,Retailer price reduction,TPR,Puff 1CT,0.0,0.0,0.0,0.0,247.68,1.72,242.73,1.69,0,0,0.0,0.0,0.0,0,0.0,0,0.0,0,0.0,2334.5,0.15,350.18,2684.68,18.64,0,0.0,0.0,0.0,0,0.0,0.0,0.0,0.0,,191,"Promotions,_Sep_30,_2026  FULL HISTORY For Aevah.xlsx",2026-09-30
2026-09-01T00:00:00Z,Energy North,de7c0626-4c25-4532-6370-08de5da29cfe,Energy North October 2026 TPR,In progress,National Convenience Distributors,2026-09-01,2026-10-31,2026-09-01,2026-10-31,Retailer price reduction,TPR,Puff 1CT,0.7475,3.39,0.0,0.0,247.68,1.72,247.68,1.72,0,0,0.0,0.0,0.0,0,0.25,0,0.0,0,144.0,5089.16,0.15,763.36,5852.52,40.64,0,0.0,0.0,1463.12,0,0.0,0.0,1463.12,0.0,,1174,"Promotions,_Sep_30,_2026  FULL HISTORY For Aevah.xlsx",2026-09-30
2026-09-01T00:00:00Z,Energy North,de7c0626-4c25-4532-6370-08de5da29cfe,Energy North October 2026 TPR,In progress,Direct,2026-09-01,2026-10-31,2026-09-01,2026-10-31,Customer advertising,Ad,,0.0,0.0,0.0,0.0,0.0,0.0,0.0,0.0,0,0,0.0,0.0,0.0,0,0.0,0,0.0,0,0.0,0.0,0.0,0.0,0.0,0.0,0,0.0,0.0,0.0,0,0.0,2000.0,2000.0,0.0,,1174,"Promotions,_Sep_30,_2026  FULL HISTORY For Aevah.xlsx",2026-09-30
2025-11-01T00:00:00Z,HARMONS NEIGHBORHOOD GROCER,de8fd0a6-0cbd-4a01-28ec-08dd721102ed,HARMONS NEIGHBORHOOD GROCER November 2025 Puff TPR,Complete - Unsettled (Open),ON THE DOT DISTRIBUTION,2025-11-01,2025-11-30,2025-10-18,2025-10-31,Retailer price reduction,TPR,Puff 1CT,2.99,0.0,2.99,1.0,247.68,1.72,247.68,1.5766666666666667,0,0,0.0,0.0,0.0,0,0.25,0,0.0,0,396.0,38519.14,0.3,11555.74,50074.88,347.76,0,0.0,0.0,12518.72,0,0.0,0.0,12518.72,0.0,2025-10-28,654,"Promotions,_Sep_30,_2026  FULL HISTORY For Aevah.xlsx",2026-09-30
2025-11-01T00:00:00Z,HARMONS NEIGHBORHOOD GROCER,de8fd0a6-0cbd-4a01-28ec-08dd721102ed,HARMONS NEIGHBORHOOD GROCER November 2025 Puff TPR,Complete - Unsettled (Open),Direct,2025-11-01,2025-11-30,2025-10-18,2025-10-31,Customer advertising,Ad,,0.0,0.0,0.0,0.0,0.0,0.0,0.0,0.0,0,0,0.0,0.0,0.0,0,0.0,0,0.0,0,0.0,0.0,0.0,0.0,0.0,0.0,0,0.0,0.0,0.0,0,0.0,3000.0,3000.0,3000.0,2025-10-28,654,"Promotions,_Sep_30,_2026  FULL HISTORY For Aevah.xlsx",2026-09-30
2026-04-01T00:00:00Z,THE GIANT COMPANY,deb54694-75bf-408f-406f-08de5da29cfe,THE GIANT COMPANY April 2026 Puff Singles TPR,Complete - Unsettled (Open),UNFI,2026-04-01,2026-04-30,2026-04-01,2026-04-30,Retailer price reduction,TPR,Puff 1CT,0.42714285714285716,2.5,0.07,0.023414285714285714,247.68,1.72,242.73,1.69,0,0,0.0,0.0,0.0,0,0.25,0,0.0,0,252.0,25315.73,0.0,0.0,25315.73,175.81,0,0.0,0.0,6328.94,0,0.0,0.0,6328.94,0.0,,1116,"Promotions,_Sep_30,_2026  FULL HISTORY For Aevah.xlsx",2026-09-30
2026-04-01T00:00:00Z,THE GIANT COMPANY,deb54694-75bf-408f-406f-08de5da29cfe,THE GIANT COMPANY April 2026 Puff Singles TPR,Complete - Unsettled (Open),Direct,2026-04-01,2026-04-30,2026-04-01,2026-04-30,Customer advertising,Ad,,0.0,0.0,0.0,0.0,0.0,0.0,0.0,0.0,0,0,0.0,0.0,0.0,0,0.0,0,0.0,0,0.0,0.0,0.0,0.0,0.0,0.0,0,0.0,0.0,0.0,0,0.0,4000.0,4000.0,0.0,,1116,"Promotions,_Sep_30,_2026  FULL HISTORY For Aevah.xlsx",2026-09-30
2025-09-01T00:00:00Z,UNITED PACIFIC,dec322e4-5ef6-44e4-e003-08dd6bd158c7,UNITED PACIFIC September 2025 TPR,Complete - Unsettled (Open),"CORE-MARK INTERNATIONAL, INC.",2025-09-01,2025-09-30,2025-08-18,2025-08-31,Retailer price reduction,TPR,Puff 1CT,0.0,0.0,0.0,0.0,247.68,1.72,247.27,1.72,0,0,0.0,0.0,0.0,0,0.3,0,0.0,0,172.8,8678.58,0.2,1735.72,10414.3,72.32,0,0.0,0.0,3124.3,0,0.0,0.0,3124.3,0.0,,169,"Promotions,_Sep_30,_2026  FULL HISTORY For Aevah.xlsx",2026-09-30
2026-01-01T00:00:00Z,Fresh Thyme,e00cc2d4-4521-4952-d70c-08de5cdc8bfa,Fresh Thyme January 2026 Puff Singles TPR,Complete - Unsettled (Open),KEHE DISTRIBUTORS,2026-01-01,2026-01-31,2026-01-01,2026-01-31,Retailer price reduction,TPR,Puff 1CT,0.0,2.99,0.0,0.0,247.68,1.72,185.27,1.284,0,0,0.0,0.0,0.0,0,0.5,0,0.0,0,360.0,6434.43,0.15,965.16,7399.59,51.38,0,0.0,0.0,3699.78,0,0.0,0.0,3699.78,869.4,2026-02-05,949,"Promotions,_Sep_30,_2026  FULL HISTORY For Aevah.xlsx",2026-09-30
2025-03-01T00:00:00Z,HARMONS NEIGHBORHOOD GROCER,e03720ce-e09f-4024-28e5-08dd721102ed,HARMONS NEIGHBORHOOD GROCER March 2025 Bar TPR,Complete - Unsettled (Open),ON THE DOT DISTRIBUTION,2025-03-01,2025-03-30,2025-02-15,2025-02-28,Retailer price reduction,TPR,Bar 1CT,0.0,0.0,0.0,0.0,247.68,1.72,247.68,1.72,0,0,0.0,0.0,0.0,0,0.25,0,0.0,0,108.0,1812.01,0.3,543.61,2355.62,16.35,0,0.0,0.0,588.9,0,0.0,0.0,588.9,1305.13,2025-03-27,655,"Promotions,_Sep_30,_2026  FULL HISTORY For Aevah.xlsx",2026-09-30
2025-03-01T00:00:00Z,HARMONS NEIGHBORHOOD GROCER,e03720ce-e09f-4024-28e5-08dd721102ed,HARMONS NEIGHBORHOOD GROCER March 2025 Bar TPR,Complete - Unsettled (Open),Direct,2025-03-01,2025-03-30,2025-02-15,2025-02-28,Customer advertising,Ad,,0.0,0.0,0.0,0.0,0.0,0.0,0.0,0.0,0,0,0.0,0.0,0.0,0,0.0,0,0.0,0,0.0,0.0,0.0,0.0,0.0,0.0,0,0.0,0.0,0.0,0,0.0,3000.0,3000.0,321.12,2025-03-27,655,"Promotions,_Sep_30,_2026  FULL HISTORY For Aevah.xlsx",2026-09-30
2026-03-01T00:00:00Z,SCHNUCKS,e0590359-2233-4d74-7f73-08de5da29cfe,SCHNUCKS March 2026 Puff Singles TPR,Complete - Unsettled (Open),"DOT FOODS, INC",2026-03-01,2026-03-14,2026-03-01,2026-03-14,Retailer price reduction,TPR,Puff 1CT,0.9966666666666666,2.5,0.16333333333333333,0.05463333333333334,247.68,1.72,247.68,1.72,0,0,0.0,0.0,0.0,0,0.1,0,0.0,0,172.8,5020.02,0.35,1757.02,6777.04,47.05,0,0.0,0.0,677.71,0,0.0,0.0,677.71,0.0,,1307,"Promotions,_Sep_30,_2026  FULL HISTORY For Aevah.xlsx",2026-09-30
2026-04-01T00:00:00Z,Albertsons Mid-Atlantic,e10cb613-e30c-440a-a09a-08de89a46b1d,April 2026 $1 off Digital Coupon,Complete - Unsettled (Open),Direct,2026-04-01,2026-04-28,2026-04-01,2026-04-28,Coupon,Digital Coupon,,0.0,0.0,0.0,0.0,0.0,0.0,0.0,0.0,0,0,0.0,0.0,0.0,0,0.0,0,0.0,0,0.0,0.0,0.0,0.0,0.0,0.0,0,0.0,0.0,0.0,0,0.0,375.38,375.38,0.0,,1457,"Promotions,_Sep_30,_2026  FULL HISTORY For Aevah.xlsx",2026-09-30
2026-08-01T00:00:00Z,GELSONS,e132b15f-21fc-443a-d713-08de5cdc8bfa,GELSONS August 2026 Puff Singles TPR,Complete - Unsettled (Open),UNFI,2026-08-01,2026-08-31,2026-08-01,2026-08-31,Retailer price reduction,TPR,Puff 1CT,2.492857142857143,2.5,0.7071428571428572,0.20264285714285715,247.68,1.72,230.34285714285716,1.5985714285714285,0,0,0.0,0.0,0.0,0,0.25,0,0.0,0,252.0,6625.55,0.75,4969.15,11594.7,80.53,0,0.0,0.0,2898.68,0,0.0,0.0,2898.68,0.0,,956,"Promotions,_Sep_30,_2026  FULL HISTORY For Aevah.xlsx",2026-09-30
2026-08-01T00:00:00Z,GELSONS,e132b15f-21fc-443a-d713-08de5cdc8bfa,GELSONS August 2026 Puff Singles TPR,Complete - Unsettled (Open),Direct,2026-08-01,2026-08-31,2026-08-01,2026-08-31,Customer advertising,Ad,,0.0,0.0,0.0,0.0,0.0,0.0,0.0,0.0,0,0,0.0,0.0,0.0,0,0.0,0,0.0,0,0.0,0.0,0.0,0.0,0.0,0.0,0,0.0,0.0,0.0,0,0.0,450.0,450.0,0.0,,956,"Promotions,_Sep_30,_2026  FULL HISTORY For Aevah.xlsx",2026-09-30
2026-08-01T00:00:00Z,RALPHS,e1a4a940-50f2-4eb6-4057-08de5da29cfe,RALPHS August 2026 Puff Singles TPR,Complete - Unsettled (Open),KEHE DISTRIBUTORS,2026-08-01,2026-08-31,2026-08-01,2026-08-31,Retailer price reduction,TPR,Puff 1CT,2.99,2.5,0.49,0.1639,247.68,1.72,208.65,1.445,0,0,0.0,0.0,0.0,0,0.3,0,0.0,0,259.2,16058.0,0.2,3211.6,19269.6,133.82,0,0.0,0.0,5780.88,0,0.0,0.0,5780.88,0.0,,1092,"Promotions,_Sep_30,_2026  FULL HISTORY For Aevah.xlsx",2026-09-30
2026-03-04T00:00:00Z,7 ELEVEN,e21663d0-2a3c-46ca-635d-08de5da29cfe,7 ELEVEN March 2026 TPR,Complete - Unsettled (Open),"CORE-MARK INTERNATIONAL, INC.",2026-03-04,2026-04-28,2026-03-01,2026-03-30,Retailer price reduction,TPR,Puff 1CT,0.0,3.39,0.0,0.0,247.68,1.72,242.73,1.69,0,0,0.0,0.0,0.0,0,0.23,0,0.0,0,99.36,433857.4,0.5,216928.7,650786.1,4519.35,0,0.0,0.0,44904.24,0,0.0,0.0,44904.24,0.0,,1155,"Promotions,_Sep_30,_2026  FULL HISTORY For Aevah.xlsx",2026-09-30
2026-03-04T00:00:00Z,7 ELEVEN,e21663d0-2a3c-46ca-635d-08de5da29cfe,7 ELEVEN March 2026 TPR,Complete - Unsettled (Open),MCLANE GROCER,2026-03-04,2026-04-28,2026-03-01,2026-03-30,Retailer price reduction,TPR,Puff 1CT,0.0,3.39,0.0,0.0,247.68,1.72,242.13666666666663,1.68,0,0,0.0,0.0,0.0,0,0.23,0,0.0,0,99.36,433857.4,0.5,216928.7,650786.1,4519.35,0,0.0,0.0,104776.56,0,0.0,0.0,104776.56,0.0,,1155,"Promotions,_Sep_30,_2026  FULL HISTORY For Aevah.xlsx",2026-09-30
2026-03-04T00:00:00Z,7 ELEVEN,e21663d0-2a3c-46ca-635d-08de5da29cfe,7 ELEVEN March 2026 TPR,Complete - Unsettled (Open),Direct,2026-03-04,2026-04-28,2026-03-01,2026-03-30,Display,PDQ,,0.0,0.0,0.0,0.0,0.0,0.0,0.0,0.0,0,0,0.0,0.0,0.0,0,0.0,0,0.0,0,0.0,0.0,0.0,0.0,0.0,0.0,0,0.0,0.0,0.0,0,0.0,111735.0,111735.0,0.0,,1155,"Promotions,_Sep_30,_2026  FULL HISTORY For Aevah.xlsx",2026-09-30
2025-01-01T00:00:00Z,CERTCO INC.,e222e32a-f529-40cd-c9db-08dd6bd158c5,CERTCO INC. January 2025 TPR,Complete - Unsettled (Open),Direct,2025-01-01,2025-01-28,2024-12-18,2024-12-31,Retailer price reduction,TPR,Puff 1CT,0.0,0.0,0.0,0.0,20.64,0.14,247.68,1.72,0,0,0.0,0.0,0.0,0,0.25,0,0.0,0,252.0,2543.15,0.2,508.62,3051.77,21.18,0,0.0,0.0,762.95,0,0.0,0.0,762.95,0.0,,65,"Promotions,_Sep_30,_2026  FULL HISTORY For Aevah.xlsx",2026-09-30
2025-01-01T00:00:00Z,CERTCO INC.,e222e32a-f529-40cd-c9db-08dd6bd158c5,CERTCO INC. January 2025 TPR,Complete - Unsettled (Open),Direct,2025-01-01,2025-01-28,2024-12-18,2024-12-31,Retailer price reduction,TPR,Puff 4CT,0.0,0.0,0.0,0.0,39.84,6.64,39.84,6.64,0,0,0.0,0.0,0.0,0,0.0,0,0.0,0,0.0,993.59,0.5,496.8,1490.39,248.4,0,0.0,0.0,0.0,0,0.0,0.0,0.0,0.0,,65,"Promotions,_Sep_30,_2026  FULL HISTORY For Aevah.xlsx",2026-09-30
2025-01-01T00:00:00Z,CERTCO INC.,e222e32a-f529-40cd-c9db-08dd6bd158c5,CERTCO INC. January 2025 TPR,Complete - Unsettled (Open),Direct,2025-01-01,2025-01-28,2024-12-18,2024-12-31,Retailer price reduction,TPR,Bar 1CT,0.0,0.0,0.0,0.0,20.64,0.14,247.68,1.72,0,0,0.0,0.0,0.0,0,0.25,0,0.0,0,36.0,295.72,0.2,59.14,354.86,2.46,0,0.0,0.0,88.72,0,0.0,0.0,88.72,0.0,,65,"Promotions,_Sep_30,_2026  FULL HISTORY For Aevah.xlsx",2026-09-30
2026-02-01T00:00:00Z,Super1,e24ffe3c-7b9b-489b-d743-08de5cdc8bfa,Super1 February 2026 Puff Singles TPR,Complete - Unsettled (Open),UNFI,2026-02-01,2026-02-28,2026-02-01,2026-02-28,Retailer price reduction,TPR,Puff 1CT,0.0,2.99,0.0,0.0,247.68,1.72,242.73,1.69,0,0,0.0,0.0,0.0,0,0.47,0,0.0,0,338.4,6400.0,0.5,3200.0,9600.0,66.67,0,0.0,0.0,4512.0,0,0.0,0.0,4512.0,0.0,,1004,"Promotions,_Sep_30,_2026  FULL HISTORY For Aevah.xlsx",2026-09-30
2026-02-01T00:00:00Z,Super1,e24ffe3c-7b9b-489b-d743-08de5cdc8bfa,Super1 February 2026 Puff Singles TPR,Complete - Unsettled (Open),Direct,2026-02-01,2026-02-28,2026-02-01,2026-02-28,Customer advertising,Ad,,0.0,0.0,0.0,0.0,0.0,0.0,0.0,0.0,0,0,0.0,0.0,0.0,0,0.0,0,0.0,0,0.0,0.0,0.0,0.0,0.0,0.0,0,0.0,0.0,0.0,0,0.0,600.0,600.0,0.0,,1004,"Promotions,_Sep_30,_2026  FULL HISTORY For Aevah.xlsx",2026-09-30
2026-09-01T00:00:00Z,HY-VEE,e264d2b5-279f-4806-7f50-08de5da29cfe,HY-VEE September 2026 Puff Singles TPR,In progress,Direct,2026-09-01,2026-09-30,2026-09-01,2026-09-30,Retailer price reduction,TPR,Puff 1CT,1.0872727272727274,2.0,0.36,0.1204,247.68,1.72,242.48,1.68,0,0,0.0,0.0,0.0,0,0.55,0,0.0,0,871.2,42297.26,0.5,21148.63,63445.89,440.58,0,0.0,0.0,34895.24,0,0.0,0.0,34895.24,0.0,,1272,"Promotions,_Sep_30,_2026  FULL HISTORY For Aevah.xlsx",2026-09-30
2025-09-01T00:00:00Z,WINCO,e2913380-d604-4d03-ddde-08dd6bd158c5,WINCO September 2025 TPR,Complete - Unsettled (Open),Direct,2025-09-01,2025-09-30,2025-08-18,2025-08-31,Retailer price reduction,TPR,Puff 1CT,2.99,0.0,2.99,1.0,247.68,1.72,247.68,1.72,0,0,0.0,0.0,0.0,0,0.24,0,0.0,0,207.36,162385.11,0.3,48715.53,211100.64,1465.96,0,0.0,0.0,50664.16,0,0.0,0.0,50664.16,0.0,,92,"Promotions,_Sep_30,_2026  FULL HISTORY For Aevah.xlsx",2026-09-30
2025-09-01T00:00:00Z,WINCO,e2913380-d604-4d03-ddde-08dd6bd158c5,WINCO September 2025 TPR,Complete - Unsettled (Open),Direct,2025-09-01,2025-09-30,2025-08-18,2025-08-31,Retailer price reduction,TPR,Bar 1CT,2.99,0.0,2.99,1.0,247.68,1.72,247.68,0.0,0,0,0.0,0.0,0.0,0,0.24,0,0.0,0,0.0,0.0,0.3,0.0,0.0,0.0,0,0.0,0.0,0.0,0,0.0,0.0,0.0,0.0,,92,"Promotions,_Sep_30,_2026  FULL HISTORY For Aevah.xlsx",2026-09-30
2026-01-28T00:00:00Z,HARRIS TEETER,e2cee930-dcc5-49ab-4041-08de5da29cfe,HARRIS TEETER February 2026 Puff Singles TPR,Complete - Unsettled (Open),KEHE DISTRIBUTORS,2026-01-28,2026-02-24,2026-01-28,2026-02-24,Retailer price reduction,TPR,Puff 1CT,0.0,1.79,0.0,0.0,247.68,1.72,232.83,1.62,0,0,0.0,0.0,0.0,0,0.5,0,0.0,0,216.0,17121.42,0.0,0.0,17121.42,118.9,0,0.0,0.0,8560.7,0,0.0,0.0,8560.7,21792.5,2026-02-24,1070,"Promotions,_Sep_30,_2026  FULL HISTORY For Aevah.xlsx",2026-09-30
2026-01-28T00:00:00Z,HARRIS TEETER,e2cee930-dcc5-49ab-4041-08de5da29cfe,HARRIS TEETER February 2026 Puff Singles TPR,Complete - Unsettled (Open),Direct,2026-01-28,2026-02-24,2026-01-28,2026-02-24,Customer advertising,Ad,,0.0,0.0,0.0,0.0,0.0,0.0,0.0,0.0,0,0,0.0,0.0,0.0,0,0.0,0,0.0,0,0.0,0.0,0.0,0.0,0.0,0.0,0,0.0,0.0,0.0,0,0.0,3700.0,3700.0,0.0,2026-02-24,1070,"Promotions,_Sep_30,_2026  FULL HISTORY For Aevah.xlsx",2026-09-30
2026-02-01T00:00:00Z,King Soopers,e31c08f3-9710-465e-4047-08de5da29cfe,King Soopers February 2026 Puff Singles TPR,Complete - Unsettled (Open),KEHE DISTRIBUTORS,2026-02-01,2026-02-28,2026-02-01,2026-02-28,Retailer price reduction,TPR,Puff 1CT,2.2425,2.5,0.3675,0.122925,247.68,1.72,249.2775,1.3125,0,0,0.0,0.0,0.0,0,0.3,0,0.0,0,129.6,4553.32,0.3,1366.0,5919.32,41.11,0,0.0,0.0,1775.79,0,0.0,0.0,1775.79,4030.91,2026-04-14,1076,"Promotions,_Sep_30,_2026  FULL HISTORY For Aevah.xlsx",2026-09-30
2026-09-01T00:00:00Z,Albertsons Seattle,e32c09af-c1a9-4e45-b6f8-08de8bfc2efc,September 2026 $1 Digital Coupon,Complete - Unsettled (Open),Direct,2026-09-01,2026-09-28,2026-09-01,2026-09-28,Coupon,Digital Coupon,,0.0,0.0,0.0,0.0,0.0,0.0,0.0,0.0,0,0,0.0,0.0,0.0,0,0.0,0,0.0,0,0.0,0.0,0.0,0.0,0.0,0.0,0,0.0,0.0,0.0,0,0.0,323.82,323.82,0.0,,1484,"Promotions,_Sep_30,_2026  FULL HISTORY For Aevah.xlsx",2026-09-30
2026-08-01T00:00:00Z,Follett,e348aa0c-a9bd-46ad-6373-08de5da29cfe,Follett August 2026 TPR,Complete - Unsettled (Open),Vistar,2026-08-01,2026-08-14,2026-08-01,2026-08-14,Retailer price reduction,TPR,Puff 1CT,0.37375,3.39,0.0,0.0,247.68,1.72,247.68,1.72,0,0,0.0,0.0,0.0,0,0.33,0,0.0,0,380.16,9600.0,0.15,1440.0,11040.0,76.64,0,0.0,0.0,3643.2,0,0.0,0.0,3643.2,0.0,,1177,"Promotions,_Sep_30,_2026  FULL HISTORY For Aevah.xlsx",2026-09-30
2026-05-01T00:00:00Z,Yokes,e348f3f3-4f45-4def-d75c-08de5cdc8bfa,Yokes May 2026 Puff Singles TPR,Complete - Unsettled (Open),UNFI,2026-05-01,2026-05-31,2026-05-01,2026-05-31,Retailer price reduction,TPR,Puff 1CT,0.0,2.99,0.0,0.0,247.68,1.72,193.19,1.34,0,0,0.0,0.0,0.0,0,0.47,0,0.0,0,338.4,2692.58,0.5,1346.29,4038.87,28.05,0,0.0,0.0,1898.27,0,0.0,0.0,1898.27,0.0,,1029,"Promotions,_Sep_30,_2026  FULL HISTORY For Aevah.xlsx",2026-09-30
2026-05-01T00:00:00Z,Yokes,e348f3f3-4f45-4def-d75c-08de5cdc8bfa,Yokes May 2026 Puff Singles TPR,Complete - Unsettled (Open),Direct,2026-05-01,2026-05-31,2026-05-01,2026-05-31,Customer advertising,Ad,,0.0,0.0,0.0,0.0,0.0,0.0,0.0,0.0,0,0,0.0,0.0,0.0,0,0.0,0,0.0,0,0.0,0.0,0.0,0.0,0.0,0.0,0,0.0,0.0,0.0,0,0.0,100.0,100.0,0.0,,1029,"Promotions,_Sep_30,_2026  FULL HISTORY For Aevah.xlsx",2026-09-30
2025-09-01T00:00:00Z,TERRIBLES,e36ae84c-ea9f-448d-e353-08dd6bd158c7,TERRIBLES September 2025 TPR,Complete - Unsettled (Open),"CORE-MARK INTERNATIONAL, INC.",2025-09-01,2025-09-30,2025-08-18,2025-08-31,Retailer price reduction,TPR,Puff 1CT,0.0,0.0,0.0,0.0,247.68,1.72,247.27,1.72,0,0,0.0,0.0,0.0,0,0.0,0,0.0,0,0.0,5055.36,0.5,2527.68,7583.04,52.65,0,0.0,0.0,0.0,0,0.0,0.0,0.0,0.0,,177,"Promotions,_Sep_30,_2026  FULL HISTORY For Aevah.xlsx",2026-09-30
2025-05-01T00:00:00Z,CEFCO,e445d692-a4e9-4210-00f8-08dd6bd158cc,Cefco May 2025 TPR,Complete - Unsettled (Open),"GROCERY SUPPLY COMPANY, INC",2025-05-01,2025-05-30,2025-04-17,2025-04-30,Retailer price reduction,TPR,Puff 1CT,0.0,0.0,0.0,0.0,247.68,1.72,247.68,1.72,0,0,0.0,0.0,0.0,0,0.25,0,0.0,0,108.0,5439.72,0.15,815.97,6255.69,43.44,0,0.0,0.0,1563.93,0,0.0,0.0,1563.93,0.0,,510,"Promotions,_Sep_30,_2026  FULL HISTORY For Aevah.xlsx",2026-09-30
2025-05-18T00:00:00Z,MEIJER,e4b3a0b2-f4d7-4299-ed38-08dd6bd158cb,MEIJER May 2025 TPR,Complete - Unsettled (Open),Direct,2025-05-18,2025-05-31,2025-05-18,2025-05-31,Retailer price reduction,TPR,Puff 4CT,0.0,0.0,0.0,0.0,39.84,6.64,39.04,6.51,0,0,0.0,0.0,0.0,0,1.0,0,0.0,0,18.0,7841.36,0.1,784.14,8625.5,1437.58,0,0.0,0.0,8625.5,0,0.0,0.0,8625.5,13457.65,2025-07-28,466,"Promotions,_Sep_30,_2026  FULL HISTORY For Aevah.xlsx",2026-09-30
2026-04-29T00:00:00Z,Albertsons Portland,e4c1a4b1-0322-4998-a15c-08de89a46b1d,May 2026 $9.99 TPR + Digital + Sour Shippers,Complete - Unsettled (Open),Direct,2026-04-29,2026-05-26,2026-04-29,2026-05-26,Retailer price reduction,TPR,Puff Shipper,10.99,8.99,2.0,0.182,199.2,6.64,199.2,0.0,0,0,19.2,0.64,0.0,0,2.0,0,0.0,0,57.6,0.0,0.5,0.0,0.0,0.0,0,0.0,0.0,0.0,0,0.0,0.0,0.0,2016.0,2026-05-28,1469,"Promotions,_Sep_30,_2026  FULL HISTORY For Aevah.xlsx",2026-09-30
2026-04-29T00:00:00Z,Albertsons Portland,e4c1a4b1-0322-4998-a15c-08de89a46b1d,May 2026 $9.99 TPR + Digital + Sour Shippers,Complete - Unsettled (Open),Direct,2026-04-29,2026-05-26,2026-04-29,2026-05-26,Retailer price reduction,TPR,Puff 4CT,10.99,8.99,2.0,0.182,39.84,6.64,39.84,6.64,0,0,0.0,0.0,0.0,0,1.0,0,0.0,0,36.0,4322.4,0.5,2161.2,6483.6,1080.6,0,0.0,0.0,6483.6,0,0.0,0.0,6483.6,8890.0,2026-05-28,1469,"Promotions,_Sep_30,_2026  FULL HISTORY For Aevah.xlsx",2026-09-30
2026-05-01T00:00:00Z,UNFI,e4d0aa6d-400f-4253-7efd-08de5e781b74,UNFI May 2026 20% OI,Complete - Unsettled (Open),Direct,2026-05-01,2026-05-31,2026-05-01,2026-05-31,Distributor price reduction,,Puff 1CT,0.0,0.0,0.0,0.0,0.0,0.0,235.8,0.0,0,0,0.0,0.0,0.0,0,0.0,0,0.0,0,0.0,0.0,0.0,0.0,0.0,0.0,0,0.0,118953.95,0.0,0,0.0,0.0,118953.95,4850.7,2026-06-06,1361,"Promotions,_Sep_30,_2026  FULL HISTORY For Aevah.xlsx",2026-09-30
2026-05-01T00:00:00Z,UNFI,e4d0aa6d-400f-4253-7efd-08de5e781b74,UNFI May 2026 20% OI,Complete - Unsettled (Open),Direct,2026-05-01,2026-05-31,2026-05-01,2026-05-31,Distributor price reduction,,Puff 12CT,0.0,0.0,0.0,0.0,0.0,0.0,101.6176,0.0,0,0,0.0,0.0,0.0,0,0.0,0,0.0,0,0.0,0.0,0.0,0.0,0.0,0.0,0,0.0,20577.99,0.0,0,0.0,0.0,20577.99,55.49,2026-06-06,1361,"Promotions,_Sep_30,_2026  FULL HISTORY For Aevah.xlsx",2026-09-30
2026-09-01T00:00:00Z,EXTRA MILE,e540bad4-3194-45e4-7f3d-08de5da29cfe,EXTRA MILE September 2026 Puff Singles TPR,In progress,MCLANE GROCER,2026-09-01,2026-09-30,2026-09-01,2026-09-30,Retailer price reduction,TPR,Puff 1CT,0.0,3.69,0.0,0.0,247.68,1.72,242.31666666666666,1.6833333333333333,0,0,0.0,0.0,0.0,0,0.67,0,0.0,0,289.44,18824.92,0.3,5647.48,24472.4,169.95,0,0.0,0.0,16396.5,0,0.0,0.0,16396.5,0.0,,1253,"Promotions,_Sep_30,_2026  FULL HISTORY For Aevah.xlsx",2026-09-30
2026-09-01T00:00:00Z,EXTRA MILE,e540bad4-3194-45e4-7f3d-08de5da29cfe,EXTRA MILE September 2026 Puff Singles TPR,In progress,Direct,2026-09-01,2026-09-30,2026-09-01,2026-09-30,Customer advertising,Ad,,0.0,0.0,0.0,0.0,0.0,0.0,0.0,0.0,0,0,0.0,0.0,0.0,0,0.0,0,0.0,0,0.0,0.0,0.0,0.0,0.0,0.0,0,0.0,0.0,0.0,0,0.0,1000.0,1000.0,0.0,,1253,"Promotions,_Sep_30,_2026  FULL HISTORY For Aevah.xlsx",2026-09-30
2025-11-01T00:00:00Z,WINCO,e5c03e4d-586b-4f45-dfa0-08dd6bd158c5,WINCO November 2025 TPR,Complete - Unsettled (Open),Direct,2025-11-01,2025-11-30,2025-10-18,2025-10-31,Retailer price reduction,TPR,Puff 1CT,2.99,0.0,2.99,1.0,247.68,1.72,247.68,1.72,0,0,0.0,0.0,0.0,0,0.13,0,0.0,0,112.32,131542.71,0.5,65771.34,197314.05,1370.23,0,0.0,0.0,25650.83,0,0.0,0.0,25650.83,0.0,2025-11-19,94,"Promotions,_Sep_30,_2026  FULL HISTORY For Aevah.xlsx",2026-09-30
2025-11-01T00:00:00Z,WINCO,e5c03e4d-586b-4f45-dfa0-08dd6bd158c5,WINCO November 2025 TPR,Complete - Unsettled (Open),Direct,2025-11-01,2025-11-30,2025-10-18,2025-10-31,Retailer price reduction,TPR,Bar 1CT,2.99,0.0,2.99,1.0,247.68,1.72,247.68,0.0,0,0,0.0,0.0,0.0,0,0.13,0,0.0,0,0.0,0.0,0.5,0.0,0.0,0.0,0,0.0,0.0,0.0,0,0.0,0.0,0.0,150.71,2025-11-19,94,"Promotions,_Sep_30,_2026  FULL HISTORY For Aevah.xlsx",2026-09-30
2026-10-01T00:00:00Z,King Soopers,e5f929e1-e89e-4dcd-404a-08de5da29cfe,King Soopers October 2026 Puff 4-Pack TPR,Planned,KEHE DISTRIBUTORS,2026-10-01,2026-10-31,2026-10-01,2026-10-31,Retailer price reduction,TPR,Club Packs,0.0,9.99,0.0,0.0,9607.5,18.3,9250.71,0.0,0,0,0.0,0.0,0.0,0,0.8,0,0.0,0,0.0,0.0,0.2,0.0,0.0,0.0,0,0.0,0.0,0.0,0,0.0,0.0,0.0,0.0,,1079,"Promotions,_Sep_30,_2026  FULL HISTORY For Aevah.xlsx",2026-09-30
2026-10-01T00:00:00Z,King Soopers,e5f929e1-e89e-4dcd-404a-08de5da29cfe,King Soopers October 2026 Puff 4-Pack TPR,Planned,KEHE DISTRIBUTORS,2026-10-01,2026-10-31,2026-10-01,2026-10-31,Retailer price reduction,TPR,Puff 4CT,3.9564,9.99,0.36,0.03276,36.2,6.6212,36.6196,2.3188,0,0,0.0,0.0,0.0,0,0.8,0,0.0,0,43.2,4827.13,0.2,965.43,5792.56,965.43,0,0.0,0.0,4634.06,0,0.0,0.0,4634.06,0.0,,1079,"Promotions,_Sep_30,_2026  FULL HISTORY For Aevah.xlsx",2026-09-30
2026-10-01T00:00:00Z,King Soopers,e5f929e1-e89e-4dcd-404a-08de5da29cfe,King Soopers October 2026 Puff 4-Pack TPR,Planned,KEHE DISTRIBUTORS,2026-10-01,2026-10-31,2026-10-01,2026-10-31,Retailer price reduction,TPR,Puff Shipper,0.0,9.99,0.0,0.0,79.66000000000001,79.66,78.07,0.0,0,0,0.0,0.0,0.0,0,0.8,0,0.0,0,0.0,0.0,0.2,0.0,0.0,0.0,0,0.0,0.0,0.0,0,0.0,0.0,0.0,0.0,,1079,"Promotions,_Sep_30,_2026  FULL HISTORY For Aevah.xlsx",2026-09-30
2026-08-01T00:00:00Z,Yokes,e5fce58c-bf32-4433-d75d-08de5cdc8bfa,Yokes August 2026 Puff Singles TPR,Complete - Unsettled (Open),UNFI,2026-08-01,2026-08-31,2026-08-01,2026-08-31,Retailer price reduction,TPR,Puff 1CT,0.0,2.99,0.0,0.0,247.68,1.72,193.19,1.34,0,0,0.0,0.0,0.0,0,0.47,0,0.0,0,338.4,2692.58,0.5,1346.29,4038.87,28.05,0,0.0,0.0,1898.27,0,0.0,0.0,1898.27,97.5,2026-09-03,1030,"Promotions,_Sep_30,_2026  FULL HISTORY For Aevah.xlsx",2026-09-30
2026-08-01T00:00:00Z,Yokes,e5fce58c-bf32-4433-d75d-08de5cdc8bfa,Yokes August 2026 Puff Singles TPR,Complete - Unsettled (Open),Direct,2026-08-01,2026-08-31,2026-08-01,2026-08-31,Customer advertising,Ad,,0.0,0.0,0.0,0.0,0.0,0.0,0.0,0.0,0,0,0.0,0.0,0.0,0,0.0,0,0.0,0,0.0,0.0,0.0,0.0,0.0,0.0,0,0.0,0.0,0.0,0,0.0,600.0,600.0,650.0,2026-09-03,1030,"Promotions,_Sep_30,_2026  FULL HISTORY For Aevah.xlsx",2026-09-30
2026-08-01T00:00:00Z,Albertsons NorCal,e6080668-86dd-4b9c-a0d5-08de89a46b1d,August 2026 $1 off Digital Coupon,Complete - Unsettled (Open),Direct,2026-08-01,2026-08-28,2026-08-01,2026-08-28,Retailer price reduction,TPR,Puff 4CT,10.99,8.99,2.0,0.182,39.84,6.64,39.84,6.64,0,0,0.0,0.0,0.0,0,2.0,0,0.0,0,48.0,6874.0,0.7,4811.8,11685.8,1947.63,0,0.0,0.0,23371.6,0,0.0,0.0,23371.6,19286.75,2026-08-27,1461,"Promotions,_Sep_30,_2026  FULL HISTORY For Aevah.xlsx",2026-09-30
2026-09-01T00:00:00Z,EG America,e68c1cfe-fd90-4b8e-636e-08de5da29cfe,EG America October 2026 TPR,In progress,MCLANE GROCER,2026-09-01,2026-10-30,2026-09-01,2026-10-30,Retailer price reduction,TPR,Puff 1CT,0.0,3.29,0.0,0.0,247.68,1.72,242.31666666666666,1.6833333333333333,0,0,0.0,0.0,0.0,0,0.25,0,0.0,0,108.0,76341.45,0.15,11451.21,87792.66,609.66,0,0.0,0.0,6584.46,0,0.0,0.0,6584.46,0.0,,1172,"Promotions,_Sep_30,_2026  FULL HISTORY For Aevah.xlsx",2026-09-30
2026-09-01T00:00:00Z,EG America,e68c1cfe-fd90-4b8e-636e-08de5da29cfe,EG America October 2026 TPR,In progress,"DOT FOODS, INC",2026-09-01,2026-10-30,2026-09-01,2026-10-30,Retailer price reduction,TPR,Puff 1CT,0.0,3.29,0.0,0.0,247.68,1.72,247.68,1.72,0,0,0.0,0.0,0.0,0,0.25,0,0.0,0,108.0,76341.45,0.15,11451.21,87792.66,609.66,0,0.0,0.0,15363.72,0,0.0,0.0,15363.72,0.0,,1172,"Promotions,_Sep_30,_2026  FULL HISTORY For Aevah.xlsx",2026-09-30
2026-09-01T00:00:00Z,EG America,e68c1cfe-fd90-4b8e-636e-08de5da29cfe,EG America October 2026 TPR,In progress,Direct,2026-09-01,2026-10-30,2026-09-01,2026-10-30,Customer advertising,Ad,,0.0,0.0,0.0,0.0,0.0,0.0,0.0,0.0,0,0,0.0,0.0,0.0,0,0.0,0,0.0,0,0.0,0.0,0.0,0.0,0.0,0.0,0,0.0,0.0,0.0,0,0.0,15600.0,15600.0,0.0,,1172,"Promotions,_Sep_30,_2026  FULL HISTORY For Aevah.xlsx",2026-09-30
2026-05-01T00:00:00Z,GETGO,e69c1790-f09b-4768-6376-08de5da29cfe,GETGO June 2026 TPR,Complete - Unsettled (Open),MCLANE GROCER,2026-05-01,2026-06-30,2026-05-01,2026-06-30,Retailer price reduction,TPR,Puff 1CT,0.0,3.0,0.0,0.0,247.68,1.72,242.482,1.686,0,0,0.0,0.0,0.0,0,0.35,0,0.0,0,252.0,10684.67,0.15,1602.7,12287.37,85.33,0,0.0,0.0,4300.58,0,0.0,0.0,4300.58,0.0,,1180,"Promotions,_Sep_30,_2026  FULL HISTORY For Aevah.xlsx",2026-09-30
2026-02-01T00:00:00Z,THE GIANT COMPANY,e781a137-6e21-4f86-4071-08de5da29cfe,THE GIANT COMPANY February 2026 Puff 4-Pack TPR,Complete - Unsettled (Open),UNFI,2026-02-01,2026-02-28,2026-02-01,2026-02-28,Retailer price reduction,TPR,Puff 4CT,9.99,8.99,1.0,0.1001,39.84,6.64,39.04,6.51,0,0,0.0,0.0,0.0,0,0.6,0,0.0,0,14.4,4447.97,0.3,1334.39,5782.36,963.72,0,0.0,0.0,3469.43,0,0.0,0.0,3469.43,0.0,,1118,"Promotions,_Sep_30,_2026  FULL HISTORY For Aevah.xlsx",2026-09-30
2025-09-01T00:00:00Z,SMITHS,e861f5f2-7f82-491e-e8d3-08dd6bd158c8,SMITHS September 2025 TPR,Complete - Unsettled (Open),UNFI,2025-09-01,2025-09-14,2025-08-18,2025-08-31,Retailer price reduction,TPR,Puff 1CT,2.5628571428571427,0.0,2.5628571428571427,0.8571428571428572,176.9142857142857,1.2285714285714286,246.96,1.4757142857142858,0,0,0.0,0.0,0.0,0,0.6,0,0.0,0,518.4,11282.74,0.6,6769.64,18052.38,125.37,0,0.0,0.0,10831.43,0,0.0,0.0,10831.43,0.0,2025-11-17,289,"Promotions,_Sep_30,_2026  FULL HISTORY For Aevah.xlsx",2026-09-30
2025-09-01T00:00:00Z,SMITHS,e861f5f2-7f82-491e-e8d3-08dd6bd158c8,SMITHS September 2025 TPR,Complete - Unsettled (Open),UNFI,2025-09-01,2025-09-14,2025-08-18,2025-08-31,Retailer price reduction,TPR,Bar 1CT,2.99,0.0,2.99,1.0,247.68,1.72,263.7,0.0,0,0,0.0,0.0,0.0,0,0.6,0,0.0,0,0.0,0.0,0.6,0.0,0.0,0.0,0,0.0,0.0,0.0,0,0.0,0.0,0.0,3.0,2025-11-17,289,"Promotions,_Sep_30,_2026  FULL HISTORY For Aevah.xlsx",2026-09-30
2025-09-01T00:00:00Z,SMITHS,e861f5f2-7f82-491e-e8d3-08dd6bd158c8,SMITHS September 2025 TPR,Complete - Unsettled (Open),UNFI,2025-09-01,2025-09-14,2025-08-18,2025-08-31,Retailer price reduction,TPR,Puff 4CT,10.99,0.0,10.99,1.0,39.84,6.64,33.06,5.51,0,0,0.0,0.0,0.0,0,1.0,0,0.0,0,36.0,2924.98,0.35,1023.74,3948.72,658.11,0,0.0,0.0,3948.72,0,0.0,0.0,3948.72,0.0,2025-11-17,289,"Promotions,_Sep_30,_2026  FULL HISTORY For Aevah.xlsx",2026-09-30
2025-10-01T00:00:00Z,HARRIS TEETER,e89d1503-5494-4c5b-ed8e-08dd6bd158c9,HARRIS TEETER October 2025 TPR,Complete - Unsettled (Open),KEHE DISTRIBUTORS,2025-10-01,2025-10-28,2025-09-17,2025-09-30,Retailer price reduction,TPR,Puff 1CT,0.0,0.0,0.0,0.0,247.68,1.72,246.45,1.71,0,0,0.0,0.0,0.0,0,0.45,0,0.0,0,194.4,13072.28,0.4,5228.91,18301.19,127.09,0,0.0,0.0,8235.53,0,0.0,0.0,8235.53,6013.23,2025-10-28,330,"Promotions,_Sep_30,_2026  FULL HISTORY For Aevah.xlsx",2026-09-30
2025-08-01T00:00:00Z,TOWN PUMP,e8f86f13-cf27-49ca-fb91-08dd6bd158ca,TOWN PUMP August 2025 TPR,Complete - Unsettled (Open),MCLANE GROCER,2025-08-01,2025-08-27,2025-07-18,2025-07-31,Retailer price reduction,TPR,Puff 1CT,0.0,0.0,0.0,0.0,247.68,1.72,247.22,1.72,0,0,0.0,0.0,0.0,0,0.2,0,0.0,0,57.6,3758.4,0.2,751.68,4510.08,31.32,0,0.0,0.0,902.02,0,0.0,0.0,902.02,0.0,,437,"Promotions,_Sep_30,_2026  FULL HISTORY For Aevah.xlsx",2026-09-30
2025-08-01T00:00:00Z,"CORE-MARK INTERNATIONAL, INC.",e9895777-8f6a-4db5-67c3-08dedd29a8f9,Core-Mark Expo Promo August 2025,Complete - Unsettled (Open),Direct,2025-08-01,2025-08-31,2025-08-01,2025-08-31,Distributor price reduction,,Puff 1CT,0.0,0.0,0.0,0.0,0.0,0.0,247.12,0.0,0,0,0.0,0.0,0.0,0,0.0,0,0.0,0,0.0,0.0,0.0,0.0,0.0,0.0,0,0.0,52317.95,0.0,0,0.0,0.0,52317.95,0.0,,1579,"Promotions,_Sep_30,_2026  FULL HISTORY For Aevah.xlsx",2026-09-30
2026-07-01T00:00:00Z,Giant Foods,e99a72b3-bc3a-47fd-403e-08de5da29cfe,Giant Foods July 2026 Puff Singles TPR,Complete - Unsettled (Open),Direct,2026-07-01,2026-07-31,2026-07-01,2026-07-31,Retailer price reduction,TPR,Puff 1CT,2.99,2.0,0.99,0.3311,247.68,1.72,247.68,1.72,0,0,0.0,0.0,0.0,0,0.55,0,0.0,0,237.6,5812.5,0.35,2034.37,7846.87,54.49,0,0.0,0.0,4315.78,0,0.0,0.0,4315.78,0.0,,1067,"Promotions,_Sep_30,_2026  FULL HISTORY For Aevah.xlsx",2026-09-30
2026-07-01T00:00:00Z,UNITED PACIFIC,ead31595-41cd-446b-7f89-08de5da29cfe,UNITED PACIFIC July 2026 Puff Singles TPR,Complete - Unsettled (Open),"CORE-MARK INTERNATIONAL, INC.",2026-07-01,2026-07-31,2026-07-01,2026-07-31,Retailer price reduction,TPR,Puff 1CT,0.0,3.0,0.0,0.0,247.68,1.72,242.73,1.69,0,0,0.0,0.0,0.0,0,0.5,0,0.0,0,288.0,11186.42,0.2,2237.28,13423.7,93.22,0,0.0,0.0,6711.86,0,0.0,0.0,6711.86,0.0,,1329,"Promotions,_Sep_30,_2026  FULL HISTORY For Aevah.xlsx",2026-09-30
2026-07-01T00:00:00Z,UNITED PACIFIC,ead31595-41cd-446b-7f89-08de5da29cfe,UNITED PACIFIC July 2026 Puff Singles TPR,Complete - Unsettled (Open),Direct,2026-07-01,2026-07-31,2026-07-01,2026-07-31,Customer advertising,Ad,,0.0,0.0,0.0,0.0,0.0,0.0,0.0,0.0,0,0,0.0,0.0,0.0,0,0.0,0,0.0,0,0.0,0.0,0.0,0.0,0.0,0.0,0,0.0,0.0,0.0,0,0.0,500.0,500.0,0.0,,1329,"Promotions,_Sep_30,_2026  FULL HISTORY For Aevah.xlsx",2026-09-30
2027-01-01T00:00:00Z,GELSONS,eb32f583-c034-496f-ecb8-08dd6bd158c4,GELSONS January 2027 TPR,Planned,UNFI,2027-01-01,2027-01-30,2026-12-18,2026-12-31,Retailer price reduction,TPR,Puff 1CT,3.49,0.0,3.49,1.0,247.68,1.72,267.9083333333333,1.8566666666666667,0,0,0.0,0.0,0.0,0,0.25,0,0.0,0,216.0,611.56,0.5,305.78,917.34,6.37,0,0.0,0.0,229.32,0,0.0,0.0,229.32,0.0,,24,"Promotions,_Sep_30,_2026  FULL HISTORY For Aevah.xlsx",2026-09-30
2026-05-01T00:00:00Z,CVS,eba32610-bc3a-40ae-402b-08de5da29cfe,CVS May 2026 Puff Singles TPR,Complete - Unsettled (Open),"DOT FOODS, INC",2026-05-01,2026-05-14,2026-05-01,2026-05-14,Retailer price reduction,TPR,Puff 1CT,0.0,2.5,0.0,0.0,247.68,1.72,247.68,1.72,0,0,0.0,0.0,0.0,0,0.4,0,0.0,0,115.2,18656.66,0.2,3731.33,22387.99,155.47,0,0.0,0.0,8955.2,0,0.0,0.0,8955.2,2235.8,2026-05-13,1048,"Promotions,_Sep_30,_2026  FULL HISTORY For Aevah.xlsx",2026-09-30
2025-02-01T00:00:00Z,SPARTAN NASH,ebb3e8d2-ad22-4a93-d5c2-08dd6bd158c8,SPARTAN NASH February 2025 TPR,Complete - Unsettled (Open),Direct,2025-02-01,2025-02-28,2025-01-18,2025-01-31,Retailer price reduction,TPR,Puff 1CT,0.0,0.0,0.0,0.0,247.68,1.72,247.68,1.72,0,0,0.0,0.0,0.0,0,0.25,0,0.0,0,144.0,7733.92,0.2,1546.79,9280.71,64.46,0,0.0,0.0,2320.17,0,0.0,0.0,2320.17,53.09,2025-02-24,252,"Promotions,_Sep_30,_2026  FULL HISTORY For Aevah.xlsx",2026-09-30
2025-11-01T00:00:00Z,MEIJER EXPRESS,ec1aabc3-813e-4bba-f431-08dd6bd158cb,Meijer Express November 2025 TPR,Complete - Unsettled (Open),"DOT FOODS, INC",2025-11-01,2025-11-30,2025-10-18,2025-10-31,Retailer price reduction,TPR,Puff 1CT,0.0,0.0,0.0,0.0,247.68,1.72,247.68,1.72,0,0,0.0,0.0,0.0,0,0.25,0,0.0,0,108.0,6685.71,0.15,1002.87,7688.58,53.4,0,0.0,0.0,1922.16,0,0.0,0.0,1922.16,3326.5,2026-01-24,487,"Promotions,_Sep_30,_2026  FULL HISTORY For Aevah.xlsx",2026-09-30
2026-05-01T00:00:00Z,Lowes Foods,ec5f3c03-5f7e-4bc1-84c0-08de4f7c9ec1,Lowes Foods May 2026 TPR + Ad,Complete - Unsettled (Open),"DOT FOODS, INC",2026-05-01,2026-05-15,2026-05-01,2026-05-15,Retailer price reduction,TPR,Puff 1CT,2.99,2.5,0.49,0.1639,247.68,1.72,247.68,1.72,0,0,0.0,0.0,0.0,0,0.25,0,0.0,0,144.0,2811.85,0.5,1405.92,4217.77,29.29,0,0.0,0.0,1054.45,0,0.0,0.0,1054.45,0.0,,905,"Promotions,_Sep_30,_2026  FULL HISTORY For Aevah.xlsx",2026-09-30
2026-05-01T00:00:00Z,Lowes Foods,ec5f3c03-5f7e-4bc1-84c0-08de4f7c9ec1,Lowes Foods May 2026 TPR + Ad,Complete - Unsettled (Open),Direct,2026-05-01,2026-05-15,2026-05-01,2026-05-15,Customer advertising,Family AD,,0.0,0.0,0.0,0.0,0.0,0.0,0.0,0.0,0,0,0.0,0.0,0.0,0,0.0,0,0.0,0,0.0,0.0,0.0,0.0,0.0,0.0,0,0.0,0.0,0.0,0,0.0,1000.0,1000.0,0.0,,905,"Promotions,_Sep_30,_2026  FULL HISTORY For Aevah.xlsx",2026-09-30
2027-01-31T00:00:00Z,CROSS AMERICA PARTNERS,ec8b7665-e609-46f9-e806-08dd6bd158c7,CROSS AMERICA PARTNERS March 2027 TPR,Planned,"CORE-MARK INTERNATIONAL, INC.",2027-01-31,2027-03-02,2027-01-17,2027-01-30,Retailer price reduction,TPR,Puff 1CT,0.0,0.0,0.0,0.0,247.68,1.72,247.68,1.72,0,0,0.0,0.0,0.0,0,0.0,0,0.0,0,0.0,0.0,0.5,0.0,0.0,0.0,0,0.0,0.0,0.0,0,0.0,0.0,0.0,0.0,,204,"Promotions,_Sep_30,_2026  FULL HISTORY For Aevah.xlsx",2026-09-30
2027-01-01T00:00:00Z,SMART & FINAL,ee549e5a-f75c-4b0e-f1c4-08dd6bd158c7,SMART & FINAL January 2027 TPR,Planned,Direct,2027-01-01,2027-01-31,2026-12-18,2026-12-31,Retailer price reduction,TPR,Puff 1CT,0.0,0.0,0.0,0.0,247.68,1.72,247.68,1.72,0,0,0.0,0.0,0.0,0,0.35,0,0.0,0,100.8,1219.64,0.4,487.86,1707.5,11.86,0,0.0,0.0,597.62,0,0.0,0.0,597.62,0.0,,234,"Promotions,_Sep_30,_2026  FULL HISTORY For Aevah.xlsx",2026-09-30
2026-11-01T00:00:00Z,SCHNUCKS,eead61c5-d181-426e-7f7f-08de5da29cfe,SCHNUCKS November 2026 Puff 4-Pack TPR,Planned,"DOT FOODS, INC",2026-11-01,2026-11-14,2026-11-01,2026-11-14,Retailer price reduction,TPR,Puff 4CT,0.0,8.99,0.0,0.0,39.84,6.64,39.84,6.64,0,0,0.0,0.0,0.0,0,0.4,0,0.0,0,12.0,1784.58,0.35,624.61,2409.19,401.54,0,0.0,0.0,963.68,0,0.0,0.0,963.68,0.0,,1319,"Promotions,_Sep_30,_2026  FULL HISTORY For Aevah.xlsx",2026-09-30
2026-09-01T00:00:00Z,Albertsons Denver,eed1c40c-8519-4836-0d2a-08de84ec3490,September 2026 $1 Digital 4ct,Complete - Unsettled (Open),Direct,2026-09-01,2026-09-28,2026-09-01,2026-09-28,Coupon,Digital Coupon,,0.0,0.0,0.0,0.0,0.0,0.0,0.0,0.0,0,0,0.0,0.0,0.0,0,0.0,0,0.0,0,0.0,0.0,0.0,0.0,0.0,0.0,0,0.0,0.0,0.0,0,0.0,129.1,129.1,0.0,,1438,"Promotions,_Sep_30,_2026  FULL HISTORY For Aevah.xlsx",2026-09-30
2026-05-01T00:00:00Z,SAVE MART,ef2cc59f-d20a-4b0b-d735-08de5cdc8bfa,SAVE MART May 2026 Puff 4-Pack TPR,Complete - Unsettled (Open),KEHE DISTRIBUTORS,2026-05-01,2026-05-31,2026-05-01,2026-05-31,Retailer price reduction,TPR,Puff 4CT,0.0,9.49,0.0,0.0,39.84,6.64,37.973333333333336,6.33,0,0,0.0,0.0,0.0,0,1.0,0,0.0,0,18.0,1926.42,0.2,385.29,2311.71,385.29,0,0.0,0.0,2311.71,0,0.0,0.0,2311.71,0.0,,990,"Promotions,_Sep_30,_2026  FULL HISTORY For Aevah.xlsx",2026-09-30
2026-04-10T00:00:00Z,FESTIVAL FOODS,ef53cb50-a732-48b4-7f40-08de5da29cfe,FESTIVAL FOODS May 2026 Puff Singles TPR,Complete - Unsettled (Open),UNFI,2026-04-10,2026-05-01,2026-04-10,2026-05-01,Retailer price reduction,TPR,Puff 1CT,0.0,2.0,0.0,0.0,247.68,1.72,217.96,1.515,0,0,0.0,0.0,0.0,0,0.3,0,0.0,0,172.8,1782.0,0.5,891.0,2673.0,18.56,0,0.0,0.0,801.92,0,0.0,0.0,801.92,0.0,,1256,"Promotions,_Sep_30,_2026  FULL HISTORY For Aevah.xlsx",2026-09-30
2026-04-10T00:00:00Z,FESTIVAL FOODS,ef53cb50-a732-48b4-7f40-08de5da29cfe,FESTIVAL FOODS May 2026 Puff Singles TPR,Complete - Unsettled (Open),Direct,2026-04-10,2026-05-01,2026-04-10,2026-05-01,Customer advertising,Ad,,0.0,0.0,0.0,0.0,0.0,0.0,0.0,0.0,0,0,0.0,0.0,0.0,0,0.0,0,0.0,0,0.0,0.0,0.0,0.0,0.0,0.0,0,0.0,0.0,0.0,0,0.0,700.0,700.0,0.0,,1256,"Promotions,_Sep_30,_2026  FULL HISTORY For Aevah.xlsx",2026-09-30
2026-07-01T00:00:00Z,"ASSOCIATED FOOD STORES, INC.",ef5efafa-a7f3-488b-d701-08de5cdc8bfa,"ASSOCIATED FOOD STORES, INC. July 2026 Puff Singles TPR",Complete - Unsettled (Open),Direct,2026-07-01,2026-07-31,2026-07-01,2026-07-31,Retailer price reduction,TPR,Puff 1CT,2.4463636363636363,2.5,0.40090909090909094,0.1341,247.68,1.72,247.68,1.72,0,0,0.0,0.0,0.0,0,0.3,0,0.0,0,475.2,25036.11,0.3,7510.83,32546.94,226.01,0,0.0,0.0,9764.08,0,0.0,0.0,9764.08,15006.84,2026-07-28,938,"Promotions,_Sep_30,_2026  FULL HISTORY For Aevah.xlsx",2026-09-30
2026-07-01T00:00:00Z,"ASSOCIATED FOOD STORES, INC.",ef5efafa-a7f3-488b-d701-08de5cdc8bfa,"ASSOCIATED FOOD STORES, INC. July 2026 Puff Singles TPR",Complete - Unsettled (Open),Direct,2026-07-01,2026-07-31,2026-07-01,2026-07-31,Customer advertising,Ad,,0.0,0.0,0.0,0.0,0.0,0.0,0.0,0.0,0,0,0.0,0.0,0.0,0,0.0,0,0.0,0,0.0,0.0,0.0,0.0,0.0,0.0,0,0.0,0.0,0.0,0,0.0,750.0,750.0,7803.0,2026-07-28,938,"Promotions,_Sep_30,_2026  FULL HISTORY For Aevah.xlsx",2026-09-30
2026-04-01T00:00:00Z,Albertsons SoCal,ef5f78a5-2140-474f-efce-08de8bfc2efc,April 2026 $1 Digital Coupon,Complete - Unsettled (Open),Direct,2026-04-01,2026-04-28,2026-04-01,2026-04-28,Coupon,Digital Coupon,,0.0,0.0,0.0,0.0,0.0,0.0,0.0,0.0,0,0,0.0,0.0,0.0,0,0.0,0,0.0,0,0.0,0.0,0.0,0.0,0.0,0.0,0,0.0,0.0,0.0,0,0.0,375.76,375.76,0.0,,1496,"Promotions,_Sep_30,_2026  FULL HISTORY For Aevah.xlsx",2026-09-30
2026-01-01T00:00:00Z,Albertsons Corporate,ef69479e-62a8-439b-6297-08de5f343061,Evergreen Shippers 2026 January,Complete - Unsettled (Open),Direct,2026-01-01,2026-01-31,2026-01-01,2026-01-31,Retailer price reduction,Scan,Puff Shipper,2.99,2.99,0.0,0.0,199.2,6.64,199.2,0.0,0,0,19.2,0.64,0.0,0,0.66,0,0.0,0,117.0,4732.74,36.97503333333333,55357.34,60090.08,0.0,0,0.0,0.0,39659.45,0,0.0,30000.0,69659.45,0.0,,1367,"Promotions,_Sep_30,_2026  FULL HISTORY For Aevah.xlsx",2026-09-30
2025-02-01T00:00:00Z,CROSS AMERICA PARTNERS,ef7f9bbd-8d65-42f9-e4b3-08dd6bd158c7,CROSS AMERICA PARTNERS February 2025 TPR,Complete - Unsettled (Open),"CORE-MARK INTERNATIONAL, INC.",2025-02-01,2025-02-28,2025-01-18,2025-01-31,Retailer price reduction,TPR,Puff 1CT,0.0,0.0,0.0,0.0,247.68,1.72,247.27,1.72,0,0,0.0,0.0,0.0,0,0.25,0,0.0,0,108.0,5000.0,0.15,750.0,5750.0,39.93,0,0.0,0.0,1437.5,0,0.0,0.0,1437.5,0.0,,193,"Promotions,_Sep_30,_2026  FULL HISTORY For Aevah.xlsx",2026-09-30
2026-07-01T00:00:00Z,Albertsons Portland,efd8e5c6-7760-4613-a15d-08de89a46b1d,July 2026 $9.99 TPR + Ice Cream Shippers,Complete - Unsettled (Open),Direct,2026-07-01,2026-07-28,2026-07-01,2026-07-28,Retailer price reduction,TPR,Puff 4CT,10.99,5.993333333333333,4.996666666666667,0.45466666666666666,39.84,6.64,39.84,6.64,0,0,0.0,0.0,0.0,0,1.0,0,0.0,0,36.0,4322.4,0.5,2161.2,6483.6,1080.6,0,0.0,0.0,6483.6,0,0.0,0.0,6483.6,7295.43,2026-07-30,1470,"Promotions,_Sep_30,_2026  FULL HISTORY For Aevah.xlsx",2026-09-30
2026-07-01T00:00:00Z,Albertsons Portland,efd8e5c6-7760-4613-a15d-08de89a46b1d,July 2026 $9.99 TPR + Ice Cream Shippers,Complete - Unsettled (Open),Direct,2026-07-01,2026-07-28,2026-07-01,2026-07-28,Retailer price reduction,TPR,Puff Shipper,2.99,10.99,0.0,0.0,199.2,6.64,199.2,1.38,0,0,19.2,0.64,0.0,0,2.0,0,0.0,0,2649.6,192.0,0.5,96.0,288.0,0.0,0,0.0,0.0,576.0,0,0.0,0.0,576.0,173.57,2026-07-30,1470,"Promotions,_Sep_30,_2026  FULL HISTORY For Aevah.xlsx",2026-09-30
2025-05-01T00:00:00Z,GIANT EAGLE,f011e763-769a-43d9-e923-08dd6bd158c9,GIANT EAGLE May 2025 TPR,Complete - Unsettled (Open),KEHE DISTRIBUTORS,2025-05-01,2025-05-28,2025-04-17,2025-04-30,Retailer price reduction,TPR,Puff 1CT,2.79,0.0,2.79,1.0,247.68,1.72,260.38,1.81,0,0,0.0,0.0,0.0,0,0.25,0,0.0,0,144.0,13200.6,0.2,2640.12,15840.72,110.0,0,0.0,0.0,3960.18,0,0.0,0.0,3960.18,0.0,,319,"Promotions,_Sep_30,_2026  FULL HISTORY For Aevah.xlsx",2026-09-30
2026-03-01T00:00:00Z,Energy North,f022b677-cf19-4058-636f-08de5da29cfe,Energy North April 2026 TPR,Complete - Unsettled (Open),National Convenience Distributors,2026-03-01,2026-04-30,2026-03-01,2026-04-30,Retailer price reduction,TPR,Puff 1CT,0.7475,3.39,0.0,0.0,247.68,1.72,247.68,1.72,0,0,0.0,0.0,0.0,0,0.25,0,0.0,0,144.0,5089.16,0.15,763.36,5852.52,40.64,0,0.0,0.0,1463.12,0,0.0,0.0,1463.12,0.0,,1173,"Promotions,_Sep_30,_2026  FULL HISTORY For Aevah.xlsx",2026-09-30
2026-03-01T00:00:00Z,Energy North,f022b677-cf19-4058-636f-08de5da29cfe,Energy North April 2026 TPR,Complete - Unsettled (Open),Direct,2026-03-01,2026-04-30,2026-03-01,2026-04-30,Customer advertising,Ad,,0.0,0.0,0.0,0.0,0.0,0.0,0.0,0.0,0,0,0.0,0.0,0.0,0,0.0,0,0.0,0,0.0,0.0,0.0,0.0,0.0,0.0,0,0.0,0.0,0.0,0,0.0,1500.0,1500.0,0.0,,1173,"Promotions,_Sep_30,_2026  FULL HISTORY For Aevah.xlsx",2026-09-30
2025-02-01T00:00:00Z,PILOT FLYING J,f0925199-dbd0-4f0a-efd5-08dd6bd158ca,PILOT FLYING J February 2025 TPR,Complete - Unsettled (Open),MCLANE GROCER,2025-02-01,2025-02-28,2025-01-18,2025-01-31,Retailer price reduction,TPR,Puff 1CT,0.0,0.0,0.0,0.0,247.68,1.72,247.22,1.72,0,0,0.0,0.0,0.0,0,0.43,0,0.0,0,185.76,12000.0,0.15,1800.0,13800.0,95.82,0,0.0,0.0,5934.0,0,0.0,0.0,5934.0,0.0,,401,"Promotions,_Sep_30,_2026  FULL HISTORY For Aevah.xlsx",2026-09-30
2025-10-01T00:00:00Z,STOP & SHOP,f0b1fe3a-38ea-44ba-e160-08dd6bd158c6,STOP & SHOP October 2025 TPR,Complete - Unsettled (Open),UNFI,2025-10-01,2025-10-28,2025-09-17,2025-09-30,Retailer price reduction,TPR,Puff 1CT,0.0,0.0,0.0,0.0,247.68,1.72,247.27,1.72,0,0,0.0,0.0,0.0,0,0.37,0,0.0,0,159.84,28305.1,0.2,5661.03,33966.13,235.88,0,0.0,0.0,12567.47,0,0.0,0.0,12567.47,5464.06,2025-10-19,134,"Promotions,_Sep_30,_2026  FULL HISTORY For Aevah.xlsx",2026-09-30
2025-01-01T00:00:00Z,WINCO,f0dd5e16-f237-4cbd-d6d6-08dd6bd158c5,WINCO January 2025 TPR,Complete - Unsettled (Open),Direct,2025-01-01,2025-01-31,2024-12-18,2024-12-31,Retailer price reduction,TPR,Puff 1CT,2.99,0.0,2.99,1.0,20.64,0.14,247.68,1.72,0,0,0.0,0.0,0.0,0,0.24,0,0.0,0,207.36,50633.16,0.3,15189.94,65823.1,457.1,0,0.0,0.0,15797.53,0,0.0,0.0,15797.53,0.0,,84,"Promotions,_Sep_30,_2026  FULL HISTORY For Aevah.xlsx",2026-09-30
2025-01-01T00:00:00Z,WINCO,f0dd5e16-f237-4cbd-d6d6-08dd6bd158c5,WINCO January 2025 TPR,Complete - Unsettled (Open),Direct,2025-01-01,2025-01-31,2024-12-18,2024-12-31,Retailer price reduction,TPR,Bar 1CT,2.99,0.0,2.99,1.0,20.64,0.14,247.68,1.72,0,0,0.0,0.0,0.0,0,0.24,0,0.0,0,69.12,5274.28,0.3,1582.29,6856.57,47.61,0,0.0,0.0,1645.57,0,0.0,0.0,1645.57,0.0,,84,"Promotions,_Sep_30,_2026  FULL HISTORY For Aevah.xlsx",2026-09-30
2025-07-01T00:00:00Z,RALPHS,f0f04b04-5ede-4340-d172-08dd6bd158ca,RALPHS July 2025 TPR,Complete - Unsettled (Open),KEHE DISTRIBUTORS,2025-07-01,2025-07-30,2025-06-17,2025-06-30,Retailer price reduction,TPR,Puff 1CT,2.61625,0.0,2.61625,0.875,216.72,1.505,263.705,1.61875,0,0,0.0,0.0,0.0,0,0.3,0,0.0,0,302.4,14534.01,0.5,7267.02,21801.03,151.4,0,0.0,0.0,6540.3,0,0.0,0.0,6540.3,0.0,,350,"Promotions,_Sep_30,_2026  FULL HISTORY For Aevah.xlsx",2026-09-30
2025-07-01T00:00:00Z,TARGET CORPORATION,f0ff3876-c1f4-4ae3-f287-08dd6bd158c9,TARGET July 2025 TPR,Complete - Unsettled (Open),Direct,2025-07-01,2025-07-14,2025-06-17,2025-06-30,Retailer price reduction,TPR,Puff 4CT,0.0,0.0,0.0,0.0,36.66,6.11,36.06,4.485,0,0,0.0,0.0,0.0,0,0.9,0,0.0,0,16.2,191100.0,0.3,57330.0,248430.0,41405.01,0,0.0,0.0,223587.0,0,0.0,0.0,223587.0,92.09,2025-07-16,343,"Promotions,_Sep_30,_2026  FULL HISTORY For Aevah.xlsx",2026-09-30
2026-10-01T00:00:00Z,STOP & SHOP,f2036fb3-f26a-4324-406e-08de5da29cfe,STOP & SHOP October 2026 Puff Singles TPR,Planned,UNFI,2026-10-01,2026-10-31,2026-10-01,2026-10-31,Retailer price reduction,TPR,Puff 1CT,0.0,2.99,0.0,0.0,247.68,1.72,242.73,1.4485714285714286,0,0,0.0,0.0,0.0,0,0.5,0,0.0,0,432.0,38813.58,0.25,9703.4,48516.98,336.93,0,0.0,0.0,24258.5,0,0.0,0.0,24258.5,0.0,,1115,"Promotions,_Sep_30,_2026  FULL HISTORY For Aevah.xlsx",2026-09-30
2026-01-01T00:00:00Z,EXTRA MILE,f206c1b3-bd85-4eef-7f39-08de5da29cfe,EXTRA MILE January 2026 Puff Singles TPR,Complete - Unsettled (Open),MCLANE GROCER,2026-01-01,2026-01-31,2026-01-01,2026-01-31,Retailer price reduction,TPR,Puff 1CT,0.0,2.79,0.0,0.0,247.68,1.72,242.31666666666666,1.6833333333333333,0,0,0.0,0.0,0.0,0,0.3,0,0.0,0,129.6,26812.57,0.3,8043.77,34856.34,242.06,0,0.0,0.0,10456.9,0,0.0,0.0,10456.9,0.0,,1249,"Promotions,_Sep_30,_2026  FULL HISTORY For Aevah.xlsx",2026-09-30
2026-04-01T00:00:00Z,King Soopers,f20e5bc9-a34d-4b1a-4045-08de5da29cfe,King Soopers April 2026 Puff 4-Pack TPR,Complete - Unsettled (Open),KEHE DISTRIBUTORS,2026-04-01,2026-04-30,2026-04-01,2026-04-30,Retailer price reduction,TPR,Puff 4CT,3.9564,9.99,0.36,0.03276,36.2,6.6212,36.6196,1.57,0,0,0.0,0.0,0.0,0,0.8,0,0.0,0,28.8,1627.53,0.2,325.51,1953.04,325.51,0,0.0,0.0,1562.42,0,0.0,0.0,1562.42,3500.6,2026-05-19,1074,"Promotions,_Sep_30,_2026  FULL HISTORY For Aevah.xlsx",2026-09-30
2026-04-01T00:00:00Z,King Soopers,f20e5bc9-a34d-4b1a-4045-08de5da29cfe,King Soopers April 2026 Puff 4-Pack TPR,Complete - Unsettled (Open),KEHE DISTRIBUTORS,2026-04-01,2026-04-30,2026-04-01,2026-04-30,Retailer price reduction,TPR,Club Packs,0.0,9.99,0.0,0.0,9607.5,18.3,9250.71,0.0,0,0,0.0,0.0,0.0,0,0.8,0,0.0,0,0.0,0.0,0.2,0.0,0.0,0.0,0,0.0,0.0,0.0,0,0.0,0.0,0.0,21.15,2026-05-19,1074,"Promotions,_Sep_30,_2026  FULL HISTORY For Aevah.xlsx",2026-09-30
2026-04-01T00:00:00Z,King Soopers,f20e5bc9-a34d-4b1a-4045-08de5da29cfe,King Soopers April 2026 Puff 4-Pack TPR,Complete - Unsettled (Open),KEHE DISTRIBUTORS,2026-04-01,2026-04-30,2026-04-01,2026-04-30,Retailer price reduction,TPR,Puff Shipper,0.0,9.99,0.0,0.0,79.66000000000001,79.66,78.07,0.0,0,0,0.0,0.0,0.0,0,0.8,0,0.0,0,0.0,0.0,0.2,0.0,0.0,0.0,0,0.0,0.0,0.0,0,0.0,0.0,0.0,14.1,2026-05-19,1074,"Promotions,_Sep_30,_2026  FULL HISTORY For Aevah.xlsx",2026-09-30
2025-09-01T00:00:00Z,CEFCO,f2887632-89a3-4656-01f7-08dd6bd158cc,Cefco September 2025 TPR,Complete - Unsettled (Open),"GROCERY SUPPLY COMPANY, INC",2025-09-01,2025-09-30,2025-08-18,2025-08-31,Retailer price reduction,TPR,Puff 1CT,0.0,0.0,0.0,0.0,247.68,1.72,247.68,1.72,0,0,0.0,0.0,0.0,0,0.25,0,0.0,0,108.0,5871.36,0.15,880.71,6752.07,46.89,0,0.0,0.0,1688.01,0,0.0,0.0,1688.01,0.0,,513,"Promotions,_Sep_30,_2026  FULL HISTORY For Aevah.xlsx",2026-09-30
2026-09-01T00:00:00Z,Albertsons Southern,f295d22b-432d-4841-1f5a-08de8bfc2efd,September 2026 $1 Digital Coupon,Complete - Unsettled (Open),Direct,2026-09-01,2026-09-28,2026-09-01,2026-09-28,Coupon,Digital Coupon,,0.0,0.0,0.0,0.0,0.0,0.0,0.0,0.0,0,0,0.0,0.0,0.0,0,0.0,0,0.0,0,0.0,0.0,0.0,0.0,0.0,0.0,0,0.0,0.0,0.0,0,0.0,142.29,142.29,0.0,,1508,"Promotions,_Sep_30,_2026  FULL HISTORY For Aevah.xlsx",2026-09-30
2027-01-01T00:00:00Z,HARRIS TEETER,f3668fe4-1aa8-46a0-ef8c-08dd6bd158c9,HARRIS TEETER January 2027 TPR,Planned,KEHE DISTRIBUTORS,2027-01-01,2027-01-14,2026-12-18,2026-12-31,Retailer price reduction,TPR,Puff 1CT,0.0,0.0,0.0,0.0,247.68,1.72,232.83,1.62,0,0,0.0,0.0,0.0,0,0.45,0,0.0,0,194.4,1553.58,0.4,621.43,2175.01,15.11,0,0.0,0.0,978.75,0,0.0,0.0,978.75,0.0,,336,"Promotions,_Sep_30,_2026  FULL HISTORY For Aevah.xlsx",2026-09-30
2026-07-01T00:00:00Z,Albertsons Mid-Atlantic,f3c02f67-5c37-498b-a081-08de89a46b1d,July 2026 $9.99 TPR + Ice Cream Shippers,Complete - Unsettled (Open),Direct,2026-07-01,2026-07-28,2026-07-01,2026-07-28,Retailer price reduction,TPR,Puff Shipper,2.99,0.0,2.99,1.0,199.2,6.64,199.2,1.38,0,0,19.2,0.64,0.0,0,0.0,0,0.0,0,57.6,288.0,0.6,172.8,460.8,0.0,0,0.0,0.0,0.0,0,0.0,0.0,0.0,756.2,2026-08-10,1455,"Promotions,_Sep_30,_2026  FULL HISTORY For Aevah.xlsx",2026-09-30
2026-07-01T00:00:00Z,Albertsons Mid-Atlantic,f3c02f67-5c37-498b-a081-08de89a46b1d,July 2026 $9.99 TPR + Ice Cream Shippers,Complete - Unsettled (Open),Direct,2026-07-01,2026-07-28,2026-07-01,2026-07-28,Retailer price reduction,TPR,Puff 4CT,10.99,9.99,1.0,0.091,39.84,6.64,39.84,6.64,0,0,0.0,0.0,0.0,0,1.0,0,0.0,0,24.0,7050.4,0.6,4230.24,11280.64,1880.11,0,0.0,0.0,11280.64,0,0.0,0.0,11280.64,14884.3,2026-08-10,1455,"Promotions,_Sep_30,_2026  FULL HISTORY For Aevah.xlsx",2026-09-30
2026-08-01T00:00:00Z,KEHE DISTRIBUTORS,f3d24282-020e-4863-7eea-08de5e781b74,KeHE August 2026 20% OI,Complete - Unsettled (Open),Direct,2026-08-01,2026-08-31,2026-08-01,2026-08-31,Distributor price reduction,,Puff 1CT,0.0,0.0,0.0,0.0,0.0,0.0,245.8164705882353,0.0,0,0,0.0,0.0,0.0,0,0.0,0,0.0,0,0.0,0.0,0.0,0.0,0.0,0.0,0,0.0,79179.31,0.0,0,0.0,0.0,79179.31,30106.24,2026-09-14,1360,"Promotions,_Sep_30,_2026  FULL HISTORY For Aevah.xlsx",2026-09-30
2026-08-01T00:00:00Z,FRED MEYER,f3ea97ff-dabc-43b4-4031-08de5da29cfe,FRED MEYER August 2026 Puff Singles TPR,Complete - Unsettled (Open),UNFI,2026-08-01,2026-08-31,2026-08-01,2026-08-31,Retailer price reduction,TPR,Puff 1CT,2.1357142857142857,2.5,0.35,0.11707142857142858,247.68,1.72,241.31571428571428,1.1942857142857142,0,0,0.0,0.0,0.0,0,0.3,0,0.0,0,216.0,19258.97,0.2,3851.8,23110.77,160.48,0,0.0,0.0,6933.23,0,0.0,0.0,6933.23,0.0,,1054,"Promotions,_Sep_30,_2026  FULL HISTORY For Aevah.xlsx",2026-09-30
2026-06-24T00:00:00Z,Albertsons Jewel Osco,f43bb155-01ab-4230-4998-08de6afe834a,July 2026 - Party in the USA $8.99 TPR + Ice Cream,Complete - Unsettled (Open),Direct,2026-06-24,2026-08-11,2026-06-24,2026-08-11,Retailer price reduction,TPR,Puff 4CT,10.99,8.99,2.0,0.182,39.84,6.64,39.84,6.64,0,0,0.0,0.0,0.0,0,2.0,0,0.0,0,48.0,8540.7,1.0,8540.7,17081.4,2846.9,0,0.0,0.0,34162.8,0,0.0,9399.12,43561.92,0.0,,1395,"Promotions,_Sep_30,_2026  FULL HISTORY For Aevah.xlsx",2026-09-30
2026-06-24T00:00:00Z,Albertsons Jewel Osco,f43bb155-01ab-4230-4998-08de6afe834a,July 2026 - Party in the USA $8.99 TPR + Ice Cream,Complete - Unsettled (Open),Direct,2026-06-24,2026-08-11,2026-06-24,2026-08-11,Retailer price reduction,TPR,Puff Shipper,2.99,8.99,0.0,0.0,199.2,6.64,199.2,1.38,0,0,19.8,0.66,0.0,0,2.0,0,0.0,0,2651.4,728.0,0.5,364.0,1092.0,0.0,0,0.0,0.0,2184.0,0,0.0,600.88,2784.88,0.0,,1395,"Promotions,_Sep_30,_2026  FULL HISTORY For Aevah.xlsx",2026-09-30
2026-10-01T00:00:00Z,"ASSOCIATED FOOD STORES, INC.",f43c605a-4333-448e-d707-08de5cdc8bfa,"ASSOCIATED FOOD STORES, INC. October 2026 Puff 4-Pack TPR",Planned,Direct,2026-10-01,2026-10-31,2026-10-01,2026-10-31,Retailer price reduction,TPR,Puff 4CT,10.99,8.99,2.0,0.182,39.84,6.64,39.84,6.64,0,0,0.0,0.0,0.0,0,1.0,0,0.0,0,24.0,2800.1,0.4,1120.04,3920.14,653.36,0,0.0,0.0,3920.14,0,0.0,0.0,3920.14,0.0,,944,"Promotions,_Sep_30,_2026  FULL HISTORY For Aevah.xlsx",2026-09-30
2025-08-01T00:00:00Z,SPROUTS,f440baf7-496c-421c-f052-08dd6bd158c9,SPROUTS August 2025 TPR,Complete - Unsettled (Open),KEHE DISTRIBUTORS,2025-08-01,2025-08-30,2025-07-18,2025-07-31,Retailer price reduction,TPR,Puff 1CT,0.0,0.0,0.0,0.0,185.76,1.29,243.35,0.0,0,0,0.0,0.0,0.0,0,0.3,0,0.0,0,0.0,0.0,0.5,0.0,0.0,0.0,0,0.0,0.0,0.0,0,0.0,0.0,0.0,0.0,,338,"Promotions,_Sep_30,_2026  FULL HISTORY For Aevah.xlsx",2026-09-30
2026-03-01T00:00:00Z,LANL,f46a6ba7-199a-4030-d71f-08de5cdc8bfa,LANL March 2026 Puff Singles TPR,Complete - Unsettled (Open),UNFI,2026-03-01,2026-03-31,2026-03-01,2026-03-31,Retailer price reduction,TPR,Puff 1CT,0.0,2.0,0.0,0.0,247.68,1.72,242.73,1.69,0,0,0.0,0.0,0.0,0,0.52,0,0.0,0,299.52,2713.39,2.0,5426.78,8140.17,56.53,0,0.0,0.0,4232.89,0,0.0,0.0,4232.89,1324.48,2026-05-12,968,"Promotions,_Sep_30,_2026  FULL HISTORY For Aevah.xlsx",2026-09-30
2026-03-01T00:00:00Z,LANL,f46a6ba7-199a-4030-d71f-08de5cdc8bfa,LANL March 2026 Puff Singles TPR,Complete - Unsettled (Open),Direct,2026-03-01,2026-03-31,2026-03-01,2026-03-31,Customer advertising,Ad,,0.0,0.0,0.0,0.0,0.0,0.0,0.0,0.0,0,0,0.0,0.0,0.0,0,0.0,0,0.0,0,0.0,0.0,0.0,0.0,0.0,0.0,0,0.0,0.0,0.0,0,0.0,1400.0,1400.0,51.58,2026-05-12,968,"Promotions,_Sep_30,_2026  FULL HISTORY For Aevah.xlsx",2026-09-30
2026-06-01T00:00:00Z,Nouria,f486f770-1dba-4014-6387-08de5da29cfe,Nouria June 2026 TPR,Complete - Unsettled (Open),"CORE-MARK INTERNATIONAL, INC.",2026-06-01,2026-06-30,2026-06-01,2026-06-30,Retailer price reduction,TPR,Puff 1CT,0.598,3.49,0.0,0.0,247.68,1.72,242.73,1.69,0,0,0.0,0.0,0.0,0,0.25,0,0.0,0,180.0,4885.71,0.15,732.87,5618.58,39.0,0,0.0,0.0,983.25,0,0.0,0.0,983.25,0.0,,1197,"Promotions,_Sep_30,_2026  FULL HISTORY For Aevah.xlsx",2026-09-30
2026-06-01T00:00:00Z,Nouria,f486f770-1dba-4014-6387-08de5da29cfe,Nouria June 2026 TPR,Complete - Unsettled (Open),MCLANE GROCER,2026-06-01,2026-06-30,2026-06-01,2026-06-30,Retailer price reduction,TPR,Puff 1CT,0.598,3.49,0.0,0.0,247.68,1.72,242.482,1.686,0,0,0.0,0.0,0.0,0,0.25,0,0.0,0,180.0,4885.71,0.15,732.87,5618.58,39.0,0,0.0,0.0,421.38,0,0.0,0.0,421.38,0.0,,1197,"Promotions,_Sep_30,_2026  FULL HISTORY For Aevah.xlsx",2026-09-30
2026-06-01T00:00:00Z,Nouria,f486f770-1dba-4014-6387-08de5da29cfe,Nouria June 2026 TPR,Complete - Unsettled (Open),Direct,2026-06-01,2026-06-30,2026-06-01,2026-06-30,Customer advertising,Ad,,0.0,0.0,0.0,0.0,0.0,0.0,0.0,0.0,0,0,0.0,0.0,0.0,0,0.0,0,0.0,0,0.0,0.0,0.0,0.0,0.0,0.0,0,0.0,0.0,0.0,0,0.0,4500.0,4500.0,0.0,,1197,"Promotions,_Sep_30,_2026  FULL HISTORY For Aevah.xlsx",2026-09-30
2026-03-01T00:00:00Z,TOPS,f497d478-139f-4f06-4078-08de5da29cfe,TOPS March 2026 Puff Singles TPR,Complete - Unsettled (Open),UNFI,2026-03-01,2026-03-30,2026-03-01,2026-03-30,Retailer price reduction,TPR,Puff 1CT,0.0,2.5,0.0,0.0,247.68,1.72,242.73,1.69,0,0,0.0,0.0,0.0,0,0.39,0,0.0,0,168.48,3214.28,0.2,642.85,3857.13,26.78,0,0.0,0.0,1504.28,0,0.0,0.0,1504.28,1558.49,2026-05-28,1125,"Promotions,_Sep_30,_2026  FULL HISTORY For Aevah.xlsx",2026-09-30
2025-08-01T00:00:00Z,MAVERIK,f4d55199-ac2e-48b2-28f6-08dd721102ed,MAVERIK August 2025 Puff TPR,Complete - Unsettled (Open),"CORE-MARK INTERNATIONAL, INC.",2025-08-01,2025-08-30,2025-07-18,2025-07-31,Retailer price reduction,TPR,Puff 1CT,0.0,0.0,0.0,0.0,247.68,1.72,247.15,1.72,0,0,0.0,0.0,0.0,0,0.1,0,0.0,0,72.0,145754.27,0.15,21863.14,167617.41,1164.01,0,0.0,0.0,16761.74,0,0.0,0.0,16761.74,0.0,,656,"Promotions,_Sep_30,_2026  FULL HISTORY For Aevah.xlsx",2026-09-30
2025-10-01T00:00:00Z,JACKSONS,f4ef1904-59c5-4ec3-dcb7-08dd6bd158c8,JACKSONS October 2025 TPR,Complete - Unsettled (Open),CAPITOL DISTRIBUTING,2025-10-01,2025-10-30,2025-09-17,2025-09-30,Retailer price reduction,TPR,Puff 1CT,0.0,0.0,0.0,0.0,247.68,1.72,247.68,1.72,0,0,0.0,0.0,0.0,0,0.4,0,0.0,0,172.8,17394.18,0.2,3478.83,20873.01,144.94,0,0.0,0.0,8349.2,0,0.0,0.0,8349.2,0.0,,269,"Promotions,_Sep_30,_2026  FULL HISTORY For Aevah.xlsx",2026-09-30
2026-05-01T00:00:00Z,Super1,f509e16d-0912-445b-d744-08de5cdc8bfa,Super1 May 2026 Puff Singles TPR,Complete - Unsettled (Open),UNFI,2026-05-01,2026-05-31,2026-05-01,2026-05-31,Retailer price reduction,TPR,Puff 1CT,0.0,2.99,0.0,0.0,247.68,1.72,193.19,1.34,0,0,0.0,0.0,0.0,0,0.47,0,0.0,0,338.4,7085.7,0.5,3542.85,10628.55,73.81,0,0.0,0.0,4995.41,0,0.0,0.0,4995.41,0.0,2026-07-21,1005,"Promotions,_Sep_30,_2026  FULL HISTORY For Aevah.xlsx",2026-09-30
2026-05-01T00:00:00Z,Super1,f509e16d-0912-445b-d744-08de5cdc8bfa,Super1 May 2026 Puff Singles TPR,Complete - Unsettled (Open),Direct,2026-05-01,2026-05-31,2026-05-01,2026-05-31,Customer advertising,Ad,,0.0,0.0,0.0,0.0,0.0,0.0,0.0,0.0,0,0,0.0,0.0,0.0,0,0.0,0,0.0,0,0.0,0.0,0.0,0.0,0.0,0.0,0,0.0,0.0,0.0,0,0.0,150.0,150.0,150.0,2026-07-21,1005,"Promotions,_Sep_30,_2026  FULL HISTORY For Aevah.xlsx",2026-09-30
2026-01-25T00:00:00Z,GIANT EAGLE,f519e096-e528-47a8-4039-08de5da29cfe,GIANT EAGLE February 2026 Puff Singles TPR,Complete - Unsettled (Open),KEHE DISTRIBUTORS,2026-01-25,2026-02-25,2026-01-25,2026-02-25,Retailer price reduction,TPR,Puff 1CT,2.79,2.0,0.79,0.2832,247.68,1.72,202.17142857142855,1.405714285714286,0,0,0.0,0.0,0.0,0,0.52,0,0.0,0,524.16,22286.66,0.0,0.0,22286.66,154.77,0,0.0,0.0,11589.08,0,0.0,0.0,11589.08,7249.27,2026-03-03,1062,"Promotions,_Sep_30,_2026  FULL HISTORY For Aevah.xlsx",2026-09-30
2026-01-25T00:00:00Z,GIANT EAGLE,f519e096-e528-47a8-4039-08de5da29cfe,GIANT EAGLE February 2026 Puff Singles TPR,Complete - Unsettled (Open),Direct,2026-01-25,2026-02-25,2026-01-25,2026-02-25,Customer advertising,Ad,,0.0,0.0,0.0,0.0,0.0,0.0,0.0,0.0,0,0,0.0,0.0,0.0,0,0.0,0,0.0,0,0.0,0.0,0.0,0.0,0.0,0.0,0,0.0,0.0,0.0,0,0.0,2500.0,2500.0,2854.37,2026-03-03,1062,"Promotions,_Sep_30,_2026  FULL HISTORY For Aevah.xlsx",2026-09-30
2025-04-01T00:00:00Z,FRED MEYER,f5500cba-69fb-431c-d11a-08dd6bd158c9,FRED MEYER April 2025 TPR,Complete - Unsettled (Open),UNFI,2025-04-01,2025-04-30,2025-03-18,2025-03-31,Retailer price reduction,TPR,Puff 1CT,1.9933333333333332,0.0,1.9933333333333332,0.6666666666666667,220.16,1.528888888888889,260.45666666666665,1.2333333333333334,0,0,0.0,0.0,0.0,0,0.6,0,0.0,0,518.4,11147.9,0.6,6688.73,17836.63,123.87,0,0.0,0.0,10701.99,0,0.0,0.0,10701.99,5436.6,2025-08-01,298,"Promotions,_Sep_30,_2026  FULL HISTORY For Aevah.xlsx",2026-09-30
2025-04-01T00:00:00Z,FRED MEYER,f5500cba-69fb-431c-d11a-08dd6bd158c9,FRED MEYER April 2025 TPR,Complete - Unsettled (Open),UNFI,2025-04-01,2025-04-30,2025-03-18,2025-03-31,Retailer price reduction,TPR,Puff 4CT,10.99,0.0,10.99,1.0,39.84,6.64,42.16,7.03,0,0,0.0,0.0,0.0,0,0.0,0,0.0,0,0.0,4345.7,0.5,2172.84,6518.54,1086.42,0,0.0,0.0,0.0,0,0.0,0.0,0.0,0.0,2025-08-01,298,"Promotions,_Sep_30,_2026  FULL HISTORY For Aevah.xlsx",2026-09-30
2026-02-01T00:00:00Z,SPROUTS,f55875c9-a458-4b7d-d73f-08de5cdc8bfa,SPROUTS February 2026 Puff Singles TPR,Complete - Unsettled (Open),KEHE DISTRIBUTORS,2026-02-01,2026-02-28,2026-02-01,2026-02-28,Retailer price reduction,TPR,Puff 1CT,1.794,2.0,0.594,0.19866,247.68,1.72,238.77,1.662,0,0,0.0,0.0,0.0,0,0.55,0,0.0,0,396.0,62216.84,0.5,31108.42,93325.26,648.1,0,0.0,0.0,51328.89,0,0.0,0.0,51328.89,20046.83,2026-03-01,1000,"Promotions,_Sep_30,_2026  FULL HISTORY For Aevah.xlsx",2026-09-30
2026-02-01T00:00:00Z,SPROUTS,f55875c9-a458-4b7d-d73f-08de5cdc8bfa,SPROUTS February 2026 Puff Singles TPR,Complete - Unsettled (Open),Direct,2026-02-01,2026-02-28,2026-02-01,2026-02-28,Customer advertising,Ad,,0.0,0.0,0.0,0.0,0.0,0.0,0.0,0.0,0,0,0.0,0.0,0.0,0,0.0,0,0.0,0,0.0,0.0,0.0,0.0,0.0,0.0,0,0.0,0.0,0.0,0,0.0,10000.0,10000.0,10347.1,2026-03-01,1000,"Promotions,_Sep_30,_2026  FULL HISTORY For Aevah.xlsx",2026-09-30
2025-07-01T00:00:00Z,SMITHS,f5912428-6edb-4293-e712-08dd6bd158c8,SMITHS July 2025 TPR,Complete - Unsettled (Open),UNFI,2025-07-01,2025-07-31,2025-06-17,2025-06-30,Retailer price reduction,TPR,Puff 4CT,10.99,0.0,10.99,1.0,39.84,6.64,39.04,6.51,0,0,0.0,0.0,0.0,0,1.0,0,0.0,0,36.0,9652.49,0.35,3378.38,13030.87,2171.8,0,0.0,0.0,13030.87,0,0.0,0.0,13030.87,466.47,2025-09-23,288,"Promotions,_Sep_30,_2026  FULL HISTORY For Aevah.xlsx",2026-09-30
2025-07-01T00:00:00Z,SMITHS,f5912428-6edb-4293-e712-08dd6bd158c8,SMITHS July 2025 TPR,Complete - Unsettled (Open),UNFI,2025-07-01,2025-07-31,2025-06-17,2025-06-30,Retailer price reduction,TPR,Bar 1CT,2.99,0.0,2.99,1.0,247.68,1.72,267.05,0.0,0,0,0.0,0.0,0.0,0,0.3,0,0.0,0,0.0,0.0,0.3,0.0,0.0,0.0,0,0.0,0.0,0.0,0,0.0,0.0,0.0,158.8,2025-09-23,288,"Promotions,_Sep_30,_2026  FULL HISTORY For Aevah.xlsx",2026-09-30
2025-07-01T00:00:00Z,SMITHS,f5912428-6edb-4293-e712-08dd6bd158c8,SMITHS July 2025 TPR,Complete - Unsettled (Open),UNFI,2025-07-01,2025-07-31,2025-06-17,2025-06-30,Retailer price reduction,TPR,Puff 1CT,2.5628571428571427,0.0,2.5628571428571427,0.8571428571428572,176.9142857142857,1.2285714285714286,250.09571428571428,1.4928571428571429,0,0,0.0,0.0,0.0,0,0.3,0,0.0,0,259.2,40468.93,0.3,12140.68,52609.61,365.35,0,0.0,0.0,15782.9,0,0.0,0.0,15782.9,2984.51,2025-09-23,288,"Promotions,_Sep_30,_2026  FULL HISTORY For Aevah.xlsx",2026-09-30
2026-07-23T00:00:00Z,PUBLIX,f5def692-6355-4279-84cc-08de4f7c9ec1,July 2026 Puff 4-Pack TPR + Shippers,Complete - Unsettled (Open),Direct,2026-07-23,2026-07-29,2026-07-23,2026-07-29,Retailer price reduction,TPR,Puff 4CT,9.42,7.705714285714286,1.7142857142857144,0.156,39.84,6.64,39.84,6.64,0,0,0.0,0.0,0.0,0,2.0,0,0.0,0,84.0,11374.6,1.5,17061.9,28436.5,4739.41,0,0.0,0.0,56873.0,0,0.0,0.0,56873.0,44616.0,2026-08-03,917,"Promotions,_Sep_30,_2026  FULL HISTORY For Aevah.xlsx",2026-09-30
2026-06-01T00:00:00Z,EXTRA MILE,f622a157-1283-431b-7f3c-08de5da29cfe,EXTRA MILE June 2026 Puff Singles TPR,Complete - Unsettled (Open),MCLANE GROCER,2026-06-01,2026-06-30,2026-06-01,2026-06-30,Retailer price reduction,TPR,Puff 1CT,0.0,2.39,0.0,0.0,247.68,1.72,242.31666666666666,1.6833333333333333,0,0,0.0,0.0,0.0,0,0.5,0,0.0,0,216.0,18824.93,0.3,5647.48,24472.41,169.95,0,0.0,0.0,12236.2,0,0.0,0.0,12236.2,0.0,,1252,"Promotions,_Sep_30,_2026  FULL HISTORY For Aevah.xlsx",2026-09-30
2026-04-01T00:00:00Z,Albertsons Shaws,f64189b2-ddf5-436e-bbfc-08de8bfc2efc,April 2026 $1 off Digital Coupon,Complete - Unsettled (Open),Direct,2026-04-01,2026-04-28,2026-04-01,2026-04-28,Coupon,Digital Coupon,,0.0,0.0,0.0,0.0,0.0,0.0,0.0,0.0,0,0,0.0,0.0,0.0,0,0.0,0,0.0,0,0.0,0.0,0.0,0.0,0.0,0.0,0,0.0,0.0,0.0,0,0.0,323.49,323.49,0.0,,1488,"Promotions,_Sep_30,_2026  FULL HISTORY For Aevah.xlsx",2026-09-30
2025-08-01T00:00:00Z,NORTHWEST GROCERS,f6641698-e6bd-4514-28fa-08dd721102ed,NORTHWEST GROCERS August 2025 Puff TPR,Complete - Unsettled (Open),KEHE DISTRIBUTORS,2025-08-01,2025-08-31,2025-07-18,2025-07-31,Retailer price reduction,TPR,Puff 1CT,2.99,0.0,2.99,1.0,247.68,1.72,267.69,1.86,0,0,0.0,0.0,0.0,0,0.34,0,0.0,0,146.88,7519.57,0.3,2255.88,9775.45,67.88,0,0.0,0.0,3323.65,0,0.0,0.0,3323.65,756.0,2025-08-21,657,"Promotions,_Sep_30,_2026  FULL HISTORY For Aevah.xlsx",2026-09-30
2026-03-04T00:00:00Z,Albertsons Southwest,f714ebc8-95c3-4c47-85c0-08de8bfc2efd,March 2026 $9.99 National Event TPR,Complete - Unsettled (Open),Direct,2026-03-04,2026-03-31,2026-03-04,2026-03-31,Retailer price reduction,TPR,Puff 4CT,10.99,9.99,1.0,0.091,39.84,6.64,39.84,6.64,0,0,0.0,0.0,0.0,0,1.0,0,0.0,0,24.0,7987.2,0.3,2396.16,10383.36,1730.56,0,0.0,0.0,10383.36,0,0.0,0.0,10383.36,159.36,2026-03-19,1511,"Promotions,_Sep_30,_2026  FULL HISTORY For Aevah.xlsx",2026-09-30
2025-09-01T00:00:00Z,HARMONS NEIGHBORHOOD GROCER,f7218d0d-ed07-4826-28eb-08dd721102ed,HARMONS NEIGHBORHOOD GROCER September 2025 Bar TPR,Complete - Unsettled (Open),ON THE DOT DISTRIBUTION,2025-09-01,2025-09-30,2025-08-18,2025-08-31,Retailer price reduction,TPR,Bar 1CT,0.0,0.0,0.0,0.0,247.68,1.72,247.68,0.0,0,0,0.0,0.0,0.0,0,0.25,0,0.0,0,0.0,0.0,0.5,0.0,0.0,0.0,0,0.0,0.0,0.0,0,0.0,0.0,0.0,1238.48,2025-09-30,658,"Promotions,_Sep_30,_2026  FULL HISTORY For Aevah.xlsx",2026-09-30
2025-09-01T00:00:00Z,HARMONS NEIGHBORHOOD GROCER,f7218d0d-ed07-4826-28eb-08dd721102ed,HARMONS NEIGHBORHOOD GROCER September 2025 Bar TPR,Complete - Unsettled (Open),Direct,2025-09-01,2025-09-30,2025-08-18,2025-08-31,Customer advertising,Ad,,0.0,0.0,0.0,0.0,0.0,0.0,0.0,0.0,0,0,0.0,0.0,0.0,0,0.0,0,0.0,0,0.0,0.0,0.0,0.0,0.0,0.0,0,0.0,0.0,0.0,0,0.0,5000.0,5000.0,0.52,2025-09-30,658,"Promotions,_Sep_30,_2026  FULL HISTORY For Aevah.xlsx",2026-09-30
2026-08-01T00:00:00Z,SMITHS,f75bd9da-594b-4a88-4060-08de5da29cfe,SMITHS August 2026 Puff Singles TPR,Complete - Unsettled (Open),UNFI,2026-08-01,2026-08-31,2026-08-01,2026-08-31,Retailer price reduction,TPR,Puff 1CT,2.99,2.5,0.49,0.1639,247.68,1.72,229.45333333333332,1.595,0,0,0.0,0.0,0.0,0,0.3,0,0.0,0,259.2,17415.86,0.2,3483.18,20899.04,145.12,0,0.0,0.0,6269.71,0,0.0,0.0,6269.71,24404.6,2026-08-25,1101,"Promotions,_Sep_30,_2026  FULL HISTORY For Aevah.xlsx",2026-09-30
2026-04-20T00:00:00Z,Albertsons United,f7f76767-9730-4e32-4157-08de5e781b74,"May 2026 2/$4 TPR, $9.49 4ct + Minions Shippers",Complete - Unsettled (Open),KEHE DISTRIBUTORS,2026-04-20,2026-05-17,2026-04-20,2026-05-17,Retailer price reduction,TPR,Puff 4CT,9.99,9.66,0.33,0.033,39.84,6.64,37.84,6.3075,0,0,0.0,0.0,0.0,0,1.33,0,0.0,0,31.92,1640.0,0.5,820.0,2460.0,410.0,0,0.0,0.0,3271.8,0,0.0,0.0,3271.8,2438.74,2026-05-27,1338,"Promotions,_Sep_30,_2026  FULL HISTORY For Aevah.xlsx",2026-09-30
2026-04-20T00:00:00Z,Albertsons United,f7f76767-9730-4e32-4157-08de5e781b74,"May 2026 2/$4 TPR, $9.49 4ct + Minions Shippers",Complete - Unsettled (Open),KEHE DISTRIBUTORS,2026-04-20,2026-05-17,2026-04-20,2026-05-17,Retailer price reduction,TPR,Puff 1CT,0.9966666666666666,2.5,0.16333333333333333,0.05463333333333334,247.68,1.72,194.01833333333332,1.3458333333333334,0,0,0.0,0.0,0.0,0,0.54,0,0.0,0,933.12,10356.4,0.5,5178.2,15534.6,107.9,0,0.0,0.0,8388.68,0,0.0,0.0,8388.68,5495.62,2026-05-27,1338,"Promotions,_Sep_30,_2026  FULL HISTORY For Aevah.xlsx",2026-09-30
2026-04-20T00:00:00Z,Albertsons United,f7f76767-9730-4e32-4157-08de5e781b74,"May 2026 2/$4 TPR, $9.49 4ct + Minions Shippers",Complete - Unsettled (Open),KEHE DISTRIBUTORS,2026-04-20,2026-05-17,2026-04-20,2026-05-17,Retailer price reduction,TPR,Puff Shipper,9.99,9.66,0.33,0.033,199.2,6.64,199.2,11.07,0,0,0.0,0.0,0.0,0,1.33,0,0.0,0,215.46,0.0,0.0,0.0,0.0,0.0,0,0.0,0.0,0.0,0,0.0,0.0,0.0,0.0,2026-05-27,1338,"Promotions,_Sep_30,_2026  FULL HISTORY For Aevah.xlsx",2026-09-30
2026-05-13T00:00:00Z,SMART & FINAL,f89fd65a-9faa-47ee-d73a-08de5cdc8bfa,SMART & FINAL May 2026 Puff Singles TPR,Complete - Unsettled (Open),KEHE DISTRIBUTORS,2026-05-13,2026-05-26,2026-05-13,2026-05-26,Retailer price reduction,TPR,Puff 1CT,0.0,24.99,0.0,0.0,247.68,1.72,178.34,1.24,0,0,0.0,0.0,0.0,0,2.16,0,0.0,0,622.08,7114.52,0.25,1778.64,8893.16,61.76,0,0.0,0.0,19209.22,0,0.0,0.0,19209.22,1268.4,2026-06-16,995,"Promotions,_Sep_30,_2026  FULL HISTORY For Aevah.xlsx",2026-09-30
2026-05-13T00:00:00Z,SMART & FINAL,f89fd65a-9faa-47ee-d73a-08de5cdc8bfa,SMART & FINAL May 2026 Puff Singles TPR,Complete - Unsettled (Open),Direct,2026-05-13,2026-05-26,2026-05-13,2026-05-26,Customer advertising,Ad,,0.0,0.0,0.0,0.0,0.0,0.0,0.0,0.0,0,0,0.0,0.0,0.0,0,0.0,0,0.0,0,0.0,0.0,0.0,0.0,0.0,0.0,0,0.0,0.0,0.0,0,0.0,2500.0,2500.0,2915.8,2026-06-16,995,"Promotions,_Sep_30,_2026  FULL HISTORY For Aevah.xlsx",2026-09-30
2026-08-01T00:00:00Z,Walgreens,f8d19f53-8231-4ef2-4088-08de5da29cfe,Walgreens August 2026 Puff Singles TPR,Complete - Unsettled (Open),"DOT FOODS, INC",2026-08-01,2026-08-31,2026-08-01,2026-08-31,Retailer price reduction,TPR,Puff 1CT,2.99,2.5,0.49,0.1639,247.68,1.72,247.68,1.72,0,0,0.0,0.0,0.0,0,0.25,0,0.0,0,108.0,42788.07,0.0,0.0,42788.07,297.14,0,0.0,0.0,10697.02,0,0.0,0.0,10697.02,21290.25,2026-09-22,1141,"Promotions,_Sep_30,_2026  FULL HISTORY For Aevah.xlsx",2026-09-30
2026-08-01T00:00:00Z,Walgreens,f8d19f53-8231-4ef2-4088-08de5da29cfe,Walgreens August 2026 Puff Singles TPR,Complete - Unsettled (Open),Direct,2026-08-01,2026-08-31,2026-08-01,2026-08-31,Customer advertising,Ad,,0.0,0.0,0.0,0.0,0.0,0.0,0.0,0.0,0,0,0.0,0.0,0.0,0,0.0,0,0.0,0,0.0,0.0,0.0,0.0,0.0,0.0,0,0.0,0.0,0.0,0,0.0,4000.0,4000.0,0.0,2026-09-22,1141,"Promotions,_Sep_30,_2026  FULL HISTORY For Aevah.xlsx",2026-09-30
2025-04-01T00:00:00Z,MAVERIK,f8e9b480-ce52-421f-28f4-08dd721102ed,MAVERIK April 2025 Puff TPR,Complete - Unsettled (Open),"CORE-MARK INTERNATIONAL, INC.",2025-04-01,2025-04-30,2025-03-18,2025-03-31,Retailer price reduction,TPR,Puff 1CT,0.0,0.0,0.0,0.0,247.68,1.72,247.12,1.72,0,0,0.0,0.0,0.0,0,0.1,0,0.0,0,57.6,101545.2,0.15,15231.78,116776.98,810.95,0,0.0,0.0,11677.7,0,0.0,0.0,11677.7,0.0,,659,"Promotions,_Sep_30,_2026  FULL HISTORY For Aevah.xlsx",2026-09-30
2026-09-01T00:00:00Z,"ASSOCIATED FOOD STORES, INC.",f8f5ca4a-5254-43be-d702-08de5cdc8bfa,"ASSOCIATED FOOD STORES, INC. September 2026 Puff Singles TPR",In progress,Direct,2026-09-01,2026-09-30,2026-09-01,2026-09-30,Retailer price reduction,TPR,Puff 1CT,2.4463636363636363,2.5,0.40090909090909094,0.1341,247.68,1.72,247.68,1.72,0,0,0.0,0.0,0.0,0,0.3,0,0.0,0,475.2,19466.46,0.3,5839.92,25306.38,175.73,0,0.0,0.0,7591.93,0,0.0,0.0,7591.93,0.0,,939,"Promotions,_Sep_30,_2026  FULL HISTORY For Aevah.xlsx",2026-09-30
2026-09-01T00:00:00Z,"ASSOCIATED FOOD STORES, INC.",f8f5ca4a-5254-43be-d702-08de5cdc8bfa,"ASSOCIATED FOOD STORES, INC. September 2026 Puff Singles TPR",In progress,Direct,2026-09-01,2026-09-30,2026-09-01,2026-09-30,Customer advertising,Ad,,0.0,0.0,0.0,0.0,0.0,0.0,0.0,0.0,0,0,0.0,0.0,0.0,0,0.0,0,0.0,0,0.0,0.0,0.0,0.0,0.0,0.0,0,0.0,0.0,0.0,0,0.0,750.0,750.0,0.0,,939,"Promotions,_Sep_30,_2026  FULL HISTORY For Aevah.xlsx",2026-09-30
2026-10-01T00:00:00Z,Earth Fare,f9292a49-b268-4c69-d70b-08de5cdc8bfa,Earth Fare October 2026 Puff Singles TPR,Planned,UNFI,2026-10-01,2026-10-31,2026-10-01,2026-10-31,Retailer price reduction,TPR,Puff 1CT,0.0,2.5,0.0,0.0,247.68,1.72,242.73,1.69,0,0,0.0,0.0,0.0,0,0.47,0,0.0,0,203.04,863.59,0.3,259.08,1122.67,7.8,0,0.0,0.0,527.66,0,0.0,0.0,527.66,0.0,,948,"Promotions,_Sep_30,_2026  FULL HISTORY For Aevah.xlsx",2026-09-30
2026-11-01T00:00:00Z,KROGER,f93178e3-0ed1-41ad-4053-08de5da29cfe,KROGER November 2026 Puff Singles TPR,Planned,UNFI,2026-11-01,2026-11-30,2026-11-01,2026-11-30,Retailer price reduction,TPR,Puff 1CT,1.196,2.5,0.196,0.06556,247.68,1.72,242.73,1.69,0,0,0.0,0.0,0.0,0,0.3,0,0.0,0,216.0,38571.42,0.3,11571.43,50142.85,348.22,0,0.0,0.0,15042.86,0,0.0,0.0,15042.86,0.0,,1088,"Promotions,_Sep_30,_2026  FULL HISTORY For Aevah.xlsx",2026-09-30
2025-04-02T00:00:00Z,HEB,f9b5b226-9631-460e-28f0-08dd721102ed,HEB April 2025 Puff Coupon,Complete - Unsettled (Open),Direct,2025-04-02,2025-04-29,2025-04-02,2025-04-15,Coupon,$1 Off,,0.0,0.0,0.0,0.0,0.0,0.0,0.0,0.0,0,0,0.0,0.0,0.0,0,0.0,0,0.0,0,0.0,0.0,0.0,0.0,0.0,0.0,0,0.0,0.0,0.0,0,0.0,203044.97,203044.97,37414.1,2025-04-23,660,"Promotions,_Sep_30,_2026  FULL HISTORY For Aevah.xlsx",2026-09-30
2026-10-08T00:00:00Z,FESTIVAL FOODS,f9d3064e-1215-458a-7f42-08de5da29cfe,FESTIVAL FOODS October 2026 Puff Singles TPR,Planned,UNFI,2026-10-08,2026-10-28,2026-10-08,2026-10-28,Retailer price reduction,TPR,Puff 1CT,0.0,2.0,0.0,0.0,247.68,1.72,242.73,1.69,0,0,0.0,0.0,0.0,0,0.3,0,0.0,0,172.8,1757.76,0.5,878.88,2636.64,18.32,0,0.0,0.0,791.0,0,0.0,0.0,791.0,0.0,,1258,"Promotions,_Sep_30,_2026  FULL HISTORY For Aevah.xlsx",2026-09-30
2026-10-08T00:00:00Z,FESTIVAL FOODS,f9d3064e-1215-458a-7f42-08de5da29cfe,FESTIVAL FOODS October 2026 Puff Singles TPR,Planned,Direct,2026-10-08,2026-10-28,2026-10-08,2026-10-28,Customer advertising,Ad,,0.0,0.0,0.0,0.0,0.0,0.0,0.0,0.0,0,0,0.0,0.0,0.0,0,0.0,0,0.0,0,0.0,0.0,0.0,0.0,0.0,0.0,0,0.0,0.0,0.0,0,0.0,500.0,500.0,0.0,,1258,"Promotions,_Sep_30,_2026  FULL HISTORY For Aevah.xlsx",2026-09-30
2026-03-01T00:00:00Z,SMITHS,f9d80eec-bcfe-4d32-4065-08de5da29cfe,SMITHS March 2026 Puff Singles TPR,Complete - Unsettled (Open),UNFI,2026-03-01,2026-03-30,2026-03-01,2026-03-30,Retailer price reduction,TPR,Puff 1CT,2.99,2.5,0.49,0.1639,247.68,1.72,245.96666666666664,1.7116666666666667,0,0,0.0,0.0,0.0,0,0.3,0,0.0,0,259.2,18849.11,0.2,3769.82,22618.93,157.07,0,0.0,0.0,6785.67,0,0.0,0.0,6785.67,0.0,,1106,"Promotions,_Sep_30,_2026  FULL HISTORY For Aevah.xlsx",2026-09-30
2026-05-01T00:00:00Z,MEIJER,fb37ccf6-9077-471f-637f-08de5da29cfe,MEIJER May 2026 TPR,Complete - Unsettled (Open),Direct,2026-05-01,2026-05-13,2026-05-01,2026-05-13,Retailer price reduction,TPR,Puff 4CT,0.0,8.49,0.0,0.0,39.84,6.64,39.04,6.51,0,0,0.0,0.0,0.0,0,0.7,0,0.0,0,12.6,5305.68,0.4,2122.27,7427.95,1237.99,0,0.0,0.0,5199.57,0,0.0,0.0,5199.57,14875.1,2026-07-13,1189,"Promotions,_Sep_30,_2026  FULL HISTORY For Aevah.xlsx",2026-09-30
2026-05-01T00:00:00Z,MEIJER,fb37ccf6-9077-471f-637f-08de5da29cfe,MEIJER May 2026 TPR,Complete - Unsettled (Open),Direct,2026-05-01,2026-05-13,2026-05-01,2026-05-13,Display,PDQ,,0.0,0.0,0.0,0.0,0.0,0.0,0.0,0.0,0,0,0.0,0.0,0.0,0,0.0,0,0.0,0,0.0,0.0,0.0,0.0,0.0,0.0,0,0.0,0.0,0.0,0,0.0,500.0,500.0,1613.5,2026-07-13,1189,"Promotions,_Sep_30,_2026  FULL HISTORY For Aevah.xlsx",2026-09-30
2025-07-01T00:00:00Z,FRED MEYER,fb608c14-ee65-4b5a-d217-08dd6bd158c9,FRED MEYER July 2025 TPR,Complete - Unsettled (Open),UNFI,2025-07-01,2025-07-31,2025-06-17,2025-06-30,Retailer price reduction,TPR,Puff 1CT,1.9933333333333332,0.0,1.9933333333333332,0.6666666666666667,220.16,1.528888888888889,260.45666666666665,1.2333333333333334,0,0,0.0,0.0,0.0,0,0.3,0,0.0,0,259.2,17637.0,0.5,8818.51,26455.51,183.72,0,0.0,0.0,7936.65,0,0.0,0.0,7936.65,2671.8,2025-09-23,299,"Promotions,_Sep_30,_2026  FULL HISTORY For Aevah.xlsx",2026-09-30
2025-07-01T00:00:00Z,FRED MEYER,fb608c14-ee65-4b5a-d217-08dd6bd158c9,FRED MEYER July 2025 TPR,Complete - Unsettled (Open),UNFI,2025-07-01,2025-07-31,2025-06-17,2025-06-30,Retailer price reduction,TPR,Puff 4CT,10.99,0.0,10.99,1.0,39.84,6.64,42.16,7.03,0,0,0.0,0.0,0.0,0,0.75,0,0.0,0,27.0,6079.88,0.35,2127.98,8207.86,1368.0,0,0.0,0.0,6155.92,0,0.0,0.0,6155.92,0.0,2025-09-23,299,"Promotions,_Sep_30,_2026  FULL HISTORY For Aevah.xlsx",2026-09-30
2025-07-01T00:00:00Z,HY-VEE FAST & FRESH,fb6be043-a802-425b-fdad-08dd6bd158ca,HY-VEE FAST & FRESH July 2025 TPR,Complete - Unsettled (Open),Direct,2025-07-01,2025-07-30,2025-06-17,2025-06-30,Retailer price reduction,TPR,Puff 1CT,0.0,0.0,0.0,0.0,247.68,1.72,247.27,1.72,0,0,0.0,0.0,0.0,0,0.4,0,0.0,0,172.8,5774.88,0.15,866.22,6641.1,46.11,0,0.0,0.0,2656.44,0,0.0,0.0,2656.44,0.0,,445,"Promotions,_Sep_30,_2026  FULL HISTORY For Aevah.xlsx",2026-09-30
2026-01-01T00:00:00Z,DELEK,fbbd9290-4aed-4958-636a-08de5da29cfe,DELEK February 2026 TPR,Complete - Unsettled (Open),"CORE-MARK INTERNATIONAL, INC.",2026-01-01,2026-02-28,2026-01-01,2026-02-28,Retailer price reduction,TPR,Puff 1CT,0.0,3.39,0.0,0.0,247.68,1.72,242.62,1.68,0,0,0.0,0.0,0.0,0,0.5,0,0.0,0,144.0,9113.38,0.15,1367.0,10480.38,72.78,0,0.0,0.0,5240.2,0,0.0,0.0,5240.2,0.0,,1168,"Promotions,_Sep_30,_2026  FULL HISTORY For Aevah.xlsx",2026-09-30
2025-03-01T00:00:00Z,PUBLIX,fc8036a1-9cbf-4dfc-2661-08dd663e4335,Publix March 2025 4 pk Coupon,Complete - Unsettled (Open),Direct,2025-03-01,2025-03-31,2025-02-15,2025-02-28,Coupon,$1 Off,,0.0,0.0,0.0,0.0,0.0,0.0,0.0,0.0,0,0,0.0,0.0,0.0,0,0.0,0,0.0,0,0.0,0.0,0.0,0.0,0.0,0.0,0,0.0,0.0,0.0,0,0.0,0.0,0.0,0.0,,5,"Promotions,_Sep_30,_2026  FULL HISTORY For Aevah.xlsx",2026-09-30
2026-08-01T00:00:00Z,VITAMIN SHOPPE,fc90f94f-bca2-428d-407c-08de5da29cfe,VITAMIN SHOPPE August 2026 Puff Singles TPR,Complete - Unsettled (Open),Direct,2026-08-01,2026-08-07,2026-08-01,2026-08-07,Retailer price reduction,TPR,Puff 1CT,3.29,2.5,0.79,0.2401,247.68,1.72,242.73,1.69,0,0,0.0,0.0,0.0,0,0.42,0,0.0,0,544.32,18655.0,0.2,3731.0,22386.0,155.47,0,0.0,0.0,9402.12,0,0.0,0.0,9402.12,0.0,,1129,"Promotions,_Sep_30,_2026  FULL HISTORY For Aevah.xlsx",2026-09-30
2025-02-01T00:00:00Z,SAVE MART,fcbae6f7-e17e-4a13-df5f-08dd6bd158c8,SAVE MART February 2025 TPR,Complete - Unsettled (Open),KEHE DISTRIBUTORS,2025-02-01,2025-02-28,2025-01-18,2025-01-31,Retailer price reduction,TPR,Puff 1CT,2.99,0.0,2.99,1.0,247.68,1.72,267.69,1.86,0,0,0.0,0.0,0.0,0,0.65,0,0.0,0,468.0,7726.56,0.3,2317.96,10044.52,69.76,0,0.0,0.0,6528.95,0,0.0,0.0,6528.95,13208.0,2025-03-17,277,"Promotions,_Sep_30,_2026  FULL HISTORY For Aevah.xlsx",2026-09-30
2026-08-01T00:00:00Z,Albertsons Jewel Osco,fd03e33a-c062-44d5-626d-08de6afe834a,August 2026 $8.99 TPR,Complete - Unsettled (Open),Direct,2026-08-01,2026-08-28,2026-08-01,2026-08-28,Retailer price reduction,TPR,Puff 4CT,10.99,8.99,2.0,0.182,39.84,6.64,39.84,6.64,0,0,0.0,0.0,0.0,0,2.0,0,0.0,0,72.0,6208.0,1.2,7449.6,13657.6,2276.26,0,0.0,0.0,27315.2,0,0.0,0.0,27315.2,12940.0,2026-08-27,1399,"Promotions,_Sep_30,_2026  FULL HISTORY For Aevah.xlsx",2026-09-30
2026-05-18T00:00:00Z,AWG,fd2ca55d-e09b-42be-7f1c-08de5da29cfe,AWG June 2026 Puff Singles TPR,Complete - Unsettled (Open),"DOT FOODS, INC",2026-05-18,2026-06-14,2026-05-18,2026-06-14,Retailer price reduction,TPR,Puff 1CT,0.42714285714285716,2.25,0.10571428571428572,0.03535714285714286,247.68,1.72,247.68,1.72,0,0,0.0,0.0,0.0,0,0.18,0,0.0,0,181.44,15572.68,0.3,4671.79,20244.47,140.57,0,0.0,0.0,3644.01,0,0.0,0.0,3644.01,0.0,,1220,"Promotions,_Sep_30,_2026  FULL HISTORY For Aevah.xlsx",2026-09-30
2026-07-01T00:00:00Z,Lowes Foods,fd493259-c365-48f1-84c1-08de4f7c9ec1,Lowes Foods July 2026 TPR + L2G Sampling,Complete - Unsettled (Open),"DOT FOODS, INC",2026-07-01,2026-07-15,2026-07-01,2026-07-15,Retailer price reduction,TPR,Puff 1CT,2.99,2.745,0.245,0.08195,247.68,1.72,247.68,1.72,0,0,0.0,0.0,0.0,0,0.25,0,0.0,0,288.0,5726.13,0.4,2290.44,8016.57,55.67,0,0.0,0.0,2004.15,0,0.0,0.0,2004.15,0.0,,906,"Promotions,_Sep_30,_2026  FULL HISTORY For Aevah.xlsx",2026-09-30
2026-07-01T00:00:00Z,Lowes Foods,fd493259-c365-48f1-84c1-08de4f7c9ec1,Lowes Foods July 2026 TPR + L2G Sampling,Complete - Unsettled (Open),Direct,2026-07-01,2026-07-15,2026-07-01,2026-07-15,Demo,Demo,,0.0,0.0,0.0,0.0,0.0,0.0,0.0,0.0,0,0,0.0,0.0,0.0,0,0.0,0,0.0,0,0.0,0.0,0.0,0.0,0.0,0.0,0,0.0,0.0,0.0,0,0.0,2500.0,2500.0,0.0,,906,"Promotions,_Sep_30,_2026  FULL HISTORY For Aevah.xlsx",2026-09-30
2025-03-01T00:00:00Z,WINCO,fd588c17-5254-423f-d898-08dd6bd158c5,WINCO March 2025 TPR,Complete - Unsettled (Open),Direct,2025-03-01,2025-03-31,2025-02-15,2025-02-28,Retailer price reduction,TPR,Puff 1CT,2.99,0.0,2.99,1.0,247.68,1.72,247.68,1.72,0,0,0.0,0.0,0.0,0,0.13,0,0.0,0,112.32,60370.28,0.5,30185.14,90555.42,628.85,0,0.0,0.0,11772.2,0,0.0,0.0,11772.2,33.78,2025-03-26,86,"Promotions,_Sep_30,_2026  FULL HISTORY For Aevah.xlsx",2026-09-30
2025-03-01T00:00:00Z,WINCO,fd588c17-5254-423f-d898-08dd6bd158c5,WINCO March 2025 TPR,Complete - Unsettled (Open),Direct,2025-03-01,2025-03-31,2025-02-15,2025-02-28,Retailer price reduction,TPR,Bar 1CT,2.99,0.0,2.99,1.0,247.68,1.72,247.68,1.72,0,0,0.0,0.0,0.0,0,0.13,0,0.0,0,37.44,6288.58,0.5,3144.29,9432.87,65.5,0,0.0,0.0,1226.28,0,0.0,0.0,1226.28,11.22,2025-03-26,86,"Promotions,_Sep_30,_2026  FULL HISTORY For Aevah.xlsx",2026-09-30
2026-01-01T00:00:00Z,LANL,fd9944e9-8664-4e3d-d71e-08de5cdc8bfa,LANL January 2026 Puff Singles TPR,Complete - Unsettled (Open),UNFI,2026-01-01,2026-01-31,2026-01-01,2026-01-31,Retailer price reduction,TPR,Puff 1CT,0.0,2.5,0.0,0.0,247.68,1.72,193.19,1.34,0,0,0.0,0.0,0.0,0,0.43,0,0.0,0,247.68,2363.27,1.0,2363.27,4726.54,32.82,0,0.0,0.0,2032.41,0,0.0,0.0,2032.41,0.0,2026-02-27,967,"Promotions,_Sep_30,_2026  FULL HISTORY For Aevah.xlsx",2026-09-30
2026-01-01T00:00:00Z,LANL,fd9944e9-8664-4e3d-d71e-08de5cdc8bfa,LANL January 2026 Puff Singles TPR,Complete - Unsettled (Open),Direct,2026-01-01,2026-01-31,2026-01-01,2026-01-31,Customer advertising,Ad,,0.0,0.0,0.0,0.0,0.0,0.0,0.0,0.0,0,0,0.0,0.0,0.0,0,0.0,0,0.0,0,0.0,0.0,0.0,0.0,0.0,0.0,0,0.0,0.0,0.0,0,0.0,150.0,150.0,400.0,2026-02-27,967,"Promotions,_Sep_30,_2026  FULL HISTORY For Aevah.xlsx",2026-09-30
2025-08-01T00:00:00Z,SPARTAN NASH,fe4a1edb-51c9-4829-d715-08dd6bd158c8,SPARTAN NASH August 2025 TPR,Complete - Unsettled (Open),Direct,2025-08-01,2025-08-30,2025-07-18,2025-07-31,Retailer price reduction,TPR,Puff 1CT,0.0,0.0,0.0,0.0,247.68,1.72,247.68,1.72,0,0,0.0,0.0,0.0,0,0.25,0,0.0,0,144.0,10524.91,0.15,1578.73,12103.64,84.05,0,0.0,0.0,3025.92,0,0.0,0.0,3025.92,0.0,,255,"Promotions,_Sep_30,_2026  FULL HISTORY For Aevah.xlsx",2026-09-30
2026-04-01T00:00:00Z,PLAID PANTRY,fe9f3c5a-4f79-4415-7f6f-08de5da29cfe,PLAID PANTRY April 2026 Puff Singles TPR,Complete - Unsettled (Open),"CORE-MARK INTERNATIONAL, INC.",2026-04-01,2026-04-30,2026-04-01,2026-04-30,Retailer price reduction,TPR,Puff 1CT,0.0,2.0,0.0,0.0,247.68,1.72,242.73,1.69,0,0,0.0,0.0,0.0,0,0.5,0,0.0,0,288.0,2490.35,0.2,498.06,2988.41,20.76,0,0.0,0.0,1494.21,0,0.0,0.0,1494.21,0.0,,1303,"Promotions,_Sep_30,_2026  FULL HISTORY For Aevah.xlsx",2026-09-30
2026-08-01T00:00:00Z,HARRIS TEETER,fea46030-1dab-431a-4040-08de5da29cfe,HARRIS TEETER August 2026 Puff Singles TPR,Complete - Unsettled (Open),KEHE DISTRIBUTORS,2026-08-01,2026-08-21,2026-08-01,2026-08-21,Retailer price reduction,TPR,Puff 1CT,0.0,2.0,0.0,0.0,247.68,1.72,232.83,1.62,0,0,0.0,0.0,0.0,0,0.45,0,0.0,0,194.4,10875.0,0.0,0.0,10875.0,75.52,0,0.0,0.0,4893.75,0,0.0,0.0,4893.75,6775.5,2026-08-25,1069,"Promotions,_Sep_30,_2026  FULL HISTORY For Aevah.xlsx",2026-09-30
2026-08-01T00:00:00Z,HARRIS TEETER,fea46030-1dab-431a-4040-08de5da29cfe,HARRIS TEETER August 2026 Puff Singles TPR,Complete - Unsettled (Open),Direct,2026-08-01,2026-08-21,2026-08-01,2026-08-21,Customer advertising,Ad,,0.0,0.0,0.0,0.0,0.0,0.0,0.0,0.0,0,0,0.0,0.0,0.0,0,0.0,0,0.0,0,0.0,0.0,0.0,0.0,0.0,0.0,0,0.0,0.0,0.0,0,0.0,850.0,850.0,0.0,2026-08-25,1069,"Promotions,_Sep_30,_2026  FULL HISTORY For Aevah.xlsx",2026-09-30
2025-05-01T00:00:00Z,EXTRA MILE,ff067cde-c242-4a58-f3d1-08dd6bd158ca,EXTRA MILE May 2025 TPR,Complete - Unsettled (Open),MCLANE GROCER,2025-05-01,2025-05-31,2025-04-17,2025-04-30,Retailer price reduction,TPR,Puff 4CT,0.0,0.0,0.0,0.0,39.84,6.64,38.94,6.49,0,0,0.0,0.0,0.0,0,0.3,0,0.0,0,3.6,1819.08,0.5,909.54,2728.62,454.76,0,0.0,0.0,818.58,0,0.0,0.0,818.58,0.0,,413,"Promotions,_Sep_30,_2026  FULL HISTORY For Aevah.xlsx",2026-09-30
2025-05-01T00:00:00Z,EXTRA MILE,ff067cde-c242-4a58-f3d1-08dd6bd158ca,EXTRA MILE May 2025 TPR,Complete - Unsettled (Open),MCLANE GROCER,2025-05-01,2025-05-31,2025-04-17,2025-04-30,Retailer price reduction,TPR,Puff 1CT,0.0,0.0,0.0,0.0,247.68,1.72,247.22,1.72,0,0,0.0,0.0,0.0,0,0.4,0,0.0,0,172.8,34875.0,0.2,6975.0,41850.0,290.63,0,0.0,0.0,16740.0,0,0.0,0.0,16740.0,0.0,,413,"Promotions,_Sep_30,_2026  FULL HISTORY For Aevah.xlsx",2026-09-30
2025-01-01T00:00:00Z,WEGMANS,ff2e6b94-caf4-48db-dbc2-08dd6bd158c6,WEGMANS January 2025 TPR,Complete - Unsettled (Open),UNFI,2025-01-01,2025-01-31,2024-12-18,2024-12-31,Retailer price reduction,TPR,Puff 1CT,0.0,0.0,0.0,0.0,20.64,0.14,17.54,0.12,0,0,0.0,0.0,0.0,0,0.52,0,0.0,0,374.4,38029.06,0.5,19014.53,57043.59,396.14,0,0.0,0.0,29662.66,0,0.0,0.0,29662.66,136441.61,2025-05-01,124,"Promotions,_Sep_30,_2026  FULL HISTORY For Aevah.xlsx",2026-09-30
2025-01-01T00:00:00Z,WEGMANS,ff2e6b94-caf4-48db-dbc2-08dd6bd158c6,WEGMANS January 2025 TPR,Complete - Unsettled (Open),UNFI,2025-01-01,2025-01-31,2024-12-18,2024-12-31,Retailer price reduction,TPR,Bar 1CT,0.0,0.0,0.0,0.0,20.64,0.14,17.54,0.12,0,0,0.0,0.0,0.0,0,0.52,0,0.0,0,74.88,6449.97,0.5,3224.98,9674.95,67.19,0,0.0,0.0,5030.97,0,0.0,0.0,5030.97,27744.16,2025-05-01,124,"Promotions,_Sep_30,_2026  FULL HISTORY For Aevah.xlsx",2026-09-30
